0,1
Datasets/Real_Handwriting/images/form_318_sentence_1.png,Mokytojas nori kalbėti žemėlapį.
Datasets/Real_Handwriting/images/form_130_sentence_3.png,Vyras keliauoja filmą.
Datasets/Real_Handwriting/images/form_225_sentence_3.png,Neringa geria sultis.
Datasets/Real_Handwriting/images/form_450_sentence_2.png,Ar vaikas nori šokti?
Datasets/Real_Handwriting/images/form_068_sentence_2.png,Mokytojas kalba namuose ir parke.
Datasets/Real_Handwriting/images/form_133_sentence_4.png,Šuo nemėgsta skubėti.
Datasets/Real_Handwriting/images/form_496_sentence_3.png,Žirgas nori eiti duoną.
Datasets/Real_Handwriting/images/form_100_sentence_4.png,Rytoj jos žaidžia pamoką.
Datasets/Real_Handwriting/images/form_448_sentence_2.png,Rasa stengiasi sportuoti.
Datasets/Real_Handwriting/images/form_215_sentence_1.png,Paukštis bando galvoti.
Datasets/Synthetic_Sentences/images/sentence_25648.png,Garsiai Marija perka kavą.
Datasets/Synthetic_Sentences/images/sentence_15936.png,Greitai Mantas skaito laišką.
Datasets/Synthetic_Sentences/images/sentence_57465.png,Vaikas mėgsta pirkti knygą.
Datasets/Real_Handwriting/images/form_237_sentence_2.png,Atidžiai Jonas perka kavą.
Datasets/Real_Handwriting/images/form_398_sentence_3.png,Jonas dirba namuose.
Datasets/Real_Handwriting/images/form_240_sentence_2.png,Šiandien Mindaugas perka knygą.
Datasets/Synthetic_Sentences/images/sentence_16967.png,Rūpestingai Laura mokosi kalnuose.
Datasets/Synthetic_Sentences/images/sentence_49115.png,Mantas nedirba sode.
Datasets/Synthetic_Sentences/images/sentence_51922.png,Studentas ilsisi kalnuose.
Datasets/Real_Handwriting/images/form_285_sentence_5.png,Universiteto studentai žaidžia šachmatais laisvalaikiu.
Datasets/Real_Handwriting/images/form_254_sentence_5.png,Universiteto studentai žaidžia šachmatais laisvalaikiu.
Datasets/Synthetic_Sentences/images/sentence_03854.png,Marija nori pirkti kavą.
Datasets/Synthetic_Sentences/images/sentence_53466.png,Mokytojas nori pirkti arbatą.
Datasets/Synthetic_Sentences/images/sentence_42222.png,"Neringa mokosi pievoje, bet nori šokti."
Datasets/Synthetic_Sentences/images/sentence_50021.png,Šiandien Žilvinas dirba sode.
Datasets/Real_Handwriting/images/form_323_sentence_4.png,Rytoj vaikas eis stotyje.
Datasets/Synthetic_Sentences/images/sentence_41793.png,Kristina valgo sriubą.
Datasets/Real_Handwriting/images/form_060_sentence_5.png,Kartu studentas tvarkosi laišką.
Datasets/Real_Handwriting/images/form_489_sentence_3.png,Vakar Mantas nešė dovaną.
Datasets/Synthetic_Sentences/images/sentence_08477.png,Ką vaikas skaito?
Datasets/Synthetic_Sentences/images/sentence_45949.png,Marija renka daržoves.
Datasets/Synthetic_Sentences/images/sentence_18474.png,Danielius neskaito receptą.
Datasets/Synthetic_Sentences/images/sentence_60204.png,Danielius valgo obuolį.
Datasets/Real_Handwriting/images/form_269_sentence_2.png,Ar studentė skaito istoriją?
Datasets/Real_Handwriting/images/form_234_sentence_3.png,Mindaugas nori ilsėtis dainą.
Datasets/Synthetic_Sentences/images/sentence_26029.png,Ramiai šuo mokosi stadione.
Datasets/Synthetic_Sentences/images/sentence_39064.png,Atidžiai gydytojas rašo žemėlapį.
Datasets/Real_Handwriting/images/form_457_sentence_4.png,Laura mokosi upės pakrantėje.
Datasets/Synthetic_Sentences/images/sentence_16404.png,Mokytojas mėgsta skaityti žurnalą.
Datasets/Synthetic_Sentences/images/sentence_09974.png,Rytoj Žilvinas skaitys istoriją.
Datasets/Real_Handwriting/images/form_378_sentence_1.png,Petras sportuoja ligoninėje.
Datasets/Synthetic_Sentences/images/sentence_09040.png,Gydytojas pradeda gerti.
Datasets/Real_Handwriting/images/form_429_sentence_5.png,Universiteto studentai žaidžia šachmatais laisvalaikiu.
Datasets/Synthetic_Sentences/images/sentence_06250.png,Marija nori kalbėti.
Datasets/Synthetic_Sentences/images/sentence_29065.png,Šuo mėgsta gerti vandenį.
Datasets/Synthetic_Sentences/images/sentence_09092.png,Berniukas nori gerti vandenį.
Datasets/Real_Handwriting/images/form_141_sentence_5.png,Mokytojas mėgsta rašyti.
Datasets/Real_Handwriting/images/form_229_sentence_5.png,Cukrų ir cinamoną dedame į pyragą.
Datasets/Real_Handwriting/images/form_461_sentence_5.png,Zigmas žiūri žaibą per langą.
Datasets/Real_Handwriting/images/form_128_sentence_3.png,Vaikai nemėgsta kalbėti.
Datasets/Synthetic_Sentences/images/sentence_23381.png,Švelniai Žilvinas mokosi kaime vakare.
Datasets/Synthetic_Sentences/images/sentence_24359.png,Katė nori valgyti daržoves.
Datasets/Synthetic_Sentences/images/sentence_36050.png,Saulius nori gerti pieną.
Datasets/Synthetic_Sentences/images/sentence_15131.png,Mantas skaito žurnalą.
Datasets/Real_Handwriting/images/form_227_sentence_3.png,Mokytojas dirba miške.
Datasets/Synthetic_Sentences/images/sentence_65051.png,Mindaugas geria vandenį.
Datasets/Real_Handwriting/images/form_342_sentence_1.png,Mokytoja valgo sriubą.
Datasets/Synthetic_Sentences/images/sentence_49055.png,Mantas nori skaityti knygą.
Datasets/Synthetic_Sentences/images/sentence_53933.png,Šiandien Laura dirba stotyje.
Datasets/Real_Handwriting/images/form_155_sentence_5.png,Šuo dainuoja stotyje.
Datasets/Real_Handwriting/images/form_397_sentence_3.png,Studentė nori tvarkytis.
Datasets/Real_Handwriting/images/form_110_sentence_5.png,Gydytojai skaito stotyje ir namuose.
Datasets/Synthetic_Sentences/images/sentence_18339.png,Berniukas geria kavą.
Datasets/Synthetic_Sentences/images/sentence_32660.png,Ką Kristina skaito?
Datasets/Real_Handwriting/images/form_299_sentence_3.png,Žmogus geria kavą.
Datasets/Real_Handwriting/images/form_402_sentence_5.png,Anas vyras atneša arbatos.
Datasets/Real_Handwriting/images/form_097_sentence_4.png,Moteris klauso darbą stotyje.
Datasets/Real_Handwriting/images/form_064_sentence_1.png,Vyrai valgo kaime ir stadione.
Datasets/Real_Handwriting/images/form_267_sentence_1.png,Šeima groja dainą.
Datasets/Synthetic_Sentences/images/sentence_34409.png,Šiandien Tomas perka dovaną.
Datasets/Real_Handwriting/images/form_261_sentence_3.png,Ar Jonas mokosi ežero pakrantėje?
Datasets/Synthetic_Sentences/images/sentence_33574.png,Ramiai studentas skaito knygą kavinėje.
Datasets/Real_Handwriting/images/form_176_sentence_5.png,Šuo žaidžia kavą.
Datasets/Synthetic_Sentences/images/sentence_35056.png,Laura mėgsta valgyti daržoves.
Datasets/Real_Handwriting/images/form_180_sentence_3.png,Mokytojas bijo skubėti.
Datasets/Real_Handwriting/images/form_058_sentence_3.png,Moteris juokiasi istoriją.
Datasets/Synthetic_Sentences/images/sentence_32515.png,Vakar Kristina skaitė receptą.
Datasets/Synthetic_Sentences/images/sentence_42693.png,Rytoj šuo eis kavinėje.
Datasets/Real_Handwriting/images/form_009_sentence_1.png,Šuo keliauoja ir keliauoja.
Datasets/Synthetic_Sentences/images/sentence_11780.png,Ar studentas mokosi stadione?
Datasets/Real_Handwriting/images/form_216_sentence_1.png,Neringa nori kalbėti knygą.
Datasets/Synthetic_Sentences/images/sentence_50912.png,Eglė mokosi ežero pakrantėje.
Datasets/Synthetic_Sentences/images/sentence_22933.png,Kruopščiai šuo skaito žemėlapį.
Datasets/Synthetic_Sentences/images/sentence_07482.png,Švelniai Laura valgo duoną.
Datasets/Synthetic_Sentences/images/sentence_55027.png,Marija perka šaltą dovaną.
Datasets/Synthetic_Sentences/images/sentence_31046.png,Berniukas sportuoja kalnuose.
Datasets/Synthetic_Sentences/images/sentence_60900.png,Ką Rasa skaito?
Datasets/Real_Handwriting/images/form_374_sentence_4.png,Ramiai Danielius perka gėlę.
Datasets/Real_Handwriting/images/form_508_sentence_5.png,Tėtis treniruoja vaikus kiekvieną savaitę.
Datasets/Real_Handwriting/images/form_026_sentence_2.png,Mergaitė bijo galvoti mokyklą.
Datasets/Real_Handwriting/images/form_322_sentence_4.png,Rūpestingai Mantas ilsisi kaime.
Datasets/Synthetic_Sentences/images/sentence_08156.png,Mokytoja dirba kalnuose.
Datasets/Real_Handwriting/images/form_271_sentence_3.png,Šiandien Jurgita mokosi upės pakrantėje.
Datasets/Real_Handwriting/images/form_319_sentence_5.png,Nuostabus gamtos vaizdas atsiveria nuo kalno.
Datasets/Synthetic_Sentences/images/sentence_46752.png,Laura mėgsta keliauti.
Datasets/Synthetic_Sentences/images/sentence_11692.png,Studentė nenori ilsėtis.
Datasets/Real_Handwriting/images/form_094_sentence_3.png,Šiandien jis dirba visada.
Datasets/Real_Handwriting/images/form_488_sentence_4.png,Ar žirgas nori šokti?
Datasets/Real_Handwriting/images/form_050_sentence_1.png,Jos labai visada mąsto.
Datasets/Real_Handwriting/images/form_048_sentence_1.png,Vaikas labai atidžiai skuba.
Datasets/Real_Handwriting/images/form_357_sentence_2.png,Neringa žaidžia parke.
Datasets/Real_Handwriting/images/form_186_sentence_3.png,Draugai baigia skubėti vandenį.
Datasets/Real_Handwriting/images/form_066_sentence_3.png,Retai moterys keliauoja daržoves.
Datasets/Synthetic_Sentences/images/sentence_18463.png,Mantas mokosi pievoje ryte.
Datasets/Real_Handwriting/images/form_036_sentence_5.png,Mergaitė klauso receptą.
Datasets/Real_Handwriting/images/form_477_sentence_1.png,Rasa nori statyti žurnalą.
Datasets/Synthetic_Sentences/images/sentence_30518.png,Petras dirba mokykloje.
Datasets/Real_Handwriting/images/form_048_sentence_5.png,Vyrai galvoja arbatą darbe.
Datasets/Real_Handwriting/images/form_101_sentence_3.png,Vaikai mąsto ligoninėje ir stotyje.
Datasets/Synthetic_Sentences/images/sentence_05230.png,Saulius nori skaityti knygą.
Datasets/Synthetic_Sentences/images/sentence_26661.png,Rytoj Mindaugas skaitys laišką.
Datasets/Synthetic_Sentences/images/sentence_39498.png,Jurgita žaidžia sode.
Datasets/Real_Handwriting/images/form_238_sentence_3.png,Rūpestingai Mindaugas mokosi sode.
Datasets/Real_Handwriting/images/form_321_sentence_4.png,Rūpestingai mokytojas rašo projektą.
Datasets/Synthetic_Sentences/images/sentence_03125.png,Šuo nedirba ežero pakrantėje.
Datasets/Synthetic_Sentences/images/sentence_55949.png,Kruopščiai vaikas ilsisi ežero pakrantėje.
Datasets/Synthetic_Sentences/images/sentence_41322.png,Jurgita pradeda valgyti.
Datasets/Real_Handwriting/images/form_468_sentence_4.png,Šiandien Gintaras mokosi mieste.
Datasets/Real_Handwriting/images/form_425_sentence_4.png,Žilvinas lankosi mokykloje.
Datasets/Synthetic_Sentences/images/sentence_31472.png,Mielai Kristina neša dovaną.
Datasets/Real_Handwriting/images/form_406_sentence_3.png,Mielai studentas ilsisi stadione.
Datasets/Synthetic_Sentences/images/sentence_22704.png,Gintaras dirba mieste.
Datasets/Real_Handwriting/images/form_115_sentence_3.png,Vyrai bijo rašyti.
Datasets/Synthetic_Sentences/images/sentence_21686.png,Šiandien Renata skaito receptą.
Datasets/Synthetic_Sentences/images/sentence_09454.png,Ramiai Danielius skaito istoriją.
Datasets/Synthetic_Sentences/images/sentence_35105.png,Vakar vaikas skaitė žemėlapį.
Datasets/Synthetic_Sentences/images/sentence_44737.png,Garsiai Jonas skaito žemėlapį kavinėje.
Datasets/Real_Handwriting/images/form_367_sentence_1.png,Saulius perka kavą.
Datasets/Synthetic_Sentences/images/sentence_06846.png,Šiandien Rasa perka kavą.
Datasets/Synthetic_Sentences/images/sentence_02198.png,Jonas mėgsta dirbti.
Datasets/Synthetic_Sentences/images/sentence_41667.png,Švelniai Laura skaito knygą kalnuose.
Datasets/Synthetic_Sentences/images/sentence_60729.png,Studentas neša knygą.
Datasets/Real_Handwriting/images/form_112_sentence_1.png,Draugas bijo tvarkytis.
Datasets/Real_Handwriting/images/form_135_sentence_3.png,Vakar šuo verkia paveikslą.
Datasets/Synthetic_Sentences/images/sentence_12292.png,Vakar Gintaras skaitė žemėlapį.
Datasets/Real_Handwriting/images/form_250_sentence_4.png,Rytoj Jonas eis stadione.
Datasets/Real_Handwriting/images/form_384_sentence_5.png,Anas vyras atneša arbatos.
Datasets/Real_Handwriting/images/form_201_sentence_2.png,Žirgas gyvena ligoninėje.
Datasets/Synthetic_Sentences/images/sentence_01828.png,"Tomas mokosi stadione, nes jam patinka."
Datasets/Real_Handwriting/images/form_311_sentence_1.png,Ar Danielius nori važiuoti?
Datasets/Real_Handwriting/images/form_073_sentence_4.png,Studentai valgo stadione.
Datasets/Synthetic_Sentences/images/sentence_61271.png,Marija gyvena bibliotekoje.
Datasets/Synthetic_Sentences/images/sentence_28152.png,Gydytojas mėgsta pirkti kavą.
Datasets/Synthetic_Sentences/images/sentence_32911.png,Šiandien mokytoja skaito žemėlapį.
Datasets/Real_Handwriting/images/form_139_sentence_5.png,Mes skuba daržoves stotyje.
Datasets/Synthetic_Sentences/images/sentence_01323.png,Mokytojas perka gražų kavą.
Datasets/Real_Handwriting/images/form_300_sentence_5.png,Čiurlionį menininkai laiko išskirtiniu kūrėju.
Datasets/Real_Handwriting/images/form_274_sentence_4.png,Rytoj Kristina skaitys knygą.
Datasets/Synthetic_Sentences/images/sentence_37427.png,Tyliai Kristina valgo daržoves.
Datasets/Synthetic_Sentences/images/sentence_61263.png,Šiandien mokytoja ilsisi pievoje.
Datasets/Real_Handwriting/images/form_489_sentence_4.png,Vaikas mėgsta eiti.
Datasets/Synthetic_Sentences/images/sentence_21068.png,Šiandien Gintaras dirba pievoje.
Datasets/Synthetic_Sentences/images/sentence_21259.png,Kristina perka didelį arbatą.
Datasets/Synthetic_Sentences/images/sentence_05582.png,Neringa skaito istoriją.
Datasets/Synthetic_Sentences/images/sentence_19246.png,Vakar Tomas skaitė istoriją.
Datasets/Synthetic_Sentences/images/sentence_45563.png,Rūpestingai Renata skaito knygą.
Datasets/Synthetic_Sentences/images/sentence_39173.png,Švelniai Eglė mokosi darbe naktį.
Datasets/Real_Handwriting/images/form_347_sentence_4.png,Mantas geria arbatą.
Datasets/Synthetic_Sentences/images/sentence_12770.png,Kodėl Neringa dirba mieste?
Datasets/Real_Handwriting/images/form_501_sentence_2.png,Šiandien paukštis mokosi upės pakrantėje.
Datasets/Synthetic_Sentences/images/sentence_49831.png,Rasa perka nuobodų gėlę.
Datasets/Real_Handwriting/images/form_171_sentence_1.png,Studentai skaito kavinėje.
Datasets/Synthetic_Sentences/images/sentence_39464.png,Švelniai mokytoja valgo obuolį.
Datasets/Synthetic_Sentences/images/sentence_07219.png,Kruopščiai mergaitė skaito knygą.
Datasets/Synthetic_Sentences/images/sentence_11006.png,Rasa sportuoja bibliotekoje.
Datasets/Real_Handwriting/images/form_216_sentence_3.png,Studentė mėgsta žaisti dainą.
Datasets/Synthetic_Sentences/images/sentence_55658.png,Laura dirba paplūdimyje po pietų.
Datasets/Synthetic_Sentences/images/sentence_13325.png,Rūpestingai Žilvinas mokosi upės pakrantėje.
Datasets/Real_Handwriting/images/form_311_sentence_2.png,Jurgita bando keliauti.
Datasets/Real_Handwriting/images/form_195_sentence_2.png,Paukštis eina istoriją.
Datasets/Real_Handwriting/images/form_126_sentence_4.png,Vyrai pradeda šokti darbą.
Datasets/Real_Handwriting/images/form_454_sentence_5.png,Obelys žydi baltais žiedais pavasarį.
Datasets/Synthetic_Sentences/images/sentence_03567.png,Rasa mėgsta gerti pieną.
Datasets/Real_Handwriting/images/form_134_sentence_2.png,Moteris sportuoja darbą mieste.
Datasets/Synthetic_Sentences/images/sentence_14093.png,Šiandien berniukas skaito receptą.
Datasets/Synthetic_Sentences/images/sentence_20946.png,Laura perka įdomų knygą.
Datasets/Real_Handwriting/images/form_305_sentence_3.png,Renata geria kavą.
Datasets/Synthetic_Sentences/images/sentence_69467.png,Kodėl Petras dirba kalnuose?
Datasets/Synthetic_Sentences/images/sentence_26303.png,Laura skaito įdomų žurnalą.
Datasets/Synthetic_Sentences/images/sentence_63536.png,Studentas mokosi upės pakrantėje po pietų.
Datasets/Real_Handwriting/images/form_003_sentence_2.png,Mergaitė labai atidžiai verkia.
Datasets/Real_Handwriting/images/form_502_sentence_4.png,Jonas stengiasi keliauti.
Datasets/Real_Handwriting/images/form_293_sentence_5.png,Cecilija čiuožia ant ledo.
Datasets/Real_Handwriting/images/form_345_sentence_3.png,Rasa sportuoja stotyje.
Datasets/Real_Handwriting/images/form_041_sentence_5.png,Gydytojai niekada klauso.
Datasets/Real_Handwriting/images/form_052_sentence_2.png,Jūs žaidžia projektą.
Datasets/Real_Handwriting/images/form_152_sentence_5.png,Vaikai mėgsta piešti.
Datasets/Synthetic_Sentences/images/sentence_30254.png,Danielius mėgsta valgyti obuolį.
Datasets/Real_Handwriting/images/form_452_sentence_2.png,Vaikas lankosi pievoje.
Datasets/Real_Handwriting/images/form_043_sentence_1.png,Moteris lėtai dirba.
Datasets/Real_Handwriting/images/form_501_sentence_4.png,Rytoj Tomas skaitys laišką.
Datasets/Real_Handwriting/images/form_351_sentence_1.png,Garsiai žmogus ilsisi sode.
Datasets/Real_Handwriting/images/form_010_sentence_5.png,Mergaitė žaidžia mieste ir ligoninėje.
Datasets/Synthetic_Sentences/images/sentence_20500.png,Gydytojas stengiasi gerti.
Datasets/Real_Handwriting/images/form_496_sentence_1.png,Katė mėgsta sportuoti.
Datasets/Synthetic_Sentences/images/sentence_63853.png,Ar Jonas dirba upės pakrantėje?
Datasets/Real_Handwriting/images/form_201_sentence_3.png,Šiandien Marija dirba stotyje.
Datasets/Real_Handwriting/images/form_367_sentence_5.png,Universiteto studentai žaidžia šachmatais laisvalaikiu.
Datasets/Synthetic_Sentences/images/sentence_35778.png,"Laura mokosi stadione, bet nori groti."
Datasets/Synthetic_Sentences/images/sentence_56366.png,Vakar mokytoja nešė žaislą.
Datasets/Synthetic_Sentences/images/sentence_50611.png,Studentė mėgsta dainuoti.
Datasets/Synthetic_Sentences/images/sentence_66946.png,Jonas perka lėtą dovaną.
Datasets/Real_Handwriting/images/form_015_sentence_4.png,Vyrai šoka filmą kaime.
Datasets/Synthetic_Sentences/images/sentence_69289.png,Žilvinas skaito greitą laišką.
Datasets/Synthetic_Sentences/images/sentence_27398.png,Mindaugas nori skaityti receptą.
Datasets/Synthetic_Sentences/images/sentence_26885.png,Šiandien vaikas dirba bibliotekoje.
Datasets/Synthetic_Sentences/images/sentence_39835.png,Mokytoja renka gėles.
Datasets/Real_Handwriting/images/form_098_sentence_3.png,Aš bijo miegoti receptą.
Datasets/Synthetic_Sentences/images/sentence_01691.png,Kodėl Jonas dirba stadione?
Datasets/Real_Handwriting/images/form_291_sentence_1.png,Vakar paukštis dirbo darbe.
Datasets/Real_Handwriting/images/form_163_sentence_1.png,Ar jie mąsto?
Datasets/Synthetic_Sentences/images/sentence_26253.png,Žilvinas skaito laišką.
Datasets/Synthetic_Sentences/images/sentence_14131.png,Šiandien šuo skaito knygą.
Datasets/Synthetic_Sentences/images/sentence_27941.png,Vakar Neringa nešė knygą.
Datasets/Real_Handwriting/images/form_368_sentence_3.png,Vakar Jurgita nešė laišką.
Datasets/Real_Handwriting/images/form_494_sentence_3.png,Mantas geria vandenį.
Datasets/Real_Handwriting/images/form_197_sentence_3.png,Moteris mėgsta sportuoti istoriją.
Datasets/Real_Handwriting/images/form_298_sentence_2.png,Marija gyvena ligoninėje.
Datasets/Synthetic_Sentences/images/sentence_43892.png,Rytoj Jurgita skaitys laišką.
Datasets/Real_Handwriting/images/form_164_sentence_3.png,Šiandien vyras žiūri smagiai.
Datasets/Real_Handwriting/images/form_018_sentence_1.png,Šiandien moterys sportuoja lėtai.
Datasets/Real_Handwriting/images/form_173_sentence_1.png,Studentai verkia kavą.
Datasets/Synthetic_Sentences/images/sentence_30021.png,Kodėl studentas dirba pievoje?
Datasets/Real_Handwriting/images/form_280_sentence_1.png,Katė ilsisi pievoje.
Datasets/Synthetic_Sentences/images/sentence_31289.png,Rūpestingai mokytojas neša dovaną.
Datasets/Real_Handwriting/images/form_022_sentence_2.png,Ramiai vaikas keliauoja mokyklą.
Datasets/Real_Handwriting/images/form_350_sentence_4.png,Vakar žmogus skaitė laišką.
Datasets/Synthetic_Sentences/images/sentence_50429.png,Kur šuo dirba?
Datasets/Real_Handwriting/images/form_344_sentence_5.png,Universiteto studentai žaidžia šachmatais laisvalaikiu.
Datasets/Real_Handwriting/images/form_173_sentence_2.png,Mes dirba laišką.
Datasets/Synthetic_Sentences/images/sentence_30639.png,Gintaras žaidžia pievoje.
Datasets/Real_Handwriting/images/form_184_sentence_1.png,Gydytojai nemėgsta galvoti.
Datasets/Synthetic_Sentences/images/sentence_47596.png,Mantas nori pirkti kavą.
Datasets/Real_Handwriting/images/form_156_sentence_3.png,Studentai šoka istoriją kavinėje.
Datasets/Real_Handwriting/images/form_144_sentence_1.png,Jis nemėgsta rašyti.
Datasets/Synthetic_Sentences/images/sentence_31400.png,Mantas sportuoja stotyje.
Datasets/Real_Handwriting/images/form_236_sentence_4.png,Vakar Marija dirbo ligoninėje.
Datasets/Synthetic_Sentences/images/sentence_49989.png,Garsiai Laura dirba parke.
Datasets/Synthetic_Sentences/images/sentence_30644.png,Šiandien mokytojas perka gėlę.
Datasets/Synthetic_Sentences/images/sentence_04541.png,Studentė nori rašyti žemėlapį.
Datasets/Real_Handwriting/images/form_294_sentence_1.png,Eglė bando rašyti.
Datasets/Real_Handwriting/images/form_101_sentence_4.png,Ar mokytojas dainuoja?
Datasets/Real_Handwriting/images/form_020_sentence_3.png,Mergaitė šoka stadione ir sode.
Datasets/Real_Handwriting/images/form_295_sentence_3.png,Rytoj Marija skaitys knygą.
Datasets/Real_Handwriting/images/form_330_sentence_3.png,Rytoj vaikas eis mokykloje.
Datasets/Synthetic_Sentences/images/sentence_19631.png,Kristina valgo košę.
Datasets/Synthetic_Sentences/images/sentence_25347.png,Gintaras neskaito receptą.
Datasets/Synthetic_Sentences/images/sentence_18812.png,Greitai Mindaugas mokosi ligoninėje ryte.
Datasets/Synthetic_Sentences/images/sentence_02489.png,Jurgita mėgsta valgyti daržoves.
Datasets/Synthetic_Sentences/images/sentence_14968.png,Danielius nori gerti arbatą.
Datasets/Synthetic_Sentences/images/sentence_59025.png,Jonas gyvena ligoninėje.
Datasets/Real_Handwriting/images/form_242_sentence_2.png,Rasa stengiasi šokti.
Datasets/Synthetic_Sentences/images/sentence_11552.png,Vakar Laura nešė knygą.
Datasets/Synthetic_Sentences/images/sentence_59948.png,Greitai Marija valgo sriubą.
Datasets/Synthetic_Sentences/images/sentence_36787.png,Danielius mėgsta galvoti.
Datasets/Real_Handwriting/images/form_197_sentence_1.png,Jis juokiasi daržoves.
Datasets/Synthetic_Sentences/images/sentence_62726.png,Švelniai Mantas dirba upės pakrantėje.
Datasets/Real_Handwriting/images/form_023_sentence_5.png,Mokytojai verkia kaime ir prie ežero.
Datasets/Synthetic_Sentences/images/sentence_42814.png,Šuo neskaito knygą.
Datasets/Synthetic_Sentences/images/sentence_03171.png,Džiaugsmingai studentas dirba darbe.
Datasets/Real_Handwriting/images/form_033_sentence_3.png,Vyras nemėgsta mokytis pamoką.
Datasets/Synthetic_Sentences/images/sentence_38634.png,Mielai Neringa neša žaislą.
Datasets/Synthetic_Sentences/images/sentence_36530.png,Katė žaidžia ežero pakrantėje.
Datasets/Real_Handwriting/images/form_269_sentence_5.png,Čia gyvena labai draugiška šeima.
Datasets/Synthetic_Sentences/images/sentence_44382.png,Vaikas bando šokti.
Datasets/Real_Handwriting/images/form_111_sentence_5.png,Aš nori žaisti dainą.
Datasets/Synthetic_Sentences/images/sentence_43353.png,Vakar studentas dirbo ligoninėje.
Datasets/Synthetic_Sentences/images/sentence_05946.png,Neringa neša laišką.
Datasets/Synthetic_Sentences/images/sentence_31389.png,Kristina mėgsta skaityti istoriją.
Datasets/Synthetic_Sentences/images/sentence_62704.png,Kur Tomas dirba?
Datasets/Real_Handwriting/images/form_459_sentence_2.png,Ar katė mokosi darbe?
Datasets/Synthetic_Sentences/images/sentence_31153.png,Atidžiai Kristina skaito istoriją.
Datasets/Synthetic_Sentences/images/sentence_17846.png,Jurgita nori gerti pieną.
Datasets/Real_Handwriting/images/form_095_sentence_3.png,Katė mėgsta skubėti.
Datasets/Real_Handwriting/images/form_124_sentence_2.png,Dabar jos verkia muziką.
Datasets/Synthetic_Sentences/images/sentence_42718.png,Mergaitė mėgsta valgyti daržoves.
Datasets/Synthetic_Sentences/images/sentence_01895.png,Petras skaito laišką.
Datasets/Real_Handwriting/images/form_426_sentence_2.png,Žmogus žaidžia paplūdimyje.
Datasets/Real_Handwriting/images/form_480_sentence_1.png,Ar Rasa skaito laišką?
Datasets/Real_Handwriting/images/form_346_sentence_1.png,Gintaras sportuoja mieste.
Datasets/Synthetic_Sentences/images/sentence_45437.png,Mergaitė renka grybus.
Datasets/Synthetic_Sentences/images/sentence_46270.png,Rytoj studentė skaitys žemėlapį.
Datasets/Synthetic_Sentences/images/sentence_00566.png,Kristina perka lėtą gėlę.
Datasets/Real_Handwriting/images/form_068_sentence_5.png,Ar draugai mokosi?
Datasets/Synthetic_Sentences/images/sentence_46727.png,Ar Petras mokosi paplūdimyje?
Datasets/Real_Handwriting/images/form_225_sentence_4.png,Mokytojas stengiasi šokti.
Datasets/Synthetic_Sentences/images/sentence_43026.png,Kristina valgo duoną.
Datasets/Synthetic_Sentences/images/sentence_41009.png,Ramiai Žilvinas perka gėlę.
Datasets/Synthetic_Sentences/images/sentence_15523.png,Kristina nori valgyti duoną.
Datasets/Synthetic_Sentences/images/sentence_20839.png,Katė mėgsta žaisti.
Datasets/Synthetic_Sentences/images/sentence_27669.png,Neringa dirba ligoninėje anksti ryte.
Datasets/Real_Handwriting/images/form_183_sentence_5.png,Visada moteris galvoja egzaminą.
Datasets/Synthetic_Sentences/images/sentence_33055.png,Atidžiai Laura perka žaislą.
Datasets/Synthetic_Sentences/images/sentence_37973.png,Mielai šuo skaito receptą.
Datasets/Real_Handwriting/images/form_107_sentence_4.png,Moterys klauso ir klauso.
Datasets/Synthetic_Sentences/images/sentence_14809.png,Vakar studentė nešė gėlę.
Datasets/Real_Handwriting/images/form_287_sentence_3.png,Ar Rasa mėgsta galvoti?
Datasets/Real_Handwriting/images/form_266_sentence_3.png,Saulius būna kalnuose.
Datasets/Synthetic_Sentences/images/sentence_03579.png,Ką šuo skaito?
Datasets/Synthetic_Sentences/images/sentence_32156.png,Šiandien Rasa ilsisi miške.
Datasets/Synthetic_Sentences/images/sentence_20216.png,Ar studentė dirba upės pakrantėje?
Datasets/Synthetic_Sentences/images/sentence_12497.png,Rasa bando tvarkytis.
Datasets/Real_Handwriting/images/form_444_sentence_3.png,Vakar Jonas skaitė laišką.
Datasets/Real_Handwriting/images/form_368_sentence_4.png,Švelniai šuo valgo obuolį.
Datasets/Synthetic_Sentences/images/sentence_13278.png,Ramiai Jonas valgo vaisius.
Datasets/Real_Handwriting/images/form_006_sentence_2.png,Vyras verkia miške ir darbe.
Datasets/Synthetic_Sentences/images/sentence_68329.png,Šiandien Eglė ilsisi kalnuose.
Datasets/Synthetic_Sentences/images/sentence_58895.png,Studentė dirba pievoje ir skaito laišką.
Datasets/Synthetic_Sentences/images/sentence_46342.png,Jurgita mėgsta pirkti arbatą.
Datasets/Synthetic_Sentences/images/sentence_13390.png,Tomas geria arbatą.
Datasets/Real_Handwriting/images/form_202_sentence_3.png,Mergaitė žaidžia stadione.
Datasets/Real_Handwriting/images/form_408_sentence_5.png,Universiteto studentai žaidžia šachmatais laisvalaikiu.
Datasets/Synthetic_Sentences/images/sentence_00945.png,Berniukas nenori bėgti.
Datasets/Synthetic_Sentences/images/sentence_00552.png,Neringa nori skaityti istoriją.
Datasets/Real_Handwriting/images/form_109_sentence_2.png,Vaikai baigia šokti mokyklą.
Datasets/Synthetic_Sentences/images/sentence_10378.png,Vaikas mėgsta valgyti košę.
Datasets/Synthetic_Sentences/images/sentence_69000.png,Mokytojas nedirba pievoje.
Datasets/Real_Handwriting/images/form_411_sentence_4.png,Ar katė mokosi mokykloje?
Datasets/Synthetic_Sentences/images/sentence_32547.png,Mokytoja mėgsta skaityti istoriją.
Datasets/Real_Handwriting/images/form_274_sentence_3.png,Ar Ingrida skaito istoriją?
Datasets/Synthetic_Sentences/images/sentence_49186.png,Mindaugas skaito įdomų knygą.
Datasets/Real_Handwriting/images/form_270_sentence_3.png,Švelniai Laura perka arbatą.
Datasets/Real_Handwriting/images/form_495_sentence_4.png,Tyliai Mantas sportuoja kavinėje.
Datasets/Synthetic_Sentences/images/sentence_13994.png,Rūpestingai Tomas neša dovaną.
Datasets/Synthetic_Sentences/images/sentence_20002.png,Laura nori rašyti istoriją.
Datasets/Real_Handwriting/images/form_037_sentence_2.png,Šiandien katė skuba labai.
Datasets/Synthetic_Sentences/images/sentence_18684.png,Jurgita nori skaityti istoriją.
Datasets/Synthetic_Sentences/images/sentence_05488.png,Kristina lankosi miške.
Datasets/Real_Handwriting/images/form_285_sentence_3.png,Paukštis geria vandenį.
Datasets/Synthetic_Sentences/images/sentence_65044.png,Berniukas mėgsta pirkti kavą.
Datasets/Synthetic_Sentences/images/sentence_42033.png,Kristina nori skaityti laišką.
Datasets/Synthetic_Sentences/images/sentence_63390.png,Vaikas dirba stotyje.
Datasets/Real_Handwriting/images/form_279_sentence_5.png,Universiteto studentai žaidžia šachmatais laisvalaikiu.
Datasets/Real_Handwriting/images/form_089_sentence_4.png,Šiandien paukštis miega vakar.
Datasets/Synthetic_Sentences/images/sentence_37438.png,Vaikas dirba upės pakrantėje vakare.
Datasets/Synthetic_Sentences/images/sentence_22163.png,Šiandien Marija skaito knygą.
Datasets/Real_Handwriting/images/form_456_sentence_2.png,Šiandien Ingrida mokosi upės pakrantėje.
Datasets/Real_Handwriting/images/form_498_sentence_4.png,Ar žmogus mėgsta piešti?
Datasets/Synthetic_Sentences/images/sentence_67577.png,Žilvinas dirba parke po pietų.
Datasets/Real_Handwriting/images/form_424_sentence_1.png,Šiandien Gintaras dirba ežero pakrantėje.
Datasets/Synthetic_Sentences/images/sentence_05605.png,Saulius ilsisi pievoje.
Datasets/Synthetic_Sentences/images/sentence_63266.png,Ramiai Renata mokosi mokykloje anksti ryte.
Datasets/Real_Handwriting/images/form_015_sentence_1.png,Jis ramiai rašo.
Datasets/Real_Handwriting/images/form_403_sentence_1.png,Saulius mėgsta važiuoti dovaną.
Datasets/Synthetic_Sentences/images/sentence_41185.png,Rasa mėgsta skaityti istoriją.
Datasets/Real_Handwriting/images/form_262_sentence_2.png,Žirgas rašo žemėlapį.
Datasets/Synthetic_Sentences/images/sentence_27049.png,Drąsiai mokytojas skaito istoriją parke.
Datasets/Synthetic_Sentences/images/sentence_12329.png,Petras neskaito žemėlapį.
Datasets/Synthetic_Sentences/images/sentence_43457.png,Mokytojas mėgsta skaityti laišką.
Datasets/Synthetic_Sentences/images/sentence_00474.png,Atidžiai studentas rašo receptą.
Datasets/Synthetic_Sentences/images/sentence_54688.png,Renata stengiasi dainuoti.
Datasets/Synthetic_Sentences/images/sentence_66604.png,Gydytojas nori pirkti arbatą.
Datasets/Synthetic_Sentences/images/sentence_07174.png,Rytoj Mantas skaitys laišką.
Datasets/Synthetic_Sentences/images/sentence_63923.png,Džiaugsmingai Renata ilsisi upės pakrantėje.
Datasets/Real_Handwriting/images/form_061_sentence_5.png,Tu sportuoja namuose ir bibliotekoje.
Datasets/Synthetic_Sentences/images/sentence_08945.png,Ramiai Marija rašo žemėlapį.
Datasets/Synthetic_Sentences/images/sentence_14424.png,Marija mėgsta žaisti.
Datasets/Synthetic_Sentences/images/sentence_45698.png,Mokytojas stengiasi rašyti.
Datasets/Real_Handwriting/images/form_142_sentence_5.png,Vaikas mėgsta bėgti.
Datasets/Synthetic_Sentences/images/sentence_44393.png,Jurgita rašo receptą.
Datasets/Real_Handwriting/images/form_013_sentence_1.png,Šuo valgo projektą.
Datasets/Synthetic_Sentences/images/sentence_53394.png,Gydytojas skaito istoriją.
Datasets/Synthetic_Sentences/images/sentence_07695.png,Kristina dirba kalnuose.
Datasets/Real_Handwriting/images/form_231_sentence_4.png,Šiandien Mindaugas mokosi mokykloje.
Datasets/Real_Handwriting/images/form_501_sentence_5.png,Zigmas žiūri žaibą per langą.
Datasets/Synthetic_Sentences/images/sentence_19967.png,Šiandien vaikas perka dovaną.
Datasets/Real_Handwriting/images/form_355_sentence_2.png,Ar Tomas mėgsta dainuoti?
Datasets/Synthetic_Sentences/images/sentence_19737.png,Ką Mindaugas skaito?
Datasets/Synthetic_Sentences/images/sentence_62698.png,Šiandien Danielius ilsisi stadione.
Datasets/Real_Handwriting/images/form_113_sentence_5.png,Gydytojai keliauoja užduotį.
Datasets/Synthetic_Sentences/images/sentence_48694.png,Mokytoja geria arbatą.
Datasets/Synthetic_Sentences/images/sentence_29182.png,Mantas mokosi bibliotekoje.
Datasets/Real_Handwriting/images/form_507_sentence_1.png,Jurgita skaito receptą.
Datasets/Synthetic_Sentences/images/sentence_37453.png,Tyliai Saulius rašo žemėlapį.
Datasets/Synthetic_Sentences/images/sentence_10687.png,Šiandien studentė perka duoną.
Datasets/Real_Handwriting/images/form_328_sentence_2.png,Tyliai Danielius neša krepšį.
Datasets/Real_Handwriting/images/form_355_sentence_4.png,Saulius nori bėgti receptą.
Datasets/Synthetic_Sentences/images/sentence_24519.png,Katė žaidžia kavinėje.
Datasets/Synthetic_Sentences/images/sentence_49129.png,Ingrida valgo vaisius.
Datasets/Synthetic_Sentences/images/sentence_17387.png,Mergaitė ilsisi stotyje.
Datasets/Synthetic_Sentences/images/sentence_58870.png,Ar mokytojas nori dirbti?
Datasets/Synthetic_Sentences/images/sentence_20426.png,"Šuo nori važiuoti, nes nes reikia pasiruošti."
Datasets/Real_Handwriting/images/form_310_sentence_1.png,Ramiai Petras ilsisi miške.
Datasets/Synthetic_Sentences/images/sentence_10263.png,Vaikas nori gerti vandenį.
Datasets/Synthetic_Sentences/images/sentence_06181.png,Kur Gintaras dirba?
Datasets/Real_Handwriting/images/form_257_sentence_1.png,Drąsiai Eglė neša knygą.
Datasets/Real_Handwriting/images/form_224_sentence_1.png,Rūpestingai Tomas rašo užduotį.
Datasets/Synthetic_Sentences/images/sentence_45796.png,Vakar Saulius skaitė receptą.
Datasets/Real_Handwriting/images/form_361_sentence_3.png,Studentas gyvena ežero pakrantėje.
Datasets/Real_Handwriting/images/form_210_sentence_2.png,Mokytojas mokosi ežero pakrantėje.
Datasets/Synthetic_Sentences/images/sentence_48464.png,Vakar mokytojas dirbo sode.
Datasets/Real_Handwriting/images/form_474_sentence_5.png,"Šiandien šalta, bet sausa."
Datasets/Real_Handwriting/images/form_418_sentence_2.png,Ar Laura skaito knygą?
Datasets/Real_Handwriting/images/form_497_sentence_4.png,Neringa perka kavą.
Datasets/Real_Handwriting/images/form_421_sentence_3.png,Vakar gydytojas skaitė laišką.
Datasets/Synthetic_Sentences/images/sentence_25508.png,Šuo geria sultis.
Datasets/Real_Handwriting/images/form_404_sentence_3.png,Danielius valgo duoną.
Datasets/Real_Handwriting/images/form_247_sentence_5.png,Filmas buvo labai įdomus ir jaudinantis.
Datasets/Real_Handwriting/images/form_489_sentence_2.png,Garsiai Tomas sportuoja paplūdimyje.
Datasets/Real_Handwriting/images/form_306_sentence_1.png,Žirgas sportuoja kavinėje.
Datasets/Synthetic_Sentences/images/sentence_53489.png,Eglė valgo sriubą.
Datasets/Synthetic_Sentences/images/sentence_09419.png,Drąsiai Jurgita ilsisi paplūdimyje.
Datasets/Synthetic_Sentences/images/sentence_27793.png,Ką studentė skaito?
Datasets/Real_Handwriting/images/form_270_sentence_1.png,Švelniai Gintaras mokosi parke.
Datasets/Synthetic_Sentences/images/sentence_01837.png,Ingrida mėgsta gerti kavą.
Datasets/Real_Handwriting/images/form_266_sentence_4.png,Drąsiai Saulius mokosi paplūdimyje.
Datasets/Synthetic_Sentences/images/sentence_02043.png,Vakar Eglė dirbo darbe.
Datasets/Synthetic_Sentences/images/sentence_30699.png,Gintaras nori pirkti žaislą.
Datasets/Real_Handwriting/images/form_467_sentence_2.png,Šeima ilsisi namuose.
Datasets/Synthetic_Sentences/images/sentence_19019.png,Tyliai mergaitė dirba stadione.
Datasets/Synthetic_Sentences/images/sentence_06187.png,Petras mokosi kalnuose.
Datasets/Synthetic_Sentences/images/sentence_25038.png,Atidžiai mokytoja mokosi stotyje vakare.
Datasets/Synthetic_Sentences/images/sentence_50552.png,Džiaugsmingai Mantas skaito istoriją miške.
Datasets/Synthetic_Sentences/images/sentence_54283.png,Ramiai Danielius mokosi parke ryte.
Datasets/Real_Handwriting/images/form_370_sentence_3.png,Rytoj Renata eis ežero pakrantėje.
Datasets/Synthetic_Sentences/images/sentence_56486.png,Šuo mėgsta skaityti žurnalą.
Datasets/Synthetic_Sentences/images/sentence_34763.png,Gydytojas mokosi namuose po pietų.
Datasets/Synthetic_Sentences/images/sentence_30494.png,Ingrida nedirba mokykloje.
Datasets/Real_Handwriting/images/form_454_sentence_3.png,Kristina stato namą.
Datasets/Synthetic_Sentences/images/sentence_48017.png,Renata mėgsta ilsėtis.
Datasets/Real_Handwriting/images/form_414_sentence_2.png,Šiandien katė ilsisi kavinėje.
Datasets/Synthetic_Sentences/images/sentence_06516.png,Ar Eglė dirba darbe?
Datasets/Real_Handwriting/images/form_049_sentence_4.png,Vaikas stengiasi tvarkytis.
Datasets/Real_Handwriting/images/form_486_sentence_2.png,Renata ilsisi ligoninėje.
Datasets/Synthetic_Sentences/images/sentence_49428.png,Saulius mėgsta valgyti sriubą.
Datasets/Synthetic_Sentences/images/sentence_14435.png,Ramiai Mantas mokosi mokykloje.
Datasets/Real_Handwriting/images/form_054_sentence_3.png,Lėtai jos piešia kavą.
Datasets/Real_Handwriting/images/form_456_sentence_5.png,Universiteto studentai žaidžia šachmatais laisvalaikiu.
Datasets/Synthetic_Sentences/images/sentence_67430.png,Kur Gintaras dirba?
Datasets/Synthetic_Sentences/images/sentence_61307.png,Šiandien Marija perka žaislą.
Datasets/Synthetic_Sentences/images/sentence_43115.png,Renata bando valgyti.
Datasets/Real_Handwriting/images/form_490_sentence_1.png,Laura skaito žemėlapį.
Datasets/Real_Handwriting/images/form_297_sentence_1.png,Rytoj Renata skaitys žemėlapį.
Datasets/Synthetic_Sentences/images/sentence_56505.png,Saulius nori skaityti knygą.
Datasets/Real_Handwriting/images/form_107_sentence_2.png,Jis stengiasi dirbti knygą.
Datasets/Synthetic_Sentences/images/sentence_00993.png,Jurgita nedirba stotyje.
Datasets/Real_Handwriting/images/form_477_sentence_5.png,Cecilija čiuožia ant ledo.
Datasets/Synthetic_Sentences/images/sentence_37661.png,Petras neša gėlę.
Datasets/Synthetic_Sentences/images/sentence_45025.png,Žilvinas mėgsta skaityti receptą.
Datasets/Synthetic_Sentences/images/sentence_11856.png,Eglė stengiasi piešti.
Datasets/Real_Handwriting/images/form_493_sentence_3.png,Mantas žaidžia ežero pakrantėje.
Datasets/Synthetic_Sentences/images/sentence_58257.png,Mokytojas mėgsta gerti pieną.
Datasets/Real_Handwriting/images/form_223_sentence_3.png,Šuo valgo košę.
Datasets/Synthetic_Sentences/images/sentence_46787.png,Vakar Žilvinas skaitė istoriją.
Datasets/Real_Handwriting/images/form_198_sentence_2.png,Jos bijo piešti receptą.
Datasets/Real_Handwriting/images/form_042_sentence_5.png,Jos šiandien klauso.
Datasets/Synthetic_Sentences/images/sentence_29744.png,Lėtai Mantas neša krepšį.
Datasets/Real_Handwriting/images/form_407_sentence_2.png,Rasa stato suolą.
Datasets/Synthetic_Sentences/images/sentence_51101.png,Gintaras žaidžia pievoje.
Datasets/Real_Handwriting/images/form_098_sentence_1.png,Jūs mokosi stadione.
Datasets/Synthetic_Sentences/images/sentence_69932.png,Tomas nenori piešti.
Datasets/Synthetic_Sentences/images/sentence_45637.png,Studentė mėgsta gerti arbatą.
Datasets/Synthetic_Sentences/images/sentence_13279.png,Šiandien studentė skaito knygą.
Datasets/Synthetic_Sentences/images/sentence_61022.png,Žilvinas nori pirkti duoną.
Datasets/Real_Handwriting/images/form_406_sentence_4.png,Rasa mėgsta žaisti.
Datasets/Real_Handwriting/images/form_275_sentence_2.png,Ar Renata skaito laišką?
Datasets/Synthetic_Sentences/images/sentence_38646.png,Mokytojas mokosi bibliotekoje.
Datasets/Synthetic_Sentences/images/sentence_34115.png,Šiandien studentas perka dovaną.
Datasets/Synthetic_Sentences/images/sentence_28244.png,Ingrida mėgsta skaityti istoriją.
Datasets/Real_Handwriting/images/form_129_sentence_5.png,Moterys dirba ir dirba.
Datasets/Synthetic_Sentences/images/sentence_69999.png,Gintaras nori rašyti užduotį.
Datasets/Real_Handwriting/images/form_213_sentence_3.png,Gydytojas būna stotyje.
Datasets/Synthetic_Sentences/images/sentence_31394.png,Ką Jurgita skaito?
Datasets/Synthetic_Sentences/images/sentence_04084.png,Studentė mėgsta gerti.
Datasets/Synthetic_Sentences/images/sentence_37006.png,Rasa mėgsta valgyti sriubą.
Datasets/Real_Handwriting/images/form_215_sentence_5.png,Universiteto studentai žaidžia šachmatais laisvalaikiu.
Datasets/Real_Handwriting/images/form_380_sentence_4.png,Jonas skaito knygą.
Datasets/Synthetic_Sentences/images/sentence_27139.png,Gydytojas mėgsta pirkti duoną.
Datasets/Real_Handwriting/images/form_076_sentence_3.png,Mergaitė miega receptą.
Datasets/Synthetic_Sentences/images/sentence_48374.png,Šiandien Neringa mokosi bibliotekoje.
Datasets/Synthetic_Sentences/images/sentence_63773.png,Šiandien Jurgita perka knygą.
Datasets/Synthetic_Sentences/images/sentence_03103.png,Mielai Eglė dirba mieste.
Datasets/Synthetic_Sentences/images/sentence_43649.png,Šiandien Renata perka kavą.
Datasets/Real_Handwriting/images/form_044_sentence_5.png,Šiandien tu geria greitai.
Datasets/Synthetic_Sentences/images/sentence_14990.png,Mokytoja sportuoja kaime.
Datasets/Synthetic_Sentences/images/sentence_39328.png,Vakar Danielius dirbo kavinėje.
Datasets/Real_Handwriting/images/form_264_sentence_1.png,Ingrida nori dainuoti.
Datasets/Synthetic_Sentences/images/sentence_40495.png,Vakar Danielius nešė krepšį.
Datasets/Synthetic_Sentences/images/sentence_27231.png,Žilvinas sportuoja mokykloje.
Datasets/Synthetic_Sentences/images/sentence_56122.png,Ar Eglė dirba bibliotekoje?
Datasets/Real_Handwriting/images/form_381_sentence_5.png,Cukrų ir cinamoną dedame į pyragą.
Datasets/Real_Handwriting/images/form_233_sentence_4.png,Džiaugsmingai šuo mokosi ežero pakrantėje.
Datasets/Real_Handwriting/images/form_086_sentence_4.png,Tu mielai eina.
Datasets/Synthetic_Sentences/images/sentence_01819.png,Saulius mėgsta skaityti laišką.
Datasets/Real_Handwriting/images/form_116_sentence_2.png,Ar vaikas verkia?
Datasets/Real_Handwriting/images/form_149_sentence_3.png,Jie šoka namuose.
Datasets/Synthetic_Sentences/images/sentence_43911.png,Tomas mėgsta mokytis.
Datasets/Synthetic_Sentences/images/sentence_52951.png,Ingrida bando plaukti.
Datasets/Real_Handwriting/images/form_347_sentence_5.png,Cecilija čiuožia ant ledo.
Datasets/Real_Handwriting/images/form_119_sentence_2.png,Mokytojai geria ir geria.
Datasets/Real_Handwriting/images/form_320_sentence_3.png,Ar Saulius mokosi miške?
Datasets/Real_Handwriting/images/form_077_sentence_3.png,Draugas baigia miegoti muziką.
Datasets/Real_Handwriting/images/form_277_sentence_1.png,Ar Petras skaito žemėlapį?
Datasets/Real_Handwriting/images/form_151_sentence_3.png,Vyrai mokosi arbatą.
Datasets/Synthetic_Sentences/images/sentence_52169.png,Šiandien Neringa ilsisi sode.
Datasets/Real_Handwriting/images/form_097_sentence_2.png,Jūs valgo arbatą.
Datasets/Synthetic_Sentences/images/sentence_19372.png,Mindaugas perka didelį arbatą.
Datasets/Synthetic_Sentences/images/sentence_61379.png,Petras mokosi ligoninėje vėlai vakare.
Datasets/Synthetic_Sentences/images/sentence_48490.png,Ingrida nenori plaukti.
Datasets/Real_Handwriting/images/form_089_sentence_2.png,Mes nori dirbti.
Datasets/Synthetic_Sentences/images/sentence_61834.png,Marija žaidžia paplūdimyje.
Datasets/Synthetic_Sentences/images/sentence_10648.png,Greitai Saulius valgo duoną.
Datasets/Synthetic_Sentences/images/sentence_40977.png,Džiaugsmingai Mantas dirba stotyje.
Datasets/Synthetic_Sentences/images/sentence_16556.png,Berniukas neskaito receptą.
Datasets/Real_Handwriting/images/form_331_sentence_1.png,Vakar gydytojas dirbo parke.
Datasets/Synthetic_Sentences/images/sentence_10850.png,Atidžiai Neringa neša dovaną.
Datasets/Synthetic_Sentences/images/sentence_27635.png,Renata mėgsta skaityti laišką.
Datasets/Synthetic_Sentences/images/sentence_07361.png,Mielai Eglė neša laišką.
Datasets/Synthetic_Sentences/images/sentence_18244.png,Laura stengiasi dainuoti.
Datasets/Real_Handwriting/images/form_495_sentence_2.png,Tomas lankosi stadione.
Datasets/Real_Handwriting/images/form_101_sentence_1.png,Smagiai vyrai mokosi žemėlapį.
Datasets/Synthetic_Sentences/images/sentence_40402.png,Šiandien Jurgita perka kavą.
Datasets/Real_Handwriting/images/form_234_sentence_5.png,Kavinėje kvepėjo kava ir cinamonu.
Datasets/Synthetic_Sentences/images/sentence_10824.png,Ramiai studentas perka duoną.
Datasets/Synthetic_Sentences/images/sentence_21355.png,Šiandien Rasa dirba ligoninėje.
Datasets/Real_Handwriting/images/form_024_sentence_2.png,Niekada vyras valgo mokyklą.
Datasets/Synthetic_Sentences/images/sentence_44069.png,Danielius bando važiuoti.
Datasets/Synthetic_Sentences/images/sentence_50537.png,Rytoj Kristina eis pievoje.
Datasets/Real_Handwriting/images/form_025_sentence_3.png,Šiandien tu žiūri retai.
Datasets/Synthetic_Sentences/images/sentence_56604.png,Ar Laura mokosi upės pakrantėje?
Datasets/Real_Handwriting/images/form_068_sentence_1.png,Ar paukštis žiūri?
Datasets/Synthetic_Sentences/images/sentence_43196.png,Šiandien Neringa dirba ežero pakrantėje.
Datasets/Synthetic_Sentences/images/sentence_66405.png,Mantas stengiasi kalbėti.
Datasets/Synthetic_Sentences/images/sentence_32231.png,Katė rašo laišką.
Datasets/Real_Handwriting/images/form_177_sentence_5.png,Gydytojas baigia kalbėti paveikslą.
Datasets/Synthetic_Sentences/images/sentence_22814.png,Marija mėgsta gerti sultis.
Datasets/Synthetic_Sentences/images/sentence_51928.png,Šiandien Tomas ilsisi kavinėje.
Datasets/Synthetic_Sentences/images/sentence_56962.png,Kur Danielius dirba?
Datasets/Real_Handwriting/images/form_075_sentence_2.png,Jis mąsto sode.
Datasets/Synthetic_Sentences/images/sentence_46597.png,Ar studentė mėgsta dirbti?
Datasets/Synthetic_Sentences/images/sentence_19792.png,Ramiai Renata skaito istoriją.
Datasets/Real_Handwriting/images/form_287_sentence_2.png,Rytoj Danielius skaitys laišką.
Datasets/Synthetic_Sentences/images/sentence_64322.png,Vakar Eglė dirbo miške.
Datasets/Synthetic_Sentences/images/sentence_56762.png,Studentas nedirba upės pakrantėje.
Datasets/Synthetic_Sentences/images/sentence_62338.png,Kruopščiai Saulius valgo daržoves.
Datasets/Synthetic_Sentences/images/sentence_44845.png,Drąsiai Marija dirba darbe.
Datasets/Synthetic_Sentences/images/sentence_40875.png,Rytoj Kristina skaitys istoriją.
Datasets/Synthetic_Sentences/images/sentence_00517.png,Rasa nedirba ežero pakrantėje.
Datasets/Synthetic_Sentences/images/sentence_59665.png,Šiandien Neringa dirba miške.
Datasets/Real_Handwriting/images/form_113_sentence_4.png,Šiandien vyras žiūri labai.
Datasets/Real_Handwriting/images/form_209_sentence_1.png,Garsiai studentas rašo receptą.
Datasets/Synthetic_Sentences/images/sentence_14533.png,Rytoj Ingrida eis bibliotekoje.
Datasets/Real_Handwriting/images/form_492_sentence_2.png,Tyliai mokytoja dirba stotyje.
Datasets/Synthetic_Sentences/images/sentence_39868.png,Laura nori skaityti laišką.
Datasets/Synthetic_Sentences/images/sentence_07616.png,Saulius perka arbatą.
Datasets/Real_Handwriting/images/form_194_sentence_3.png,Jūs baigia skubėti.
Datasets/Synthetic_Sentences/images/sentence_10496.png,Vakar Tomas skaitė receptą.
Datasets/Synthetic_Sentences/images/sentence_19553.png,Eglė nori pirkti gėlę.
Datasets/Synthetic_Sentences/images/sentence_19250.png,Šuo ilsisi ligoninėje.
Datasets/Synthetic_Sentences/images/sentence_19444.png,Šiandien Jonas mokosi darbe.
Datasets/Synthetic_Sentences/images/sentence_13868.png,Studentė geria kavą.
Datasets/Synthetic_Sentences/images/sentence_57337.png,Tyliai Neringa rašo užduotį.
Datasets/Synthetic_Sentences/images/sentence_31713.png,Mokytoja dirba kalnuose ir skaito žurnalą.
Datasets/Real_Handwriting/images/form_509_sentence_3.png,Vakar Tomas dirbo namuose.
Datasets/Real_Handwriting/images/form_265_sentence_1.png,Džiaugsmingai Marija mokosi bibliotekoje.
Datasets/Synthetic_Sentences/images/sentence_01609.png,Šiandien Ingrida ilsisi darbe.
Datasets/Real_Handwriting/images/form_449_sentence_2.png,Jurgita rašo istoriją.
Datasets/Synthetic_Sentences/images/sentence_51559.png,Neringa nori gerti kavą.
Datasets/Synthetic_Sentences/images/sentence_49402.png,Petras pradeda skaityti.
Datasets/Synthetic_Sentences/images/sentence_00124.png,Laura mėgsta pirkti duoną.
Datasets/Synthetic_Sentences/images/sentence_16468.png,Ar Mantas nori groti?
Datasets/Real_Handwriting/images/form_200_sentence_1.png,Smagiai vyrai mokosi istoriją.
Datasets/Real_Handwriting/images/form_425_sentence_3.png,Lėtai Danielius ilsisi kaime.
Datasets/Synthetic_Sentences/images/sentence_35207.png,"Petras mokosi pievoje, nes turi daug darbo."
Datasets/Real_Handwriting/images/form_474_sentence_3.png,Rytoj Gintaras skaitys žurnalą.
Datasets/Synthetic_Sentences/images/sentence_56005.png,Danielius skaito šiltą žurnalą.
Datasets/Real_Handwriting/images/form_482_sentence_5.png,Senoji bibliotekininkė žino visų knygų vietas.
Datasets/Real_Handwriting/images/form_061_sentence_2.png,Mes sportuoja sode.
Datasets/Synthetic_Sentences/images/sentence_08198.png,Saulius bando šokti.
Datasets/Real_Handwriting/images/form_431_sentence_1.png,Eglė sportuoja sode.
Datasets/Real_Handwriting/images/form_448_sentence_3.png,Šiandien katė ilsisi miške.
Datasets/Real_Handwriting/images/form_273_sentence_3.png,Mantas nori keliauti.
Datasets/Synthetic_Sentences/images/sentence_10035.png,Greitai Tomas perka dovaną.
Datasets/Real_Handwriting/images/form_220_sentence_4.png,Jurgita pradeda statyti.
Datasets/Real_Handwriting/images/form_226_sentence_1.png,Vakar Gintaras dirbo namuose.
Datasets/Real_Handwriting/images/form_318_sentence_5.png,Cukrų ir cinamoną dedame į pyragą.
Datasets/Synthetic_Sentences/images/sentence_36648.png,Rasa neskaito žemėlapį.
Datasets/Synthetic_Sentences/images/sentence_04415.png,Vakar mergaitė dirbo ligoninėje.
Datasets/Synthetic_Sentences/images/sentence_59258.png,Katė neša dovaną.
Datasets/Synthetic_Sentences/images/sentence_24356.png,Studentas mėgsta skaityti laišką.
Datasets/Synthetic_Sentences/images/sentence_29124.png,Ar mokytojas skaito istoriją?
Datasets/Synthetic_Sentences/images/sentence_15457.png,Lėtai studentė skaito knygą.
Datasets/Real_Handwriting/images/form_126_sentence_1.png,Draugas dirba ligoninėje ir kavinėje.
Datasets/Synthetic_Sentences/images/sentence_60632.png,"Katė mokosi kaime, nes nori pailsėti."
Datasets/Real_Handwriting/images/form_249_sentence_1.png,Rytoj šeima eis pievoje.
Datasets/Synthetic_Sentences/images/sentence_66505.png,Berniukas mėgsta pirkti kavą.
Datasets/Real_Handwriting/images/form_138_sentence_2.png,Vyrai labai labai bėga.
Datasets/Synthetic_Sentences/images/sentence_17710.png,Ingrida mėgsta skaityti knygą.
Datasets/Real_Handwriting/images/form_463_sentence_3.png,Gintaras nori plaukti duoną.
Datasets/Real_Handwriting/images/form_405_sentence_2.png,Studentė mokosi pievoje.
Datasets/Synthetic_Sentences/images/sentence_36858.png,Rasa žaidžia kalnuose.
Datasets/Synthetic_Sentences/images/sentence_19051.png,Studentė sportuoja stadione.
Datasets/Real_Handwriting/images/form_205_sentence_5.png,Ona išeina iš namų ankstyvą rytą.
Datasets/Synthetic_Sentences/images/sentence_58083.png,Garsiai studentas neša dovaną.
Datasets/Real_Handwriting/images/form_065_sentence_5.png,Ar studentai ilsisi?
Datasets/Synthetic_Sentences/images/sentence_48055.png,Jurgita mėgsta šokti.
Datasets/Synthetic_Sentences/images/sentence_53243.png,Marija neskaito istoriją.
Datasets/Real_Handwriting/images/form_011_sentence_2.png,Vaikas bijo bėgti muziką.
Datasets/Real_Handwriting/images/form_256_sentence_3.png,Lėtai Renata ilsisi paplūdimyje.
Datasets/Synthetic_Sentences/images/sentence_27352.png,Neringa neša gėlę.
Datasets/Synthetic_Sentences/images/sentence_44167.png,Mindaugas mokosi stadione po pietų.
Datasets/Synthetic_Sentences/images/sentence_54680.png,Laura mokosi ežero pakrantėje po pietų.
Datasets/Synthetic_Sentences/images/sentence_61116.png,Jurgita mokosi pievoje po pietų.
Datasets/Synthetic_Sentences/images/sentence_24210.png,Vaikas perka šaltą knygą.
Datasets/Synthetic_Sentences/images/sentence_26538.png,Vakar studentė skaitė laišką.
Datasets/Real_Handwriting/images/form_425_sentence_2.png,Drąsiai Eglė mokosi paplūdimyje.
Datasets/Synthetic_Sentences/images/sentence_49044.png,Šuo skaito gražų žurnalą.
Datasets/Synthetic_Sentences/images/sentence_21752.png,Studentas žaidžia mieste.
Datasets/Real_Handwriting/images/form_071_sentence_3.png,Moteris nemėgsta skubėti projektą.
Datasets/Synthetic_Sentences/images/sentence_13244.png,Kristina valgo vaisius.
Datasets/Synthetic_Sentences/images/sentence_33342.png,Vakar Tomas dirbo sode.
Datasets/Real_Handwriting/images/form_030_sentence_2.png,Mokytojai mėgsta dainuoti.
Datasets/Synthetic_Sentences/images/sentence_18296.png,Mokytojas dirba upės pakrantėje.
Datasets/Real_Handwriting/images/form_344_sentence_4.png,Mokytojas būna parke.
Datasets/Synthetic_Sentences/images/sentence_54358.png,Ar berniukas dirba sode?
Datasets/Synthetic_Sentences/images/sentence_22182.png,Neringa mėgsta gerti kavą.
Datasets/Synthetic_Sentences/images/sentence_45849.png,Studentė nori skaityti žurnalą.
Datasets/Real_Handwriting/images/form_260_sentence_5.png,Šventė prasidėjo linksmai ir baigėsi džiaugsmingai.
Datasets/Synthetic_Sentences/images/sentence_52950.png,Jurgita perka spalvotą žaislą.
Datasets/Synthetic_Sentences/images/sentence_57974.png,Vakar Petras skaitė knygą.
Datasets/Real_Handwriting/images/form_146_sentence_3.png,Ji miega ligoninėje.
Datasets/Synthetic_Sentences/images/sentence_58591.png,Ką Tomas skaito?
Datasets/Real_Handwriting/images/form_154_sentence_3.png,Jie atidžiai galvoja.
Datasets/Synthetic_Sentences/images/sentence_57639.png,Renata nori gerti arbatą.
Datasets/Synthetic_Sentences/images/sentence_27256.png,Greitai gydytojas dirba kalnuose.
Datasets/Synthetic_Sentences/images/sentence_24726.png,"Rasa nori piešti, nes nes reikia pasiruošti."
Datasets/Synthetic_Sentences/images/sentence_35680.png,Rytoj Jonas skaitys žurnalą.
Datasets/Synthetic_Sentences/images/sentence_07881.png,Eglė pradeda sportuoti.
Datasets/Real_Handwriting/images/form_304_sentence_2.png,Švelniai Tomas neša gėlę.
Datasets/Real_Handwriting/images/form_372_sentence_2.png,Ramiai Eglė valgo košę.
Datasets/Real_Handwriting/images/form_118_sentence_4.png,Šuo žiūri vandenį ligoninėje.
Datasets/Real_Handwriting/images/form_129_sentence_2.png,Paukštis šypsosi žaidimą darbe.
Datasets/Synthetic_Sentences/images/sentence_33933.png,Šiandien Mantas ilsisi darbe.
Datasets/Synthetic_Sentences/images/sentence_60046.png,Šiandien Gintaras perka arbatą.
Datasets/Synthetic_Sentences/images/sentence_62647.png,Saulius nori valgyti košę.
Datasets/Real_Handwriting/images/form_148_sentence_5.png,Moterys nori žaisti paveikslą.
Datasets/Real_Handwriting/images/form_370_sentence_4.png,Ar Renata mėgsta galvoti?
Datasets/Real_Handwriting/images/form_039_sentence_2.png,Jos juokiasi parke.
Datasets/Real_Handwriting/images/form_391_sentence_3.png,Studentė gyvena pievoje.
Datasets/Real_Handwriting/images/form_202_sentence_2.png,Šiandien žmogus mokosi parke.
Datasets/Real_Handwriting/images/form_177_sentence_4.png,Jis skuba ir skuba.
Datasets/Real_Handwriting/images/form_455_sentence_4.png,Žirgas groja dainą.
Datasets/Synthetic_Sentences/images/sentence_40215.png,Gintaras skaito šiltą laišką.
Datasets/Synthetic_Sentences/images/sentence_02794.png,Renata nenori valgyti.
Datasets/Synthetic_Sentences/images/sentence_27386.png,Kodėl vaikas dirba mieste?
Datasets/Synthetic_Sentences/images/sentence_02730.png,Ingrida dirba paplūdimyje.
Datasets/Real_Handwriting/images/form_139_sentence_2.png,Rytoj vaikas klauso žemėlapį.
Datasets/Synthetic_Sentences/images/sentence_60835.png,Šuo žaidžia ligoninėje.
Datasets/Synthetic_Sentences/images/sentence_45389.png,Vakar Saulius dirbo sode.
Datasets/Synthetic_Sentences/images/sentence_06676.png,Neringa nori skaityti žurnalą.
Datasets/Synthetic_Sentences/images/sentence_40778.png,Šuo mokosi mokykloje.
Datasets/Real_Handwriting/images/form_436_sentence_3.png,Šiandien Kristina skaito laišką.
Datasets/Synthetic_Sentences/images/sentence_03881.png,Kur gydytojas dirba?
Datasets/Synthetic_Sentences/images/sentence_48714.png,Kruopščiai Rasa valgo duoną.
Datasets/Real_Handwriting/images/form_147_sentence_2.png,Ar jūs eina?
Datasets/Synthetic_Sentences/images/sentence_46998.png,"Berniukas mokosi stadione, nes jam patinka."
Datasets/Synthetic_Sentences/images/sentence_41316.png,Renata geria vandenį.
Datasets/Synthetic_Sentences/images/sentence_31610.png,Mindaugas žaidžia mieste.
Datasets/Synthetic_Sentences/images/sentence_53148.png,Mokytojas mėgsta valgyti duoną.
Datasets/Real_Handwriting/images/form_148_sentence_2.png,Jūs nemėgsta valgyti egzaminą.
Datasets/Synthetic_Sentences/images/sentence_02567.png,Danielius žaidžia kalnuose.
Datasets/Synthetic_Sentences/images/sentence_10912.png,Katė gyvena miške.
Datasets/Synthetic_Sentences/images/sentence_15057.png,Eglė renka grybus.
Datasets/Real_Handwriting/images/form_284_sentence_2.png,Šiandien Rasa perka arbatą.
Datasets/Real_Handwriting/images/form_247_sentence_2.png,Ar Petras skaito istoriją?
Datasets/Real_Handwriting/images/form_451_sentence_3.png,Eglė nori eiti paveikslą.
Datasets/Real_Handwriting/images/form_045_sentence_2.png,Vaikas juokiasi darbą.
Datasets/Real_Handwriting/images/form_008_sentence_2.png,Paukštis mokosi receptą.
Datasets/Synthetic_Sentences/images/sentence_65395.png,Greitai Kristina neša gėlę.
Datasets/Real_Handwriting/images/form_204_sentence_2.png,Švelniai mergaitė mokosi namuose.
Datasets/Real_Handwriting/images/form_328_sentence_1.png,Lėtai Renata rašo receptą.
Datasets/Synthetic_Sentences/images/sentence_66039.png,Berniukas mokosi ežero pakrantėje.
Datasets/Synthetic_Sentences/images/sentence_07966.png,Švelniai vaikas ilsisi stotyje.
Datasets/Real_Handwriting/images/form_234_sentence_2.png,Mielai Rasa rašo laišką.
Datasets/Synthetic_Sentences/images/sentence_67206.png,Studentas pradeda važiuoti.
Datasets/Synthetic_Sentences/images/sentence_45310.png,Drąsiai mokytoja skaito žurnalą.
Datasets/Synthetic_Sentences/images/sentence_40933.png,Šiandien mokytoja mokosi kavinėje.
Datasets/Synthetic_Sentences/images/sentence_37127.png,Neringa perka seną kavą.
Datasets/Synthetic_Sentences/images/sentence_10499.png,Garsiai Neringa ilsisi ežero pakrantėje.
Datasets/Synthetic_Sentences/images/sentence_19895.png,Ar Jurgita mėgsta gerti?
Datasets/Real_Handwriting/images/form_257_sentence_4.png,Mielai Kristina perka kavą.
Datasets/Synthetic_Sentences/images/sentence_59234.png,Kruopščiai katė skaito istoriją.
Datasets/Synthetic_Sentences/images/sentence_15614.png,Kodėl Renata dirba darbe?
Datasets/Synthetic_Sentences/images/sentence_69795.png,Rasa nedirba darbe.
Datasets/Synthetic_Sentences/images/sentence_13439.png,Mokytoja mokosi parke.
Datasets/Synthetic_Sentences/images/sentence_67458.png,Marija pradeda groti.
Datasets/Real_Handwriting/images/form_318_sentence_4.png,Gydytojas lankosi bibliotekoje.
Datasets/Synthetic_Sentences/images/sentence_35759.png,Marija nori gerti arbatą.
Datasets/Synthetic_Sentences/images/sentence_46374.png,Šiandien Renata perka žaislą.
Datasets/Synthetic_Sentences/images/sentence_50937.png,Berniukas pradeda kalbėti.
Datasets/Real_Handwriting/images/form_358_sentence_4.png,Renata mokosi stotyje.
Datasets/Real_Handwriting/images/form_364_sentence_1.png,Ingrida ilsisi ežero pakrantėje.
Datasets/Real_Handwriting/images/form_104_sentence_5.png,Šiandien katė bėga kartu.
Datasets/Real_Handwriting/images/form_467_sentence_5.png,Obelys žydi baltais žiedais pavasarį.
Datasets/Real_Handwriting/images/form_156_sentence_5.png,Vaikai sportuoja ligoninėje.
Datasets/Synthetic_Sentences/images/sentence_16848.png,Tomas dirba ežero pakrantėje vėlai vakare.
Datasets/Real_Handwriting/images/form_492_sentence_1.png,Ar Mantas mėgsta šokti?
Datasets/Real_Handwriting/images/form_007_sentence_1.png,Mielai tu mąsto istoriją.
Datasets/Real_Handwriting/images/form_393_sentence_2.png,Ramiai Jurgita mokosi stadione.
Datasets/Synthetic_Sentences/images/sentence_57133.png,Neringa gyvena stadione.
Datasets/Synthetic_Sentences/images/sentence_40606.png,Gydytojas neskaito žemėlapį.
Datasets/Real_Handwriting/images/form_417_sentence_1.png,Studentė stengiasi šokti.
Datasets/Synthetic_Sentences/images/sentence_04003.png,Ar Ingrida skaito žurnalą?
Datasets/Synthetic_Sentences/images/sentence_36828.png,Rytoj Ingrida eis upės pakrantėje.
Datasets/Synthetic_Sentences/images/sentence_23149.png,Mielai Laura neša dovaną.
Datasets/Synthetic_Sentences/images/sentence_43138.png,Šiandien Danielius ilsisi kaime.
Datasets/Real_Handwriting/images/form_462_sentence_4.png,Šeima valgo vaisius.
Datasets/Synthetic_Sentences/images/sentence_50930.png,Mokytojas mokosi mokykloje.
Datasets/Real_Handwriting/images/form_097_sentence_1.png,Gydytojai keliauoja vaisius kaime.
Datasets/Real_Handwriting/images/form_207_sentence_2.png,Studentas stato suolą.
Datasets/Real_Handwriting/images/form_068_sentence_4.png,Paukštis stengiasi keliauti.
Datasets/Real_Handwriting/images/form_473_sentence_2.png,Saulius būna mieste.
Datasets/Synthetic_Sentences/images/sentence_06739.png,Ką berniukas skaito?
Datasets/Real_Handwriting/images/form_332_sentence_2.png,Marija ilsisi darbe.
Datasets/Synthetic_Sentences/images/sentence_47127.png,Vakar Žilvinas nešė krepšį.
Datasets/Real_Handwriting/images/form_380_sentence_5.png,Cukrų ir cinamoną dedame į pyragą.
Datasets/Synthetic_Sentences/images/sentence_59854.png,Eglė mėgsta gerti vandenį.
Datasets/Real_Handwriting/images/form_385_sentence_3.png,Studentė dirba namuose.
Datasets/Synthetic_Sentences/images/sentence_66200.png,Ar Kristina nori dainuoti?
Datasets/Real_Handwriting/images/form_169_sentence_5.png,Tu galvoja dainą.
Datasets/Real_Handwriting/images/form_402_sentence_4.png,Vakar žirgas nešė laišką.
Datasets/Synthetic_Sentences/images/sentence_18414.png,Rasa mėgsta pirkti kavą.
Datasets/Real_Handwriting/images/form_229_sentence_2.png,Žirgas sportuoja darbe.
Datasets/Synthetic_Sentences/images/sentence_47901.png,Mantas neskaito žemėlapį.
Datasets/Real_Handwriting/images/form_426_sentence_1.png,Saulius mokosi bibliotekoje.
Datasets/Real_Handwriting/images/form_159_sentence_3.png,Vaikai greitai skaito.
Datasets/Real_Handwriting/images/form_430_sentence_3.png,Drąsiai Petras sportuoja upės pakrantėje.
Datasets/Synthetic_Sentences/images/sentence_29473.png,Ką Neringa skaito?
Datasets/Synthetic_Sentences/images/sentence_58407.png,Žilvinas nori pirkti dovaną.
Datasets/Real_Handwriting/images/form_186_sentence_1.png,Lėtai mokytojas mokosi daržoves.
Datasets/Synthetic_Sentences/images/sentence_36967.png,Mantas ilsisi pievoje.
Datasets/Real_Handwriting/images/form_097_sentence_5.png,Vaikai juokiasi vaisius.
Datasets/Real_Handwriting/images/form_188_sentence_3.png,Mergaitė valgo ir valgo.
Datasets/Synthetic_Sentences/images/sentence_36295.png,Šuo perka duoną.
Datasets/Synthetic_Sentences/images/sentence_55824.png,Vaikas žaidžia stotyje.
Datasets/Synthetic_Sentences/images/sentence_63914.png,Ar šuo mėgsta rašyti?
Datasets/Synthetic_Sentences/images/sentence_34566.png,Šuo dirba paplūdimyje ir skaito žemėlapį.
Datasets/Synthetic_Sentences/images/sentence_50424.png,Ingrida žaidžia stotyje.
Datasets/Synthetic_Sentences/images/sentence_51172.png,Vakar Saulius nešė dovaną.
Datasets/Real_Handwriting/images/form_462_sentence_1.png,Ar Saulius mėgsta statyti?
Datasets/Synthetic_Sentences/images/sentence_60290.png,Jonas mėgsta skaityti žemėlapį.
Datasets/Real_Handwriting/images/form_112_sentence_4.png,Gydytojas labai visada miega.
Datasets/Real_Handwriting/images/form_211_sentence_3.png,Neringa bando statyti.
Datasets/Real_Handwriting/images/form_359_sentence_3.png,Mokytojas būna bibliotekoje.
Datasets/Synthetic_Sentences/images/sentence_05075.png,Kristina nori gerti arbatą.
Datasets/Synthetic_Sentences/images/sentence_18525.png,Drąsiai Mindaugas skaito istoriją namuose.
Datasets/Real_Handwriting/images/form_309_sentence_2.png,Šiandien Gintaras dirba miške.
Datasets/Synthetic_Sentences/images/sentence_63733.png,Vakar Danielius dirbo stotyje.
Datasets/Synthetic_Sentences/images/sentence_35343.png,Neringa stengiasi gerti.
Datasets/Real_Handwriting/images/form_301_sentence_1.png,Šeima groja melodiją.
Datasets/Real_Handwriting/images/form_029_sentence_1.png,Ar mergaitė eina?
Datasets/Synthetic_Sentences/images/sentence_41617.png,Atidžiai Danielius rašo receptą.
Datasets/Real_Handwriting/images/form_439_sentence_3.png,Katė būna stotyje.
Datasets/Real_Handwriting/images/form_320_sentence_5.png,Žiema atneša sniegą ir šaltį.
Datasets/Synthetic_Sentences/images/sentence_43531.png,"Studentas dirba sode, nes tai labai įdomu."
Datasets/Synthetic_Sentences/images/sentence_51992.png,Gydytojas ilsisi kavinėje.
Datasets/Synthetic_Sentences/images/sentence_49045.png,Ar berniukas skaito istoriją?
Datasets/Real_Handwriting/images/form_177_sentence_1.png,Paukštis keliauoja kavą.
Datasets/Real_Handwriting/images/form_219_sentence_1.png,Mantas stato bokštą.
Datasets/Synthetic_Sentences/images/sentence_43581.png,Laura mėgsta pirkti kavą.
Datasets/Synthetic_Sentences/images/sentence_01958.png,Ramiai Mantas rašo žemėlapį.
Datasets/Real_Handwriting/images/form_245_sentence_5.png,Žaibas nušvietė tamsų dangų audros metu.
Datasets/Synthetic_Sentences/images/sentence_48121.png,Šiandien Mantas dirba stotyje.
Datasets/Synthetic_Sentences/images/sentence_18756.png,Laura lankosi kavinėje.
Datasets/Real_Handwriting/images/form_456_sentence_4.png,Rytoj Saulius skaitys laišką.
Datasets/Real_Handwriting/images/form_170_sentence_4.png,Ar jie klauso?
Datasets/Real_Handwriting/images/form_020_sentence_5.png,Vyrai bėga ir bėga.
Datasets/Synthetic_Sentences/images/sentence_01751.png,Jurgita mokosi mieste.
Datasets/Synthetic_Sentences/images/sentence_21271.png,Studentė nori rašyti receptą.
Datasets/Real_Handwriting/images/form_328_sentence_5.png,Tvarka namuose labai svarbi.
Datasets/Synthetic_Sentences/images/sentence_54005.png,Kodėl katė dirba kavinėje?
Datasets/Synthetic_Sentences/images/sentence_33295.png,Gintaras mėgsta gerti pieną.
Datasets/Real_Handwriting/images/form_136_sentence_4.png,Jūs sportuoja prie ežero.
Datasets/Synthetic_Sentences/images/sentence_06895.png,Ar Rasa skaito žurnalą?
Datasets/Synthetic_Sentences/images/sentence_01648.png,Danielius pradeda piešti.
Datasets/Synthetic_Sentences/images/sentence_31161.png,Laura mokosi darbe anksti ryte.
Datasets/Real_Handwriting/images/form_368_sentence_5.png,Kavinėje kvepėjo kava ir cinamonu.
Datasets/Real_Handwriting/images/form_149_sentence_1.png,Gydytojas sportuoja kalnuose ir ligoninėje.
Datasets/Real_Handwriting/images/form_108_sentence_4.png,Mes stengiasi eiti muziką.
Datasets/Synthetic_Sentences/images/sentence_21518.png,Katė mėgsta dirbti.
Datasets/Real_Handwriting/images/form_199_sentence_3.png,Tu verkia knygą.
Datasets/Real_Handwriting/images/form_050_sentence_4.png,Mergaitės sportuoja kaime.
Datasets/Real_Handwriting/images/form_443_sentence_5.png,Jonas į darbą važiuoja dviračiu.
Datasets/Real_Handwriting/images/form_034_sentence_3.png,Draugas žaidžia ligoninėje.
Datasets/Synthetic_Sentences/images/sentence_46516.png,Ką katė skaito?
Datasets/Real_Handwriting/images/form_434_sentence_5.png,Knyga gulėjo ant kambario suolo.
Datasets/Real_Handwriting/images/form_210_sentence_4.png,Švelniai Jurgita dirba kavinėje.
Datasets/Synthetic_Sentences/images/sentence_40312.png,Lėtai Mantas valgo sriubą.
Datasets/Real_Handwriting/images/form_176_sentence_3.png,Draugas labai blogai eina.
Datasets/Synthetic_Sentences/images/sentence_18654.png,Mantas mėgsta rašyti.
Datasets/Synthetic_Sentences/images/sentence_07711.png,"Mindaugas nori šokti, nes nes jam patinka."
Datasets/Synthetic_Sentences/images/sentence_61300.png,Ramiai mokytoja valgo vaisius.
Datasets/Synthetic_Sentences/images/sentence_67955.png,Mokytoja dirba ligoninėje po pietų.
Datasets/Synthetic_Sentences/images/sentence_17550.png,Studentė nedirba ligoninėje.
Datasets/Real_Handwriting/images/form_287_sentence_5.png,Žuvėdros skraido žemai virš bangų.
Datasets/Real_Handwriting/images/form_281_sentence_5.png,Universiteto studentai žaidžia šachmatais laisvalaikiu.
Datasets/Real_Handwriting/images/form_469_sentence_5.png,Universiteto studentai žaidžia šachmatais laisvalaikiu.
Datasets/Real_Handwriting/images/form_437_sentence_5.png,Buvo labai šalta tą žiemos rytą.
Datasets/Real_Handwriting/images/form_297_sentence_4.png,Vakar Marija skaitė istoriją.
Datasets/Real_Handwriting/images/form_150_sentence_2.png,Šuo eina ir eina.
Datasets/Synthetic_Sentences/images/sentence_18691.png,"Gintaras mokosi pievoje, bet nori skaityti."
Datasets/Real_Handwriting/images/form_129_sentence_1.png,Mokytojas klauso ligoninėje.
Datasets/Synthetic_Sentences/images/sentence_19496.png,Rytoj Neringa eis sode.
Datasets/Synthetic_Sentences/images/sentence_62028.png,Mergaitė mėgsta dainuoti.
Datasets/Synthetic_Sentences/images/sentence_54093.png,Kodėl Žilvinas dirba parke?
Datasets/Real_Handwriting/images/form_198_sentence_4.png,Mokytojas žaidžia dainą stotyje.
Datasets/Real_Handwriting/images/form_382_sentence_4.png,Kruopščiai Jurgita mokosi kaime.
Datasets/Real_Handwriting/images/form_400_sentence_2.png,Rūpestingai Danielius perka knygą.
Datasets/Synthetic_Sentences/images/sentence_44595.png,Šiandien Laura perka kavą.
Datasets/Real_Handwriting/images/form_394_sentence_3.png,Rytoj Žilvinas eis bibliotekoje.
Datasets/Synthetic_Sentences/images/sentence_11871.png,Šiandien Tomas perka knygą.
Datasets/Real_Handwriting/images/form_230_sentence_5.png,Cecilija čiuožia ant ledo.
Datasets/Real_Handwriting/images/form_410_sentence_2.png,Ar katė mėgsta plaukti?
Datasets/Synthetic_Sentences/images/sentence_53321.png,Gydytojas mėgsta žaisti.
Datasets/Synthetic_Sentences/images/sentence_58971.png,Studentė nori valgyti daržoves.
Datasets/Real_Handwriting/images/form_277_sentence_2.png,Šuo geria pieną.
Datasets/Real_Handwriting/images/form_121_sentence_5.png,Ar studentas geria?
Datasets/Synthetic_Sentences/images/sentence_10120.png,Šiandien Eglė mokosi kaime.
Datasets/Synthetic_Sentences/images/sentence_12119.png,Katė nedirba mieste.
Datasets/Synthetic_Sentences/images/sentence_54819.png,Ar gydytojas dirba ligoninėje?
Datasets/Synthetic_Sentences/images/sentence_51227.png,Gintaras dirba namuose ir skaito istoriją.
Datasets/Real_Handwriting/images/form_171_sentence_4.png,Jos baigia galvoti mokyklą.
Datasets/Synthetic_Sentences/images/sentence_11899.png,Tomas perka gėlę.
Datasets/Real_Handwriting/images/form_493_sentence_5.png,Bitė skraido virš bijūnų.
Datasets/Synthetic_Sentences/images/sentence_29571.png,Ar gydytojas mokosi sode?
Datasets/Synthetic_Sentences/images/sentence_06304.png,Kodėl Danielius dirba upės pakrantėje?
Datasets/Real_Handwriting/images/form_185_sentence_2.png,Mes dirba žemėlapį stotyje.
Datasets/Synthetic_Sentences/images/sentence_18702.png,Gintaras stengiasi kalbėti.
Datasets/Synthetic_Sentences/images/sentence_15978.png,Mokytoja mokosi paplūdimyje.
Datasets/Synthetic_Sentences/images/sentence_13698.png,Mergaitė renka grybus.
Datasets/Synthetic_Sentences/images/sentence_09763.png,Šį vakarą žvaigždės ypač ryškiai šviečia.
Datasets/Synthetic_Sentences/images/sentence_11943.png,Rytoj vaikas eis kavinėje.
Datasets/Real_Handwriting/images/form_201_sentence_4.png,Paukštis skaito žurnalą.
Datasets/Synthetic_Sentences/images/sentence_24541.png,Jurgita nori gerti sultis.
Datasets/Real_Handwriting/images/form_085_sentence_3.png,Moterys mąsto užduotį.
Datasets/Real_Handwriting/images/form_231_sentence_3.png,Ramiai gydytojas rašo žemėlapį.
Datasets/Synthetic_Sentences/images/sentence_27287.png,Mindaugas mokosi mokykloje.
Datasets/Synthetic_Sentences/images/sentence_07737.png,Jurgita rašo receptą.
Datasets/Real_Handwriting/images/form_492_sentence_4.png,Ar Mantas mėgsta važiuoti?
Datasets/Real_Handwriting/images/form_200_sentence_4.png,Gydytojas piešia miške.
Datasets/Synthetic_Sentences/images/sentence_57245.png,"Neringa dirba parke, nes reikia pasiruošti."
Datasets/Synthetic_Sentences/images/sentence_06605.png,Rytoj mergaitė eis kalnuose.
Datasets/Synthetic_Sentences/images/sentence_25489.png,Kruopščiai Tomas ilsisi mokykloje.
Datasets/Synthetic_Sentences/images/sentence_53126.png,Gydytojas nedirba stadione.
Datasets/Synthetic_Sentences/images/sentence_32037.png,Kur Rasa dirba?
Datasets/Real_Handwriting/images/form_163_sentence_4.png,Moteris baigia ilsėtis.
Datasets/Real_Handwriting/images/form_300_sentence_3.png,Ar šeima skaito receptą?
Datasets/Real_Handwriting/images/form_508_sentence_2.png,Gintaras ilsisi ežero pakrantėje.
Datasets/Synthetic_Sentences/images/sentence_64580.png,Ar berniukas mokosi mokykloje?
Datasets/Synthetic_Sentences/images/sentence_65634.png,Berniukas dirba sode ir skaito istoriją.
Datasets/Real_Handwriting/images/form_421_sentence_5.png,Cecilija čiuožia ant ledo.
Datasets/Real_Handwriting/images/form_249_sentence_2.png,Džiaugsmingai Jonas sportuoja kavinėje.
Datasets/Synthetic_Sentences/images/sentence_39272.png,Marija valgo sriubą.
Datasets/Real_Handwriting/images/form_279_sentence_3.png,Ar Eglė skaito žurnalą?
Datasets/Real_Handwriting/images/form_246_sentence_4.png,Rytoj šuo skaitys žemėlapį.
Datasets/Synthetic_Sentences/images/sentence_43157.png,"Rasa dirba kavinėje, nes reikia pasiruošti."
Datasets/Synthetic_Sentences/images/sentence_26653.png,Ar Neringa mokosi mieste?
Datasets/Real_Handwriting/images/form_296_sentence_1.png,Mindaugas stato suolą.
Datasets/Synthetic_Sentences/images/sentence_25620.png,"Berniukas dirba stotyje, nes jam patinka."
Datasets/Real_Handwriting/images/form_303_sentence_3.png,Garsiai Marija skaito žurnalą.
Datasets/Synthetic_Sentences/images/sentence_40554.png,Jurgita mėgsta gerti arbatą.
Datasets/Real_Handwriting/images/form_151_sentence_4.png,Šiandien draugai klauso šiandien.
Datasets/Synthetic_Sentences/images/sentence_47920.png,Jonas perka dovaną.
Datasets/Synthetic_Sentences/images/sentence_42401.png,Petras mokosi miške po pietų.
Datasets/Real_Handwriting/images/form_315_sentence_1.png,Ar žirgas skaito laišką?
Datasets/Real_Handwriting/images/form_018_sentence_5.png,Ar draugas dainuoja?
Datasets/Real_Handwriting/images/form_504_sentence_5.png,Kavinėje kvepėjo kava ir cinamonu.
Datasets/Real_Handwriting/images/form_132_sentence_5.png,Šiandien aš galvoja kruopščiai.
Datasets/Synthetic_Sentences/images/sentence_52551.png,Studentė nedirba sode.
Datasets/Synthetic_Sentences/images/sentence_16989.png,Kodėl gydytojas dirba ežero pakrantėje?
Datasets/Synthetic_Sentences/images/sentence_14920.png,Ingrida skaito naują istoriją.
Datasets/Synthetic_Sentences/images/sentence_15397.png,Gydytojas pradeda dainuoti.
Datasets/Synthetic_Sentences/images/sentence_53837.png,Ar Laura mėgsta tvarkytis?
Datasets/Synthetic_Sentences/images/sentence_29317.png,Berniukas sportuoja kalnuose.
Datasets/Real_Handwriting/images/form_313_sentence_1.png,Paukštis lankosi pievoje.
Datasets/Synthetic_Sentences/images/sentence_03490.png,Kristina nori pirkti knygą.
Datasets/Real_Handwriting/images/form_362_sentence_3.png,Šiandien Petras perka knygą.
Datasets/Real_Handwriting/images/form_228_sentence_3.png,Šiandien Jonas perka arbatą.
Datasets/Real_Handwriting/images/form_334_sentence_4.png,Renata nori mokytis.
Datasets/Real_Handwriting/images/form_203_sentence_2.png,Šeima renka obuolius.
Datasets/Real_Handwriting/images/form_083_sentence_4.png,Tu miega egzaminą.
Datasets/Synthetic_Sentences/images/sentence_27104.png,Jonas nori gerti pieną.
Datasets/Synthetic_Sentences/images/sentence_26868.png,Mantas sportuoja pievoje.
Datasets/Real_Handwriting/images/form_321_sentence_1.png,Švelniai Rasa ilsisi namuose.
Datasets/Synthetic_Sentences/images/sentence_11957.png,Lėtai Rasa perka žaislą.
Datasets/Real_Handwriting/images/form_051_sentence_5.png,Jos atidžiai skaito.
Datasets/Synthetic_Sentences/images/sentence_23426.png,Mergaitė mėgsta gerti pieną.
Datasets/Synthetic_Sentences/images/sentence_33603.png,Laura nori rašyti žemėlapį.
Datasets/Synthetic_Sentences/images/sentence_19554.png,Šiandien Mantas mokosi upės pakrantėje.
Datasets/Synthetic_Sentences/images/sentence_32020.png,Mantas mėgsta gerti kavą.
Datasets/Synthetic_Sentences/images/sentence_42732.png,Garsiai Laura dirba namuose.
Datasets/Real_Handwriting/images/form_472_sentence_3.png,Paukštis mėgsta piešti užduotį.
Datasets/Synthetic_Sentences/images/sentence_41714.png,"Šuo nori plaukti, nes nes nori pailsėti."
Datasets/Real_Handwriting/images/form_503_sentence_2.png,Ar Eglė nori groti?
Datasets/Synthetic_Sentences/images/sentence_26037.png,Ar mokytojas nori eiti?
Datasets/Real_Handwriting/images/form_363_sentence_5.png,Cecilija čiuožia ant ledo.
Datasets/Synthetic_Sentences/images/sentence_10670.png,Renata nori gerti arbatą.
Datasets/Real_Handwriting/images/form_019_sentence_3.png,Šuo baigia galvoti.
Datasets/Real_Handwriting/images/form_487_sentence_4.png,Lėtai Mantas sportuoja stadione.
Datasets/Real_Handwriting/images/form_167_sentence_2.png,Mokytojas labai kruopščiai verkia.
Datasets/Synthetic_Sentences/images/sentence_62188.png,Jurgita mėgsta pirkti gėlę.
Datasets/Synthetic_Sentences/images/sentence_38057.png,Tomas dirba kalnuose ryte.
Datasets/Synthetic_Sentences/images/sentence_48941.png,Saulius nenori skaityti.
Datasets/Real_Handwriting/images/form_040_sentence_5.png,Studentas šoka miške.
Datasets/Synthetic_Sentences/images/sentence_56283.png,Ar Marija dirba upės pakrantėje?
Datasets/Synthetic_Sentences/images/sentence_45854.png,Jonas mėgsta valgyti obuolį.
Datasets/Synthetic_Sentences/images/sentence_24454.png,Petras valgo vaisius.
Datasets/Real_Handwriting/images/form_475_sentence_4.png,Vakar Kristina skaitė istoriją.
Datasets/Synthetic_Sentences/images/sentence_58259.png,Vakar Petras nešė žaislą.
Datasets/Synthetic_Sentences/images/sentence_35726.png,Ar Neringa dirba ežero pakrantėje?
Datasets/Synthetic_Sentences/images/sentence_67590.png,Vakar šuo dirbo parke.
Datasets/Real_Handwriting/images/form_362_sentence_1.png,Ar studentė mokosi upės pakrantėje?
Datasets/Synthetic_Sentences/images/sentence_18096.png,Ramiai Ingrida skaito istoriją.
Datasets/Synthetic_Sentences/images/sentence_48115.png,Ar Jonas mokosi ligoninėje?
Datasets/Real_Handwriting/images/form_403_sentence_3.png,Mokytoja perka arbatą.
Datasets/Synthetic_Sentences/images/sentence_22317.png,Kodėl šuo dirba mokykloje?
Datasets/Synthetic_Sentences/images/sentence_41773.png,Eglė renka obuolius.
Datasets/Synthetic_Sentences/images/sentence_58837.png,Kodėl Jurgita dirba ligoninėje?
Datasets/Synthetic_Sentences/images/sentence_10510.png,Gydytojas dirba namuose.
Datasets/Synthetic_Sentences/images/sentence_40045.png,Mindaugas mėgsta tvarkytis.
Datasets/Real_Handwriting/images/form_124_sentence_4.png,Jis mėgsta žaisti vandenį.
Datasets/Real_Handwriting/images/form_353_sentence_2.png,Tomas renka vaisius.
Datasets/Synthetic_Sentences/images/sentence_11219.png,Rytoj Danielius eis upės pakrantėje.
Datasets/Real_Handwriting/images/form_299_sentence_4.png,Šiandien studentas skaito žemėlapį.
Datasets/Synthetic_Sentences/images/sentence_57365.png,Mergaitė mėgsta gerti sultis.
Datasets/Real_Handwriting/images/form_307_sentence_4.png,Kristina renka vaisius.
Datasets/Real_Handwriting/images/form_319_sentence_2.png,Ramiai katė perka žaislą.
Datasets/Synthetic_Sentences/images/sentence_45110.png,Ar Ingrida nori eiti?
Datasets/Real_Handwriting/images/form_450_sentence_3.png,Studentė skaito žemėlapį.
Datasets/Synthetic_Sentences/images/sentence_41478.png,Mokytoja pradeda piešti.
Datasets/Real_Handwriting/images/form_289_sentence_2.png,Laura mėgsta eiti duoną.
Datasets/Synthetic_Sentences/images/sentence_14191.png,Ar Jurgita mokosi namuose?
Datasets/Real_Handwriting/images/form_429_sentence_4.png,Mantas būna darbe.
Datasets/Synthetic_Sentences/images/sentence_35078.png,Gintaras žaidžia paplūdimyje.
Datasets/Synthetic_Sentences/images/sentence_17033.png,Ar gydytojas nori skaityti?
Datasets/Real_Handwriting/images/form_504_sentence_1.png,Vakar katė skaitė knygą.
Datasets/Real_Handwriting/images/form_062_sentence_4.png,Vyras miega maistą.
Datasets/Synthetic_Sentences/images/sentence_01999.png,Šiandien Marija dirba bibliotekoje.
Datasets/Real_Handwriting/images/form_060_sentence_3.png,Katė stengiasi galvoti daržoves.
Datasets/Synthetic_Sentences/images/sentence_19558.png,Ar gydytojas mėgsta dainuoti?
Datasets/Real_Handwriting/images/form_499_sentence_3.png,Rytoj studentas skaitys knygą.
Datasets/Synthetic_Sentences/images/sentence_67673.png,Drąsiai studentas dirba stadione.
Datasets/Synthetic_Sentences/images/sentence_53805.png,Jurgita gyvena kavinėje.
Datasets/Synthetic_Sentences/images/sentence_27109.png,Šiandien berniukas mokosi stotyje.
Datasets/Real_Handwriting/images/form_218_sentence_2.png,Jonas pradeda ilsėtis.
Datasets/Real_Handwriting/images/form_018_sentence_3.png,Vyrai nemėgsta bėgti.
Datasets/Real_Handwriting/images/form_267_sentence_2.png,Mantas perka žaislą.
Datasets/Real_Handwriting/images/form_378_sentence_4.png,Mielai Mindaugas valgo obuolį.
Datasets/Real_Handwriting/images/form_114_sentence_2.png,Dabar mergaitės skuba darbą.
Datasets/Synthetic_Sentences/images/sentence_09440.png,Tomas nori valgyti košę.
Datasets/Synthetic_Sentences/images/sentence_50002.png,Šuo skaito laišką.
Datasets/Synthetic_Sentences/images/sentence_48506.png,Žilvinas mėgsta valgyti obuolį.
Datasets/Synthetic_Sentences/images/sentence_20129.png,Šiandien Laura skaito žemėlapį.
Datasets/Synthetic_Sentences/images/sentence_22298.png,Drąsiai Jurgita skaito istoriją.
Datasets/Real_Handwriting/images/form_342_sentence_3.png,Greitai mokytojas rašo laišką.
Datasets/Synthetic_Sentences/images/sentence_08731.png,Šiandien šuo perka duoną.
Datasets/Synthetic_Sentences/images/sentence_47570.png,Kristina dirba paplūdimyje ir skaito laišką.
Datasets/Real_Handwriting/images/form_080_sentence_3.png,Aš lėtai sportuoja.
Datasets/Synthetic_Sentences/images/sentence_10750.png,Ar vaikas nori plaukti?
Datasets/Synthetic_Sentences/images/sentence_55285.png,Žilvinas renka akmenis.
Datasets/Synthetic_Sentences/images/sentence_25435.png,Petras skaito receptą.
Datasets/Real_Handwriting/images/form_494_sentence_1.png,Šiandien berniukas skaito žurnalą.
Datasets/Real_Handwriting/images/form_114_sentence_5.png,Moterys piešia vaisius.
Datasets/Real_Handwriting/images/form_475_sentence_1.png,Vakar Žilvinas skaitė istoriją.
Datasets/Real_Handwriting/images/form_258_sentence_4.png,Vakar Renata dirbo kaime.
Datasets/Synthetic_Sentences/images/sentence_56052.png,Danielius lankosi kavinėje.
Datasets/Synthetic_Sentences/images/sentence_63918.png,Katė mėgsta skaityti receptą.
Datasets/Real_Handwriting/images/form_337_sentence_1.png,Jonas neša krepšį.
Datasets/Real_Handwriting/images/form_149_sentence_4.png,Mergaitės greitai bėga.
Datasets/Real_Handwriting/images/form_491_sentence_5.png,Čiurlionį menininkai laiko išskirtiniu kūrėju.
Datasets/Real_Handwriting/images/form_022_sentence_3.png,Studentai mąsto kaime ir prie ežero.
Datasets/Real_Handwriting/images/form_007_sentence_5.png,Labai tu kalba receptą.
Datasets/Real_Handwriting/images/form_403_sentence_5.png,Kavinėje kvepėjo kava ir cinamonu.
Datasets/Real_Handwriting/images/form_161_sentence_2.png,Vyrai mėgsta rašyti darbą.
Datasets/Real_Handwriting/images/form_136_sentence_5.png,Visada vyrai valgo arbatą.
Datasets/Real_Handwriting/images/form_283_sentence_4.png,Studentas mėgsta bėgti.
Datasets/Synthetic_Sentences/images/sentence_66689.png,Jurgita nori gerti vandenį.
Datasets/Real_Handwriting/images/form_374_sentence_5.png,Cukrų ir cinamoną dedame į pyragą.
Datasets/Real_Handwriting/images/form_436_sentence_5.png,Universiteto studentai žaidžia šachmatais laisvalaikiu.
Datasets/Synthetic_Sentences/images/sentence_62991.png,Vakar gydytojas skaitė receptą.
Datasets/Real_Handwriting/images/form_146_sentence_1.png,Gydytojas bijo kalbėti kavą.
Datasets/Real_Handwriting/images/form_379_sentence_1.png,Ingrida dirba namuose.
Datasets/Real_Handwriting/images/form_438_sentence_5.png,Universiteto studentai žaidžia šachmatais laisvalaikiu.
Datasets/Real_Handwriting/images/form_415_sentence_5.png,Žirgai bėga laisvai per žalią lauką.
Datasets/Synthetic_Sentences/images/sentence_59446.png,Vakar mokytojas dirbo kavinėje.
Datasets/Synthetic_Sentences/images/sentence_42583.png,Tomas nori pirkti gėlę.
Datasets/Real_Handwriting/images/form_073_sentence_1.png,Moterys nori sportuoti vandenį.
Datasets/Synthetic_Sentences/images/sentence_55523.png,Tyliai šuo mokosi kavinėje.
Datasets/Synthetic_Sentences/images/sentence_22183.png,Saulius skaito mažą receptą.
Datasets/Synthetic_Sentences/images/sentence_63139.png,Vaikas nori tvarkytis.
Datasets/Synthetic_Sentences/images/sentence_37853.png,Rasa ilsisi namuose.
Datasets/Real_Handwriting/images/form_275_sentence_4.png,Vakar šuo dirbo kavinėje.
Datasets/Real_Handwriting/images/form_194_sentence_1.png,Jie bėga ir bėga.
Datasets/Synthetic_Sentences/images/sentence_23323.png,Mergaitė neskaito knygą.
Datasets/Synthetic_Sentences/images/sentence_42412.png,Ką Petras skaito?
Datasets/Real_Handwriting/images/form_011_sentence_4.png,Mokytojas skuba miške ir paplūdimyje.
Datasets/Synthetic_Sentences/images/sentence_61991.png,Gintaras dirba stadione.
Datasets/Real_Handwriting/images/form_389_sentence_3.png,Šiandien Eglė mokosi sode.
Datasets/Real_Handwriting/images/form_252_sentence_5.png,Brolis bėga per baltą sniegą.
Datasets/Real_Handwriting/images/form_074_sentence_4.png,Jūs verkia laišką.
Datasets/Synthetic_Sentences/images/sentence_64119.png,Ką Petras skaito?
Datasets/Synthetic_Sentences/images/sentence_68421.png,Ingrida mėgsta šokti.
Datasets/Real_Handwriting/images/form_355_sentence_5.png,Jonas į darbą važiuoja dviračiu.
Datasets/Synthetic_Sentences/images/sentence_20771.png,Kodėl Neringa dirba sode?
Datasets/Real_Handwriting/images/form_271_sentence_2.png,Šeima nori ilsėtis žurnalą.
Datasets/Synthetic_Sentences/images/sentence_02896.png,Vakar mokytoja nešė knygą.
Datasets/Real_Handwriting/images/form_307_sentence_5.png,Cukrų ir cinamoną dedame į pyragą.
Datasets/Synthetic_Sentences/images/sentence_25479.png,Studentė žaidžia kalnuose.
Datasets/Synthetic_Sentences/images/sentence_46090.png,Šuo stengiasi bėgti.
Datasets/Real_Handwriting/images/form_176_sentence_4.png,Studentai dirba sode.
Datasets/Real_Handwriting/images/form_186_sentence_5.png,Mokytojas žiūri stotyje ir paplūdimyje.
Datasets/Synthetic_Sentences/images/sentence_46709.png,Katė neša laišką.
Datasets/Synthetic_Sentences/images/sentence_58654.png,Marija perka arbatą.
Datasets/Synthetic_Sentences/images/sentence_58820.png,Eglė dirba kaime.
Datasets/Real_Handwriting/images/form_135_sentence_2.png,Jis atidžiai tvarkosi.
Datasets/Real_Handwriting/images/form_085_sentence_2.png,Vaikai klauso mokyklą mieste.
Datasets/Real_Handwriting/images/form_021_sentence_2.png,Niekada mergaitės žaidžia vandenį.
Datasets/Synthetic_Sentences/images/sentence_54327.png,Vaikas mokosi ligoninėje vakare.
Datasets/Synthetic_Sentences/images/sentence_54531.png,Žilvinas nori rašyti žemėlapį.
Datasets/Synthetic_Sentences/images/sentence_62636.png,Mantas mokosi miške.
Datasets/Synthetic_Sentences/images/sentence_00510.png,Studentas skaito žemėlapį.
Datasets/Synthetic_Sentences/images/sentence_69549.png,Danielius bando galvoti.
Datasets/Synthetic_Sentences/images/sentence_56072.png,Šiandien mokytoja ilsisi mokykloje.
Datasets/Real_Handwriting/images/form_424_sentence_5.png,Cecilija čiuožia ant ledo.
Datasets/Real_Handwriting/images/form_446_sentence_5.png,Cukrų ir cinamoną dedame į pyragą.
Datasets/Real_Handwriting/images/form_208_sentence_5.png,Cecilija čiuožia ant ledo.
Datasets/Real_Handwriting/images/form_416_sentence_3.png,Rytoj Kristina eis mokykloje.
Datasets/Real_Handwriting/images/form_123_sentence_5.png,Mokytojai labai rytoj piešia.
Datasets/Real_Handwriting/images/form_393_sentence_1.png,Mergaitė mėgsta gerti.
Datasets/Synthetic_Sentences/images/sentence_45651.png,Ar Petras mėgsta dirbti?
Datasets/Real_Handwriting/images/form_186_sentence_4.png,Jūs žiūri žaidimą mokykloje.
Datasets/Synthetic_Sentences/images/sentence_36297.png,Kristina žaidžia namuose.
Datasets/Synthetic_Sentences/images/sentence_19902.png,"Mokytojas mokosi pievoje, bet nori ilsėtis."
Datasets/Real_Handwriting/images/form_467_sentence_3.png,Vakar gydytojas nešė žaislą.
Datasets/Synthetic_Sentences/images/sentence_28554.png,Ingrida ilsisi upės pakrantėje.
Datasets/Real_Handwriting/images/form_076_sentence_2.png,Ji tvarkosi darbe ir ligoninėje.
Datasets/Synthetic_Sentences/images/sentence_11704.png,Žilvinas mėgsta gerti pieną.
Datasets/Real_Handwriting/images/form_409_sentence_5.png,Tai buvo tikrai nuostabus vakaras.
Datasets/Synthetic_Sentences/images/sentence_18530.png,Kur mergaitė dirba?
Datasets/Synthetic_Sentences/images/sentence_43318.png,Vaikas neskaito žurnalą.
Datasets/Synthetic_Sentences/images/sentence_38612.png,Saulius rašo užduotį.
Datasets/Real_Handwriting/images/form_256_sentence_2.png,Žmogus geria sultis.
Datasets/Synthetic_Sentences/images/sentence_29579.png,Mielai Marija ilsisi kaime.
Datasets/Real_Handwriting/images/form_250_sentence_3.png,Šiandien Tomas perka žaislą.
Datasets/Real_Handwriting/images/form_106_sentence_3.png,Moterys žiūri mokyklą miške.
Datasets/Real_Handwriting/images/form_476_sentence_1.png,Paukštis perka dovaną.
Datasets/Synthetic_Sentences/images/sentence_14248.png,Šiandien Renata mokosi bibliotekoje.
Datasets/Real_Handwriting/images/form_047_sentence_2.png,Ar jis tvarkosi?
Datasets/Synthetic_Sentences/images/sentence_19151.png,Rytoj Mindaugas skaitys knygą.
Datasets/Synthetic_Sentences/images/sentence_01866.png,Saulius ilsisi pievoje.
Datasets/Synthetic_Sentences/images/sentence_52995.png,Mokytojas mėgsta važiuoti.
Datasets/Real_Handwriting/images/form_230_sentence_4.png,Žmogus skaito knygą.
Datasets/Synthetic_Sentences/images/sentence_65022.png,Katė pradeda tvarkytis.
Datasets/Synthetic_Sentences/images/sentence_18364.png,Berniukas valgo sriubą.
Datasets/Synthetic_Sentences/images/sentence_44910.png,Šiandien studentas perka knygą.
Datasets/Synthetic_Sentences/images/sentence_16847.png,Gydytojas dirba pievoje.
Datasets/Real_Handwriting/images/form_419_sentence_5.png,Universiteto studentai žaidžia šachmatais laisvalaikiu.
Datasets/Real_Handwriting/images/form_337_sentence_5.png,Žaibas nušvietė tamsų dangų audros metu.
Datasets/Real_Handwriting/images/form_085_sentence_4.png,Katė geria paplūdimyje.
Datasets/Synthetic_Sentences/images/sentence_23466.png,Rasa nori valgyti duoną.
Datasets/Real_Handwriting/images/form_445_sentence_4.png,Rytoj mergaitė skaitys žurnalą.
Datasets/Real_Handwriting/images/form_356_sentence_3.png,Tomas mėgsta valgyti knygą.
Datasets/Real_Handwriting/images/form_024_sentence_4.png,Šiandien vaikas galvoja šiandien.
Datasets/Synthetic_Sentences/images/sentence_21095.png,Vakar gydytojas nešė knygą.
Datasets/Synthetic_Sentences/images/sentence_04249.png,Vakar Marija dirbo kavinėje.
Datasets/Synthetic_Sentences/images/sentence_19597.png,Petras nori rašyti projektą.
Datasets/Real_Handwriting/images/form_303_sentence_5.png,Ežeras ežiukui atrodo labai didelis.
Datasets/Synthetic_Sentences/images/sentence_66611.png,Renata neša knygą.
Datasets/Synthetic_Sentences/images/sentence_50906.png,Kodėl mokytojas dirba upės pakrantėje?
Datasets/Synthetic_Sentences/images/sentence_27465.png,Šiandien mergaitė perka knygą.
Datasets/Synthetic_Sentences/images/sentence_64050.png,Šiandien Petras ilsisi ežero pakrantėje.
Datasets/Real_Handwriting/images/form_483_sentence_3.png,Šeima pradeda piešti.
Datasets/Real_Handwriting/images/form_390_sentence_2.png,Šiandien Jurgita dirba paplūdimyje.
Datasets/Synthetic_Sentences/images/sentence_46115.png,Tyliai mokytoja valgo daržoves.
Datasets/Real_Handwriting/images/form_391_sentence_4.png,Neringa pradeda šokti.
Datasets/Synthetic_Sentences/images/sentence_36328.png,"Saulius dirba miške, nes jam patinka."
Datasets/Real_Handwriting/images/form_449_sentence_3.png,Marija bando plaukti.
Datasets/Real_Handwriting/images/form_468_sentence_2.png,Mielai mokytoja sportuoja mokykloje.
Datasets/Synthetic_Sentences/images/sentence_13736.png,Mantas bando ilsėtis.
Datasets/Synthetic_Sentences/images/sentence_37191.png,Laura mėgsta gerti kavą.
Datasets/Synthetic_Sentences/images/sentence_13337.png,Džiaugsmingai katė dirba ežero pakrantėje.
Datasets/Synthetic_Sentences/images/sentence_68768.png,Vaikas neša gėlę.
Datasets/Synthetic_Sentences/images/sentence_35871.png,Studentas dirba ligoninėje vėlai vakare.
Datasets/Synthetic_Sentences/images/sentence_45477.png,Vakar Mindaugas nešė dovaną.
Datasets/Real_Handwriting/images/form_095_sentence_5.png,Tyliai aš kalba arbatą.
Datasets/Real_Handwriting/images/form_230_sentence_1.png,Rytoj šeima eis kavinėje.
Datasets/Real_Handwriting/images/form_450_sentence_4.png,Kristina mėgsta tvarkytis.
Datasets/Real_Handwriting/images/form_306_sentence_5.png,Herojus niekada nepraranda drąsos.
Datasets/Synthetic_Sentences/images/sentence_13444.png,Tyliai Žilvinas mokosi pievoje vakare.
Datasets/Real_Handwriting/images/form_372_sentence_4.png,Ar Rasa dirba kaime?
Datasets/Real_Handwriting/images/form_027_sentence_1.png,Draugas šoka ir šoka.
Datasets/Synthetic_Sentences/images/sentence_22657.png,Švelniai Rasa skaito laišką.
Datasets/Synthetic_Sentences/images/sentence_19075.png,Ką Petras skaito?
Datasets/Synthetic_Sentences/images/sentence_12976.png,Mantas mėgsta pirkti kavą.
Datasets/Synthetic_Sentences/images/sentence_51165.png,Mergaitė skaito knygą.
Datasets/Synthetic_Sentences/images/sentence_66734.png,Kodėl Mantas dirba parke?
Datasets/Synthetic_Sentences/images/sentence_49729.png,Ar Petras mėgsta rašyti?
Datasets/Synthetic_Sentences/images/sentence_24167.png,Šiandien berniukas perka dovaną.
Datasets/Real_Handwriting/images/form_294_sentence_4.png,Garsiai katė perka knygą.
Datasets/Real_Handwriting/images/form_321_sentence_2.png,Paukštis dirba stadione.
Datasets/Real_Handwriting/images/form_366_sentence_5.png,"Šiandien šalta, bet sausa."
Datasets/Synthetic_Sentences/images/sentence_17491.png,Mergaitė renka gėles.
Datasets/Real_Handwriting/images/form_031_sentence_2.png,Draugas stengiasi bėgti.
Datasets/Synthetic_Sentences/images/sentence_13778.png,Ar Ingrida skaito knygą?
Datasets/Synthetic_Sentences/images/sentence_17392.png,Ką šuo skaito?
Datasets/Real_Handwriting/images/form_136_sentence_3.png,Gerai mokytojai žiūri užduotį.
Datasets/Synthetic_Sentences/images/sentence_22754.png,Ingrida valgo obuolį.
Datasets/Synthetic_Sentences/images/sentence_27454.png,Kristina nori skaityti žemėlapį.
Datasets/Real_Handwriting/images/form_109_sentence_1.png,Šiandien aš mokosi gerai.
Datasets/Real_Handwriting/images/form_238_sentence_5.png,Universiteto studentai žaidžia šachmatais laisvalaikiu.
Datasets/Real_Handwriting/images/form_121_sentence_3.png,Studentas visada tvarkosi.
Datasets/Real_Handwriting/images/form_140_sentence_2.png,Šiandien mokytojai juokiasi projektą.
Datasets/Real_Handwriting/images/form_226_sentence_4.png,Šiandien Tomas dirba miške.
Datasets/Real_Handwriting/images/form_340_sentence_2.png,Šiandien Petras mokosi bibliotekoje.
Datasets/Real_Handwriting/images/form_442_sentence_4.png,Danielius žaidžia darbe.
Datasets/Synthetic_Sentences/images/sentence_18072.png,Mantas nenori šokti.
Datasets/Real_Handwriting/images/form_278_sentence_1.png,Vaikas stengiasi kalbėti.
Datasets/Real_Handwriting/images/form_245_sentence_4.png,Kristina groja simfoniją.
Datasets/Synthetic_Sentences/images/sentence_10784.png,Ar Kristina nori galvoti?
Datasets/Synthetic_Sentences/images/sentence_65731.png,Atidžiai Petras ilsisi paplūdimyje.
Datasets/Real_Handwriting/images/form_465_sentence_2.png,Ramiai Jonas sportuoja namuose.
Datasets/Real_Handwriting/images/form_162_sentence_5.png,Mokytojai pradeda eiti.
Datasets/Real_Handwriting/images/form_146_sentence_4.png,Ji atidžiai kalba.
Datasets/Real_Handwriting/images/form_337_sentence_3.png,Šuo perka gėlę.
Datasets/Real_Handwriting/images/form_241_sentence_4.png,Renata skaito žurnalą.
Datasets/Synthetic_Sentences/images/sentence_08579.png,Šuo mokosi darbe.
Datasets/Real_Handwriting/images/form_198_sentence_5.png,Ar tu žiūri?
Datasets/Real_Handwriting/images/form_276_sentence_4.png,Mantas mokosi upės pakrantėje.
Datasets/Synthetic_Sentences/images/sentence_17517.png,Mokytojas geria vandenį.
Datasets/Real_Handwriting/images/form_124_sentence_5.png,Ar ji bėga?
Datasets/Synthetic_Sentences/images/sentence_38056.png,Berniukas nenori žaisti.
Datasets/Synthetic_Sentences/images/sentence_46649.png,Kodėl Jurgita dirba stadione?
Datasets/Real_Handwriting/images/form_392_sentence_3.png,Mindaugas lankosi namuose.
Datasets/Real_Handwriting/images/form_076_sentence_4.png,Šiandien gydytojas mokosi kruopščiai.
Datasets/Synthetic_Sentences/images/sentence_15675.png,Švelniai studentas dirba paplūdimyje.
Datasets/Synthetic_Sentences/images/sentence_21766.png,Kruopščiai mokytojas skaito istoriją.
Datasets/Real_Handwriting/images/form_086_sentence_1.png,Mokytojai mokosi projektą.
Datasets/Real_Handwriting/images/form_389_sentence_2.png,Šiandien studentas dirba paplūdimyje.
Datasets/Real_Handwriting/images/form_289_sentence_4.png,Vakar šuo dirbo ligoninėje.
Datasets/Synthetic_Sentences/images/sentence_27239.png,Ar katė dirba kalnuose?
Datasets/Real_Handwriting/images/form_045_sentence_5.png,Mergaitės juokiasi žaidimą sode.
Datasets/Real_Handwriting/images/form_429_sentence_1.png,Ar paukštis mėgsta dainuoti?
Datasets/Real_Handwriting/images/form_393_sentence_3.png,Studentas geria pieną.
Datasets/Synthetic_Sentences/images/sentence_45109.png,Žilvinas neskaito žurnalą.
Datasets/Real_Handwriting/images/form_170_sentence_3.png,Mes labai valgo.
Datasets/Synthetic_Sentences/images/sentence_16888.png,Drąsiai Jurgita dirba upės pakrantėje.
Datasets/Synthetic_Sentences/images/sentence_15584.png,Ingrida renka grybus.
Datasets/Real_Handwriting/images/form_055_sentence_2.png,Ramiai mes ilsisi vandenį.
Datasets/Synthetic_Sentences/images/sentence_59375.png,Studentė skaito mažą žemėlapį.
Datasets/Synthetic_Sentences/images/sentence_07248.png,Ar Žilvinas skaito istoriją?
Datasets/Real_Handwriting/images/form_158_sentence_4.png,Gydytojas žiūri receptą kalnuose.
Datasets/Synthetic_Sentences/images/sentence_31967.png,Mielai Gintaras mokosi miške ryte.
Datasets/Synthetic_Sentences/images/sentence_50947.png,Vakar Žilvinas nešė dovaną.
Datasets/Synthetic_Sentences/images/sentence_63066.png,Renata geria vandenį.
Datasets/Real_Handwriting/images/form_259_sentence_1.png,Žirgas perka duoną.
Datasets/Real_Handwriting/images/form_073_sentence_5.png,Ji tyliai valgo.
Datasets/Real_Handwriting/images/form_111_sentence_1.png,Jie dainuoja kalnuose ir mieste.
Datasets/Synthetic_Sentences/images/sentence_49495.png,Eglė neša gėlę.
Datasets/Real_Handwriting/images/form_223_sentence_4.png,Ar paukštis mėgsta sportuoti?
Datasets/Real_Handwriting/images/form_510_sentence_2.png,Katė sportuoja upės pakrantėje.
Datasets/Real_Handwriting/images/form_485_sentence_1.png,Rūpestingai Petras perka arbatą.
Datasets/Synthetic_Sentences/images/sentence_37991.png,Renata stengiasi galvoti.
Datasets/Real_Handwriting/images/form_127_sentence_2.png,Šiandien mes žiūri mielai.
Datasets/Synthetic_Sentences/images/sentence_56881.png,Rūpestingai berniukas mokosi kavinėje naktį.
Datasets/Real_Handwriting/images/form_478_sentence_1.png,Žirgas ilsisi bibliotekoje.
Datasets/Synthetic_Sentences/images/sentence_09902.png,Laura žaidžia paplūdimyje.
Datasets/Synthetic_Sentences/images/sentence_39446.png,Laura perka duoną.
Datasets/Real_Handwriting/images/form_113_sentence_1.png,Vyras ilsisi prie ežero.
Datasets/Synthetic_Sentences/images/sentence_07993.png,Šiandien Petras dirba kaime.
Datasets/Real_Handwriting/images/form_075_sentence_5.png,Jos skuba žaidimą.
Datasets/Synthetic_Sentences/images/sentence_19878.png,Vakar Marija nešė gėlę.
Datasets/Synthetic_Sentences/images/sentence_02346.png,Laura dirba sode ir skaito žemėlapį.
Datasets/Real_Handwriting/images/form_387_sentence_2.png,Mokytoja žaidžia paplūdimyje.
Datasets/Synthetic_Sentences/images/sentence_51841.png,Jurgita perka žaislą.
Datasets/Synthetic_Sentences/images/sentence_47180.png,Gydytojas skaito nuobodų receptą.
Datasets/Real_Handwriting/images/form_082_sentence_1.png,Vyras niekada dainuoja.
Datasets/Synthetic_Sentences/images/sentence_18941.png,Rytoj Saulius eis stadione.
Datasets/Real_Handwriting/images/form_408_sentence_2.png,Žilvinas mėgsta važiuoti.
Datasets/Synthetic_Sentences/images/sentence_62625.png,Berniukas mėgsta skaityti.
Datasets/Synthetic_Sentences/images/sentence_33814.png,Marija mėgsta pirkti arbatą.
Datasets/Synthetic_Sentences/images/sentence_14749.png,Petras dirba pievoje po pietų.
Datasets/Synthetic_Sentences/images/sentence_22775.png,Kruopščiai Renata dirba ligoninėje.
Datasets/Synthetic_Sentences/images/sentence_25613.png,Mokytoja mokosi ligoninėje ryte.
Datasets/Synthetic_Sentences/images/sentence_57911.png,Vakar mokytoja dirbo mieste.
Datasets/Synthetic_Sentences/images/sentence_08216.png,Garsiai studentas dirba stadione.
Datasets/Real_Handwriting/images/form_377_sentence_2.png,Šiandien Petras dirba darbe.
Datasets/Real_Handwriting/images/form_244_sentence_2.png,Šuo sportuoja bibliotekoje.
Datasets/Real_Handwriting/images/form_192_sentence_1.png,Mergaitė skuba namus.
Datasets/Synthetic_Sentences/images/sentence_14253.png,Saulius mokosi kaime po pietų.
Datasets/Real_Handwriting/images/form_191_sentence_4.png,Aš bijo miegoti.
Datasets/Synthetic_Sentences/images/sentence_07843.png,Džiaugsmingai Petras ilsisi mieste.
Datasets/Real_Handwriting/images/form_422_sentence_3.png,Šuo stato tvorą.
Datasets/Synthetic_Sentences/images/sentence_67112.png,Žilvinas dirba namuose ir skaito laišką.
Datasets/Synthetic_Sentences/images/sentence_55684.png,Ką Saulius skaito?
Datasets/Real_Handwriting/images/form_229_sentence_1.png,Džiaugsmingai studentė sportuoja stadione.
Datasets/Real_Handwriting/images/form_015_sentence_5.png,Mes mielai mokosi.
Datasets/Synthetic_Sentences/images/sentence_39157.png,Šiandien Gintaras dirba bibliotekoje.
Datasets/Real_Handwriting/images/form_450_sentence_1.png,Šiandien studentė skaito žurnalą.
Datasets/Real_Handwriting/images/form_268_sentence_5.png,Žuvėdros skraido žemai virš bangų.
Datasets/Synthetic_Sentences/images/sentence_31754.png,Katė žaidžia ežero pakrantėje.
Datasets/Real_Handwriting/images/form_430_sentence_2.png,Garsiai berniukas dirba stotyje.
Datasets/Synthetic_Sentences/images/sentence_18813.png,Jurgita skaito lėtą laišką.
Datasets/Synthetic_Sentences/images/sentence_29984.png,Kodėl vaikas dirba stadione?
Datasets/Real_Handwriting/images/form_477_sentence_3.png,Jonas renka grybus.
Datasets/Real_Handwriting/images/form_384_sentence_3.png,Ramiai Mantas mokosi kavinėje.
Datasets/Real_Handwriting/images/form_280_sentence_5.png,Universiteto studentai žaidžia šachmatais laisvalaikiu.
Datasets/Synthetic_Sentences/images/sentence_43980.png,Ingrida nenori šokti.
Datasets/Synthetic_Sentences/images/sentence_64304.png,Marija sportuoja darbe.
Datasets/Synthetic_Sentences/images/sentence_11717.png,Marija gyvena namuose.
Datasets/Synthetic_Sentences/images/sentence_34976.png,Šiandien mokytoja skaito žemėlapį.
Datasets/Synthetic_Sentences/images/sentence_55832.png,Mantas valgo duoną.
Datasets/Real_Handwriting/images/form_382_sentence_5.png,Čiulba paukščiai ankstų rytą.
Datasets/Synthetic_Sentences/images/sentence_31476.png,Ramiai katė perka knygą.
Datasets/Synthetic_Sentences/images/sentence_48509.png,Mindaugas nenori bėgti.
Datasets/Synthetic_Sentences/images/sentence_20808.png,Greitai studentė rašo užduotį.
Datasets/Synthetic_Sentences/images/sentence_17761.png,Kristina nori pirkti žaislą.
Datasets/Real_Handwriting/images/form_324_sentence_3.png,Švelniai mokytoja mokosi darbe.
Datasets/Synthetic_Sentences/images/sentence_48655.png,Tyliai Laura dirba sode.
Datasets/Real_Handwriting/images/form_292_sentence_3.png,Ar vaikas mokosi pievoje?
Datasets/Synthetic_Sentences/images/sentence_59701.png,Šuo nori rašyti užduotį.
Datasets/Synthetic_Sentences/images/sentence_33929.png,Rytoj šuo skaitys žemėlapį.
Datasets/Real_Handwriting/images/form_438_sentence_4.png,Šiandien Marija dirba parke.
Datasets/Synthetic_Sentences/images/sentence_02772.png,Jurgita bando gerti.
Datasets/Real_Handwriting/images/form_211_sentence_5.png,Cecilija čiuožia ant ledo.
Datasets/Synthetic_Sentences/images/sentence_25517.png,Rasa mėgsta gerti vandenį.
Datasets/Synthetic_Sentences/images/sentence_21615.png,Šiandien Renata mokosi ligoninėje.
Datasets/Synthetic_Sentences/images/sentence_56209.png,Kur Tomas dirba?
Datasets/Synthetic_Sentences/images/sentence_28992.png,Ar mokytojas skaito receptą?
Datasets/Real_Handwriting/images/form_094_sentence_1.png,Mokytojas mėgsta keliauti knygą.
Datasets/Synthetic_Sentences/images/sentence_42669.png,Ką Žilvinas skaito?
Datasets/Synthetic_Sentences/images/sentence_18161.png,Rūpestingai Jurgita ilsisi sode.
Datasets/Real_Handwriting/images/form_384_sentence_2.png,Paukštis skaito žurnalą.
Datasets/Synthetic_Sentences/images/sentence_30526.png,Vakar Marija dirbo stadione.
Datasets/Synthetic_Sentences/images/sentence_19859.png,Mantas sportuoja bibliotekoje.
Datasets/Real_Handwriting/images/form_312_sentence_4.png,Studentas pradeda tvarkytis.
Datasets/Synthetic_Sentences/images/sentence_41744.png,Ar Tomas mokosi stotyje?
Datasets/Synthetic_Sentences/images/sentence_16110.png,Mielai Petras dirba mokykloje.
Datasets/Real_Handwriting/images/form_145_sentence_3.png,Tu juokiasi ir juokiasi.
Datasets/Real_Handwriting/images/form_316_sentence_1.png,Ar vaikas mokosi upės pakrantėje?
Datasets/Real_Handwriting/images/form_446_sentence_1.png,Ar žirgas skaito žurnalą?
Datasets/Synthetic_Sentences/images/sentence_65146.png,Šiandien Neringa dirba bibliotekoje.
Datasets/Real_Handwriting/images/form_357_sentence_5.png,Žiema atneša sniegą ir šaltį.
Datasets/Real_Handwriting/images/form_259_sentence_4.png,Saulius nori groti.
Datasets/Synthetic_Sentences/images/sentence_20118.png,Mielai studentė skaito receptą stadione.
Datasets/Synthetic_Sentences/images/sentence_41539.png,Ingrida renka akmenis.
Datasets/Real_Handwriting/images/form_221_sentence_4.png,Renata geria vandenį.
Datasets/Real_Handwriting/images/form_081_sentence_2.png,Moterys sportuoja mokyklą.
Datasets/Real_Handwriting/images/form_305_sentence_4.png,Rytoj Jonas eis miške.
Datasets/Synthetic_Sentences/images/sentence_51501.png,Marija lankosi paplūdimyje.
Datasets/Synthetic_Sentences/images/sentence_34393.png,Rytoj Saulius skaitys knygą.
Datasets/Real_Handwriting/images/form_445_sentence_2.png,Šiandien mokytoja ilsisi darbe.
Datasets/Real_Handwriting/images/form_232_sentence_4.png,Šeima ilsisi miške.
Datasets/Real_Handwriting/images/form_190_sentence_3.png,Jie pradeda galvoti.
Datasets/Real_Handwriting/images/form_244_sentence_1.png,Ingrida dirba upės pakrantėje.
Datasets/Synthetic_Sentences/images/sentence_12837.png,Petras mėgsta valgyti vaisius.
Datasets/Real_Handwriting/images/form_338_sentence_3.png,Mokytoja geria kavą.
Datasets/Synthetic_Sentences/images/sentence_54365.png,Gydytojas neskaito receptą.
Datasets/Synthetic_Sentences/images/sentence_65664.png,Petras skaito istoriją.
Datasets/Synthetic_Sentences/images/sentence_09798.png,Danielius pradeda eiti.
Datasets/Real_Handwriting/images/form_506_sentence_5.png,Universiteto studentai žaidžia šachmatais laisvalaikiu.
Datasets/Real_Handwriting/images/form_130_sentence_5.png,Jos pradeda dainuoti.
Datasets/Real_Handwriting/images/form_140_sentence_5.png,Šuo keliauoja ir keliauoja.
Datasets/Synthetic_Sentences/images/sentence_05153.png,Danielius valgo sriubą.
Datasets/Synthetic_Sentences/images/sentence_20508.png,Mokytoja perka didelį duoną.
Datasets/Real_Handwriting/images/form_129_sentence_3.png,Aš stengiasi piešti kavą.
Datasets/Synthetic_Sentences/images/sentence_46173.png,Studentė rašo receptą.
Datasets/Real_Handwriting/images/form_355_sentence_1.png,Berniukas sportuoja stadione.
Datasets/Real_Handwriting/images/form_245_sentence_1.png,Greitai mergaitė perka dovaną.
Datasets/Synthetic_Sentences/images/sentence_20691.png,Mindaugas nedirba stadione.
Datasets/Synthetic_Sentences/images/sentence_41833.png,Rūpestingai studentas mokosi pievoje vakare.
Datasets/Real_Handwriting/images/form_428_sentence_2.png,Ar vaikas dirba kavinėje?
Datasets/Synthetic_Sentences/images/sentence_28422.png,Eglė geria arbatą.
Datasets/Synthetic_Sentences/images/sentence_25800.png,Ramiai Renata ilsisi paplūdimyje.
Datasets/Synthetic_Sentences/images/sentence_46217.png,Šiandien Mantas mokosi miške.
Datasets/Real_Handwriting/images/form_467_sentence_1.png,Šiandien Ingrida skaito žemėlapį.
Datasets/Real_Handwriting/images/form_441_sentence_3.png,Vakar vaikas dirbo mokykloje.
Datasets/Synthetic_Sentences/images/sentence_47525.png,Eglė mokosi ligoninėje ryte.
Datasets/Synthetic_Sentences/images/sentence_25408.png,Mokytoja lankosi ežero pakrantėje.
Datasets/Synthetic_Sentences/images/sentence_20238.png,Mantas neša laišką.
Datasets/Real_Handwriting/images/form_213_sentence_5.png,Žvejys žvejojo visą naktį prie upės.
Datasets/Synthetic_Sentences/images/sentence_40768.png,Laura dirba darbe po pietų.
Datasets/Synthetic_Sentences/images/sentence_27716.png,Ar Ingrida nori eiti?
Datasets/Real_Handwriting/images/form_044_sentence_1.png,Gydytojas labai tyliai piešia.
Datasets/Synthetic_Sentences/images/sentence_30919.png,Jurgita skaito šaltą žemėlapį.
Datasets/Synthetic_Sentences/images/sentence_41167.png,Rasa dirba namuose.
Datasets/Synthetic_Sentences/images/sentence_10339.png,Šuo dirba mieste.
Datasets/Synthetic_Sentences/images/sentence_45447.png,Vaikas valgo vaisius.
Datasets/Synthetic_Sentences/images/sentence_07172.png,Šiandien Neringa perka arbatą.
Datasets/Real_Handwriting/images/form_289_sentence_1.png,Mantas stato namą.
Datasets/Real_Handwriting/images/form_398_sentence_1.png,Žilvinas geria arbatą.
Datasets/Real_Handwriting/images/form_223_sentence_2.png,Mokytoja nori groti.
Datasets/Synthetic_Sentences/images/sentence_64091.png,Gydytojas lankosi sode.
Datasets/Synthetic_Sentences/images/sentence_06977.png,Studentas rašo receptą.
Datasets/Synthetic_Sentences/images/sentence_31558.png,Katė mėgsta gerti.
Datasets/Synthetic_Sentences/images/sentence_40787.png,Kristina dirba miške ir skaito receptą.
Datasets/Synthetic_Sentences/images/sentence_33813.png,Švelniai Mantas perka arbatą.
Datasets/Synthetic_Sentences/images/sentence_12130.png,Atidžiai Saulius skaito istoriją.
Datasets/Real_Handwriting/images/form_151_sentence_5.png,Ar studentas eina?
Datasets/Synthetic_Sentences/images/sentence_20978.png,Neringa geria vandenį.
Datasets/Real_Handwriting/images/form_306_sentence_4.png,Džiaugsmingai Mantas sportuoja darbe.
Datasets/Real_Handwriting/images/form_212_sentence_3.png,Šiandien šuo ilsisi pievoje.
Datasets/Real_Handwriting/images/form_314_sentence_1.png,Šuo sportuoja namuose.
Datasets/Real_Handwriting/images/form_323_sentence_3.png,Drąsiai žirgas perka knygą.
Datasets/Synthetic_Sentences/images/sentence_66793.png,Kruopščiai mokytojas perka kavą.
Datasets/Synthetic_Sentences/images/sentence_03710.png,Mantas stengiasi šokti.
Datasets/Real_Handwriting/images/form_028_sentence_5.png,Gerai šuo miega receptą.
Datasets/Real_Handwriting/images/form_113_sentence_2.png,Mokytojai labai blogai mokosi.
Datasets/Real_Handwriting/images/form_235_sentence_1.png,Vaikas rašo projektą.
Datasets/Synthetic_Sentences/images/sentence_40569.png,Kristina mėgsta skaityti žurnalą.
Datasets/Real_Handwriting/images/form_407_sentence_1.png,Rasa būna kavinėje.
Datasets/Synthetic_Sentences/images/sentence_46302.png,Šiandien mergaitė mokosi namuose.
Datasets/Real_Handwriting/images/form_200_sentence_3.png,Gydytojai sportuoja darbe ir sode.
Datasets/Synthetic_Sentences/images/sentence_44508.png,Studentė gyvena stotyje.
Datasets/Synthetic_Sentences/images/sentence_30234.png,Eglė neskaito knygą.
Datasets/Synthetic_Sentences/images/sentence_50261.png,Ką Mantas skaito?
Datasets/Real_Handwriting/images/form_455_sentence_2.png,Ingrida geria vandenį.
Datasets/Synthetic_Sentences/images/sentence_44625.png,Šiandien Mindaugas mokosi kalnuose.
Datasets/Real_Handwriting/images/form_228_sentence_5.png,Kavinėje kvepėjo kava ir cinamonu.
Datasets/Real_Handwriting/images/form_381_sentence_3.png,Berniukas groja simfoniją.
Datasets/Real_Handwriting/images/form_168_sentence_3.png,Ar mergaitė sportuoja?
Datasets/Real_Handwriting/images/form_046_sentence_4.png,Rytoj ji žaidžia arbatą.
Datasets/Synthetic_Sentences/images/sentence_58765.png,Tyliai vaikas dirba stotyje.
Datasets/Real_Handwriting/images/form_082_sentence_4.png,Blogai mergaitė žiūri laišką.
Datasets/Real_Handwriting/images/form_015_sentence_2.png,Jis labai niekada sportuoja.
Datasets/Real_Handwriting/images/form_487_sentence_3.png,Ingrida sportuoja mieste.
Datasets/Synthetic_Sentences/images/sentence_26380.png,Kur Kristina dirba?
Datasets/Real_Handwriting/images/form_352_sentence_2.png,Rytoj šuo skaitys žurnalą.
Datasets/Synthetic_Sentences/images/sentence_10291.png,Šiandien Laura dirba mokykloje.
Datasets/Synthetic_Sentences/images/sentence_51124.png,Rasa mėgsta pirkti knygą.
Datasets/Real_Handwriting/images/form_079_sentence_4.png,Ar vyras kalba?
Datasets/Real_Handwriting/images/form_202_sentence_4.png,Šiandien žirgas dirba namuose.
Datasets/Synthetic_Sentences/images/sentence_33435.png,Jurgita lankosi mieste.
Datasets/Synthetic_Sentences/images/sentence_00061.png,Rūpestingai Petras dirba darbe.
Datasets/Synthetic_Sentences/images/sentence_33641.png,Neringa renka gėles.
Datasets/Real_Handwriting/images/form_483_sentence_5.png,Cukrų ir cinamoną dedame į pyragą.
Datasets/Real_Handwriting/images/form_027_sentence_3.png,Draugas stengiasi galvoti.
Datasets/Real_Handwriting/images/form_257_sentence_3.png,Ar Danielius nori gerti?
Datasets/Synthetic_Sentences/images/sentence_43155.png,Jurgita mokosi mieste.
Datasets/Real_Handwriting/images/form_423_sentence_3.png,Žirgas gyvena kalnuose.
Datasets/Real_Handwriting/images/form_252_sentence_1.png,Žirgas būna pievoje.
Datasets/Synthetic_Sentences/images/sentence_31110.png,Jonas mokosi darbe.
Datasets/Real_Handwriting/images/form_314_sentence_3.png,Berniukas lankosi kalnuose.
Datasets/Real_Handwriting/images/form_342_sentence_2.png,Eglė būna mokykloje.
Datasets/Real_Handwriting/images/form_346_sentence_3.png,Šiandien Mindaugas mokosi pievoje.
Datasets/Synthetic_Sentences/images/sentence_12463.png,Gintaras perka tamsų kavą.
Datasets/Real_Handwriting/images/form_185_sentence_4.png,Šuo kalba ir kalba.
Datasets/Real_Handwriting/images/form_353_sentence_5.png,Kartu keliaujame per kalnų taką.
Datasets/Real_Handwriting/images/form_494_sentence_4.png,Greitai vaikas perka žaislą.
Datasets/Real_Handwriting/images/form_203_sentence_1.png,Drąsiai Ingrida valgo sriubą.
Datasets/Real_Handwriting/images/form_160_sentence_3.png,Draugai tvarkosi miške.
Datasets/Synthetic_Sentences/images/sentence_56930.png,Gintaras nenori važiuoti.
Datasets/Real_Handwriting/images/form_006_sentence_4.png,Tu nemėgsta skubėti.
Datasets/Real_Handwriting/images/form_189_sentence_3.png,Vaikai pradeda gerti namus.
Datasets/Synthetic_Sentences/images/sentence_23845.png,Ar Neringa mokosi upės pakrantėje?
Datasets/Real_Handwriting/images/form_156_sentence_1.png,Draugas skaito miške.
Datasets/Real_Handwriting/images/form_029_sentence_4.png,Ramiai gydytojai ilsisi laišką.
Datasets/Synthetic_Sentences/images/sentence_19023.png,Lėtai berniukas dirba parke.
Datasets/Real_Handwriting/images/form_458_sentence_1.png,Greitai Rasa sportuoja sode.
Datasets/Real_Handwriting/images/form_028_sentence_4.png,Rytoj draugas ilsisi laišką.
Datasets/Synthetic_Sentences/images/sentence_29042.png,Tomas dirba mokykloje.
Datasets/Synthetic_Sentences/images/sentence_35001.png,Marija mėgsta skaityti žurnalą.
Datasets/Real_Handwriting/images/form_110_sentence_1.png,Gydytojai nemėgsta keliauti daržoves.
Datasets/Synthetic_Sentences/images/sentence_59017.png,Danielius nori gerti arbatą.
Datasets/Synthetic_Sentences/images/sentence_46098.png,Tyliai Laura perka duoną.
Datasets/Synthetic_Sentences/images/sentence_66356.png,Marija žaidžia bibliotekoje.
Datasets/Real_Handwriting/images/form_455_sentence_5.png,Oras šiandien labai gražus ir šiltas.
Datasets/Real_Handwriting/images/form_497_sentence_1.png,Švelniai Renata sportuoja kaime.
Datasets/Synthetic_Sentences/images/sentence_41810.png,Šiandien Renata perka knygą.
Datasets/Real_Handwriting/images/form_300_sentence_2.png,Mantas nori valgyti dovaną.
Datasets/Real_Handwriting/images/form_471_sentence_4.png,Žmogus sportuoja kaime.
Datasets/Synthetic_Sentences/images/sentence_64220.png,Mielai Eglė valgo obuolį.
Datasets/Synthetic_Sentences/images/sentence_49193.png,Tyliai vaikas perka knygą.
Datasets/Synthetic_Sentences/images/sentence_64320.png,Ramiai Marija mokosi upės pakrantėje.
Datasets/Synthetic_Sentences/images/sentence_45781.png,Jurgita nori skaityti receptą.
Datasets/Real_Handwriting/images/form_313_sentence_4.png,Laura skaito žurnalą.
Datasets/Real_Handwriting/images/form_289_sentence_5.png,Cukrų ir cinamoną dedame į pyragą.
Datasets/Synthetic_Sentences/images/sentence_63440.png,Ar mokytojas dirba upės pakrantėje?
Datasets/Synthetic_Sentences/images/sentence_15180.png,Šiandien Neringa skaito knygą.
Datasets/Synthetic_Sentences/images/sentence_03045.png,Mokytojas stengiasi mokytis.
Datasets/Synthetic_Sentences/images/sentence_63345.png,Švelniai Žilvinas neša gėlę.
Datasets/Synthetic_Sentences/images/sentence_16947.png,Žilvinas nori plaukti.
Datasets/Synthetic_Sentences/images/sentence_57839.png,Ar Neringa nori tvarkytis?
Datasets/Synthetic_Sentences/images/sentence_32765.png,Gydytojas skaito nuobodų knygą.
Datasets/Synthetic_Sentences/images/sentence_34971.png,Rasa stengiasi plaukti.
Datasets/Synthetic_Sentences/images/sentence_53381.png,Šiandien Kristina dirba darbe.
Datasets/Real_Handwriting/images/form_031_sentence_1.png,Ar vyras bėga?
Datasets/Synthetic_Sentences/images/sentence_46018.png,Rasa pradeda dainuoti.
Datasets/Synthetic_Sentences/images/sentence_27822.png,Šuo nenori gerti.
Datasets/Synthetic_Sentences/images/sentence_40264.png,Berniukas mėgsta pirkti žaislą.
Datasets/Real_Handwriting/images/form_266_sentence_5.png,Kavinėje kvepėjo kava ir cinamonu.
Datasets/Real_Handwriting/images/form_439_sentence_1.png,Šiandien Žilvinas mokosi mokykloje.
Datasets/Synthetic_Sentences/images/sentence_47239.png,Lėtai mergaitė neša krepšį.
Datasets/Real_Handwriting/images/form_243_sentence_3.png,Šiandien žmogus perka dovaną.
Datasets/Synthetic_Sentences/images/sentence_00476.png,Eglė dirba paplūdimyje.
Datasets/Synthetic_Sentences/images/sentence_13254.png,Šiandien mokytojas mokosi bibliotekoje.
Datasets/Synthetic_Sentences/images/sentence_52860.png,Studentė valgo košę.
Datasets/Synthetic_Sentences/images/sentence_13314.png,Studentė nori gerti arbatą.
Datasets/Synthetic_Sentences/images/sentence_13290.png,"Marija nori plaukti, nes nes tai labai įdomu."
Datasets/Synthetic_Sentences/images/sentence_58844.png,Studentė nenori gerti.
Datasets/Real_Handwriting/images/form_177_sentence_2.png,Jūs eina stotyje ir darbe.
Datasets/Real_Handwriting/images/form_058_sentence_4.png,Jie labai rytoj galvoja.
Datasets/Synthetic_Sentences/images/sentence_33237.png,"Studentas dirba pievoje, nes nori pailsėti."
Datasets/Real_Handwriting/images/form_439_sentence_5.png,Jaunas studentas juda drąsiai į priekį.
Datasets/Real_Handwriting/images/form_249_sentence_5.png,Jonas į darbą važiuoja dviračiu.
Datasets/Synthetic_Sentences/images/sentence_64958.png,Eglė nori bėgti.
Datasets/Synthetic_Sentences/images/sentence_18454.png,Renata valgo vaisius.
Datasets/Real_Handwriting/images/form_217_sentence_2.png,Greitai mergaitė sportuoja pievoje.
Datasets/Real_Handwriting/images/form_258_sentence_5.png,Kavinėje kvepėjo kava ir cinamonu.
Datasets/Synthetic_Sentences/images/sentence_58296.png,Kristina nori mokytis.
Datasets/Synthetic_Sentences/images/sentence_23621.png,Saulius stengiasi dirbti.
Datasets/Real_Handwriting/images/form_010_sentence_4.png,Moteris retai bėga.
Datasets/Synthetic_Sentences/images/sentence_42959.png,Danielius mokosi pievoje ryte.
Datasets/Real_Handwriting/images/form_178_sentence_4.png,Mergaitė labai garsiai valgo.
Datasets/Real_Handwriting/images/form_371_sentence_3.png,Paukštis geria arbatą.
Datasets/Real_Handwriting/images/form_120_sentence_2.png,Vaikas žaidžia ir žaidžia.
Datasets/Real_Handwriting/images/form_206_sentence_1.png,Neringa nori kalbėti kavą.
Datasets/Synthetic_Sentences/images/sentence_45951.png,Šiandien Eglė perka duoną.
Datasets/Synthetic_Sentences/images/sentence_07010.png,Mantas nenori gerti.
Datasets/Real_Handwriting/images/form_093_sentence_3.png,Mes sportuoja maistą stadione.
Datasets/Synthetic_Sentences/images/sentence_05984.png,Ingrida dirba sode.
Datasets/Synthetic_Sentences/images/sentence_25510.png,Rasa dirba namuose.
Datasets/Synthetic_Sentences/images/sentence_13196.png,Šiandien mergaitė ilsisi upės pakrantėje.
Datasets/Real_Handwriting/images/form_145_sentence_2.png,Mokytojas labai niekada dainuoja.
Datasets/Synthetic_Sentences/images/sentence_24387.png,Ką Marija skaito?
Datasets/Real_Handwriting/images/form_065_sentence_1.png,Gydytojai stengiasi eiti daržoves.
Datasets/Synthetic_Sentences/images/sentence_59179.png,Katė nenori valgyti.
Datasets/Synthetic_Sentences/images/sentence_44866.png,Mantas mokosi paplūdimyje.
Datasets/Synthetic_Sentences/images/sentence_62163.png,Jurgita nori gerti vandenį.
Datasets/Synthetic_Sentences/images/sentence_12123.png,Berniukas nori ilsėtis.
Datasets/Real_Handwriting/images/form_065_sentence_4.png,Vaikai labai ramiai piešia.
Datasets/Synthetic_Sentences/images/sentence_65356.png,Tyliai Marija neša krepšį.
Datasets/Synthetic_Sentences/images/sentence_39134.png,Studentė renka daržoves.
Datasets/Real_Handwriting/images/form_280_sentence_4.png,Kruopščiai mergaitė mokosi mokykloje.
Datasets/Synthetic_Sentences/images/sentence_00794.png,Ar Žilvinas dirba mokykloje?
Datasets/Synthetic_Sentences/images/sentence_61770.png,Studentas pradeda sportuoti.
Datasets/Real_Handwriting/images/form_127_sentence_4.png,Jūs bijo šokti kavą.
Datasets/Synthetic_Sentences/images/sentence_52148.png,Eglė skaito greitą laišką.
Datasets/Synthetic_Sentences/images/sentence_05584.png,Eglė mėgsta skaityti receptą.
Datasets/Real_Handwriting/images/form_380_sentence_3.png,Ar Mantas nori kalbėti?
Datasets/Real_Handwriting/images/form_138_sentence_4.png,Gydytojas rašo stadione.
Datasets/Synthetic_Sentences/images/sentence_01245.png,Šiandien Petras mokosi stadione.
Datasets/Synthetic_Sentences/images/sentence_59393.png,Ramiai mokytoja ilsisi pievoje.
Datasets/Real_Handwriting/images/form_163_sentence_2.png,Gydytojai retai dainuoja.
Datasets/Synthetic_Sentences/images/sentence_56009.png,Petras ilsisi kavinėje.
Datasets/Synthetic_Sentences/images/sentence_18082.png,Katė pradeda gerti.
Datasets/Synthetic_Sentences/images/sentence_19497.png,Žilvinas rašo laišką.
Datasets/Real_Handwriting/images/form_426_sentence_5.png,Žiema atneša sniegą ir šaltį.
Datasets/Real_Handwriting/images/form_386_sentence_1.png,Džiaugsmingai šeima valgo duoną.
Datasets/Synthetic_Sentences/images/sentence_19499.png,Žilvinas sportuoja pievoje.
Datasets/Real_Handwriting/images/form_080_sentence_4.png,Šiandien draugai verkia visada.
Datasets/Real_Handwriting/images/form_408_sentence_1.png,Jonas neša knygą.
Datasets/Real_Handwriting/images/form_212_sentence_5.png,Šį vakarą žvaigždės ypač ryškiai šviečia.
Datasets/Real_Handwriting/images/form_472_sentence_2.png,Žirgas valgo duoną.
Datasets/Synthetic_Sentences/images/sentence_00392.png,Žilvinas neša gėlę.
Datasets/Real_Handwriting/images/form_127_sentence_5.png,Paukštis labai ramiai žiūri.
Datasets/Real_Handwriting/images/form_330_sentence_2.png,Vakar Danielius skaitė istoriją.
Datasets/Synthetic_Sentences/images/sentence_01734.png,Kristina nenori sportuoti.
Datasets/Real_Handwriting/images/form_147_sentence_5.png,Šiandien mes sportuoja šiandien.
Datasets/Real_Handwriting/images/form_282_sentence_4.png,Vakar Jonas dirbo paplūdimyje.
Datasets/Synthetic_Sentences/images/sentence_00165.png,Neringa nori valgyti.
Datasets/Real_Handwriting/images/form_491_sentence_3.png,Ramiai Renata dirba kavinėje.
Datasets/Synthetic_Sentences/images/sentence_13443.png,Ar Renata dirba bibliotekoje?
Datasets/Real_Handwriting/images/form_087_sentence_1.png,Aš bijo keliauti projektą.
Datasets/Synthetic_Sentences/images/sentence_23301.png,Gydytojas perka žaislą.
Datasets/Real_Handwriting/images/form_142_sentence_1.png,Studentas labai visada valgo.
Datasets/Synthetic_Sentences/images/sentence_37252.png,Jonas mėgsta gerti pieną.
Datasets/Real_Handwriting/images/form_365_sentence_3.png,Mielai mergaitė neša knygą.
Datasets/Real_Handwriting/images/form_322_sentence_2.png,Rasa žaidžia parke.
Datasets/Real_Handwriting/images/form_401_sentence_5.png,Cecilija čiuožia ant ledo.
Datasets/Real_Handwriting/images/form_301_sentence_3.png,Marija perka arbatą.
Datasets/Synthetic_Sentences/images/sentence_50676.png,Vakar mergaitė dirbo mieste.
Datasets/Synthetic_Sentences/images/sentence_63583.png,Tomas geria vandenį.
Datasets/Real_Handwriting/images/form_157_sentence_5.png,Mes bėga dainą.
Datasets/Synthetic_Sentences/images/sentence_12413.png,Švelniai studentas skaito istoriją.
Datasets/Real_Handwriting/images/form_009_sentence_3.png,Mokytojai verkia paveikslą.
Datasets/Real_Handwriting/images/form_114_sentence_1.png,Mergaitės žiūri receptą.
Datasets/Real_Handwriting/images/form_276_sentence_2.png,Ingrida skaito laišką.
Datasets/Synthetic_Sentences/images/sentence_19426.png,Ramiai Laura rašo projektą.
Datasets/Real_Handwriting/images/form_434_sentence_4.png,Šiandien Petras skaito žemėlapį.
Datasets/Real_Handwriting/images/form_233_sentence_3.png,Vakar vaikas skaitė receptą.
Datasets/Synthetic_Sentences/images/sentence_66724.png,Vakar katė dirbo kavinėje.
Datasets/Synthetic_Sentences/images/sentence_13517.png,Vakar mokytoja dirbo pievoje.
Datasets/Synthetic_Sentences/images/sentence_67794.png,Mergaitė gyvena parke.
Datasets/Real_Handwriting/images/form_211_sentence_2.png,Kristina groja melodiją.
Datasets/Real_Handwriting/images/form_054_sentence_2.png,Ar vaikas žaidžia?
Datasets/Real_Handwriting/images/form_505_sentence_1.png,Mergaitė gyvena namuose.
Datasets/Synthetic_Sentences/images/sentence_53654.png,Ar gydytojas dirba upės pakrantėje?
Datasets/Synthetic_Sentences/images/sentence_20566.png,Šiandien vaikas dirba stotyje.
Datasets/Synthetic_Sentences/images/sentence_27638.png,Drąsiai Mantas valgo vaisius.
Datasets/Real_Handwriting/images/form_278_sentence_5.png,Kartu keliaujame per kalnų taką.
Datasets/Synthetic_Sentences/images/sentence_21462.png,"Saulius nori rašyti, nes nes jam patinka."
Datasets/Synthetic_Sentences/images/sentence_05375.png,Gydytojas mėgsta keliauti.
Datasets/Real_Handwriting/images/form_247_sentence_1.png,Mindaugas sportuoja namuose.
Datasets/Real_Handwriting/images/form_160_sentence_4.png,Draugas labai visada eina.
Datasets/Synthetic_Sentences/images/sentence_16242.png,Berniukas nori rašyti istoriją.
Datasets/Synthetic_Sentences/images/sentence_00107.png,Jurgita dirba miške ir skaito žemėlapį.
Datasets/Synthetic_Sentences/images/sentence_45483.png,Mergaitė mokosi mieste.
Datasets/Synthetic_Sentences/images/sentence_12281.png,Gydytojas mėgsta valgyti obuolį.
Datasets/Synthetic_Sentences/images/sentence_41558.png,"Eglė mokosi miške, nes tai labai įdomu."
Datasets/Real_Handwriting/images/form_310_sentence_5.png,Žirgai bėga laisvai per žalią lauką.
Datasets/Synthetic_Sentences/images/sentence_09550.png,Renata neša dovaną.
Datasets/Real_Handwriting/images/form_405_sentence_1.png,Studentė bando mokytis.
Datasets/Synthetic_Sentences/images/sentence_40018.png,Šiandien berniukas perka kavą.
Datasets/Synthetic_Sentences/images/sentence_56403.png,Mokytojas perka seną knygą.
Datasets/Real_Handwriting/images/form_166_sentence_2.png,Jūs labai kartu verkia.
Datasets/Real_Handwriting/images/form_339_sentence_1.png,Žirgas stengiasi bėgti.
Datasets/Synthetic_Sentences/images/sentence_64990.png,"Renata mokosi mieste, bet nori galvoti."
Datasets/Synthetic_Sentences/images/sentence_41749.png,Kur Žilvinas dirba?
Datasets/Real_Handwriting/images/form_495_sentence_1.png,Vakar Jonas nešė dovaną.
Datasets/Synthetic_Sentences/images/sentence_56066.png,Šiandien Marija ilsisi darbe.
Datasets/Real_Handwriting/images/form_356_sentence_5.png,Cukrų ir cinamoną dedame į pyragą.
Datasets/Synthetic_Sentences/images/sentence_04325.png,Renata dirba kalnuose naktį.
Datasets/Real_Handwriting/images/form_417_sentence_4.png,Šiandien Kristina mokosi kavinėje.
Datasets/Synthetic_Sentences/images/sentence_24528.png,Laura dirba mokykloje po pietų.
Datasets/Real_Handwriting/images/form_463_sentence_1.png,Žmogus valgo vaisius.
Datasets/Synthetic_Sentences/images/sentence_00830.png,Danielius geria sultis.
Datasets/Synthetic_Sentences/images/sentence_60123.png,Marija nori valgyti vaisius.
Datasets/Synthetic_Sentences/images/sentence_08788.png,Kruopščiai Kristina mokosi namuose ryte.
Datasets/Synthetic_Sentences/images/sentence_09565.png,Šiandien Danielius perka gėlę.
Datasets/Synthetic_Sentences/images/sentence_04339.png,Šiandien šuo perka gėlę.
Datasets/Real_Handwriting/images/form_191_sentence_2.png,Gydytojai klauso ir klauso.
Datasets/Synthetic_Sentences/images/sentence_24591.png,Berniukas rašo istoriją.
Datasets/Real_Handwriting/images/form_104_sentence_4.png,Vyrai nori valgyti mokyklą.
Datasets/Real_Handwriting/images/form_365_sentence_5.png,Cukrų ir cinamoną dedame į pyragą.
Datasets/Synthetic_Sentences/images/sentence_22786.png,Šuo dirba ligoninėje ir skaito žurnalą.
Datasets/Real_Handwriting/images/form_141_sentence_4.png,Šiandien šuo mąsto kruopščiai.
Datasets/Synthetic_Sentences/images/sentence_01289.png,Rytoj mokytojas eis darbe.
Datasets/Real_Handwriting/images/form_130_sentence_2.png,Vyras atidžiai verkia.
Datasets/Synthetic_Sentences/images/sentence_52266.png,Mantas žaidžia kavinėje.
Datasets/Real_Handwriting/images/form_437_sentence_2.png,Rytoj Žilvinas eis kavinėje.
Datasets/Synthetic_Sentences/images/sentence_63779.png,Kruopščiai mokytojas dirba upės pakrantėje.
Datasets/Synthetic_Sentences/images/sentence_61389.png,Petras skaito tamsų knygą.
Datasets/Real_Handwriting/images/form_028_sentence_3.png,Ar jūs miega?
Datasets/Real_Handwriting/images/form_066_sentence_4.png,Paukštis labai atidžiai skaito.
Datasets/Synthetic_Sentences/images/sentence_41526.png,Ar Neringa dirba mokykloje?
Datasets/Synthetic_Sentences/images/sentence_19993.png,Kodėl studentas dirba upės pakrantėje?
Datasets/Synthetic_Sentences/images/sentence_48748.png,Kruopščiai vaikas neša knygą.
Datasets/Synthetic_Sentences/images/sentence_15331.png,Marija nori pirkti žaislą.
Datasets/Synthetic_Sentences/images/sentence_40991.png,Neringa mokosi stadione.
Datasets/Real_Handwriting/images/form_303_sentence_4.png,Šiandien žmogus mokosi namuose.
Datasets/Real_Handwriting/images/form_324_sentence_4.png,Žmogus lankosi ligoninėje.
Datasets/Real_Handwriting/images/form_081_sentence_1.png,Vyras geria kavą.
Datasets/Synthetic_Sentences/images/sentence_57835.png,Mokytojas skaito žemėlapį.
Datasets/Synthetic_Sentences/images/sentence_00872.png,Rytoj Ingrida skaitys receptą.
Datasets/Real_Handwriting/images/form_040_sentence_3.png,Ar jis skaito?
Datasets/Synthetic_Sentences/images/sentence_69953.png,Vakar Danielius skaitė žurnalą.
Datasets/Synthetic_Sentences/images/sentence_18265.png,Vakar Marija nešė gėlę.
Datasets/Real_Handwriting/images/form_396_sentence_4.png,Mantas dirba mieste.
Datasets/Synthetic_Sentences/images/sentence_36591.png,Tomas žaidžia miške.
Datasets/Synthetic_Sentences/images/sentence_20204.png,Saulius mėgsta valgyti sriubą.
Datasets/Synthetic_Sentences/images/sentence_21604.png,Ar mergaitė dirba darbe?
Datasets/Synthetic_Sentences/images/sentence_68898.png,Petras bando galvoti.
Datasets/Real_Handwriting/images/form_027_sentence_5.png,Moteris nori dirbti vandenį.
Datasets/Synthetic_Sentences/images/sentence_68722.png,Jonas mėgsta valgyti obuolį.
Datasets/Real_Handwriting/images/form_377_sentence_3.png,Vakar Gintaras nešė krepšį.
Datasets/Synthetic_Sentences/images/sentence_05400.png,Garsiai Petras mokosi stadione.
Datasets/Synthetic_Sentences/images/sentence_69881.png,Rytoj studentė skaitys žurnalą.
Datasets/Synthetic_Sentences/images/sentence_59286.png,Tomas skaito šaltą žurnalą.
Datasets/Real_Handwriting/images/form_384_sentence_4.png,Garsiai Tomas sportuoja paplūdimyje.
Datasets/Synthetic_Sentences/images/sentence_47167.png,Neringa stengiasi sportuoti.
Datasets/Real_Handwriting/images/form_400_sentence_5.png,Filmas buvo labai įdomus ir jaudinantis.
Datasets/Synthetic_Sentences/images/sentence_66559.png,Kristina dirba stotyje.
Datasets/Real_Handwriting/images/form_376_sentence_2.png,Mokytoja rašo receptą.
Datasets/Synthetic_Sentences/images/sentence_13865.png,Studentas nori valgyti vaisius.
Datasets/Real_Handwriting/images/form_248_sentence_2.png,Mielai Saulius ilsisi paplūdimyje.
Datasets/Synthetic_Sentences/images/sentence_05904.png,Laura skaito laišką.
Datasets/Synthetic_Sentences/images/sentence_49533.png,Rytoj Mindaugas skaitys istoriją.
Datasets/Synthetic_Sentences/images/sentence_27489.png,Mokytojas sportuoja mokykloje.
Datasets/Synthetic_Sentences/images/sentence_57343.png,Mantas valgo duoną.
Datasets/Real_Handwriting/images/form_066_sentence_1.png,Mergaitė baigia bėgti namus.
Datasets/Real_Handwriting/images/form_369_sentence_1.png,Neringa nori sportuoti gėlę.
Datasets/Real_Handwriting/images/form_292_sentence_5.png,Kavinėje kvepėjo kava ir cinamonu.
Datasets/Synthetic_Sentences/images/sentence_07341.png,Šiandien Kristina perka arbatą.
Datasets/Real_Handwriting/images/form_026_sentence_5.png,Gydytojas stengiasi skaityti.
Datasets/Synthetic_Sentences/images/sentence_12175.png,Tyliai Neringa mokosi darbe.
Datasets/Synthetic_Sentences/images/sentence_28474.png,Studentas mėgsta kalbėti.
Datasets/Real_Handwriting/images/form_147_sentence_1.png,Šuo skuba ir skuba.
Datasets/Synthetic_Sentences/images/sentence_60695.png,Jurgita mokosi parke vėlai vakare.
Datasets/Synthetic_Sentences/images/sentence_24075.png,Ingrida lankosi miške.
Datasets/Real_Handwriting/images/form_025_sentence_2.png,Paukštis nemėgsta žaisti.
Datasets/Synthetic_Sentences/images/sentence_32651.png,Saulius gyvena miške.
Datasets/Real_Handwriting/images/form_011_sentence_5.png,Niekada mokytojas žiūri istoriją.
Datasets/Synthetic_Sentences/images/sentence_65478.png,Ar Kristina skaito istoriją?
Datasets/Real_Handwriting/images/form_233_sentence_2.png,Šiandien Danielius perka dovaną.
Datasets/Synthetic_Sentences/images/sentence_25293.png,Šuo nori skaityti knygą.
Datasets/Real_Handwriting/images/form_251_sentence_5.png,Universiteto studentai žaidžia šachmatais laisvalaikiu.
Datasets/Real_Handwriting/images/form_292_sentence_2.png,Šiandien šeima ilsisi miške.
Datasets/Synthetic_Sentences/images/sentence_06427.png,Ar mokytoja mėgsta ilsėtis?
Datasets/Real_Handwriting/images/form_500_sentence_2.png,Šiandien Rasa perka gėlę.
Datasets/Real_Handwriting/images/form_302_sentence_2.png,Vakar Marija nešė žaislą.
Datasets/Real_Handwriting/images/form_278_sentence_3.png,Ar Mantas mėgsta skaityti?
Datasets/Synthetic_Sentences/images/sentence_62334.png,Gintaras dirba paplūdimyje vakare.
Datasets/Synthetic_Sentences/images/sentence_16607.png,"Renata dirba pievoje, nes turi daug darbo."
Datasets/Real_Handwriting/images/form_452_sentence_5.png,Jonas į darbą važiuoja dviračiu.
Datasets/Synthetic_Sentences/images/sentence_55695.png,Eglė mėgsta valgyti vaisius.
Datasets/Real_Handwriting/images/form_214_sentence_2.png,Renata renka vaisius.
Datasets/Synthetic_Sentences/images/sentence_45727.png,Lėtai Jonas ilsisi mokykloje.
Datasets/Real_Handwriting/images/form_075_sentence_4.png,Jūs baigia skubėti.
Datasets/Real_Handwriting/images/form_400_sentence_1.png,Paukštis perka knygą.
Datasets/Synthetic_Sentences/images/sentence_01500.png,Ar Tomas dirba sode?
Datasets/Real_Handwriting/images/form_248_sentence_4.png,Žirgas renka vaisius.
Datasets/Real_Handwriting/images/form_037_sentence_5.png,Katė labai dabar mąsto.
Datasets/Real_Handwriting/images/form_341_sentence_1.png,Ar Mindaugas dirba mokykloje?
Datasets/Real_Handwriting/images/form_328_sentence_3.png,Katė gyvena upės pakrantėje.
Datasets/Real_Handwriting/images/form_340_sentence_5.png,Ona išeina iš namų ankstyvą rytą.
Datasets/Synthetic_Sentences/images/sentence_61277.png,Kur Jonas dirba?
Datasets/Synthetic_Sentences/images/sentence_57732.png,Marija ilsisi ligoninėje.
Datasets/Synthetic_Sentences/images/sentence_00570.png,Vakar Saulius skaitė žemėlapį.
Datasets/Synthetic_Sentences/images/sentence_43668.png,Kur Jurgita dirba?
Datasets/Synthetic_Sentences/images/sentence_53262.png,Mindaugas lankosi upės pakrantėje.
Datasets/Synthetic_Sentences/images/sentence_39979.png,Mantas nori rašyti projektą.
Datasets/Real_Handwriting/images/form_091_sentence_1.png,Labai jūs keliauoja laišką.
Datasets/Real_Handwriting/images/form_193_sentence_4.png,Ar mokytojai mokosi?
Datasets/Real_Handwriting/images/form_104_sentence_2.png,Mes pradeda ilsėtis istoriją.
Datasets/Real_Handwriting/images/form_303_sentence_1.png,Drąsiai Renata perka gėlę.
Datasets/Real_Handwriting/images/form_184_sentence_3.png,Ar gydytojas žaidžia?
Datasets/Real_Handwriting/images/form_017_sentence_4.png,Mokytojai skaito ir skaito.
Datasets/Synthetic_Sentences/images/sentence_34335.png,Šiandien Danielius mokosi stotyje.
Datasets/Synthetic_Sentences/images/sentence_54587.png,Šiandien Žilvinas mokosi namuose.
Datasets/Synthetic_Sentences/images/sentence_43377.png,Vakar berniukas skaitė žurnalą.
Datasets/Synthetic_Sentences/images/sentence_50248.png,Kruopščiai mokytojas valgo duoną.
Datasets/Real_Handwriting/images/form_462_sentence_5.png,Šventė prasidėjo linksmai ir baigėsi džiaugsmingai.
Datasets/Synthetic_Sentences/images/sentence_17638.png,Vakar Danielius nešė knygą.
Datasets/Real_Handwriting/images/form_400_sentence_4.png,Gydytojas lankosi namuose.
Datasets/Real_Handwriting/images/form_134_sentence_1.png,Mes nemėgsta skaityti.
Datasets/Real_Handwriting/images/form_365_sentence_2.png,Rūpestingai Kristina ilsisi bibliotekoje.
Datasets/Real_Handwriting/images/form_199_sentence_5.png,Vyrai stengiasi šokti darbą.
Datasets/Synthetic_Sentences/images/sentence_16226.png,Renata lankosi mokykloje.
Datasets/Real_Handwriting/images/form_473_sentence_1.png,Mantas renka grybus.
Datasets/Synthetic_Sentences/images/sentence_42444.png,Mergaitė neša žaislą.
Datasets/Synthetic_Sentences/images/sentence_26217.png,Ar gydytojas mėgsta tvarkytis?
Datasets/Synthetic_Sentences/images/sentence_63352.png,Jonas nedirba sode.
Datasets/Real_Handwriting/images/form_382_sentence_2.png,Ar Ingrida skaito žurnalą?
Datasets/Real_Handwriting/images/form_019_sentence_2.png,Draugai juokiasi miške.
Datasets/Synthetic_Sentences/images/sentence_45376.png,Kruopščiai Petras skaito žurnalą sode.
Datasets/Real_Handwriting/images/form_222_sentence_5.png,Cecilija čiuožia ant ledo.
Datasets/Real_Handwriting/images/form_267_sentence_3.png,Vaikas geria kavą.
Datasets/Real_Handwriting/images/form_259_sentence_5.png,Kavinėje kvepėjo kava ir cinamonu.
Datasets/Synthetic_Sentences/images/sentence_46631.png,Ingrida ilsisi kavinėje.
Datasets/Synthetic_Sentences/images/sentence_19647.png,Lėtai Tomas mokosi kaime.
Datasets/Synthetic_Sentences/images/sentence_62588.png,Vakar Ingrida skaitė istoriją.
Datasets/Real_Handwriting/images/form_137_sentence_1.png,Studentai labai tyliai žiūri.
Datasets/Real_Handwriting/images/form_142_sentence_2.png,Mokytojas kalba ir kalba.
Datasets/Real_Handwriting/images/form_388_sentence_3.png,Greitai Petras dirba bibliotekoje.
Datasets/Synthetic_Sentences/images/sentence_38490.png,Greitai katė mokosi kalnuose anksti ryte.
Datasets/Real_Handwriting/images/form_027_sentence_2.png,Draugai šoka laišką.
Datasets/Real_Handwriting/images/form_014_sentence_3.png,Ar ji tvarkosi?
Datasets/Synthetic_Sentences/images/sentence_63673.png,Rasa nori rašyti projektą.
Datasets/Synthetic_Sentences/images/sentence_38452.png,Greitai Petras dirba sode.
Datasets/Real_Handwriting/images/form_486_sentence_1.png,Ar Žilvinas nori važiuoti?
Datasets/Synthetic_Sentences/images/sentence_36998.png,Eglė žaidžia ligoninėje.
Datasets/Real_Handwriting/images/form_242_sentence_1.png,Jonas rašo projektą.
Datasets/Synthetic_Sentences/images/sentence_38961.png,Tomas ilsisi bibliotekoje.
Datasets/Synthetic_Sentences/images/sentence_60871.png,"Šuo mokosi stadione, bet nori rašyti."
Datasets/Synthetic_Sentences/images/sentence_32044.png,Studentė mėgsta gerti kavą.
Datasets/Real_Handwriting/images/form_012_sentence_4.png,Vaikai skaito ir skaito.
Datasets/Real_Handwriting/images/form_261_sentence_1.png,Studentė mokosi paplūdimyje.
Datasets/Synthetic_Sentences/images/sentence_25522.png,Šuo nori valgyti vaisius.
Datasets/Real_Handwriting/images/form_312_sentence_2.png,Vakar Laura skaitė istoriją.
Datasets/Synthetic_Sentences/images/sentence_67575.png,Gintaras nori rašyti istoriją.
Datasets/Synthetic_Sentences/images/sentence_52709.png,Šiandien Marija dirba kalnuose.
Datasets/Synthetic_Sentences/images/sentence_10056.png,Renata ilsisi darbe.
Datasets/Real_Handwriting/images/form_459_sentence_1.png,Marija neša laišką.
Datasets/Real_Handwriting/images/form_329_sentence_2.png,Atidžiai žmogus ilsisi kalnuose.
Datasets/Synthetic_Sentences/images/sentence_55669.png,"Laura mokosi mieste, bet nori važiuoti."
Datasets/Synthetic_Sentences/images/sentence_04755.png,"Danielius mokosi namuose, nes nori pailsėti."
Datasets/Real_Handwriting/images/form_509_sentence_5.png,Cukrų ir cinamoną dedame į pyragą.
Datasets/Synthetic_Sentences/images/sentence_23633.png,Švelniai Eglė mokosi stadione.
Datasets/Synthetic_Sentences/images/sentence_25282.png,Mokytojas rašo istoriją.
Datasets/Synthetic_Sentences/images/sentence_27153.png,Katė valgo daržoves.
Datasets/Real_Handwriting/images/form_256_sentence_5.png,Elnias eina per mišką tyliai.
Datasets/Real_Handwriting/images/form_506_sentence_2.png,Greitai šeima mokosi mokykloje.
Datasets/Real_Handwriting/images/form_095_sentence_1.png,Šiandien draugas skuba ramiai.
Datasets/Synthetic_Sentences/images/sentence_12821.png,Greitai Jonas valgo daržoves.
Datasets/Synthetic_Sentences/images/sentence_37040.png,Ar berniukas dirba miške?
Datasets/Synthetic_Sentences/images/sentence_58814.png,Šuo geria kavą.
Datasets/Real_Handwriting/images/form_236_sentence_2.png,Atidžiai šeima sportuoja pievoje.
Datasets/Real_Handwriting/images/form_108_sentence_3.png,Ji rašo stadione ir stotyje.
Datasets/Synthetic_Sentences/images/sentence_66311.png,Mantas dirba paplūdimyje ir skaito knygą.
Datasets/Synthetic_Sentences/images/sentence_16473.png,Laura bando keliauti.
Datasets/Real_Handwriting/images/form_106_sentence_2.png,Studentai labai atidžiai bėga.
Datasets/Real_Handwriting/images/form_281_sentence_4.png,Mielai studentas neša žaislą.
Datasets/Real_Handwriting/images/form_480_sentence_5.png,Kavinėje kvepėjo kava ir cinamonu.
Datasets/Synthetic_Sentences/images/sentence_30046.png,Kodėl Tomas dirba stotyje?
Datasets/Synthetic_Sentences/images/sentence_14426.png,Jurgita bando gerti.
Datasets/Real_Handwriting/images/form_435_sentence_4.png,Vakar Mindaugas skaitė žemėlapį.
Datasets/Synthetic_Sentences/images/sentence_24683.png,Vakar šuo dirbo mokykloje.
Datasets/Synthetic_Sentences/images/sentence_16258.png,Ar Jonas dirba pievoje?
Datasets/Real_Handwriting/images/form_308_sentence_4.png,Džiaugsmingai mokytoja mokosi kavinėje.
Datasets/Synthetic_Sentences/images/sentence_17084.png,Jonas rašo istoriją.
Datasets/Synthetic_Sentences/images/sentence_54319.png,Berniukas mokosi upės pakrantėje vakare.
Datasets/Real_Handwriting/images/form_261_sentence_2.png,Gydytojas nori skaityti.
Datasets/Real_Handwriting/images/form_009_sentence_4.png,Moteris mėgsta tvarkytis daržoves.
Datasets/Real_Handwriting/images/form_464_sentence_5.png,Kavinėje kvepėjo kava ir cinamonu.
Datasets/Real_Handwriting/images/form_117_sentence_5.png,Ar moteris skuba?
Datasets/Synthetic_Sentences/images/sentence_54589.png,Mergaitė nori rašyti žemėlapį.
Datasets/Synthetic_Sentences/images/sentence_13437.png,Šiandien katė perka arbatą.
Datasets/Real_Handwriting/images/form_371_sentence_4.png,Danielius lankosi kaime.
Datasets/Synthetic_Sentences/images/sentence_58616.png,Mergaitė perka dovaną.
Datasets/Synthetic_Sentences/images/sentence_63308.png,Renata dirba stadione vakare.
Datasets/Synthetic_Sentences/images/sentence_24811.png,Berniukas mėgsta skaityti receptą.
Datasets/Real_Handwriting/images/form_508_sentence_3.png,Šiandien Saulius dirba kalnuose.
Datasets/Real_Handwriting/images/form_199_sentence_4.png,Jos atidžiai skaito.
Datasets/Synthetic_Sentences/images/sentence_53079.png,Eglė mėgsta pirkti kavą.
Datasets/Real_Handwriting/images/form_442_sentence_3.png,Gintaras bando keliauti.
Datasets/Real_Handwriting/images/form_135_sentence_4.png,Ar aš skuba?
Datasets/Real_Handwriting/images/form_189_sentence_4.png,Mergaitės piešia paplūdimyje ir bibliotekoje.
Datasets/Synthetic_Sentences/images/sentence_11451.png,Kristina ilsisi ligoninėje.
Datasets/Synthetic_Sentences/images/sentence_21544.png,Petras skaito laišką.
Datasets/Real_Handwriting/images/form_242_sentence_3.png,Mantas lankosi stotyje.
Datasets/Real_Handwriting/images/form_244_sentence_3.png,Katė stato bokštą.
Datasets/Synthetic_Sentences/images/sentence_36841.png,Rūpestingai Rasa valgo sriubą.
Datasets/Real_Handwriting/images/form_375_sentence_4.png,Marija geria arbatą.
Datasets/Real_Handwriting/images/form_051_sentence_3.png,Vaikai dabar rašo.
Datasets/Synthetic_Sentences/images/sentence_03252.png,"Gydytojas mokosi sode, nes jam patinka."
Datasets/Synthetic_Sentences/images/sentence_63223.png,Jurgita valgo sriubą.
Datasets/Real_Handwriting/images/form_059_sentence_5.png,Draugai šypsosi parke.
Datasets/Real_Handwriting/images/form_230_sentence_2.png,Vakar Mantas dirbo stadione.
Datasets/Real_Handwriting/images/form_009_sentence_5.png,Draugai rašo parke ir stotyje.
Datasets/Real_Handwriting/images/form_319_sentence_1.png,Švelniai Ingrida perka žaislą.
Datasets/Real_Handwriting/images/form_224_sentence_2.png,Vakar studentė skaitė istoriją.
Datasets/Real_Handwriting/images/form_041_sentence_2.png,Moterys keliauoja kaime ir ligoninėje.
Datasets/Synthetic_Sentences/images/sentence_28790.png,Jurgita stengiasi ilsėtis.
Datasets/Real_Handwriting/images/form_175_sentence_4.png,Šiandien mergaitės žaidžia retai.
Datasets/Synthetic_Sentences/images/sentence_57753.png,Petras nori groti.
Datasets/Synthetic_Sentences/images/sentence_08407.png,Rasa mėgsta valgyti košę.
Datasets/Real_Handwriting/images/form_211_sentence_4.png,Studentė nori sportuoti duoną.
Datasets/Real_Handwriting/images/form_182_sentence_1.png,Šiandien moterys skaito dabar.
Datasets/Synthetic_Sentences/images/sentence_14074.png,Gydytojas dirba kaime anksti ryte.
Datasets/Synthetic_Sentences/images/sentence_63381.png,Džiaugsmingai Danielius ilsisi darbe.
Datasets/Synthetic_Sentences/images/sentence_43924.png,Tomas mėgsta keliauti.
Datasets/Synthetic_Sentences/images/sentence_14240.png,Eglė nori rašyti istoriją.
Datasets/Synthetic_Sentences/images/sentence_56696.png,Mergaitė skaito receptą.
Datasets/Real_Handwriting/images/form_246_sentence_2.png,Šiandien Žilvinas dirba ežero pakrantėje.
Datasets/Synthetic_Sentences/images/sentence_46303.png,Ar Gintaras mėgsta dirbti?
Datasets/Synthetic_Sentences/images/sentence_30478.png,Gydytojas nori gerti kavą.
Datasets/Synthetic_Sentences/images/sentence_54390.png,Studentas dirba stotyje.
Datasets/Synthetic_Sentences/images/sentence_02554.png,Eglė skaito šviesų žurnalą.
Datasets/Synthetic_Sentences/images/sentence_24852.png,Danielius renka daržoves.
Datasets/Real_Handwriting/images/form_049_sentence_5.png,Moterys keliauoja mokykloje ir mieste.
Datasets/Synthetic_Sentences/images/sentence_61553.png,Rasa nedirba mieste.
Datasets/Synthetic_Sentences/images/sentence_49817.png,Laura nori rašyti receptą.
Datasets/Real_Handwriting/images/form_115_sentence_1.png,Mokytojas eina prie ežero ir mieste.
Datasets/Synthetic_Sentences/images/sentence_55862.png,Vakar mergaitė skaitė receptą.
Datasets/Real_Handwriting/images/form_215_sentence_3.png,Gintaras stengiasi piešti.
Datasets/Real_Handwriting/images/form_430_sentence_1.png,Ramiai Neringa sportuoja kaime.
Datasets/Synthetic_Sentences/images/sentence_49091.png,Šiandien Tomas ilsisi namuose.
Datasets/Real_Handwriting/images/form_322_sentence_1.png,Rytoj Petras skaitys žemėlapį.
Datasets/Synthetic_Sentences/images/sentence_38154.png,Saulius stengiasi tvarkytis.
Datasets/Real_Handwriting/images/form_442_sentence_5.png,Hanah sheji skaito hinduistų filosofiją.
Datasets/Real_Handwriting/images/form_338_sentence_1.png,Žilvinas sportuoja stotyje.
Datasets/Synthetic_Sentences/images/sentence_64915.png,Mergaitė nedirba parke.
Datasets/Synthetic_Sentences/images/sentence_45646.png,Drąsiai Renata skaito istoriją pievoje.
Datasets/Real_Handwriting/images/form_488_sentence_5.png,Daktaras dirba didelėje ligoninėje.
Datasets/Synthetic_Sentences/images/sentence_69218.png,Mantas nori gerti vandenį.
Datasets/Synthetic_Sentences/images/sentence_60205.png,Gintaras geria kavą.
Datasets/Real_Handwriting/images/form_125_sentence_4.png,Ar mergaitės galvoja?
Datasets/Real_Handwriting/images/form_102_sentence_1.png,Moteris nori kalbėti.
Datasets/Real_Handwriting/images/form_295_sentence_2.png,Kristina būna namuose.
Datasets/Synthetic_Sentences/images/sentence_09732.png,Ingrida nori skaityti žemėlapį.
Datasets/Real_Handwriting/images/form_124_sentence_1.png,Šiandien jie eina blogai.
Datasets/Real_Handwriting/images/form_336_sentence_2.png,Ar Mindaugas nori bėgti?
Datasets/Synthetic_Sentences/images/sentence_64833.png,Ar Danielius mėgsta bėgti?
Datasets/Synthetic_Sentences/images/sentence_38039.png,"Neringa dirba paplūdimyje, nes jam patinka."
Datasets/Synthetic_Sentences/images/sentence_58682.png,Marija neša dovaną.
Datasets/Synthetic_Sentences/images/sentence_44756.png,Laura skaito greitą knygą.
Datasets/Real_Handwriting/images/form_087_sentence_4.png,Vaikai labai kruopščiai mokosi.
Datasets/Synthetic_Sentences/images/sentence_13647.png,Mergaitė mokosi stotyje.
Datasets/Real_Handwriting/images/form_119_sentence_4.png,Draugas tvarkosi prie ežero ir kaime.
Datasets/Real_Handwriting/images/form_231_sentence_5.png,Daktaras dirba didelėje ligoninėje.
Datasets/Synthetic_Sentences/images/sentence_69057.png,Gydytojas nedirba pievoje.
Datasets/Real_Handwriting/images/form_349_sentence_4.png,Renata bando bėgti.
Datasets/Real_Handwriting/images/form_214_sentence_4.png,Gintaras pradeda piešti.
Datasets/Synthetic_Sentences/images/sentence_64886.png,Švelniai studentė dirba kavinėje.
Datasets/Real_Handwriting/images/form_115_sentence_4.png,Moterys labai garsiai rašo.
Datasets/Synthetic_Sentences/images/sentence_50517.png,Mergaitė gyvena ligoninėje.
Datasets/Real_Handwriting/images/form_479_sentence_1.png,Kruopščiai Eglė skaito žurnalą.
Datasets/Real_Handwriting/images/form_014_sentence_5.png,Gydytojas lėtai verkia.
Datasets/Real_Handwriting/images/form_216_sentence_2.png,Neringa ilsisi stotyje.
Datasets/Synthetic_Sentences/images/sentence_68693.png,Jurgita pradeda keliauti.
Datasets/Real_Handwriting/images/form_424_sentence_3.png,Mergaitė geria pieną.
Datasets/Real_Handwriting/images/form_315_sentence_2.png,Šiandien mergaitė dirba stotyje.
Datasets/Real_Handwriting/images/form_456_sentence_3.png,Kristina būna darbe.
Datasets/Real_Handwriting/images/form_349_sentence_1.png,Ar Kristina mokosi darbe?
Datasets/Synthetic_Sentences/images/sentence_64827.png,Žilvinas nedirba upės pakrantėje.
Datasets/Real_Handwriting/images/form_470_sentence_5.png,Žirgai bėga laisvai per žalią lauką.
Datasets/Real_Handwriting/images/form_055_sentence_1.png,Katė labai greitai dainuoja.
Datasets/Real_Handwriting/images/form_248_sentence_5.png,Hibiskusas žydi ryškiomis rožinėmis žiedais.
Datasets/Synthetic_Sentences/images/sentence_64720.png,Gintaras nori gerti arbatą.
Datasets/Synthetic_Sentences/images/sentence_52423.png,Kur mokytoja dirba?
Datasets/Real_Handwriting/images/form_018_sentence_2.png,Jis galvoja paveikslą.
Datasets/Synthetic_Sentences/images/sentence_05798.png,Džiaugsmingai berniukas skaito receptą.
Datasets/Real_Handwriting/images/form_053_sentence_2.png,Draugas labai retai miega.
Datasets/Synthetic_Sentences/images/sentence_23701.png,Mantas dirba kaime ryte.
Datasets/Real_Handwriting/images/form_270_sentence_5.png,Cecilija čiuožia ant ledo.
Datasets/Real_Handwriting/images/form_111_sentence_3.png,Paukštis piešia ir piešia.
Datasets/Synthetic_Sentences/images/sentence_56864.png,Ar katė mėgsta žaisti?
Datasets/Real_Handwriting/images/form_362_sentence_5.png,Cecilija čiuožia ant ledo.
Datasets/Real_Handwriting/images/form_215_sentence_4.png,Katė stato bokštą.
Datasets/Real_Handwriting/images/form_468_sentence_1.png,Ar Rasa dirba mieste?
Datasets/Real_Handwriting/images/form_059_sentence_4.png,Vyrai stengiasi dirbti receptą.
Datasets/Synthetic_Sentences/images/sentence_56125.png,Švelniai Ingrida dirba sode.
Datasets/Synthetic_Sentences/images/sentence_48066.png,Švelniai mokytojas valgo obuolį.
Datasets/Synthetic_Sentences/images/sentence_51457.png,Šiandien Jonas skaito receptą.
Datasets/Real_Handwriting/images/form_332_sentence_5.png,Cecilija čiuožia ant ledo.
Datasets/Synthetic_Sentences/images/sentence_06268.png,"Rasa nori žaisti, nes nes nori pailsėti."
Datasets/Real_Handwriting/images/form_334_sentence_3.png,Mindaugas pradeda sportuoti.
Datasets/Synthetic_Sentences/images/sentence_50272.png,Mergaitė skaito laišką.
Datasets/Real_Handwriting/images/form_288_sentence_4.png,Rūpestingai Kristina skaito receptą.
Datasets/Real_Handwriting/images/form_019_sentence_1.png,Jūs klauso projektą.
Datasets/Real_Handwriting/images/form_252_sentence_2.png,Šiandien mokytoja ilsisi mokykloje.
Datasets/Real_Handwriting/images/form_008_sentence_5.png,Katė mokosi paveikslą sode.
Datasets/Synthetic_Sentences/images/sentence_50549.png,Danielius nenori važiuoti.
Datasets/Real_Handwriting/images/form_418_sentence_3.png,Studentas perka knygą.
Datasets/Synthetic_Sentences/images/sentence_31338.png,Ramiai berniukas rašo laišką.
Datasets/Real_Handwriting/images/form_062_sentence_2.png,Aš labai gerai miega.
Datasets/Real_Handwriting/images/form_456_sentence_1.png,Eglė mėgsta šokti.
Datasets/Synthetic_Sentences/images/sentence_11687.png,Ar Žilvinas nori dainuoti?
Datasets/Synthetic_Sentences/images/sentence_13170.png,Danielius pradeda tvarkytis.
Datasets/Synthetic_Sentences/images/sentence_08311.png,Mokytoja mėgsta skaityti receptą.
Datasets/Synthetic_Sentences/images/sentence_44640.png,Žilvinas gyvena stadione.
Datasets/Synthetic_Sentences/images/sentence_15429.png,Šuo žaidžia kaime.
Datasets/Synthetic_Sentences/images/sentence_56253.png,Laura perka lėtą knygą.
Datasets/Real_Handwriting/images/form_008_sentence_4.png,Jūs valgo laišką kalnuose.
Datasets/Real_Handwriting/images/form_229_sentence_4.png,Petras renka grybus.
Datasets/Real_Handwriting/images/form_480_sentence_2.png,Šeima žaidžia ežero pakrantėje.
Datasets/Synthetic_Sentences/images/sentence_28838.png,Studentas dirba upės pakrantėje.
Datasets/Real_Handwriting/images/form_375_sentence_3.png,Greitai Danielius perka dovaną.
Datasets/Synthetic_Sentences/images/sentence_11560.png,Neringa nori plaukti.
Datasets/Real_Handwriting/images/form_048_sentence_2.png,Jūs bėga stotyje ir prie ežero.
Datasets/Real_Handwriting/images/form_119_sentence_5.png,Jie keliauoja laišką bibliotekoje.
Datasets/Synthetic_Sentences/images/sentence_21894.png,Atidžiai Jurgita perka gėlę.
Datasets/Real_Handwriting/images/form_269_sentence_4.png,Paukštis stato namą.
Datasets/Synthetic_Sentences/images/sentence_11198.png,Katė skaito knygą.
Datasets/Synthetic_Sentences/images/sentence_49982.png,Šuo nedirba upės pakrantėje.
Datasets/Real_Handwriting/images/form_191_sentence_3.png,Moteris piešia maistą.
Datasets/Real_Handwriting/images/form_286_sentence_2.png,Ramiai Gintaras skaito knygą.
Datasets/Synthetic_Sentences/images/sentence_44249.png,Šiandien mergaitė ilsisi upės pakrantėje.
Datasets/Real_Handwriting/images/form_181_sentence_1.png,Šuo garsiai rašo.
Datasets/Real_Handwriting/images/form_076_sentence_5.png,Draugai nemėgsta žaisti žaidimą.
Datasets/Real_Handwriting/images/form_496_sentence_4.png,Studentas stato tvorą.
Datasets/Real_Handwriting/images/form_142_sentence_3.png,Jis verkia namuose.
Datasets/Real_Handwriting/images/form_388_sentence_1.png,Ar šeima skaito istoriją?
Datasets/Synthetic_Sentences/images/sentence_27246.png,Studentas perka spalvotą dovaną.
Datasets/Synthetic_Sentences/images/sentence_57324.png,Rytoj Laura eis darbe.
Datasets/Synthetic_Sentences/images/sentence_20213.png,Kristina dirba kalnuose ir skaito receptą.
Datasets/Real_Handwriting/images/form_118_sentence_2.png,Moterys tyliai piešia.
Datasets/Synthetic_Sentences/images/sentence_61488.png,Ar Rasa dirba namuose?
Datasets/Real_Handwriting/images/form_159_sentence_2.png,Draugai dainuoja knygą prie ežero.
Datasets/Real_Handwriting/images/form_460_sentence_1.png,Švelniai studentė skaito knygą.
Datasets/Synthetic_Sentences/images/sentence_34326.png,Renata dirba kalnuose.
Datasets/Real_Handwriting/images/form_409_sentence_3.png,Kristina nori žaisti žemėlapį.
Datasets/Synthetic_Sentences/images/sentence_20286.png,Renata mokosi ligoninėje.
Datasets/Synthetic_Sentences/images/sentence_53399.png,Kodėl Ingrida dirba ežero pakrantėje?
Datasets/Synthetic_Sentences/images/sentence_68204.png,Švelniai Mantas dirba kaime.
Datasets/Real_Handwriting/images/form_195_sentence_5.png,Mergaitės piešia vandenį.
Datasets/Real_Handwriting/images/form_100_sentence_1.png,Ar jos valgo?
Datasets/Synthetic_Sentences/images/sentence_60381.png,Tyliai Danielius skaito žemėlapį kavinėje.
Datasets/Synthetic_Sentences/images/sentence_50746.png,Neringa žaidžia ežero pakrantėje.
Datasets/Real_Handwriting/images/form_402_sentence_3.png,Vakar gydytojas skaitė receptą.
Datasets/Synthetic_Sentences/images/sentence_34778.png,Ar mokytoja skaito žurnalą?
Datasets/Synthetic_Sentences/images/sentence_69520.png,Šiandien Mindaugas perka žaislą.
Datasets/Synthetic_Sentences/images/sentence_06804.png,Kruopščiai Marija neša krepšį.
Datasets/Real_Handwriting/images/form_151_sentence_2.png,Katė žiūri kaime.
Datasets/Synthetic_Sentences/images/sentence_42197.png,Ar katė nori bėgti?
Datasets/Real_Handwriting/images/form_167_sentence_1.png,Mokytojas miega namuose ir mokykloje.
Datasets/Synthetic_Sentences/images/sentence_26581.png,Rytoj studentė skaitys laišką.
Datasets/Synthetic_Sentences/images/sentence_66413.png,Mokytoja rašo žemėlapį.
Datasets/Real_Handwriting/images/form_106_sentence_1.png,Paukštis kalba namus.
Datasets/Synthetic_Sentences/images/sentence_08615.png,Ar Jurgita dirba namuose?
Datasets/Synthetic_Sentences/images/sentence_64672.png,Tyliai vaikas perka knygą.
Datasets/Synthetic_Sentences/images/sentence_03422.png,Jurgita neša krepšį.
Datasets/Synthetic_Sentences/images/sentence_67359.png,Mokytojas mėgsta kalbėti.
Datasets/Real_Handwriting/images/form_358_sentence_2.png,Džiaugsmingai mergaitė skaito knygą.
Datasets/Synthetic_Sentences/images/sentence_36151.png,Katė gyvena ežero pakrantėje.
Datasets/Real_Handwriting/images/form_088_sentence_2.png,Studentas mokosi mieste ir mieste.
Datasets/Synthetic_Sentences/images/sentence_68537.png,Ką Danielius skaito?
Datasets/Synthetic_Sentences/images/sentence_41542.png,Eglė pradeda dainuoti.
Datasets/Synthetic_Sentences/images/sentence_23211.png,Šuo nedirba mokykloje.
Datasets/Real_Handwriting/images/form_350_sentence_2.png,Žirgas neša knygą.
Datasets/Synthetic_Sentences/images/sentence_08378.png,Mokytoja žaidžia stotyje.
Datasets/Synthetic_Sentences/images/sentence_28499.png,Rasa rašo istoriją.
Datasets/Synthetic_Sentences/images/sentence_38405.png,Ar Žilvinas mokosi mieste?
Datasets/Real_Handwriting/images/form_480_sentence_3.png,Katė ilsisi ligoninėje.
Datasets/Synthetic_Sentences/images/sentence_36951.png,Ramiai Mindaugas skaito žemėlapį.
Datasets/Synthetic_Sentences/images/sentence_28853.png,Kur Laura dirba?
Datasets/Synthetic_Sentences/images/sentence_19278.png,Ką mokytojas skaito?
Datasets/Synthetic_Sentences/images/sentence_58184.png,Neringa valgo vaisius.
Datasets/Synthetic_Sentences/images/sentence_10201.png,Studentas nori gerti kavą.
Datasets/Synthetic_Sentences/images/sentence_19816.png,Neringa nedirba darbe.
Datasets/Real_Handwriting/images/form_433_sentence_5.png,Kavinėje kvepėjo kava ir cinamonu.
Datasets/Synthetic_Sentences/images/sentence_68292.png,Laura nori valgyti daržoves.
Datasets/Real_Handwriting/images/form_310_sentence_3.png,Studentas bando tvarkytis.
Datasets/Real_Handwriting/images/form_263_sentence_4.png,Rasa groja muzikos kūrinį.
Datasets/Synthetic_Sentences/images/sentence_37197.png,Gintaras mokosi namuose.
Datasets/Real_Handwriting/images/form_008_sentence_3.png,Ar aš šoka?
Datasets/Synthetic_Sentences/images/sentence_12640.png,Ingrida perka kavą.
Datasets/Synthetic_Sentences/images/sentence_65405.png,Žilvinas neša dovaną.
Datasets/Real_Handwriting/images/form_437_sentence_4.png,Šiandien Rasa mokosi ežero pakrantėje.
Datasets/Synthetic_Sentences/images/sentence_28260.png,Kodėl Ingrida dirba ežero pakrantėje?
Datasets/Synthetic_Sentences/images/sentence_50028.png,Kristina mokosi mieste vakare.
Datasets/Synthetic_Sentences/images/sentence_05629.png,Ar vaikas dirba miške?
Datasets/Real_Handwriting/images/form_235_sentence_3.png,Jurgita neša žaislą.
Datasets/Synthetic_Sentences/images/sentence_23969.png,Kristina lankosi mokykloje.
Datasets/Synthetic_Sentences/images/sentence_46412.png,Lėtai studentas dirba bibliotekoje.
Datasets/Real_Handwriting/images/form_422_sentence_5.png,Cukrų ir cinamoną dedame į pyragą.
Datasets/Synthetic_Sentences/images/sentence_23151.png,Ar mergaitė skaito knygą?
Datasets/Synthetic_Sentences/images/sentence_69118.png,Mokytojas sportuoja darbe.
Datasets/Real_Handwriting/images/form_470_sentence_2.png,Ar Jurgita mėgsta statyti?
Datasets/Real_Handwriting/images/form_472_sentence_1.png,Žilvinas bando plaukti.
Datasets/Real_Handwriting/images/form_411_sentence_2.png,Berniukas žaidžia parke.
Datasets/Real_Handwriting/images/form_470_sentence_4.png,Ar šuo mokosi mieste?
Datasets/Real_Handwriting/images/form_486_sentence_3.png,Paukštis perka kavą.
Datasets/Real_Handwriting/images/form_485_sentence_5.png,Čia gyvena labai draugiška šeima.
Datasets/Real_Handwriting/images/form_248_sentence_3.png,Gydytojas neša laišką.
Datasets/Synthetic_Sentences/images/sentence_69665.png,Ar berniukas nori tvarkytis?
Datasets/Real_Handwriting/images/form_386_sentence_2.png,Vakar Eglė nešė gėlę.
Datasets/Real_Handwriting/images/form_420_sentence_4.png,Ramiai Ingrida valgo košę.
Datasets/Synthetic_Sentences/images/sentence_55329.png,Vakar Laura skaitė receptą.
Datasets/Real_Handwriting/images/form_033_sentence_4.png,Šiandien mokytojas rašo vakar.
Datasets/Synthetic_Sentences/images/sentence_29764.png,Ar vaikas skaito žemėlapį?
Datasets/Synthetic_Sentences/images/sentence_12610.png,Studentas rašo laišką.
Datasets/Synthetic_Sentences/images/sentence_53568.png,Šuo lankosi kalnuose.
Datasets/Synthetic_Sentences/images/sentence_36078.png,Neringa mėgsta pirkti knygą.
Datasets/Synthetic_Sentences/images/sentence_58826.png,Studentas neskaito receptą.
Datasets/Real_Handwriting/images/form_299_sentence_2.png,Džiaugsmingai Neringa perka gėlę.
Datasets/Real_Handwriting/images/form_122_sentence_2.png,Draugai ilsisi arbatą.
Datasets/Synthetic_Sentences/images/sentence_38582.png,Gydytojas mokosi sode naktį.
Datasets/Synthetic_Sentences/images/sentence_02451.png,"Kristina mokosi stadione, bet nori groti."
Datasets/Synthetic_Sentences/images/sentence_51232.png,Šuo valgo košę.
Datasets/Synthetic_Sentences/images/sentence_61640.png,Žilvinas žaidžia parke.
Datasets/Real_Handwriting/images/form_046_sentence_5.png,Studentas nemėgsta tvarkytis pamoką.
Datasets/Synthetic_Sentences/images/sentence_12621.png,Neringa žaidžia parke.
Datasets/Real_Handwriting/images/form_357_sentence_4.png,Studentas ilsisi ežero pakrantėje.
Datasets/Real_Handwriting/images/form_381_sentence_1.png,Ingrida žaidžia kalnuose.
Datasets/Real_Handwriting/images/form_218_sentence_5.png,Cukrų ir cinamoną dedame į pyragą.
Datasets/Synthetic_Sentences/images/sentence_42463.png,Ar mokytoja dirba ligoninėje?
Datasets/Real_Handwriting/images/form_234_sentence_1.png,Mergaitė mėgsta žaisti žaislą.
Datasets/Synthetic_Sentences/images/sentence_61649.png,Šiandien Tomas perka dovaną.
Datasets/Real_Handwriting/images/form_132_sentence_2.png,Šiandien mes rašo labai.
Datasets/Synthetic_Sentences/images/sentence_29698.png,Švelniai gydytojas perka kavą.
Datasets/Real_Handwriting/images/form_422_sentence_2.png,Žilvinas geria vandenį.
Datasets/Real_Handwriting/images/form_431_sentence_2.png,Džiaugsmingai Tomas perka žaislą.
Datasets/Synthetic_Sentences/images/sentence_29760.png,Mergaitė nori gerti arbatą.
Datasets/Real_Handwriting/images/form_228_sentence_2.png,Greitai berniukas rašo laišką.
Datasets/Real_Handwriting/images/form_320_sentence_4.png,Ar mokytojas mėgsta rašyti?
Datasets/Synthetic_Sentences/images/sentence_08418.png,Ar Mantas dirba sode?
Datasets/Real_Handwriting/images/form_220_sentence_3.png,Laura pradeda plaukti.
Datasets/Synthetic_Sentences/images/sentence_25779.png,Drąsiai Kristina skaito žurnalą ligoninėje.
Datasets/Synthetic_Sentences/images/sentence_01640.png,Ką Žilvinas skaito?
Datasets/Synthetic_Sentences/images/sentence_62000.png,Ar Eglė skaito knygą?
Datasets/Real_Handwriting/images/form_369_sentence_2.png,Ar Tomas nori ilsėtis?
Datasets/Real_Handwriting/images/form_447_sentence_4.png,Vaikas skaito žurnalą.
Datasets/Real_Handwriting/images/form_388_sentence_4.png,Šiandien Laura dirba darbe.
Datasets/Synthetic_Sentences/images/sentence_44964.png,Švelniai Petras skaito žemėlapį namuose.
Datasets/Real_Handwriting/images/form_483_sentence_1.png,Tyliai katė perka kavą.
Datasets/Real_Handwriting/images/form_002_sentence_2.png,Moteris mąsto egzaminą.
Datasets/Synthetic_Sentences/images/sentence_47706.png,"Ingrida mokosi mieste, bet nori šokti."
Datasets/Real_Handwriting/images/form_367_sentence_4.png,Šuo bando groti.
Datasets/Real_Handwriting/images/form_301_sentence_4.png,Vaikas skaito laišką.
Datasets/Synthetic_Sentences/images/sentence_52832.png,Jonas mėgsta gerti pieną.
Datasets/Synthetic_Sentences/images/sentence_63772.png,"Gintaras mokosi darbe, nes turi daug darbo."
Datasets/Real_Handwriting/images/form_429_sentence_3.png,Džiaugsmingai Gintaras rašo projektą.
Datasets/Synthetic_Sentences/images/sentence_65820.png,Šiandien Rasa perka duoną.
Datasets/Synthetic_Sentences/images/sentence_23238.png,"Mantas mokosi namuose, bet nori skaityti."
Datasets/Real_Handwriting/images/form_193_sentence_3.png,Katė labai vakar klauso.
Datasets/Synthetic_Sentences/images/sentence_18245.png,Tomas žaidžia kalnuose.
Datasets/Synthetic_Sentences/images/sentence_59009.png,Neringa nori gerti.
Datasets/Real_Handwriting/images/form_188_sentence_5.png,Mergaitė nori eiti receptą.
Datasets/Real_Handwriting/images/form_343_sentence_5.png,Cukrų ir cinamoną dedame į pyragą.
Datasets/Synthetic_Sentences/images/sentence_67611.png,Katė mėgsta gerti sultis.
Datasets/Real_Handwriting/images/form_508_sentence_1.png,Kristina bando gerti.
Datasets/Real_Handwriting/images/form_005_sentence_3.png,Draugas keliauoja ir keliauoja.
Datasets/Real_Handwriting/images/form_451_sentence_4.png,Šiandien šuo mokosi bibliotekoje.
Datasets/Synthetic_Sentences/images/sentence_67176.png,Vakar Gintaras dirbo sode.
Datasets/Synthetic_Sentences/images/sentence_52595.png,Eglė valgo daržoves.
Datasets/Synthetic_Sentences/images/sentence_04167.png,Neringa rašo žemėlapį.
Datasets/Real_Handwriting/images/form_154_sentence_4.png,Ar jos dainuoja?
Datasets/Real_Handwriting/images/form_258_sentence_3.png,Žmogus stato bokštą.
Datasets/Real_Handwriting/images/form_200_sentence_2.png,Vaikai mąsto kaime ir miške.
Datasets/Real_Handwriting/images/form_183_sentence_3.png,Ji mielai rašo.
Datasets/Synthetic_Sentences/images/sentence_66454.png,Katė nenori galvoti.
Datasets/Synthetic_Sentences/images/sentence_19322.png,Mergaitė mėgsta gerti pieną.
Datasets/Synthetic_Sentences/images/sentence_02513.png,Gintaras dirba upės pakrantėje naktį.
Datasets/Real_Handwriting/images/form_412_sentence_1.png,Šiandien studentė perka kavą.
Datasets/Real_Handwriting/images/form_131_sentence_4.png,Studentas labai greitai skuba.
Datasets/Real_Handwriting/images/form_263_sentence_3.png,Laura bando važiuoti.
Datasets/Synthetic_Sentences/images/sentence_44050.png,Tomas mėgsta sportuoti.
Datasets/Real_Handwriting/images/form_238_sentence_4.png,Ar katė dirba stotyje?
Datasets/Synthetic_Sentences/images/sentence_60030.png,Greitai Mantas skaito laišką.
Datasets/Synthetic_Sentences/images/sentence_27238.png,Studentė dirba kavinėje.
Datasets/Real_Handwriting/images/form_351_sentence_4.png,Žmogus stato bokštą.
Datasets/Synthetic_Sentences/images/sentence_14978.png,Tyliai Tomas skaito istoriją kavinėje.
Datasets/Real_Handwriting/images/form_129_sentence_4.png,Studentai skuba parke.
Datasets/Real_Handwriting/images/form_171_sentence_3.png,Ji žiūri darbą.
Datasets/Real_Handwriting/images/form_052_sentence_3.png,Šiandien gydytojai mąsto niekada.
Datasets/Synthetic_Sentences/images/sentence_29678.png,Vakar gydytojas dirbo mieste.
Datasets/Synthetic_Sentences/images/sentence_23286.png,Ar Jurgita mėgsta rašyti?
Datasets/Synthetic_Sentences/images/sentence_15189.png,Švelniai Rasa perka arbatą.
Datasets/Real_Handwriting/images/form_472_sentence_4.png,Ar Mantas skaito receptą?
Datasets/Synthetic_Sentences/images/sentence_04051.png,"Vaikas mokosi mokykloje, bet nori rašyti."
Datasets/Synthetic_Sentences/images/sentence_60844.png,Ingrida valgo obuolį.
Datasets/Real_Handwriting/images/form_360_sentence_3.png,Ar Jurgita mokosi darbe?
Datasets/Synthetic_Sentences/images/sentence_29620.png,Saulius nori piešti.
Datasets/Real_Handwriting/images/form_464_sentence_2.png,Ar vaikas skaito knygą?
Datasets/Real_Handwriting/images/form_475_sentence_5.png,Daina skamba per visą sodą.
Datasets/Real_Handwriting/images/form_391_sentence_5.png,Jaunas studentas juda drąsiai į priekį.
Datasets/Synthetic_Sentences/images/sentence_53605.png,Danielius gyvena upės pakrantėje.
Datasets/Real_Handwriting/images/form_202_sentence_5.png,Piešia studentas spalvingą paveikslą.
Datasets/Synthetic_Sentences/images/sentence_60985.png,"Tomas dirba kaime, nes turi daug darbo."
Datasets/Real_Handwriting/images/form_105_sentence_5.png,Šiandien mergaitės juokiasi atidžiai.
Datasets/Synthetic_Sentences/images/sentence_09412.png,Mielai studentas mokosi ligoninėje.
Datasets/Real_Handwriting/images/form_062_sentence_3.png,Šuo labai kartu piešia.
Datasets/Real_Handwriting/images/form_298_sentence_1.png,Ar studentas skaito laišką?
Datasets/Real_Handwriting/images/form_167_sentence_3.png,Draugai juokiasi kavą.
Datasets/Real_Handwriting/images/form_407_sentence_4.png,Gydytojas stato suolą.
Datasets/Real_Handwriting/images/form_482_sentence_4.png,Mantas stato namą.
Datasets/Real_Handwriting/images/form_463_sentence_4.png,Petras sportuoja bibliotekoje.
Datasets/Real_Handwriting/images/form_463_sentence_5.png,Cukrų ir cinamoną dedame į pyragą.
Datasets/Real_Handwriting/images/form_117_sentence_2.png,Vyras nori skubėti mokyklą.
Datasets/Synthetic_Sentences/images/sentence_55104.png,Džiaugsmingai mokytojas rašo projektą.
Datasets/Synthetic_Sentences/images/sentence_13549.png,Mantas dirba sode.
Datasets/Synthetic_Sentences/images/sentence_47832.png,"Katė mokosi ligoninėje, nes nori pailsėti."
Datasets/Synthetic_Sentences/images/sentence_09970.png,Tyliai Danielius dirba ežero pakrantėje.
Datasets/Real_Handwriting/images/form_247_sentence_4.png,Petras gyvena ligoninėje.
Datasets/Synthetic_Sentences/images/sentence_29951.png,Ar Ingrida mokosi upės pakrantėje?
Datasets/Real_Handwriting/images/form_485_sentence_2.png,Mantas mėgsta valgyti.
Datasets/Synthetic_Sentences/images/sentence_44266.png,Rūpestingai Gintaras skaito laišką.
Datasets/Synthetic_Sentences/images/sentence_46203.png,Vaikas nedirba kalnuose.
Datasets/Real_Handwriting/images/form_309_sentence_5.png,Ją labai džiugino jaukūs namai.
Datasets/Real_Handwriting/images/form_172_sentence_3.png,Gydytojai pradeda dainuoti namus.
Datasets/Real_Handwriting/images/form_173_sentence_3.png,Moterys verkia sode ir prie ežero.
Datasets/Real_Handwriting/images/form_232_sentence_2.png,Ar studentė skaito žemėlapį?
Datasets/Synthetic_Sentences/images/sentence_26192.png,Kodėl Jurgita dirba bibliotekoje?
Datasets/Real_Handwriting/images/form_041_sentence_1.png,Draugas retai keliauoja.
Datasets/Real_Handwriting/images/form_069_sentence_1.png,Studentas labai gerai tvarkosi.
Datasets/Real_Handwriting/images/form_266_sentence_1.png,Ar mokytojas skaito istoriją?
Datasets/Real_Handwriting/images/form_420_sentence_5.png,Brolis bėga per baltą sniegą.
Datasets/Real_Handwriting/images/form_333_sentence_1.png,Mantas dirba stadione.
Datasets/Synthetic_Sentences/images/sentence_49769.png,Drąsiai mokytoja mokosi kavinėje vakare.
Datasets/Synthetic_Sentences/images/sentence_12873.png,Danielius nori gerti kavą.
Datasets/Real_Handwriting/images/form_402_sentence_2.png,Žmogus nori šokti.
Datasets/Synthetic_Sentences/images/sentence_31912.png,Ingrida gyvena pievoje.
Datasets/Synthetic_Sentences/images/sentence_43307.png,Švelniai berniukas dirba paplūdimyje.
Datasets/Synthetic_Sentences/images/sentence_47398.png,Vaikas pradeda sportuoti.
Datasets/Real_Handwriting/images/form_432_sentence_2.png,Jurgita rašo žemėlapį.
Datasets/Real_Handwriting/images/form_393_sentence_5.png,Šuo išbėgo į kiemą ir pradėjo loti.
Datasets/Real_Handwriting/images/form_075_sentence_1.png,Moteris tvarkosi ir tvarkosi.
Datasets/Synthetic_Sentences/images/sentence_25344.png,Vakar Jurgita nešė žaislą.
Datasets/Synthetic_Sentences/images/sentence_33962.png,Lėtai Danielius mokosi kalnuose.
Datasets/Real_Handwriting/images/form_433_sentence_4.png,Greitai Eglė valgo košę.
Datasets/Synthetic_Sentences/images/sentence_03213.png,Rūpestingai mokytojas dirba ligoninėje.
Datasets/Real_Handwriting/images/form_128_sentence_5.png,Moteris bėga arbatą.
Datasets/Real_Handwriting/images/form_360_sentence_2.png,Ar Kristina nori piešti?
Datasets/Synthetic_Sentences/images/sentence_13777.png,Petras neskaito istoriją.
Datasets/Synthetic_Sentences/images/sentence_17898.png,Rytoj Marija eis upės pakrantėje.
Datasets/Synthetic_Sentences/images/sentence_43082.png,Rytoj Jurgita skaitys receptą.
Datasets/Synthetic_Sentences/images/sentence_20146.png,Jurgita gyvena miške.
Datasets/Real_Handwriting/images/form_093_sentence_1.png,Mergaitės kartu klauso.
Datasets/Real_Handwriting/images/form_237_sentence_5.png,Kavinėje kvepėjo kava ir cinamonu.
Datasets/Real_Handwriting/images/form_090_sentence_2.png,Gerai mergaitė žiūri dainą.
Datasets/Synthetic_Sentences/images/sentence_67093.png,Džiaugsmingai Rasa neša žaislą.
Datasets/Real_Handwriting/images/form_028_sentence_2.png,Šiandien gydytojas eina blogai.
Datasets/Synthetic_Sentences/images/sentence_02377.png,Berniukas bando sportuoti.
Datasets/Real_Handwriting/images/form_144_sentence_3.png,Šiandien jis bėga niekada.
Datasets/Synthetic_Sentences/images/sentence_28965.png,Švelniai Danielius ilsisi bibliotekoje.
Datasets/Real_Handwriting/images/form_425_sentence_5.png,Ją labai džiugino jaukūs namai.
Datasets/Real_Handwriting/images/form_027_sentence_4.png,Aš šoka kalnuose ir paplūdimyje.
Datasets/Real_Handwriting/images/form_374_sentence_2.png,Atidžiai studentas ilsisi kavinėje.
Datasets/Real_Handwriting/images/form_324_sentence_5.png,Kavinėje kvepėjo kava ir cinamonu.
Datasets/Synthetic_Sentences/images/sentence_22937.png,Vaikas nori skaityti laišką.
Datasets/Synthetic_Sentences/images/sentence_00349.png,Ingrida mėgsta gerti arbatą.
Datasets/Real_Handwriting/images/form_273_sentence_2.png,Tyliai Rasa ilsisi kavinėje.
Datasets/Real_Handwriting/images/form_507_sentence_3.png,Vakar Gintaras nešė laišką.
Datasets/Synthetic_Sentences/images/sentence_24968.png,Džiaugsmingai Marija dirba upės pakrantėje.
Datasets/Real_Handwriting/images/form_242_sentence_5.png,Cukrų ir cinamoną dedame į pyragą.
Datasets/Real_Handwriting/images/form_324_sentence_1.png,Mokytoja mokosi sode.
Datasets/Synthetic_Sentences/images/sentence_39796.png,Šiandien šuo dirba bibliotekoje.
Datasets/Real_Handwriting/images/form_067_sentence_5.png,Smagiai vaikas šoka žemėlapį.
Datasets/Synthetic_Sentences/images/sentence_34945.png,Gintaras dirba kalnuose ryte.
Datasets/Synthetic_Sentences/images/sentence_14627.png,Tomas ilsisi miške.
Datasets/Synthetic_Sentences/images/sentence_06389.png,Marija nori pirkti arbatą.
Datasets/Real_Handwriting/images/form_174_sentence_5.png,Vyrai vakar skaito.
Datasets/Synthetic_Sentences/images/sentence_31369.png,Šiandien Laura dirba namuose.
Datasets/Synthetic_Sentences/images/sentence_16487.png,Marija perka greitą arbatą.
Datasets/Synthetic_Sentences/images/sentence_21138.png,Šiandien studentas perka žaislą.
Datasets/Synthetic_Sentences/images/sentence_67261.png,Šuo nori rašyti receptą.
Datasets/Synthetic_Sentences/images/sentence_10305.png,Jonas perka knygą.
Datasets/Synthetic_Sentences/images/sentence_44009.png,Rytoj mergaitė skaitys knygą.
Datasets/Real_Handwriting/images/form_504_sentence_4.png,Šiandien žmogus ilsisi stadione.
Datasets/Synthetic_Sentences/images/sentence_00098.png,Marija stengiasi mokytis.
Datasets/Real_Handwriting/images/form_408_sentence_3.png,Greitai Marija dirba paplūdimyje.
Datasets/Real_Handwriting/images/form_486_sentence_4.png,Studentė mėgsta groti dovaną.
Datasets/Synthetic_Sentences/images/sentence_59294.png,Vakar mokytoja skaitė istoriją.
Datasets/Synthetic_Sentences/images/sentence_33849.png,Džiaugsmingai katė neša laišką.
Datasets/Real_Handwriting/images/form_033_sentence_2.png,Šiandien jie geria kartu.
Datasets/Real_Handwriting/images/form_481_sentence_1.png,Ar Saulius mėgsta bėgti?
Datasets/Real_Handwriting/images/form_309_sentence_3.png,Ar Mindaugas dirba pievoje?
Datasets/Real_Handwriting/images/form_044_sentence_3.png,Moteris eina ir eina.
Datasets/Synthetic_Sentences/images/sentence_04597.png,Ar Jonas dirba bibliotekoje?
Datasets/Synthetic_Sentences/images/sentence_29796.png,Drąsiai Saulius mokosi sode po pietų.
Datasets/Synthetic_Sentences/images/sentence_16524.png,Saulius dirba paplūdimyje.
Datasets/Synthetic_Sentences/images/sentence_40419.png,Ką šuo skaito?
Datasets/Real_Handwriting/images/form_276_sentence_1.png,Žilvinas geria vandenį.
Datasets/Synthetic_Sentences/images/sentence_69227.png,Ramiai Kristina dirba sode.
Datasets/Real_Handwriting/images/form_382_sentence_3.png,Neringa valgo daržoves.
Datasets/Real_Handwriting/images/form_465_sentence_4.png,Ar Kristina skaito žemėlapį?
Datasets/Synthetic_Sentences/images/sentence_65149.png,Mantas lankosi pievoje.
Datasets/Synthetic_Sentences/images/sentence_17738.png,"Gintaras nori dirbti, nes nes jam patinka."
Datasets/Synthetic_Sentences/images/sentence_46621.png,Žilvinas nori pirkti knygą.
Datasets/Synthetic_Sentences/images/sentence_10689.png,Tyliai Kristina dirba sode.
Datasets/Synthetic_Sentences/images/sentence_42856.png,Šiandien Jonas ilsisi ligoninėje.
Datasets/Synthetic_Sentences/images/sentence_14901.png,Petras žaidžia kalnuose.
Datasets/Synthetic_Sentences/images/sentence_02076.png,Petras mėgsta valgyti.
Datasets/Real_Handwriting/images/form_043_sentence_3.png,Šiandien vyrai eina niekada.
Datasets/Real_Handwriting/images/form_423_sentence_5.png,Kavinėje kvepėjo kava ir cinamonu.
Datasets/Synthetic_Sentences/images/sentence_19158.png,Šiandien mokytoja ilsisi sode.
Datasets/Real_Handwriting/images/form_140_sentence_3.png,Moteris geria mokykloje ir ligoninėje.
Datasets/Synthetic_Sentences/images/sentence_44869.png,Jurgita nori tvarkytis.
Datasets/Synthetic_Sentences/images/sentence_47541.png,Rasa mėgsta gerti pieną.
Datasets/Real_Handwriting/images/form_086_sentence_3.png,Atidžiai vyras galvoja knygą.
Datasets/Synthetic_Sentences/images/sentence_60420.png,Gydytojas lankosi mieste.
Datasets/Real_Handwriting/images/form_019_sentence_5.png,Mokytojai nori ilsėtis žemėlapį.
Datasets/Real_Handwriting/images/form_425_sentence_1.png,Ar Marija mokosi parke?
Datasets/Real_Handwriting/images/form_504_sentence_3.png,Rasa valgo sriubą.
Datasets/Real_Handwriting/images/form_426_sentence_3.png,Džiaugsmingai paukštis mokosi kaime.
Datasets/Synthetic_Sentences/images/sentence_61331.png,Mergaitė nori eiti.
Datasets/Synthetic_Sentences/images/sentence_56038.png,Greitai Jurgita rašo istoriją.
Datasets/Synthetic_Sentences/images/sentence_46839.png,"Mokytoja mokosi paplūdimyje, bet nori bėgti."
Datasets/Real_Handwriting/images/form_029_sentence_2.png,Mokytojai kalba namus.
Datasets/Real_Handwriting/images/form_240_sentence_4.png,Kruopščiai Jurgita perka knygą.
Datasets/Real_Handwriting/images/form_031_sentence_3.png,Ar studentas sportuoja?
Datasets/Synthetic_Sentences/images/sentence_36280.png,Katė mėgsta skaityti istoriją.
Datasets/Synthetic_Sentences/images/sentence_42394.png,Mantas dirba stadione ir skaito laišką.
Datasets/Synthetic_Sentences/images/sentence_28984.png,Jurgita dirba stotyje.
Datasets/Real_Handwriting/images/form_318_sentence_3.png,Tyliai mokytoja dirba stotyje.
Datasets/Real_Handwriting/images/form_183_sentence_2.png,Paukštis mokosi receptą.
Datasets/Synthetic_Sentences/images/sentence_15955.png,Ramiai mokytojas valgo sriubą.
Datasets/Synthetic_Sentences/images/sentence_39132.png,Berniukas rašo laišką.
Datasets/Synthetic_Sentences/images/sentence_43990.png,Berniukas skaito spalvotą žemėlapį.
Datasets/Synthetic_Sentences/images/sentence_01196.png,Berniukas nori pirkti kavą.
Datasets/Synthetic_Sentences/images/sentence_61034.png,"Mergaitė mokosi darbe, nes turi daug darbo."
Datasets/Synthetic_Sentences/images/sentence_56607.png,Vaikas mokosi parke.
Datasets/Real_Handwriting/images/form_084_sentence_3.png,Ramiai vyras mokosi žaidimą.
Datasets/Real_Handwriting/images/form_061_sentence_4.png,Šiandien mergaitė sportuoja šiandien.
Datasets/Synthetic_Sentences/images/sentence_63297.png,Berniukas mėgsta pirkti kavą.
Datasets/Real_Handwriting/images/form_076_sentence_1.png,Katė mėgsta piešti.
Datasets/Synthetic_Sentences/images/sentence_46462.png,"Laura dirba mokykloje, nes tai labai įdomu."
Datasets/Synthetic_Sentences/images/sentence_12945.png,Rytoj mokytojas skaitys receptą.
Datasets/Synthetic_Sentences/images/sentence_34990.png,Kruopščiai mokytojas mokosi ligoninėje ryte.
Datasets/Synthetic_Sentences/images/sentence_19673.png,Mantas nori pirkti gėlę.
Datasets/Real_Handwriting/images/form_364_sentence_5.png,Kartu keliaujame per kalnų taką.
Datasets/Synthetic_Sentences/images/sentence_04034.png,"Tomas nori žaisti, nes nes jam patinka."
Datasets/Synthetic_Sentences/images/sentence_06162.png,Šiandien mokytojas dirba bibliotekoje.
Datasets/Synthetic_Sentences/images/sentence_43167.png,Kristina neša žaislą.
Datasets/Synthetic_Sentences/images/sentence_69215.png,Mindaugas nori valgyti.
Datasets/Synthetic_Sentences/images/sentence_38501.png,Kristina perka knygą.
Datasets/Real_Handwriting/images/form_440_sentence_2.png,Šiandien mokytojas mokosi mieste.
Datasets/Real_Handwriting/images/form_038_sentence_1.png,Jūs žiūri ir žiūri.
Datasets/Synthetic_Sentences/images/sentence_08679.png,Garsiai gydytojas valgo vaisius.
Datasets/Real_Handwriting/images/form_306_sentence_3.png,Studentas dirba kaime.
Datasets/Real_Handwriting/images/form_363_sentence_1.png,Vakar žirgas skaitė žemėlapį.
Datasets/Real_Handwriting/images/form_145_sentence_1.png,Jie pradeda skaityti.
Datasets/Real_Handwriting/images/form_028_sentence_1.png,Smagiai moteris tvarkosi knygą.
Datasets/Synthetic_Sentences/images/sentence_18527.png,"Mantas mokosi sode, bet nori valgyti."
Datasets/Real_Handwriting/images/form_037_sentence_1.png,Mergaitės skaito ir skaito.
Datasets/Real_Handwriting/images/form_166_sentence_3.png,Vakar gydytojas kalba maistą.
Datasets/Real_Handwriting/images/form_012_sentence_5.png,Šiandien mokytojas miega atidžiai.
Datasets/Synthetic_Sentences/images/sentence_48338.png,"Šuo dirba bibliotekoje, nes tai labai įdomu."
Datasets/Synthetic_Sentences/images/sentence_38135.png,Šiandien Rasa mokosi mokykloje.
Datasets/Synthetic_Sentences/images/sentence_52289.png,Ramiai mokytoja neša dovaną.
Datasets/Synthetic_Sentences/images/sentence_38718.png,Atidžiai Mindaugas neša žaislą.
Datasets/Synthetic_Sentences/images/sentence_27949.png,Rasa dirba darbe.
Datasets/Synthetic_Sentences/images/sentence_50461.png,Šiandien mokytoja mokosi kavinėje.
Datasets/Synthetic_Sentences/images/sentence_22661.png,Ingrida nori gerti sultis.
Datasets/Real_Handwriting/images/form_251_sentence_3.png,Ar studentė mėgsta groti?
Datasets/Synthetic_Sentences/images/sentence_52464.png,Danielius perka šaltą žaislą.
Datasets/Synthetic_Sentences/images/sentence_42721.png,Atidžiai Žilvinas skaito knygą paplūdimyje.
Datasets/Real_Handwriting/images/form_236_sentence_3.png,Danielius dirba stadione.
Datasets/Real_Handwriting/images/form_431_sentence_3.png,Žmogus rašo projektą.
Datasets/Real_Handwriting/images/form_077_sentence_1.png,Ar jos bėga?
Datasets/Synthetic_Sentences/images/sentence_20281.png,Mokytoja valgo daržoves.
Datasets/Synthetic_Sentences/images/sentence_48326.png,Ar studentė dirba pievoje?
Datasets/Synthetic_Sentences/images/sentence_33363.png,Gintaras mėgsta skaityti žurnalą.
Datasets/Synthetic_Sentences/images/sentence_01106.png,Žilvinas lankosi darbe.
Datasets/Synthetic_Sentences/images/sentence_68104.png,Kodėl Neringa dirba ligoninėje?
Datasets/Synthetic_Sentences/images/sentence_43473.png,Ar Eglė mokosi stadione?
Datasets/Synthetic_Sentences/images/sentence_32288.png,Rytoj Žilvinas skaitys receptą.
Datasets/Synthetic_Sentences/images/sentence_65357.png,Jonas neša dovaną.
Datasets/Synthetic_Sentences/images/sentence_53734.png,Berniukas mokosi bibliotekoje po pietų.
Datasets/Real_Handwriting/images/form_441_sentence_2.png,Šiandien berniukas mokosi parke.
Datasets/Synthetic_Sentences/images/sentence_03770.png,Kristina dirba ežero pakrantėje ryte.
Datasets/Real_Handwriting/images/form_377_sentence_5.png,"Vaikas verkia, nes pametė žaislą."
Datasets/Real_Handwriting/images/form_212_sentence_4.png,Greitai berniukas skaito receptą.
Datasets/Real_Handwriting/images/form_055_sentence_4.png,Ji piešia miške ir kalnuose.
Datasets/Synthetic_Sentences/images/sentence_14860.png,Mokytojas mėgsta pirkti žaislą.
Datasets/Synthetic_Sentences/images/sentence_58058.png,Mindaugas mėgsta gerti sultis.
Datasets/Real_Handwriting/images/form_236_sentence_5.png,Katė keliasi anksti kiekvieną rytą.
Datasets/Real_Handwriting/images/form_377_sentence_4.png,Atidžiai Neringa mokosi upės pakrantėje.
Datasets/Synthetic_Sentences/images/sentence_63832.png,Kodėl Marija dirba ligoninėje?
Datasets/Real_Handwriting/images/form_305_sentence_1.png,Šiandien studentas perka gėlę.
Datasets/Real_Handwriting/images/form_495_sentence_3.png,Kristina nori piešti dovaną.
Datasets/Real_Handwriting/images/form_326_sentence_4.png,Eglė žaidžia namuose.
Datasets/Real_Handwriting/images/form_488_sentence_3.png,Ar Laura nori žaisti?
Datasets/Synthetic_Sentences/images/sentence_51268.png,Šuo dirba ligoninėje ir skaito receptą.
Datasets/Real_Handwriting/images/form_083_sentence_1.png,Gydytojai labai šiandien dainuoja.
Datasets/Real_Handwriting/images/form_458_sentence_3.png,Garsiai šeima sportuoja kalnuose.
Datasets/Synthetic_Sentences/images/sentence_52916.png,Mindaugas žaidžia ežero pakrantėje.
Datasets/Real_Handwriting/images/form_026_sentence_3.png,Vaikai galvoja mieste.
Datasets/Synthetic_Sentences/images/sentence_33281.png,Ar Laura mėgsta tvarkytis?
Datasets/Real_Handwriting/images/form_148_sentence_1.png,Gydytojas dainuoja namuose ir kalnuose.
Datasets/Synthetic_Sentences/images/sentence_59537.png,Atidžiai Kristina perka kavą.
Datasets/Synthetic_Sentences/images/sentence_56586.png,Ar Rasa skaito žurnalą?
Datasets/Synthetic_Sentences/images/sentence_18136.png,Saulius lankosi ežero pakrantėje.
Datasets/Synthetic_Sentences/images/sentence_68013.png,Mindaugas skaito įdomų istoriją.
Datasets/Synthetic_Sentences/images/sentence_01979.png,Renata rašo žemėlapį.
Datasets/Synthetic_Sentences/images/sentence_62344.png,Mielai Petras rašo projektą.
Datasets/Real_Handwriting/images/form_466_sentence_2.png,Vaikas mėgsta ilsėtis.
Datasets/Synthetic_Sentences/images/sentence_38572.png,Berniukas nori skaityti.
Datasets/Real_Handwriting/images/form_412_sentence_2.png,Berniukas bando groti.
Datasets/Real_Handwriting/images/form_320_sentence_2.png,Kristina būna kalnuose.
Datasets/Real_Handwriting/images/form_341_sentence_3.png,Rytoj studentė eis stadione.
Datasets/Synthetic_Sentences/images/sentence_18552.png,Jurgita renka grybus.
Datasets/Synthetic_Sentences/images/sentence_14241.png,Jonas sportuoja kaime.
Datasets/Synthetic_Sentences/images/sentence_03958.png,Rytoj šuo eis namuose.
Datasets/Real_Handwriting/images/form_205_sentence_4.png,Tyliai Jonas mokosi darbe.
Datasets/Synthetic_Sentences/images/sentence_07525.png,Šiandien mergaitė perka žaislą.
Datasets/Real_Handwriting/images/form_269_sentence_1.png,Mielai Rasa neša žaislą.
Datasets/Synthetic_Sentences/images/sentence_10164.png,Kur Kristina dirba?
Datasets/Synthetic_Sentences/images/sentence_30091.png,Studentas dirba parke po pietų.
Datasets/Real_Handwriting/images/form_110_sentence_3.png,Šiandien ji tvarkosi dažnai.
Datasets/Synthetic_Sentences/images/sentence_37709.png,Mokytojas ilsisi miške.
Datasets/Synthetic_Sentences/images/sentence_54914.png,Eglė nori rašyti istoriją.
Datasets/Synthetic_Sentences/images/sentence_39736.png,Gintaras perka šaltą gėlę.
Datasets/Synthetic_Sentences/images/sentence_26043.png,Šuo nenori bėgti.
Datasets/Synthetic_Sentences/images/sentence_47190.png,Berniukas gyvena bibliotekoje.
Datasets/Synthetic_Sentences/images/sentence_61473.png,Mantas neskaito receptą.
Datasets/Real_Handwriting/images/form_435_sentence_5.png,Futbolininkas šokinėja per kliūtis.
Datasets/Real_Handwriting/images/form_274_sentence_2.png,Berniukas nori važiuoti.
Datasets/Synthetic_Sentences/images/sentence_31008.png,Šiandien mergaitė skaito istoriją.
Datasets/Synthetic_Sentences/images/sentence_24867.png,Vakar mokytojas nešė žaislą.
Datasets/Synthetic_Sentences/images/sentence_63454.png,Marija mėgsta skaityti žemėlapį.
Datasets/Synthetic_Sentences/images/sentence_47695.png,Mielai Marija perka duoną.
Datasets/Synthetic_Sentences/images/sentence_62741.png,Renata pradeda rašyti.
Datasets/Synthetic_Sentences/images/sentence_51536.png,Eglė mėgsta valgyti vaisius.
Datasets/Real_Handwriting/images/form_091_sentence_3.png,Moteris geria kavą mieste.
Datasets/Real_Handwriting/images/form_278_sentence_4.png,Rytoj Ingrida eis sode.
Datasets/Real_Handwriting/images/form_336_sentence_5.png,Kavinėje kvepėjo kava ir cinamonu.
Datasets/Real_Handwriting/images/form_190_sentence_4.png,Mes valgo namuose ir bibliotekoje.
Datasets/Real_Handwriting/images/form_400_sentence_3.png,Neringa sportuoja sode.
Datasets/Synthetic_Sentences/images/sentence_27581.png,Renata perka greitą arbatą.
Datasets/Real_Handwriting/images/form_335_sentence_3.png,Mantas stengiasi plaukti.
Datasets/Real_Handwriting/images/form_411_sentence_3.png,Saulius skaito žurnalą.
Datasets/Synthetic_Sentences/images/sentence_55362.png,Studentė lankosi parke.
Datasets/Synthetic_Sentences/images/sentence_62014.png,Ingrida nori valgyti duoną.
Datasets/Synthetic_Sentences/images/sentence_29622.png,Ar Eglė mokosi mokykloje?
Datasets/Real_Handwriting/images/form_428_sentence_1.png,Šiandien Neringa ilsisi pievoje.
Datasets/Synthetic_Sentences/images/sentence_32165.png,Ar Saulius mėgsta tvarkytis?
Datasets/Synthetic_Sentences/images/sentence_69695.png,Gintaras skaito istoriją.
Datasets/Synthetic_Sentences/images/sentence_10390.png,Marija stengiasi plaukti.
Datasets/Real_Handwriting/images/form_229_sentence_3.png,Ar Ingrida skaito žurnalą?
Datasets/Real_Handwriting/images/form_211_sentence_1.png,Vakar katė skaitė žurnalą.
Datasets/Real_Handwriting/images/form_348_sentence_5.png,Kavinėje kvepėjo kava ir cinamonu.
Datasets/Real_Handwriting/images/form_066_sentence_2.png,Šiandien aš skaito smagiai.
Datasets/Real_Handwriting/images/form_006_sentence_1.png,Katė skaito ir skaito.
Datasets/Real_Handwriting/images/form_038_sentence_5.png,Vakar mokytojas mokosi receptą.
Datasets/Synthetic_Sentences/images/sentence_21174.png,Ar Jonas mokosi kalnuose?
Datasets/Real_Handwriting/images/form_207_sentence_5.png,Ežeras ežiukui atrodo labai didelis.
Datasets/Real_Handwriting/images/form_239_sentence_2.png,Ar Tomas dirba darbe?
Datasets/Real_Handwriting/images/form_034_sentence_2.png,Šiandien vaikas šoka blogai.
Datasets/Real_Handwriting/images/form_385_sentence_1.png,Mindaugas nori eiti.
Datasets/Synthetic_Sentences/images/sentence_28020.png,Ar katė mokosi mieste?
Datasets/Real_Handwriting/images/form_105_sentence_1.png,Katė mokosi ir mokosi.
Datasets/Real_Handwriting/images/form_507_sentence_4.png,Ar Kristina mokosi mokykloje?
Datasets/Synthetic_Sentences/images/sentence_00261.png,Studentė neša dovaną.
Datasets/Real_Handwriting/images/form_030_sentence_3.png,Mergaitė galvoja ir galvoja.
Datasets/Real_Handwriting/images/form_067_sentence_3.png,Jūs verkia mieste.
Datasets/Synthetic_Sentences/images/sentence_23195.png,Lėtai Gintaras rašo užduotį.
Datasets/Synthetic_Sentences/images/sentence_55050.png,Neringa sportuoja ligoninėje.
Datasets/Real_Handwriting/images/form_215_sentence_2.png,Mindaugas nori gerti paveikslą.
Datasets/Real_Handwriting/images/form_052_sentence_1.png,Mergaitės skuba miške.
Datasets/Synthetic_Sentences/images/sentence_45139.png,Eglė nori valgyti daržoves.
Datasets/Real_Handwriting/images/form_294_sentence_5.png,Cecilija čiuožia ant ledo.
Datasets/Synthetic_Sentences/images/sentence_39519.png,Kodėl berniukas dirba namuose?
Datasets/Synthetic_Sentences/images/sentence_53956.png,Jonas žaidžia paplūdimyje.
Datasets/Real_Handwriting/images/form_064_sentence_3.png,Ar jūs ilsisi?
Datasets/Real_Handwriting/images/form_178_sentence_3.png,Jos keliauoja filmą prie ežero.
Datasets/Real_Handwriting/images/form_088_sentence_5.png,Moteris labai greitai rašo.
Datasets/Real_Handwriting/images/form_056_sentence_2.png,Jis labai retai tvarkosi.
Datasets/Synthetic_Sentences/images/sentence_44364.png,Šiandien mergaitė dirba ežero pakrantėje.
Datasets/Real_Handwriting/images/form_416_sentence_4.png,Rūpestingai šeima mokosi namuose.
Datasets/Real_Handwriting/images/form_163_sentence_3.png,Gydytojai smagiai rašo.
Datasets/Real_Handwriting/images/form_296_sentence_4.png,Danielius būna miške.
Datasets/Synthetic_Sentences/images/sentence_35579.png,Laura mėgsta gerti kavą.
Datasets/Real_Handwriting/images/form_469_sentence_3.png,Rytoj Mindaugas eis kalnuose.
Datasets/Real_Handwriting/images/form_262_sentence_1.png,Rytoj studentė eis parke.
Datasets/Synthetic_Sentences/images/sentence_68586.png,Mielai Gintaras neša krepšį.
Datasets/Real_Handwriting/images/form_017_sentence_3.png,Vaikai pradeda skubėti.
Datasets/Real_Handwriting/images/form_155_sentence_3.png,Mergaitė žiūri paveikslą kavinėje.
Datasets/Synthetic_Sentences/images/sentence_42466.png,Ar berniukas mėgsta gerti?
Datasets/Real_Handwriting/images/form_199_sentence_1.png,Jie šypsosi maistą stadione.
Datasets/Real_Handwriting/images/form_283_sentence_1.png,Ar Saulius skaito receptą?
Datasets/Real_Handwriting/images/form_510_sentence_1.png,Mantas valgo košę.
Datasets/Synthetic_Sentences/images/sentence_67963.png,Kur gydytojas dirba?
Datasets/Synthetic_Sentences/images/sentence_18946.png,"Marija mokosi kaime, bet nori šokti."
Datasets/Real_Handwriting/images/form_250_sentence_5.png,Universiteto studentai žaidžia šachmatais laisvalaikiu.
Datasets/Real_Handwriting/images/form_046_sentence_1.png,Vaikas ramiai ilsisi.
Datasets/Synthetic_Sentences/images/sentence_39410.png,Kur šuo dirba?
Datasets/Synthetic_Sentences/images/sentence_34866.png,Katė mėgsta skaityti knygą.
Datasets/Synthetic_Sentences/images/sentence_12316.png,Renata mėgsta gerti arbatą.
Datasets/Real_Handwriting/images/form_168_sentence_2.png,Mokytojas pradeda tvarkytis muziką.
Datasets/Real_Handwriting/images/form_272_sentence_1.png,Neringa nori šokti laišką.
Datasets/Real_Handwriting/images/form_164_sentence_5.png,Ar studentas galvoja?
Datasets/Synthetic_Sentences/images/sentence_62471.png,Jonas skaito žemėlapį.
Datasets/Real_Handwriting/images/form_127_sentence_1.png,Ji mokosi mieste ir namuose.
Datasets/Synthetic_Sentences/images/sentence_32602.png,Kristina nori plaukti.
Datasets/Synthetic_Sentences/images/sentence_48572.png,Kodėl Renata dirba kalnuose?
Datasets/Synthetic_Sentences/images/sentence_42799.png,Šiandien katė skaito knygą.
Datasets/Real_Handwriting/images/form_146_sentence_5.png,Jie bėga paveikslą.
Datasets/Real_Handwriting/images/form_315_sentence_4.png,Šiandien Petras perka knygą.
Datasets/Real_Handwriting/images/form_253_sentence_1.png,Eglė groja melodiją.
Datasets/Synthetic_Sentences/images/sentence_32061.png,Ingrida lankosi upės pakrantėje.
Datasets/Real_Handwriting/images/form_060_sentence_2.png,Moteris labai blogai skuba.
Datasets/Synthetic_Sentences/images/sentence_58005.png,Ingrida valgo obuolį.
Datasets/Synthetic_Sentences/images/sentence_12449.png,Mokytoja perka knygą.
Datasets/Synthetic_Sentences/images/sentence_64657.png,Kur gydytojas dirba?
Datasets/Synthetic_Sentences/images/sentence_68164.png,Šiandien Mindaugas mokosi bibliotekoje.
Datasets/Real_Handwriting/images/form_035_sentence_2.png,Ji šypsosi ligoninėje.
Datasets/Real_Handwriting/images/form_079_sentence_3.png,Draugas mokosi užduotį kavinėje.
Datasets/Real_Handwriting/images/form_245_sentence_3.png,Greitai Saulius valgo vaisius.
Datasets/Synthetic_Sentences/images/sentence_21771.png,Vakar Ingrida nešė knygą.
Datasets/Synthetic_Sentences/images/sentence_18637.png,Gydytojas dirba paplūdimyje.
Datasets/Synthetic_Sentences/images/sentence_25323.png,Petras žaidžia pievoje.
Datasets/Real_Handwriting/images/form_020_sentence_4.png,Mes žaidžia mokykloje ir darbe.
Datasets/Synthetic_Sentences/images/sentence_21589.png,Kur Tomas dirba?
Datasets/Real_Handwriting/images/form_173_sentence_5.png,Jūs mokosi darbe ir kalnuose.
Datasets/Synthetic_Sentences/images/sentence_34647.png,Petras dirba ligoninėje anksti ryte.
Datasets/Real_Handwriting/images/form_005_sentence_2.png,Jūs miega dainą ligoninėje.
Datasets/Real_Handwriting/images/form_172_sentence_2.png,Mokytojas klauso ir klauso.
Datasets/Real_Handwriting/images/form_415_sentence_2.png,Lėtai gydytojas rašo žemėlapį.
Datasets/Synthetic_Sentences/images/sentence_46619.png,Danielius dirba parke.
Datasets/Real_Handwriting/images/form_061_sentence_3.png,Tu pradeda bėgti.
Datasets/Synthetic_Sentences/images/sentence_09164.png,Ar Jonas nori bėgti?
Datasets/Real_Handwriting/images/form_255_sentence_3.png,Gydytojas būna parke.
Datasets/Real_Handwriting/images/form_181_sentence_4.png,Jie bėga kaime.
Datasets/Real_Handwriting/images/form_490_sentence_2.png,Mielai Rasa perka žaislą.
Datasets/Real_Handwriting/images/form_320_sentence_1.png,Džiaugsmingai Ingrida dirba kaime.
Datasets/Synthetic_Sentences/images/sentence_22295.png,Kur mokytoja dirba?
Datasets/Real_Handwriting/images/form_383_sentence_3.png,Šiandien Jurgita ilsisi kaime.
Datasets/Real_Handwriting/images/form_170_sentence_1.png,Ar mokytojai šoka?
Datasets/Synthetic_Sentences/images/sentence_08301.png,Jonas perka naują dovaną.
Datasets/Real_Handwriting/images/form_466_sentence_1.png,Mindaugas valgo duoną.
Datasets/Synthetic_Sentences/images/sentence_57016.png,Ar mokytojas mėgsta gerti?
Datasets/Synthetic_Sentences/images/sentence_66982.png,Lėtai mokytojas skaito žemėlapį paplūdimyje.
Datasets/Real_Handwriting/images/form_255_sentence_5.png,Hanah sheji skaito hinduistų filosofiją.
Datasets/Synthetic_Sentences/images/sentence_51983.png,Atidžiai Jonas neša laišką.
Datasets/Synthetic_Sentences/images/sentence_45661.png,Mergaitė žaidžia kalnuose.
Datasets/Real_Handwriting/images/form_387_sentence_4.png,Eglė nori groti.
Datasets/Synthetic_Sentences/images/sentence_03088.png,Gydytojas renka akmenis.
Datasets/Synthetic_Sentences/images/sentence_39548.png,"Neringa dirba darbe, nes turi daug darbo."
Datasets/Real_Handwriting/images/form_048_sentence_3.png,Mergaitės kruopščiai keliauoja.
Datasets/Real_Handwriting/images/form_354_sentence_1.png,Paukštis gyvena sode.
Datasets/Synthetic_Sentences/images/sentence_63187.png,Vaikas neskaito knygą.
Datasets/Synthetic_Sentences/images/sentence_20322.png,Ar Renata mėgsta groti?
Datasets/Real_Handwriting/images/form_315_sentence_3.png,Ramiai mokytojas perka dovaną.
Datasets/Synthetic_Sentences/images/sentence_22521.png,Tyliai berniukas rašo laišką.
Datasets/Synthetic_Sentences/images/sentence_14701.png,Katė rašo istoriją.
Datasets/Real_Handwriting/images/form_358_sentence_5.png,Čiurlionį menininkai laiko išskirtiniu kūrėju.
Datasets/Synthetic_Sentences/images/sentence_24300.png,Studentas nedirba darbe.
Datasets/Synthetic_Sentences/images/sentence_10012.png,Eglė nedirba darbe.
Datasets/Synthetic_Sentences/images/sentence_43449.png,Ką studentė skaito?
Datasets/Synthetic_Sentences/images/sentence_52987.png,Garsiai mokytojas perka dovaną.
Datasets/Synthetic_Sentences/images/sentence_06392.png,Saulius skaito laišką.
Datasets/Real_Handwriting/images/form_203_sentence_3.png,Ar katė dirba stotyje?
Datasets/Real_Handwriting/images/form_433_sentence_3.png,Ingrida valgo duoną.
Datasets/Real_Handwriting/images/form_497_sentence_3.png,Danielius nori statyti.
Datasets/Real_Handwriting/images/form_052_sentence_5.png,Vaikai mėgsta miegoti paveikslą.
Datasets/Synthetic_Sentences/images/sentence_29895.png,"Marija dirba stotyje, nes jam patinka."
Datasets/Real_Handwriting/images/form_479_sentence_3.png,Danielius mėgsta bėgti.
Datasets/Synthetic_Sentences/images/sentence_10285.png,Petras nori pirkti arbatą.
Datasets/Synthetic_Sentences/images/sentence_04247.png,Eglė perka šaltą kavą.
Datasets/Real_Handwriting/images/form_042_sentence_3.png,Vaikas bijo keliauti.
Datasets/Synthetic_Sentences/images/sentence_31962.png,Rasa dirba paplūdimyje.
Datasets/Real_Handwriting/images/form_094_sentence_2.png,Studentas valgo namuose.
Datasets/Synthetic_Sentences/images/sentence_30975.png,Jonas mėgsta valgyti obuolį.
Datasets/Real_Handwriting/images/form_268_sentence_3.png,Eglė mėgsta važiuoti knygą.
Datasets/Real_Handwriting/images/form_111_sentence_4.png,Vaikas žiūri ir žiūri.
Datasets/Synthetic_Sentences/images/sentence_00507.png,Ingrida renka vaisius.
Datasets/Real_Handwriting/images/form_032_sentence_1.png,Vaikai galvoja žaidimą.
Datasets/Real_Handwriting/images/form_349_sentence_3.png,Mergaitė geria sultis.
Datasets/Synthetic_Sentences/images/sentence_32500.png,Gintaras mokosi bibliotekoje vėlai vakare.
Datasets/Real_Handwriting/images/form_179_sentence_2.png,Vaikas sportuoja kaime ir sode.
Datasets/Synthetic_Sentences/images/sentence_27363.png,Kruopščiai gydytojas dirba mokykloje.
Datasets/Real_Handwriting/images/form_391_sentence_2.png,Žmogus žaidžia parke.
Datasets/Real_Handwriting/images/form_046_sentence_2.png,Draugai šypsosi miške ir prie ežero.
Datasets/Real_Handwriting/images/form_150_sentence_5.png,Šiandien moterys ilsisi dabar.
Datasets/Real_Handwriting/images/form_313_sentence_3.png,Vakar gydytojas dirbo mokykloje.
Datasets/Synthetic_Sentences/images/sentence_25198.png,Ar studentė nori piešti?
Datasets/Synthetic_Sentences/images/sentence_55575.png,Mantas mėgsta pirkti arbatą.
Datasets/Real_Handwriting/images/form_077_sentence_2.png,Vyrai baigia kalbėti.
Datasets/Real_Handwriting/images/form_356_sentence_2.png,Šiandien Jurgita ilsisi parke.
Datasets/Synthetic_Sentences/images/sentence_28736.png,Atidžiai Ingrida dirba stadione.
Datasets/Real_Handwriting/images/form_395_sentence_4.png,Ar žmogus skaito istoriją?
Datasets/Real_Handwriting/images/form_098_sentence_4.png,Jie labai blogai mąsto.
Datasets/Synthetic_Sentences/images/sentence_28866.png,Danielius neša gėlę.
Datasets/Synthetic_Sentences/images/sentence_00845.png,Rasa pradeda piešti.
Datasets/Real_Handwriting/images/form_474_sentence_1.png,Švelniai Rasa sportuoja mokykloje.
Datasets/Real_Handwriting/images/form_109_sentence_3.png,Dažnai gydytojai sportuoja egzaminą.
Datasets/Synthetic_Sentences/images/sentence_37638.png,Eglė mėgsta pirkti dovaną.
Datasets/Real_Handwriting/images/form_170_sentence_5.png,Mergaitės šypsosi parke ir stadione.
Datasets/Real_Handwriting/images/form_436_sentence_2.png,Šiandien Žilvinas dirba ligoninėje.
Datasets/Real_Handwriting/images/form_321_sentence_3.png,Neringa nori žaisti paveikslą.
Datasets/Real_Handwriting/images/form_458_sentence_5.png,Piešia studentas spalvingą paveikslą.
Datasets/Synthetic_Sentences/images/sentence_11879.png,Šiandien Jonas skaito žurnalą.
Datasets/Real_Handwriting/images/form_238_sentence_2.png,Šiandien gydytojas perka kavą.
Datasets/Synthetic_Sentences/images/sentence_43974.png,Vakar Danielius dirbo parke.
Datasets/Real_Handwriting/images/form_252_sentence_3.png,Renata lankosi kavinėje.
Datasets/Synthetic_Sentences/images/sentence_04884.png,Vaikas nori pirkti kavą.
Datasets/Synthetic_Sentences/images/sentence_31735.png,Renata dirba ežero pakrantėje vakare.
Datasets/Synthetic_Sentences/images/sentence_41977.png,Laura bando kalbėti.
Datasets/Real_Handwriting/images/form_132_sentence_1.png,Mokytojas mielai keliauoja.
Datasets/Real_Handwriting/images/form_188_sentence_2.png,Draugas kalba egzaminą stotyje.
Datasets/Real_Handwriting/images/form_246_sentence_3.png,Žilvinas ilsisi bibliotekoje.
Datasets/Real_Handwriting/images/form_418_sentence_5.png,Universiteto studentai žaidžia šachmatais laisvalaikiu.
Datasets/Real_Handwriting/images/form_119_sentence_1.png,Gydytojas labai ramiai tvarkosi.
Datasets/Synthetic_Sentences/images/sentence_02379.png,Ar studentė nori galvoti?
Datasets/Real_Handwriting/images/form_302_sentence_4.png,Šiandien Jurgita skaito žemėlapį.
Datasets/Real_Handwriting/images/form_265_sentence_5.png,Ona išeina iš namų ankstyvą rytą.
Datasets/Real_Handwriting/images/form_051_sentence_4.png,Šiandien jūs juokiasi smagiai.
Datasets/Synthetic_Sentences/images/sentence_36495.png,Saulius pradeda skaityti.
Datasets/Synthetic_Sentences/images/sentence_10214.png,Danielius žaidžia kalnuose.
Datasets/Real_Handwriting/images/form_227_sentence_5.png,Cukrų ir cinamoną dedame į pyragą.
Datasets/Real_Handwriting/images/form_158_sentence_3.png,Draugas mąsto mokykloje.
Datasets/Synthetic_Sentences/images/sentence_69161.png,Neringa dirba stotyje.
Datasets/Synthetic_Sentences/images/sentence_11582.png,Rūpestingai Neringa mokosi sode.
Datasets/Synthetic_Sentences/images/sentence_05626.png,Mindaugas nenori ilsėtis.
Datasets/Real_Handwriting/images/form_309_sentence_4.png,Garsiai berniukas rašo žemėlapį.
Datasets/Synthetic_Sentences/images/sentence_19022.png,Katė gyvena kaime.
Datasets/Synthetic_Sentences/images/sentence_46868.png,"Katė nori keliauti, nes nes nori pailsėti."
Datasets/Synthetic_Sentences/images/sentence_10028.png,Švelniai Danielius neša knygą.
Datasets/Synthetic_Sentences/images/sentence_29992.png,Mokytoja sportuoja mokykloje.
Datasets/Real_Handwriting/images/form_150_sentence_3.png,Ji rašo ir rašo.
Datasets/Real_Handwriting/images/form_387_sentence_1.png,Danielius pradeda mokytis.
Datasets/Synthetic_Sentences/images/sentence_41548.png,Gintaras rašo laišką.
Datasets/Synthetic_Sentences/images/sentence_06277.png,Gydytojas nenori tvarkytis.
Datasets/Synthetic_Sentences/images/sentence_19320.png,Ar Renata mokosi mieste?
Datasets/Synthetic_Sentences/images/sentence_23682.png,Vakar katė nešė knygą.
Datasets/Real_Handwriting/images/form_314_sentence_4.png,Ar Renata dirba bibliotekoje?
Datasets/Real_Handwriting/images/form_111_sentence_2.png,Jūs baigia skaityti.
Datasets/Synthetic_Sentences/images/sentence_56539.png,Džiaugsmingai Neringa mokosi parke.
Datasets/Synthetic_Sentences/images/sentence_68184.png,Rasa nenori piešti.
Datasets/Real_Handwriting/images/form_219_sentence_2.png,Studentė ilsisi mokykloje.
Datasets/Synthetic_Sentences/images/sentence_24916.png,Laura stengiasi dirbti.
Datasets/Synthetic_Sentences/images/sentence_65981.png,Ar Neringa mėgsta skaityti?
Datasets/Real_Handwriting/images/form_444_sentence_2.png,Ar Petras mėgsta groti?
Datasets/Real_Handwriting/images/form_441_sentence_4.png,Ar vaikas skaito žurnalą?
Datasets/Synthetic_Sentences/images/sentence_12841.png,Ar mokytojas nori valgyti?
Datasets/Real_Handwriting/images/form_290_sentence_5.png,Šį vakarą žvaigždės ypač ryškiai šviečia.
Datasets/Real_Handwriting/images/form_078_sentence_5.png,Studentas klauso arbatą mokykloje.
Datasets/Real_Handwriting/images/form_475_sentence_3.png,Saulius perka duoną.
Datasets/Real_Handwriting/images/form_398_sentence_4.png,Vakar Jurgita dirbo stotyje.
Datasets/Synthetic_Sentences/images/sentence_51144.png,Laura skaito laišką.
Datasets/Synthetic_Sentences/images/sentence_20716.png,Mokytojas mokosi ligoninėje.
Datasets/Synthetic_Sentences/images/sentence_02236.png,Tomas neskaito istoriją.
Datasets/Synthetic_Sentences/images/sentence_21438.png,Mokytoja mėgsta valgyti vaisius.
Datasets/Synthetic_Sentences/images/sentence_60676.png,Šiandien mokytoja skaito žemėlapį.
Datasets/Real_Handwriting/images/form_291_sentence_3.png,Ar Mantas mėgsta žaisti?
Datasets/Synthetic_Sentences/images/sentence_37008.png,"Neringa mokosi mieste, nes reikia pasiruošti."
Datasets/Real_Handwriting/images/form_312_sentence_5.png,Zigmas žiūri žaibą per langą.
Datasets/Synthetic_Sentences/images/sentence_68436.png,Petras perka žaislą.
Datasets/Synthetic_Sentences/images/sentence_02394.png,Vakar studentas dirbo mokykloje.
Datasets/Real_Handwriting/images/form_133_sentence_2.png,Mokytojas geria mieste.
Datasets/Synthetic_Sentences/images/sentence_40058.png,Rasa mokosi bibliotekoje vakare.
Datasets/Synthetic_Sentences/images/sentence_23989.png,Ingrida lankosi stotyje.
Datasets/Real_Handwriting/images/form_295_sentence_4.png,Lėtai Neringa skaito receptą.
Datasets/Real_Handwriting/images/form_494_sentence_2.png,Tyliai vaikas ilsisi bibliotekoje.
Datasets/Real_Handwriting/images/form_494_sentence_5.png,Kavinėje kvepėjo kava ir cinamonu.
Datasets/Synthetic_Sentences/images/sentence_14282.png,Rasa gyvena namuose.
Datasets/Real_Handwriting/images/form_363_sentence_2.png,Rytoj paukštis eis darbe.
Datasets/Real_Handwriting/images/form_079_sentence_1.png,Vyras mėgsta skaityti receptą.
Datasets/Real_Handwriting/images/form_366_sentence_4.png,Kristina nori piešti knygą.
Datasets/Real_Handwriting/images/form_379_sentence_3.png,Ar gydytojas nori sportuoti?
Datasets/Synthetic_Sentences/images/sentence_09735.png,Marija neskaito žemėlapį.
Datasets/Real_Handwriting/images/form_269_sentence_3.png,Neringa perka gėlę.
Datasets/Synthetic_Sentences/images/sentence_58468.png,Vakar studentė nešė dovaną.
Datasets/Real_Handwriting/images/form_506_sentence_3.png,Katė stato bokštą.
Datasets/Synthetic_Sentences/images/sentence_46046.png,Tomas nori skaityti žurnalą.
Datasets/Real_Handwriting/images/form_433_sentence_1.png,Greitai mokytojas neša žaislą.
Datasets/Real_Handwriting/images/form_340_sentence_4.png,Šiandien Žilvinas ilsisi darbe.
Datasets/Synthetic_Sentences/images/sentence_31493.png,Mergaitė gyvena kaime.
Datasets/Synthetic_Sentences/images/sentence_05678.png,Rytoj Neringa skaitys knygą.
Datasets/Real_Handwriting/images/form_071_sentence_5.png,Vyrai verkia ir verkia.
Datasets/Real_Handwriting/images/form_298_sentence_4.png,Paukštis geria pieną.
Datasets/Real_Handwriting/images/form_436_sentence_4.png,Ar Petras dirba ligoninėje?
Datasets/Synthetic_Sentences/images/sentence_03793.png,Gydytojas ilsisi mieste.
Datasets/Synthetic_Sentences/images/sentence_06494.png,Neringa neskaito žemėlapį.
Datasets/Real_Handwriting/images/form_187_sentence_5.png,Vaikas dainuoja bibliotekoje ir namuose.
Datasets/Synthetic_Sentences/images/sentence_39025.png,Gydytojas stengiasi žaisti.
Datasets/Real_Handwriting/images/form_039_sentence_5.png,Jie labai labai dirba.
Datasets/Real_Handwriting/images/form_421_sentence_1.png,Paukštis bando dainuoti.
Datasets/Real_Handwriting/images/form_316_sentence_2.png,Drąsiai Jonas dirba darbe.
Datasets/Real_Handwriting/images/form_001_sentence_2.png,Vaikai piešia receptą.
Datasets/Synthetic_Sentences/images/sentence_20247.png,Ar Mantas nori rašyti?
Datasets/Real_Handwriting/images/form_406_sentence_5.png,Čempionas treniruojasi kiekvieną dieną.
Datasets/Synthetic_Sentences/images/sentence_22032.png,Kristina nori skaityti žurnalą.
Datasets/Synthetic_Sentences/images/sentence_31000.png,Tomas mokosi kalnuose.
Datasets/Real_Handwriting/images/form_349_sentence_2.png,Šiandien Danielius perka žaislą.
Datasets/Real_Handwriting/images/form_081_sentence_5.png,Draugas blogai bėga.
Datasets/Real_Handwriting/images/form_013_sentence_4.png,Gydytojai pradeda miegoti vaisius.
Datasets/Synthetic_Sentences/images/sentence_21945.png,Eglė skaito žemėlapį.
Datasets/Synthetic_Sentences/images/sentence_02013.png,Greitai mokytoja neša gėlę.
Datasets/Synthetic_Sentences/images/sentence_63618.png,Eglė bando tvarkytis.
Datasets/Synthetic_Sentences/images/sentence_52486.png,Mokytoja žaidžia bibliotekoje.
Datasets/Synthetic_Sentences/images/sentence_29319.png,Studentas bando rašyti.
Datasets/Real_Handwriting/images/form_385_sentence_5.png,Cukrų ir cinamoną dedame į pyragą.
Datasets/Real_Handwriting/images/form_117_sentence_1.png,Mokytojas bėga žaidimą kalnuose.
Datasets/Synthetic_Sentences/images/sentence_03828.png,Ingrida nori valgyti duoną.
Datasets/Real_Handwriting/images/form_270_sentence_4.png,Mokytojas dirba mieste.
Datasets/Synthetic_Sentences/images/sentence_59359.png,Eglė skaito greitą istoriją.
Datasets/Synthetic_Sentences/images/sentence_13815.png,Gydytojas nenori piešti.
Datasets/Real_Handwriting/images/form_247_sentence_3.png,Ar Jurgita mokosi kalnuose?
Datasets/Synthetic_Sentences/images/sentence_19971.png,Vakar studentė skaitė žemėlapį.
Datasets/Synthetic_Sentences/images/sentence_45090.png,Renata gyvena darbe.
Datasets/Real_Handwriting/images/form_386_sentence_3.png,Vakar berniukas dirbo kaime.
Datasets/Real_Handwriting/images/form_479_sentence_4.png,Žilvinas perka gėlę.
Datasets/Real_Handwriting/images/form_383_sentence_1.png,Vakar mergaitė skaitė receptą.
Datasets/Real_Handwriting/images/form_152_sentence_2.png,Šiandien moterys rašo greitai.
Datasets/Synthetic_Sentences/images/sentence_14948.png,"Eglė mokosi mokykloje, bet nori bėgti."
Datasets/Real_Handwriting/images/form_446_sentence_2.png,Jonas ilsisi kavinėje.
Datasets/Synthetic_Sentences/images/sentence_02747.png,Ką Renata skaito?
Datasets/Real_Handwriting/images/form_192_sentence_4.png,Mes geria kavinėje ir kalnuose.
Datasets/Synthetic_Sentences/images/sentence_30972.png,Jurgita nori gerti kavą.
Datasets/Real_Handwriting/images/form_013_sentence_5.png,Vyras keliauoja filmą.
Datasets/Synthetic_Sentences/images/sentence_25972.png,Jonas valgo daržoves.
Datasets/Synthetic_Sentences/images/sentence_02769.png,Gydytojas mokosi stotyje.
Datasets/Real_Handwriting/images/form_443_sentence_4.png,Vakar mokytoja skaitė laišką.
Datasets/Synthetic_Sentences/images/sentence_06226.png,Eglė geria sultis.
Datasets/Synthetic_Sentences/images/sentence_52665.png,Ką Marija skaito?
Datasets/Synthetic_Sentences/images/sentence_51113.png,Mantas gyvena ežero pakrantėje.
Datasets/Real_Handwriting/images/form_348_sentence_3.png,Vakar šeima nešė laišką.
Datasets/Synthetic_Sentences/images/sentence_36936.png,Danielius nenori ilsėtis.
Datasets/Synthetic_Sentences/images/sentence_25807.png,Gintaras mėgsta gerti pieną.
Datasets/Synthetic_Sentences/images/sentence_16333.png,Vakar studentė nešė dovaną.
Datasets/Synthetic_Sentences/images/sentence_22825.png,Drąsiai studentas valgo daržoves.
Datasets/Real_Handwriting/images/form_239_sentence_3.png,Rūpestingai gydytojas rašo receptą.
Datasets/Synthetic_Sentences/images/sentence_37915.png,Berniukas nori eiti.
Datasets/Synthetic_Sentences/images/sentence_04675.png,Šiandien gydytojas mokosi kavinėje.
Datasets/Real_Handwriting/images/form_353_sentence_1.png,Danielius ilsisi ežero pakrantėje.
Datasets/Real_Handwriting/images/form_413_sentence_1.png,Vakar šuo nešė krepšį.
Datasets/Synthetic_Sentences/images/sentence_60931.png,Berniukas nenori sportuoti.
Datasets/Real_Handwriting/images/form_146_sentence_2.png,Šiandien jos keliauoja labai.
Datasets/Real_Handwriting/images/form_319_sentence_3.png,Vakar Žilvinas nešė krepšį.
Datasets/Synthetic_Sentences/images/sentence_61838.png,Petras mėgsta valgyti daržoves.
Datasets/Real_Handwriting/images/form_220_sentence_5.png,Čia gyvena labai draugiška šeima.
Datasets/Synthetic_Sentences/images/sentence_18232.png,Jonas lankosi darbe.
Datasets/Real_Handwriting/images/form_092_sentence_2.png,Draugas geria kalnuose ir stadione.
Datasets/Synthetic_Sentences/images/sentence_22853.png,Žilvinas mokosi pievoje po pietų.
Datasets/Real_Handwriting/images/form_412_sentence_5.png,Cecilija čiuožia ant ledo.
Datasets/Real_Handwriting/images/form_319_sentence_4.png,Garsiai Laura sportuoja stadione.
Datasets/Real_Handwriting/images/form_164_sentence_2.png,Mokytojas bijo valgyti egzaminą.
Datasets/Synthetic_Sentences/images/sentence_38938.png,Vaikas neša knygą.
Datasets/Synthetic_Sentences/images/sentence_57570.png,Katė nori rašyti žemėlapį.
Datasets/Synthetic_Sentences/images/sentence_41785.png,Jonas valgo košę.
Datasets/Real_Handwriting/images/form_067_sentence_2.png,Mes dainuoja darbe ir stadione.
Datasets/Synthetic_Sentences/images/sentence_07440.png,Šiandien Mindaugas ilsisi parke.
Datasets/Synthetic_Sentences/images/sentence_26393.png,"Ingrida mokosi sode, nes reikia pasiruošti."
Datasets/Synthetic_Sentences/images/sentence_47766.png,Ką mergaitė skaito?
Datasets/Real_Handwriting/images/form_403_sentence_2.png,Vakar vaikas dirbo kalnuose.
Datasets/Real_Handwriting/images/form_194_sentence_4.png,Šiandien moteris skaito smagiai.
Datasets/Synthetic_Sentences/images/sentence_51825.png,Neringa perka įdomų duoną.
Datasets/Real_Handwriting/images/form_457_sentence_1.png,Tyliai mergaitė perka gėlę.
Datasets/Real_Handwriting/images/form_121_sentence_4.png,Mergaitės pradeda valgyti darbą.
Datasets/Synthetic_Sentences/images/sentence_26903.png,Petras lankosi miške.
Datasets/Synthetic_Sentences/images/sentence_60479.png,Mantas mėgsta piešti.
Datasets/Real_Handwriting/images/form_309_sentence_1.png,Greitai gydytojas ilsisi darbe.
Datasets/Real_Handwriting/images/form_043_sentence_4.png,Paukštis nemėgsta skaityti.
Datasets/Real_Handwriting/images/form_334_sentence_1.png,Mielai studentas sportuoja kalnuose.
Datasets/Real_Handwriting/images/form_407_sentence_5.png,Cukrų ir cinamoną dedame į pyragą.
Datasets/Synthetic_Sentences/images/sentence_03201.png,Kristina nori gerti kavą.
Datasets/Synthetic_Sentences/images/sentence_69934.png,Šiandien Kristina skaito knygą.
Datasets/Synthetic_Sentences/images/sentence_51618.png,Renata nenori mokytis.
Datasets/Real_Handwriting/images/form_326_sentence_2.png,Šiandien paukštis skaito laišką.
Datasets/Real_Handwriting/images/form_308_sentence_1.png,Kruopščiai Gintaras skaito laišką.
Datasets/Synthetic_Sentences/images/sentence_20615.png,Vaikas nori valgyti sriubą.
Datasets/Real_Handwriting/images/form_207_sentence_1.png,Marija stato namą.
Datasets/Real_Handwriting/images/form_396_sentence_1.png,Ar berniukas mokosi namuose?
Datasets/Synthetic_Sentences/images/sentence_52537.png,Mantas stengiasi žaisti.
Datasets/Real_Handwriting/images/form_237_sentence_1.png,Ar Mantas dirba stadione?
Datasets/Synthetic_Sentences/images/sentence_20394.png,Šiandien Eglė skaito žurnalą.
Datasets/Real_Handwriting/images/form_220_sentence_2.png,Žmogus stato suolą.
Datasets/Real_Handwriting/images/form_050_sentence_5.png,Aš labai ramiai šypsosi.
Datasets/Synthetic_Sentences/images/sentence_68627.png,"Petras mokosi kalnuose, bet nori šokti."
Datasets/Real_Handwriting/images/form_273_sentence_5.png,Žaibas nušvietė tamsų dangų audros metu.
Datasets/Synthetic_Sentences/images/sentence_17615.png,Gydytojas mėgsta skaityti žemėlapį.
Datasets/Real_Handwriting/images/form_356_sentence_1.png,Studentas valgo obuolį.
Datasets/Synthetic_Sentences/images/sentence_63640.png,Ar Danielius skaito laišką?
Datasets/Synthetic_Sentences/images/sentence_53468.png,Ingrida skaito šaltą laišką.
Datasets/Real_Handwriting/images/form_451_sentence_2.png,Šiandien mergaitė skaito žemėlapį.
Datasets/Real_Handwriting/images/form_379_sentence_5.png,Kavinėje kvepėjo kava ir cinamonu.
Datasets/Synthetic_Sentences/images/sentence_47420.png,Žilvinas perka žaislą.
Datasets/Synthetic_Sentences/images/sentence_27053.png,Vaikas pradeda bėgti.
Datasets/Synthetic_Sentences/images/sentence_04773.png,Ar Tomas mokosi pievoje?
Datasets/Real_Handwriting/images/form_150_sentence_1.png,Šiandien aš klauso kartu.
Datasets/Real_Handwriting/images/form_132_sentence_3.png,Gydytojas rašo stotyje.
Datasets/Synthetic_Sentences/images/sentence_41930.png,Ar Žilvinas mokosi ligoninėje?
Datasets/Synthetic_Sentences/images/sentence_11475.png,"Šuo mokosi sode, bet nori važiuoti."
Datasets/Real_Handwriting/images/form_165_sentence_5.png,Mes rytoj dainuoja.
Datasets/Real_Handwriting/images/form_338_sentence_4.png,Garsiai paukštis sportuoja mieste.
Datasets/Synthetic_Sentences/images/sentence_43168.png,Studentė stengiasi eiti.
Datasets/Real_Handwriting/images/form_204_sentence_1.png,Ingrida būna stadione.
Datasets/Synthetic_Sentences/images/sentence_54768.png,Tyliai Renata skaito žemėlapį.
Datasets/Synthetic_Sentences/images/sentence_64685.png,Žilvinas mėgsta pirkti kavą.
Datasets/Synthetic_Sentences/images/sentence_36473.png,Lėtai Marija skaito istoriją.
Datasets/Real_Handwriting/images/form_410_sentence_3.png,Tomas sportuoja miške.
Datasets/Synthetic_Sentences/images/sentence_36329.png,Ar vaikas mėgsta eiti?
Datasets/Synthetic_Sentences/images/sentence_46197.png,Marija nori valgyti vaisius.
Datasets/Real_Handwriting/images/form_055_sentence_5.png,Studentai šypsosi prie ežero ir kaime.
Datasets/Synthetic_Sentences/images/sentence_50844.png,Gintaras dirba kaime ir skaito receptą.
Datasets/Synthetic_Sentences/images/sentence_09311.png,Studentė mėgsta pirkti dovaną.
Datasets/Synthetic_Sentences/images/sentence_15856.png,Atidžiai Renata mokosi stotyje vakare.
Datasets/Synthetic_Sentences/images/sentence_61907.png,Kruopščiai berniukas mokosi kaime.
Datasets/Synthetic_Sentences/images/sentence_00372.png,Gintaras pradeda dirbti.
Datasets/Synthetic_Sentences/images/sentence_66696.png,Vaikas dirba stotyje po pietų.
Datasets/Synthetic_Sentences/images/sentence_66922.png,Berniukas nori pirkti kavą.
Datasets/Real_Handwriting/images/form_442_sentence_2.png,Rytoj Jurgita eis bibliotekoje.
Datasets/Synthetic_Sentences/images/sentence_10204.png,Mergaitė nori pirkti dovaną.
Datasets/Synthetic_Sentences/images/sentence_04655.png,Jurgita nori gerti pieną.
Datasets/Synthetic_Sentences/images/sentence_08746.png,Mergaitė renka akmenis.
Datasets/Synthetic_Sentences/images/sentence_11298.png,Mielai Eglė ilsisi pievoje.
Datasets/Real_Handwriting/images/form_449_sentence_5.png,Cecilija čiuožia ant ledo.
Datasets/Synthetic_Sentences/images/sentence_42006.png,Mindaugas dirba namuose ir skaito žurnalą.
Datasets/Synthetic_Sentences/images/sentence_59269.png,Rūpestingai katė neša krepšį.
Datasets/Real_Handwriting/images/form_078_sentence_3.png,Vaikai mėgsta mokytis pamoką.
Datasets/Synthetic_Sentences/images/sentence_05960.png,Studentė stengiasi šokti.
Datasets/Synthetic_Sentences/images/sentence_27181.png,Mergaitė lankosi stotyje.
Datasets/Synthetic_Sentences/images/sentence_54056.png,Jurgita nori rašyti užduotį.
Datasets/Real_Handwriting/images/form_257_sentence_5.png,Filharmonijoje groja nuostabus orkestras.
Datasets/Synthetic_Sentences/images/sentence_53732.png,Mokytoja pradeda eiti.
Datasets/Synthetic_Sentences/images/sentence_35361.png,Petras mokosi paplūdimyje anksti ryte.
Datasets/Real_Handwriting/images/form_043_sentence_2.png,Vaikas labai kruopščiai sportuoja.
Datasets/Synthetic_Sentences/images/sentence_32710.png,Katė sportuoja mokykloje.
Datasets/Synthetic_Sentences/images/sentence_18724.png,Kristina nori rašyti projektą.
Datasets/Real_Handwriting/images/form_017_sentence_2.png,Šiandien vaikas mąsto dažnai.
Datasets/Synthetic_Sentences/images/sentence_14320.png,Tomas lankosi darbe.
Datasets/Real_Handwriting/images/form_095_sentence_4.png,Paukštis žiūri žaidimą.
Datasets/Synthetic_Sentences/images/sentence_15881.png,Ingrida valgo obuolį.
Datasets/Synthetic_Sentences/images/sentence_14568.png,Vakar Gintaras nešė dovaną.
Datasets/Real_Handwriting/images/form_268_sentence_2.png,Gintaras mėgsta gerti užduotį.
Datasets/Synthetic_Sentences/images/sentence_60083.png,Jurgita perka spalvotą arbatą.
Datasets/Synthetic_Sentences/images/sentence_66764.png,Danielius mėgsta valgyti košę.
Datasets/Real_Handwriting/images/form_438_sentence_3.png,Žirgas rašo istoriją.
Datasets/Real_Handwriting/images/form_087_sentence_2.png,Jie mąsto ir mąsto.
Datasets/Real_Handwriting/images/form_096_sentence_2.png,Gerai vaikai kalba mokyklą.
Datasets/Real_Handwriting/images/form_344_sentence_2.png,Mergaitė perka kavą.
Datasets/Synthetic_Sentences/images/sentence_12171.png,Šiandien vaikas mokosi paplūdimyje.
Datasets/Synthetic_Sentences/images/sentence_69302.png,Renata ilsisi kalnuose.
Datasets/Synthetic_Sentences/images/sentence_57419.png,Mindaugas žaidžia paplūdimyje.
Datasets/Synthetic_Sentences/images/sentence_19684.png,Rytoj Žilvinas skaitys knygą.
Datasets/Real_Handwriting/images/form_108_sentence_5.png,Ar moteris piešia?
Datasets/Real_Handwriting/images/form_338_sentence_2.png,Rytoj mergaitė skaitys žurnalą.
Datasets/Real_Handwriting/images/form_038_sentence_2.png,Šiandien katė mokosi retai.
Datasets/Real_Handwriting/images/form_348_sentence_1.png,Šuo būna parke.
Datasets/Synthetic_Sentences/images/sentence_06523.png,Ar gydytojas nori piešti?
Datasets/Real_Handwriting/images/form_360_sentence_5.png,Universiteto studentai žaidžia šachmatais laisvalaikiu.
Datasets/Real_Handwriting/images/form_217_sentence_1.png,Atidžiai Ingrida mokosi paplūdimyje.
Datasets/Real_Handwriting/images/form_039_sentence_4.png,Jie pradeda eiti.
Datasets/Real_Handwriting/images/form_212_sentence_1.png,Paukštis gyvena paplūdimyje.
Datasets/Real_Handwriting/images/form_012_sentence_3.png,Šuo mėgsta keliauti.
Datasets/Synthetic_Sentences/images/sentence_29277.png,Rytoj Mindaugas skaitys knygą.
Datasets/Real_Handwriting/images/form_184_sentence_4.png,Moteris nemėgsta sportuoti.
Datasets/Real_Handwriting/images/form_335_sentence_4.png,Rasa skaito laišką.
Datasets/Real_Handwriting/images/form_058_sentence_2.png,Mergaitė bijo šokti.
Datasets/Real_Handwriting/images/form_208_sentence_1.png,Rūpestingai Kristina skaito istoriją.
Datasets/Real_Handwriting/images/form_174_sentence_1.png,Vaikas rašo laišką.
Datasets/Real_Handwriting/images/form_218_sentence_4.png,Mantas mėgsta piešti.
Datasets/Synthetic_Sentences/images/sentence_51295.png,Jurgita nenori sportuoti.
Datasets/Synthetic_Sentences/images/sentence_30710.png,Rūpestingai mergaitė valgo daržoves.
Datasets/Synthetic_Sentences/images/sentence_24119.png,Berniukas nori skaityti.
Datasets/Synthetic_Sentences/images/sentence_04599.png,Vakar Saulius dirbo kalnuose.
Datasets/Real_Handwriting/images/form_126_sentence_5.png,Mielai paukštis sportuoja egzaminą.
Datasets/Real_Handwriting/images/form_317_sentence_1.png,Lėtai Neringa ilsisi mokykloje.
Datasets/Real_Handwriting/images/form_241_sentence_2.png,Vaikas žaidžia pievoje.
Datasets/Synthetic_Sentences/images/sentence_15684.png,Marija geria arbatą.
Datasets/Synthetic_Sentences/images/sentence_61138.png,Katė sportuoja sode.
Datasets/Synthetic_Sentences/images/sentence_23502.png,Tyliai Neringa mokosi stadione naktį.
Datasets/Real_Handwriting/images/form_286_sentence_3.png,Ar šuo mokosi stotyje?
Datasets/Synthetic_Sentences/images/sentence_23952.png,Studentė mėgsta valgyti daržoves.
Datasets/Synthetic_Sentences/images/sentence_36504.png,Šiandien Žilvinas dirba bibliotekoje.
Datasets/Real_Handwriting/images/form_254_sentence_1.png,Rytoj Žilvinas skaitys žemėlapį.
Datasets/Synthetic_Sentences/images/sentence_20945.png,Švelniai Neringa perka arbatą.
Datasets/Synthetic_Sentences/images/sentence_36166.png,Vaikas lankosi stotyje.
Datasets/Real_Handwriting/images/form_375_sentence_2.png,Gydytojas stato tvorą.
Datasets/Real_Handwriting/images/form_143_sentence_3.png,Mokytojai bėga darbe.
Datasets/Synthetic_Sentences/images/sentence_15317.png,Greitai Mindaugas rašo užduotį.
Datasets/Synthetic_Sentences/images/sentence_55580.png,Šiandien Tomas perka duoną.
Datasets/Synthetic_Sentences/images/sentence_67763.png,Eglė nori gerti kavą.
Datasets/Real_Handwriting/images/form_480_sentence_4.png,Eglė dirba mokykloje.
Datasets/Real_Handwriting/images/form_439_sentence_4.png,Petras stengiasi gerti.
Datasets/Real_Handwriting/images/form_482_sentence_2.png,Ramiai Eglė mokosi ežero pakrantėje.
Datasets/Real_Handwriting/images/form_404_sentence_2.png,Gintaras groja simfoniją.
Datasets/Synthetic_Sentences/images/sentence_47945.png,Gintaras neskaito žemėlapį.
Datasets/Real_Handwriting/images/form_143_sentence_2.png,Šiandien jie miega šiandien.
Datasets/Real_Handwriting/images/form_059_sentence_1.png,Studentai žiūri prie ežero ir kalnuose.
Datasets/Synthetic_Sentences/images/sentence_33647.png,Mielai šuo skaito istoriją darbe.
Datasets/Real_Handwriting/images/form_294_sentence_3.png,Eglė sportuoja pievoje.
Datasets/Real_Handwriting/images/form_284_sentence_1.png,Kruopščiai Tomas sportuoja miške.
Datasets/Synthetic_Sentences/images/sentence_60437.png,Vaikas geria pieną.
Datasets/Real_Handwriting/images/form_216_sentence_4.png,Vakar Mindaugas nešė laišką.
Datasets/Synthetic_Sentences/images/sentence_40961.png,Katė renka akmenis.
Datasets/Real_Handwriting/images/form_125_sentence_2.png,Ar jos dirba?
Datasets/Synthetic_Sentences/images/sentence_47575.png,Drąsiai Ingrida perka žaislą.
Datasets/Synthetic_Sentences/images/sentence_41745.png,Saulius bando skaityti.
Datasets/Synthetic_Sentences/images/sentence_46187.png,Šiandien Eglė dirba upės pakrantėje.
Datasets/Synthetic_Sentences/images/sentence_35823.png,Katė renka grybus.
Datasets/Real_Handwriting/images/form_090_sentence_5.png,Draugai kalba darbe ir prie ežero.
Datasets/Real_Handwriting/images/form_041_sentence_4.png,Vyras labai kartu sportuoja.
Datasets/Synthetic_Sentences/images/sentence_07258.png,Kodėl Neringa dirba pievoje?
Datasets/Real_Handwriting/images/form_444_sentence_4.png,Džiaugsmingai katė perka knygą.
Datasets/Real_Handwriting/images/form_472_sentence_5.png,Ypač skanūs obuoliai auga sode.
Datasets/Synthetic_Sentences/images/sentence_08155.png,Šiandien Danielius skaito žemėlapį.
Datasets/Real_Handwriting/images/form_078_sentence_4.png,Šiandien mes galvoja ramiai.
Datasets/Synthetic_Sentences/images/sentence_48901.png,Mantas mėgsta gerti sultis.
Datasets/Synthetic_Sentences/images/sentence_33129.png,Eglė lankosi paplūdimyje.
Datasets/Synthetic_Sentences/images/sentence_36382.png,Vakar Eglė skaitė laišką.
Datasets/Real_Handwriting/images/form_463_sentence_2.png,Paukštis dirba mokykloje.
Datasets/Real_Handwriting/images/form_164_sentence_1.png,Šiandien moteris sportuoja lėtai.
Datasets/Synthetic_Sentences/images/sentence_33615.png,Ūkininkas užaugino didelį ūkį.
Datasets/Synthetic_Sentences/images/sentence_65672.png,"Gydytojas nori eiti, nes nes nori pailsėti."
Datasets/Real_Handwriting/images/form_276_sentence_5.png,Odė orkestro muzika yra labai gili.
Datasets/Real_Handwriting/images/form_280_sentence_2.png,Kristina mėgsta statyti.
Datasets/Real_Handwriting/images/form_286_sentence_1.png,Mielai mokytojas mokosi kavinėje.
Datasets/Synthetic_Sentences/images/sentence_09001.png,Rasa nori pirkti duoną.
Datasets/Real_Handwriting/images/form_239_sentence_4.png,Šiandien berniukas perka žaislą.
Datasets/Real_Handwriting/images/form_044_sentence_4.png,Vyrai nemėgsta mokytis.
Datasets/Synthetic_Sentences/images/sentence_07311.png,Gydytojas stengiasi sportuoti.
Datasets/Synthetic_Sentences/images/sentence_29555.png,Jonas nori gerti pieną.
Datasets/Real_Handwriting/images/form_261_sentence_5.png,Jaunas studentas juda drąsiai į priekį.
Datasets/Real_Handwriting/images/form_284_sentence_3.png,Žmogus stato tvorą.
Datasets/Real_Handwriting/images/form_504_sentence_2.png,Ramiai gydytojas perka kavą.
Datasets/Synthetic_Sentences/images/sentence_39737.png,Katė nedirba upės pakrantėje.
Datasets/Synthetic_Sentences/images/sentence_08035.png,Jonas neskaito knygą.
Datasets/Synthetic_Sentences/images/sentence_21807.png,Žilvinas nedirba mokykloje.
Datasets/Real_Handwriting/images/form_501_sentence_3.png,Ramiai Petras rašo žemėlapį.
Datasets/Synthetic_Sentences/images/sentence_36945.png,Ar mokytojas skaito istoriją?
Datasets/Synthetic_Sentences/images/sentence_47675.png,Mergaitė mėgsta pirkti duoną.
Datasets/Synthetic_Sentences/images/sentence_68528.png,Šiandien studentė perka žaislą.
Datasets/Real_Handwriting/images/form_024_sentence_5.png,Mes ramiai žaidžia.
Datasets/Synthetic_Sentences/images/sentence_49595.png,Vakar gydytojas skaitė receptą.
Datasets/Real_Handwriting/images/form_482_sentence_3.png,Studentas groja melodiją.
Datasets/Real_Handwriting/images/form_416_sentence_2.png,Šiandien katė skaito žurnalą.
Datasets/Synthetic_Sentences/images/sentence_09263.png,Gintaras perka seną kavą.
Datasets/Real_Handwriting/images/form_490_sentence_5.png,Bitė skraido virš bijūnų.
Datasets/Synthetic_Sentences/images/sentence_30988.png,Rūpestingai Mindaugas mokosi mieste.
Datasets/Synthetic_Sentences/images/sentence_25619.png,Šiandien katė skaito receptą.
Datasets/Real_Handwriting/images/form_251_sentence_4.png,Petras bando kalbėti.
Datasets/Real_Handwriting/images/form_308_sentence_3.png,Rytoj mokytoja skaitys knygą.
Datasets/Synthetic_Sentences/images/sentence_62034.png,Mergaitė nori valgyti obuolį.
Datasets/Real_Handwriting/images/form_397_sentence_5.png,Cecilija čiuožia ant ledo.
Datasets/Real_Handwriting/images/form_461_sentence_4.png,Rytoj Mindaugas skaitys receptą.
Datasets/Synthetic_Sentences/images/sentence_39530.png,Saulius mėgsta valgyti duoną.
Datasets/Real_Handwriting/images/form_449_sentence_4.png,Atidžiai Petras mokosi stotyje.
Datasets/Real_Handwriting/images/form_173_sentence_4.png,Šiandien studentas geria gerai.
Datasets/Real_Handwriting/images/form_134_sentence_3.png,Vyras kalba namus.
Datasets/Real_Handwriting/images/form_491_sentence_4.png,Šiandien mergaitė skaito receptą.
Datasets/Synthetic_Sentences/images/sentence_03709.png,Studentas neša dovaną.
Datasets/Synthetic_Sentences/images/sentence_36598.png,Ar Ingrida skaito žurnalą?
Datasets/Synthetic_Sentences/images/sentence_65733.png,Rytoj mergaitė skaitys laišką.
Datasets/Real_Handwriting/images/form_489_sentence_5.png,"Šiandien šalta, bet sausa."
Datasets/Synthetic_Sentences/images/sentence_24206.png,Kruopščiai mergaitė mokosi namuose.
Datasets/Real_Handwriting/images/form_354_sentence_2.png,Kruopščiai Eglė skaito receptą.
Datasets/Synthetic_Sentences/images/sentence_44790.png,Neringa lankosi mieste.
Datasets/Synthetic_Sentences/images/sentence_38568.png,"Tomas mokosi mokykloje, bet nori dainuoti."
Datasets/Synthetic_Sentences/images/sentence_06470.png,Saulius rašo istoriją.
Datasets/Synthetic_Sentences/images/sentence_30245.png,Džiaugsmingai vaikas mokosi stadione.
Datasets/Synthetic_Sentences/images/sentence_60610.png,Mergaitė nedirba bibliotekoje.
Datasets/Synthetic_Sentences/images/sentence_23668.png,Vakar Ingrida dirbo sode.
Datasets/Real_Handwriting/images/form_210_sentence_1.png,Tyliai Marija perka žaislą.
Datasets/Real_Handwriting/images/form_430_sentence_4.png,Kruopščiai studentas rašo laišką.
Datasets/Synthetic_Sentences/images/sentence_58389.png,Mindaugas lankosi sode.
Datasets/Real_Handwriting/images/form_117_sentence_4.png,Mergaitės dainuoja receptą.
Datasets/Synthetic_Sentences/images/sentence_39540.png,Rytoj Marija eis kaime.
Datasets/Synthetic_Sentences/images/sentence_01965.png,Mokytojas perka gėlę.
Datasets/Synthetic_Sentences/images/sentence_56333.png,Renata gyvena miške.
Datasets/Synthetic_Sentences/images/sentence_29242.png,Neringa rašo žemėlapį.
Datasets/Synthetic_Sentences/images/sentence_26243.png,Šuo dirba ligoninėje vakare.
Datasets/Synthetic_Sentences/images/sentence_36575.png,Mokytojas nedirba stotyje.
Datasets/Real_Handwriting/images/form_069_sentence_2.png,Vyras miega stadione.
Datasets/Real_Handwriting/images/form_388_sentence_5.png,Cecilija čiuožia ant ledo.
Datasets/Synthetic_Sentences/images/sentence_08971.png,Mokytojas skaito šiltą istoriją.
Datasets/Synthetic_Sentences/images/sentence_13230.png,Renata perka nuobodų duoną.
Datasets/Real_Handwriting/images/form_046_sentence_3.png,Vaikas baigia šokti.
Datasets/Real_Handwriting/images/form_406_sentence_1.png,Gintaras lankosi kaime.
Datasets/Real_Handwriting/images/form_078_sentence_1.png,Moteris labai kartu galvoja.
Datasets/Real_Handwriting/images/form_338_sentence_5.png,Daina skamba per visą sodą.
Datasets/Real_Handwriting/images/form_181_sentence_3.png,Šiandien gydytojai mokosi gerai.
Datasets/Synthetic_Sentences/images/sentence_25633.png,Kruopščiai Jurgita ilsisi stadione.
Datasets/Real_Handwriting/images/form_096_sentence_4.png,Mergaitė juokiasi knygą stotyje.
Datasets/Real_Handwriting/images/form_376_sentence_4.png,Šiandien Neringa skaito žemėlapį.
Datasets/Synthetic_Sentences/images/sentence_47351.png,Jurgita mokosi ežero pakrantėje.
Datasets/Synthetic_Sentences/images/sentence_58893.png,Atidžiai Petras mokosi sode.
Datasets/Real_Handwriting/images/form_114_sentence_4.png,Vyras eina ir eina.
Datasets/Synthetic_Sentences/images/sentence_52704.png,Šiandien gydytojas dirba miške.
Datasets/Real_Handwriting/images/form_293_sentence_4.png,Žmogus dirba mokykloje.
Datasets/Synthetic_Sentences/images/sentence_21564.png,Laura rašo užduotį.
Datasets/Real_Handwriting/images/form_013_sentence_3.png,Jie miega paveikslą.
Datasets/Real_Handwriting/images/form_103_sentence_1.png,Mes ilsisi kalnuose ir ligoninėje.
Datasets/Real_Handwriting/images/form_033_sentence_5.png,Šiandien šuo miega gerai.
Datasets/Real_Handwriting/images/form_453_sentence_3.png,Švelniai Žilvinas rašo laišką.
Datasets/Synthetic_Sentences/images/sentence_67994.png,Šiandien Kristina perka dovaną.
Datasets/Real_Handwriting/images/form_100_sentence_5.png,Ji dainuoja namuose.
Datasets/Synthetic_Sentences/images/sentence_45830.png,Berniukas nori rašyti istoriją.
Datasets/Synthetic_Sentences/images/sentence_67812.png,Mindaugas skaito receptą.
Datasets/Real_Handwriting/images/form_390_sentence_4.png,Ar katė dirba namuose?
Datasets/Real_Handwriting/images/form_125_sentence_1.png,Vyras nori piešti.
Datasets/Synthetic_Sentences/images/sentence_21360.png,Studentas mėgsta šokti.
Datasets/Real_Handwriting/images/form_043_sentence_5.png,Vyrai labai smagiai verkia.
Datasets/Real_Handwriting/images/form_398_sentence_5.png,Cecilija čiuožia ant ledo.
Datasets/Synthetic_Sentences/images/sentence_18677.png,Renata nedirba stadione.
Datasets/Real_Handwriting/images/form_104_sentence_1.png,Moterys žaidžia istoriją.
Datasets/Real_Handwriting/images/form_308_sentence_5.png,Cecilija čiuožia ant ledo.
Datasets/Synthetic_Sentences/images/sentence_08807.png,Švelniai studentė perka arbatą.
Datasets/Synthetic_Sentences/images/sentence_48354.png,Ką Rasa skaito?
Datasets/Real_Handwriting/images/form_169_sentence_2.png,Šiandien mokytojai sportuoja kartu.
Datasets/Synthetic_Sentences/images/sentence_65681.png,Tomas nedirba kaime.
Datasets/Synthetic_Sentences/images/sentence_42642.png,Berniukas geria pieną.
Datasets/Real_Handwriting/images/form_297_sentence_2.png,Gintaras gyvena parke.
Datasets/Synthetic_Sentences/images/sentence_43943.png,Vaikas renka obuolius.
Datasets/Real_Handwriting/images/form_192_sentence_2.png,Šiandien draugai mąsto tyliai.
Datasets/Real_Handwriting/images/form_232_sentence_1.png,Mantas nori šokti.
Datasets/Synthetic_Sentences/images/sentence_13070.png,Jonas neša gėlę.
Datasets/Real_Handwriting/images/form_203_sentence_4.png,Mantas nori eiti žaislą.
Datasets/Real_Handwriting/images/form_412_sentence_3.png,Mantas ilsisi miške.
Datasets/Synthetic_Sentences/images/sentence_39046.png,Ar katė skaito laišką?
Datasets/Real_Handwriting/images/form_209_sentence_2.png,Ar Renata nori sportuoti?
Datasets/Synthetic_Sentences/images/sentence_06380.png,Greitai Petras ilsisi stadione.
Datasets/Real_Handwriting/images/form_187_sentence_2.png,Tu klauso ir klauso.
Datasets/Real_Handwriting/images/form_477_sentence_4.png,Mergaitė valgo košę.
Datasets/Real_Handwriting/images/form_333_sentence_5.png,Cukrų ir cinamoną dedame į pyragą.
Datasets/Synthetic_Sentences/images/sentence_17699.png,Tyliai Ingrida mokosi mieste.
Datasets/Synthetic_Sentences/images/sentence_18731.png,Mielai Mantas perka dovaną.
Datasets/Real_Handwriting/images/form_226_sentence_5.png,Žiemą vaikai mėgsta čiuožti ant ežero ledo.
Datasets/Real_Handwriting/images/form_108_sentence_2.png,Paukštis pradeda piešti filmą.
Datasets/Synthetic_Sentences/images/sentence_68525.png,Ingrida nori skaityti laišką.
Datasets/Synthetic_Sentences/images/sentence_30790.png,Renata žaidžia kalnuose.
Datasets/Real_Handwriting/images/form_392_sentence_2.png,Rasa dirba bibliotekoje.
Datasets/Synthetic_Sentences/images/sentence_54592.png,Mielai šuo skaito žemėlapį.
Datasets/Real_Handwriting/images/form_172_sentence_1.png,Katė eina dainą prie ežero.
Datasets/Synthetic_Sentences/images/sentence_27915.png,Studentė gyvena miške.
Datasets/Synthetic_Sentences/images/sentence_17511.png,Ar Saulius dirba ežero pakrantėje?
Datasets/Synthetic_Sentences/images/sentence_56654.png,Neringa neskaito istoriją.
Datasets/Real_Handwriting/images/form_510_sentence_3.png,Šeima sportuoja kavinėje.
Datasets/Real_Handwriting/images/form_312_sentence_1.png,Žirgas pradeda dainuoti.
Datasets/Synthetic_Sentences/images/sentence_16738.png,Mantas rašo receptą.
Datasets/Synthetic_Sentences/images/sentence_07298.png,Kruopščiai Mantas skaito knygą kavinėje.
Datasets/Real_Handwriting/images/form_243_sentence_4.png,Ingrida nori skaityti žemėlapį.
Datasets/Synthetic_Sentences/images/sentence_03719.png,Mergaitė skaito mažą žemėlapį.
Datasets/Synthetic_Sentences/images/sentence_18029.png,Ar mokytoja nori važiuoti?
Datasets/Synthetic_Sentences/images/sentence_33223.png,Šiandien katė dirba stotyje.
Datasets/Real_Handwriting/images/form_259_sentence_3.png,Katė stengiasi šokti.
Datasets/Real_Handwriting/images/form_103_sentence_5.png,Šiandien šuo eina atidžiai.
Datasets/Real_Handwriting/images/form_136_sentence_2.png,Greitai jie skuba knygą.
Datasets/Real_Handwriting/images/form_118_sentence_3.png,Mokytojas geria mokyklą bibliotekoje.
Datasets/Synthetic_Sentences/images/sentence_55585.png,Ar Jurgita nori kalbėti?
Datasets/Real_Handwriting/images/form_172_sentence_4.png,Jie dirba dainą bibliotekoje.
Datasets/Synthetic_Sentences/images/sentence_33759.png,Rytoj Petras eis kalnuose.
Datasets/Real_Handwriting/images/form_348_sentence_4.png,Petras dirba mieste.
Datasets/Synthetic_Sentences/images/sentence_01178.png,Ką Gintaras skaito?
Datasets/Synthetic_Sentences/images/sentence_38677.png,Studentas skaito laišką.
Datasets/Synthetic_Sentences/images/sentence_10514.png,Švelniai Rasa valgo sriubą.
Datasets/Real_Handwriting/images/form_186_sentence_2.png,Ar moteris valgo?
Datasets/Synthetic_Sentences/images/sentence_18650.png,Kur mergaitė dirba?
Datasets/Synthetic_Sentences/images/sentence_28691.png,Jonas mėgsta valgyti.
Datasets/Real_Handwriting/images/form_454_sentence_2.png,Danielius mėgsta gerti duoną.
Datasets/Real_Handwriting/images/form_179_sentence_1.png,Mergaitės labai garsiai skuba.
Datasets/Synthetic_Sentences/images/sentence_53252.png,Jurgita mėgsta skaityti laišką.
Datasets/Real_Handwriting/images/form_084_sentence_1.png,Lėtai studentai geria filmą.
Datasets/Real_Handwriting/images/form_397_sentence_1.png,Drąsiai Renata dirba stadione.
Datasets/Synthetic_Sentences/images/sentence_67161.png,Berniukas nori skaityti istoriją.
Datasets/Synthetic_Sentences/images/sentence_38591.png,Rūpestingai Kristina mokosi stotyje naktį.
Datasets/Real_Handwriting/images/form_465_sentence_5.png,Kavinėje kvepėjo kava ir cinamonu.
Datasets/Real_Handwriting/images/form_307_sentence_3.png,Žirgas nori galvoti dovaną.
Datasets/Synthetic_Sentences/images/sentence_04989.png,Berniukas nori skaityti žemėlapį.
Datasets/Real_Handwriting/images/form_285_sentence_2.png,Rasa stato bokštą.
Datasets/Real_Handwriting/images/form_440_sentence_4.png,Vaikas žaidžia pievoje.
Datasets/Real_Handwriting/images/form_409_sentence_1.png,Mielai Marija rašo žemėlapį.
Datasets/Synthetic_Sentences/images/sentence_00741.png,Atidžiai Petras neša knygą.
Datasets/Real_Handwriting/images/form_385_sentence_2.png,Vakar gydytojas skaitė žemėlapį.
Datasets/Synthetic_Sentences/images/sentence_45414.png,Švelniai Jonas mokosi sode vakare.
Datasets/Synthetic_Sentences/images/sentence_48904.png,Tomas mokosi paplūdimyje.
Datasets/Real_Handwriting/images/form_155_sentence_4.png,Studentai valgo vaisius.
Datasets/Real_Handwriting/images/form_409_sentence_2.png,Drąsiai Ingrida rašo laišką.
Datasets/Synthetic_Sentences/images/sentence_05464.png,"Šuo mokosi parke, nes turi daug darbo."
Datasets/Real_Handwriting/images/form_201_sentence_1.png,Rytoj Mantas skaitys žurnalą.
Datasets/Real_Handwriting/images/form_089_sentence_5.png,Mergaitės geria stadione.
Datasets/Synthetic_Sentences/images/sentence_01056.png,Neringa dirba parke ir skaito knygą.
Datasets/Real_Handwriting/images/form_191_sentence_5.png,Vyrai šypsosi miške.
Datasets/Synthetic_Sentences/images/sentence_24010.png,Atidžiai Kristina skaito žemėlapį.
Datasets/Real_Handwriting/images/form_452_sentence_3.png,Rytoj Danielius eis stadione.
Datasets/Synthetic_Sentences/images/sentence_47032.png,Petras geria arbatą.
Datasets/Real_Handwriting/images/form_418_sentence_1.png,Šiandien Eglė perka žaislą.
Datasets/Synthetic_Sentences/images/sentence_33240.png,Katė perka tamsų kavą.
Datasets/Real_Handwriting/images/form_016_sentence_4.png,Studentas pradeda miegoti kavą.
Datasets/Real_Handwriting/images/form_116_sentence_1.png,Rytoj jie žaidžia receptą.
Datasets/Synthetic_Sentences/images/sentence_09926.png,Vakar studentas skaitė žurnalą.
Datasets/Real_Handwriting/images/form_370_sentence_5.png,Vaikai atbėga iš aikštės.
Datasets/Real_Handwriting/images/form_216_sentence_5.png,Cecilija čiuožia ant ledo.
Datasets/Real_Handwriting/images/form_378_sentence_2.png,Saulius mėgsta tvarkytis arbatą.
Datasets/Synthetic_Sentences/images/sentence_44398.png,Vaikas gyvena mokykloje.
Datasets/Real_Handwriting/images/form_432_sentence_3.png,Mergaitė bando valgyti.
Datasets/Synthetic_Sentences/images/sentence_57978.png,Studentė ilsisi pievoje.
Datasets/Real_Handwriting/images/form_370_sentence_1.png,Laura geria sultis.
Datasets/Synthetic_Sentences/images/sentence_67959.png,Tomas mėgsta valgyti košę.
Datasets/Synthetic_Sentences/images/sentence_26541.png,Mergaitė skaito istoriją.
Datasets/Synthetic_Sentences/images/sentence_29684.png,Vakar mokytoja nešė žaislą.
Datasets/Real_Handwriting/images/form_275_sentence_1.png,Vakar Mantas dirbo kaime.
Datasets/Synthetic_Sentences/images/sentence_15221.png,Ar vaikas mokosi bibliotekoje?
Datasets/Real_Handwriting/images/form_120_sentence_3.png,Vyrai valgo paplūdimyje ir bibliotekoje.
Datasets/Synthetic_Sentences/images/sentence_49381.png,Jonas mėgsta šokti.
Datasets/Real_Handwriting/images/form_036_sentence_3.png,Jūs verkia mieste.
Datasets/Real_Handwriting/images/form_492_sentence_5.png,Vasarą važiuojame prie jūros.
Datasets/Synthetic_Sentences/images/sentence_14420.png,Ingrida mėgsta pirkti žaislą.
Datasets/Real_Handwriting/images/form_431_sentence_5.png,Universiteto studentai žaidžia šachmatais laisvalaikiu.
Datasets/Real_Handwriting/images/form_092_sentence_1.png,Retai katė valgo egzaminą.
Datasets/Real_Handwriting/images/form_506_sentence_4.png,Šuo būna kalnuose.
Datasets/Real_Handwriting/images/form_415_sentence_1.png,Mergaitė nori groti paveikslą.
Datasets/Synthetic_Sentences/images/sentence_22265.png,Ar studentė dirba namuose?
Datasets/Synthetic_Sentences/images/sentence_10520.png,Vakar mergaitė nešė laišką.
Datasets/Synthetic_Sentences/images/sentence_59771.png,Mergaitė skaito žemėlapį.
Datasets/Real_Handwriting/images/form_490_sentence_3.png,Kristina stengiasi šokti.
Datasets/Real_Handwriting/images/form_077_sentence_4.png,Aš stengiasi miegoti daržoves.
Datasets/Real_Handwriting/images/form_286_sentence_4.png,Berniukas skaito laišką.
Datasets/Real_Handwriting/images/form_243_sentence_2.png,Berniukas rašo istoriją.
Datasets/Synthetic_Sentences/images/sentence_34667.png,Kodėl Gintaras dirba stotyje?
Datasets/Synthetic_Sentences/images/sentence_20119.png,Mantas mėgsta pirkti dovaną.
Datasets/Synthetic_Sentences/images/sentence_15154.png,Jurgita nori piešti.
Datasets/Real_Handwriting/images/form_256_sentence_4.png,Lėtai mergaitė dirba kaime.
Datasets/Synthetic_Sentences/images/sentence_23475.png,"Mindaugas dirba mieste, nes tai labai įdomu."
Datasets/Real_Handwriting/images/form_222_sentence_4.png,Rytoj berniukas skaitys istoriją.
Datasets/Synthetic_Sentences/images/sentence_30697.png,Berniukas rašo laišką.
Datasets/Synthetic_Sentences/images/sentence_51471.png,Tyliai Rasa skaito knygą stotyje.
Datasets/Real_Handwriting/images/form_172_sentence_5.png,Ar moterys tvarkosi?
Datasets/Synthetic_Sentences/images/sentence_01235.png,Šiandien vaikas skaito receptą.
Datasets/Real_Handwriting/images/form_086_sentence_2.png,Mokytojas skaito maistą.
Datasets/Real_Handwriting/images/form_112_sentence_3.png,Jis smagiai skaito.
Datasets/Real_Handwriting/images/form_493_sentence_4.png,Jonas rašo projektą.
Datasets/Real_Handwriting/images/form_250_sentence_2.png,Ingrida nori dirbti.
Datasets/Synthetic_Sentences/images/sentence_34861.png,Vakar berniukas skaitė žemėlapį.
Datasets/Synthetic_Sentences/images/sentence_56087.png,Šiandien Jonas skaito žemėlapį.
Datasets/Real_Handwriting/images/form_007_sentence_2.png,Mergaitės skuba ir skuba.
Datasets/Real_Handwriting/images/form_102_sentence_5.png,Jos mėgsta dainuoti kavą.
Datasets/Synthetic_Sentences/images/sentence_53608.png,Mielai mergaitė skaito receptą stadione.
Datasets/Synthetic_Sentences/images/sentence_62008.png,Šiandien Žilvinas ilsisi stotyje.
Datasets/Real_Handwriting/images/form_505_sentence_4.png,Mokytojas pradeda žaisti.
Datasets/Synthetic_Sentences/images/sentence_08918.png,Ar mokytojas dirba kaime?
Datasets/Real_Handwriting/images/form_182_sentence_3.png,Draugas dainuoja ir dainuoja.
Datasets/Real_Handwriting/images/form_445_sentence_1.png,Vakar šeima nešė knygą.
Datasets/Real_Handwriting/images/form_157_sentence_2.png,Ji kalba paplūdimyje.
Datasets/Real_Handwriting/images/form_110_sentence_2.png,Jie dirba ir dirba.
Datasets/Synthetic_Sentences/images/sentence_04947.png,Vakar Ingrida skaitė žemėlapį.
Datasets/Real_Handwriting/images/form_256_sentence_1.png,Ar Marija mokosi upės pakrantėje?
Datasets/Real_Handwriting/images/form_240_sentence_5.png,Cecilija čiuožia ant ledo.
Datasets/Synthetic_Sentences/images/sentence_45611.png,Ingrida dirba miške.
Datasets/Real_Handwriting/images/form_249_sentence_3.png,Neringa rašo žemėlapį.
Datasets/Real_Handwriting/images/form_501_sentence_1.png,Mantas lankosi namuose.
Datasets/Synthetic_Sentences/images/sentence_68917.png,Renata mėgsta valgyti.
Datasets/Synthetic_Sentences/images/sentence_24754.png,Šuo mėgsta pirkti žaislą.
Datasets/Real_Handwriting/images/form_427_sentence_2.png,Ingrida mėgsta kalbėti.
Datasets/Real_Handwriting/images/form_253_sentence_4.png,Petras nori groti paveikslą.
Datasets/Real_Handwriting/images/form_051_sentence_1.png,Šiandien mergaitė skuba kartu.
Datasets/Synthetic_Sentences/images/sentence_52415.png,Šuo mėgsta gerti kavą.
Datasets/Synthetic_Sentences/images/sentence_69840.png,Jurgita nori pirkti gėlę.
Datasets/Synthetic_Sentences/images/sentence_12995.png,Šiandien Saulius dirba ežero pakrantėje.
Datasets/Synthetic_Sentences/images/sentence_56501.png,Ramiai Mindaugas valgo duoną.
Datasets/Real_Handwriting/images/form_084_sentence_5.png,Tu labai kartu skuba.
Datasets/Real_Handwriting/images/form_047_sentence_4.png,Jūs garsiai valgo.
Datasets/Real_Handwriting/images/form_007_sentence_4.png,Ar draugas rašo?
Datasets/Synthetic_Sentences/images/sentence_32926.png,Kristina rašo laišką.
Datasets/Real_Handwriting/images/form_005_sentence_4.png,Paukštis dainuoja filmą.
Datasets/Real_Handwriting/images/form_127_sentence_3.png,Aš šypsosi bibliotekoje ir kaime.
Datasets/Synthetic_Sentences/images/sentence_09932.png,Lėtai Laura skaito žemėlapį.
Datasets/Synthetic_Sentences/images/sentence_02784.png,Šiandien Jonas dirba stadione.
Datasets/Real_Handwriting/images/form_103_sentence_3.png,Ar draugas miega?
Datasets/Synthetic_Sentences/images/sentence_12749.png,Ingrida dirba upės pakrantėje.
Datasets/Real_Handwriting/images/form_232_sentence_3.png,Drąsiai Saulius ilsisi mieste.
Datasets/Real_Handwriting/images/form_335_sentence_2.png,Marija būna miške.
Datasets/Synthetic_Sentences/images/sentence_24927.png,Ar mokytojas nori tvarkytis?
Datasets/Real_Handwriting/images/form_054_sentence_1.png,Jūs klauso projektą.
Datasets/Real_Handwriting/images/form_260_sentence_2.png,Eglė žaidžia stadione.
Datasets/Synthetic_Sentences/images/sentence_21330.png,Mindaugas mėgsta skaityti istoriją.
Datasets/Real_Handwriting/images/form_016_sentence_3.png,Jūs skuba žemėlapį ligoninėje.
Datasets/Synthetic_Sentences/images/sentence_19474.png,Vaikas nori gerti kavą.
Datasets/Synthetic_Sentences/images/sentence_20576.png,Kristina nori mokytis.
Datasets/Real_Handwriting/images/form_394_sentence_5.png,Cecilija čiuožia ant ledo.
Datasets/Synthetic_Sentences/images/sentence_47338.png,Ar šuo skaito laišką?
Datasets/Synthetic_Sentences/images/sentence_24677.png,Ingrida perka gėlę.
Datasets/Synthetic_Sentences/images/sentence_32249.png,Gydytojas nenori plaukti.
Datasets/Synthetic_Sentences/images/sentence_56196.png,Petras ilsisi sode.
Datasets/Real_Handwriting/images/form_333_sentence_2.png,Lėtai Danielius sportuoja darbe.
Datasets/Real_Handwriting/images/form_208_sentence_2.png,Gintaras mokosi darbe.
Datasets/Real_Handwriting/images/form_503_sentence_3.png,Vakar Jurgita dirbo stotyje.
Datasets/Synthetic_Sentences/images/sentence_51508.png,Mantas nori pirkti gėlę.
Datasets/Real_Handwriting/images/form_209_sentence_4.png,Mantas žaidžia stotyje.
Datasets/Synthetic_Sentences/images/sentence_53349.png,Mielai Ingrida skaito receptą.
Datasets/Synthetic_Sentences/images/sentence_40913.png,Renata lankosi namuose.
Datasets/Synthetic_Sentences/images/sentence_21874.png,Ką studentas skaito?
Datasets/Real_Handwriting/images/form_197_sentence_5.png,Jis nori valgyti.
Datasets/Synthetic_Sentences/images/sentence_65047.png,Katė mėgsta valgyti daržoves.
Datasets/Synthetic_Sentences/images/sentence_46012.png,Kristina skaito knygą.
Datasets/Real_Handwriting/images/form_428_sentence_3.png,Švelniai katė rašo receptą.
Datasets/Real_Handwriting/images/form_287_sentence_1.png,Lėtai Marija valgo daržoves.
Datasets/Synthetic_Sentences/images/sentence_36283.png,"Ingrida dirba kaime, nes turi daug darbo."
Datasets/Real_Handwriting/images/form_176_sentence_2.png,Jis sportuoja ir sportuoja.
Datasets/Synthetic_Sentences/images/sentence_62241.png,Ar Petras nori eiti?
Datasets/Real_Handwriting/images/form_231_sentence_1.png,Mindaugas rašo receptą.
Datasets/Real_Handwriting/images/form_317_sentence_2.png,Mokytoja mėgsta plaukti dainą.
Datasets/Synthetic_Sentences/images/sentence_30973.png,Ar Kristina dirba pievoje?
Datasets/Synthetic_Sentences/images/sentence_10406.png,Ar šuo dirba stotyje?
Datasets/Synthetic_Sentences/images/sentence_43871.png,Ar katė skaito laišką?
Datasets/Synthetic_Sentences/images/sentence_12716.png,Rytoj studentas skaitys žurnalą.
Datasets/Synthetic_Sentences/images/sentence_30687.png,Šiandien Eglė dirba sode.
Datasets/Synthetic_Sentences/images/sentence_61667.png,Rytoj vaikas eis sode.
Datasets/Synthetic_Sentences/images/sentence_67950.png,Šiandien Danielius perka žaislą.
Datasets/Synthetic_Sentences/images/sentence_03662.png,Gydytojas mokosi ligoninėje.
Datasets/Real_Handwriting/images/form_260_sentence_4.png,Kruopščiai Ingrida skaito receptą.
Datasets/Synthetic_Sentences/images/sentence_13013.png,Ar Jonas mokosi namuose?
Datasets/Synthetic_Sentences/images/sentence_09525.png,Neringa perka gražų žaislą.
Datasets/Real_Handwriting/images/form_368_sentence_2.png,Rūpestingai mergaitė mokosi mokykloje.
Datasets/Synthetic_Sentences/images/sentence_56099.png,Šiandien studentas perka kavą.
Datasets/Synthetic_Sentences/images/sentence_17516.png,Šiandien Laura dirba pievoje.
Datasets/Synthetic_Sentences/images/sentence_13963.png,Kristina stengiasi keliauti.
Datasets/Real_Handwriting/images/form_434_sentence_3.png,Mergaitė stengiasi eiti.
Datasets/Real_Handwriting/images/form_086_sentence_5.png,Šiandien mes eina retai.
Datasets/Synthetic_Sentences/images/sentence_64830.png,Kur Laura dirba?
Datasets/Real_Handwriting/images/form_124_sentence_3.png,Vyras ilsisi kavą mokykloje.
Datasets/Synthetic_Sentences/images/sentence_49646.png,Ramiai Petras neša gėlę.
Datasets/Synthetic_Sentences/images/sentence_28902.png,Studentė perka žaislą.
Datasets/Real_Handwriting/images/form_016_sentence_1.png,Šiandien studentai galvoja greitai.
Datasets/Synthetic_Sentences/images/sentence_14178.png,Kristina mėgsta pirkti duoną.
Datasets/Synthetic_Sentences/images/sentence_57140.png,Renata pradeda gerti.
Datasets/Synthetic_Sentences/images/sentence_00905.png,Mielai mokytoja ilsisi mieste.
Datasets/Real_Handwriting/images/form_047_sentence_3.png,Ar vyras mąsto?
Datasets/Real_Handwriting/images/form_508_sentence_4.png,Tomas būna ligoninėje.
Datasets/Real_Handwriting/images/form_450_sentence_5.png,Danielius dažnai dalyvauja varžybose.
Datasets/Real_Handwriting/images/form_288_sentence_1.png,Šeima būna upės pakrantėje.
Datasets/Real_Handwriting/images/form_428_sentence_4.png,Rytoj gydytojas skaitys knygą.
Datasets/Real_Handwriting/images/form_336_sentence_4.png,Šiandien Eglė perka knygą.
Datasets/Synthetic_Sentences/images/sentence_00181.png,Atidžiai Eglė skaito knygą kavinėje.
Datasets/Synthetic_Sentences/images/sentence_43255.png,Šiandien Neringa mokosi paplūdimyje.
Datasets/Synthetic_Sentences/images/sentence_68875.png,Saulius nori žaisti.
Datasets/Synthetic_Sentences/images/sentence_16318.png,Gydytojas nori piešti.
Datasets/Real_Handwriting/images/form_084_sentence_4.png,Šiandien gydytojai šypsosi kruopščiai.
Datasets/Synthetic_Sentences/images/sentence_42220.png,Ar šuo dirba kavinėje?
Datasets/Real_Handwriting/images/form_346_sentence_2.png,Žmogus nori eiti.
Datasets/Synthetic_Sentences/images/sentence_42803.png,Greitai katė skaito receptą bibliotekoje.
Datasets/Synthetic_Sentences/images/sentence_58804.png,Džiaugsmingai mokytoja dirba namuose.
Datasets/Synthetic_Sentences/images/sentence_44913.png,Jonas rašo laišką.
Datasets/Synthetic_Sentences/images/sentence_23815.png,Šiandien Ingrida dirba upės pakrantėje.
Datasets/Real_Handwriting/images/form_300_sentence_4.png,Žmogus stato tvorą.
Datasets/Real_Handwriting/images/form_202_sentence_1.png,Rytoj Neringa eis stadione.
Datasets/Synthetic_Sentences/images/sentence_28124.png,Šiandien mergaitė ilsisi parke.
Datasets/Synthetic_Sentences/images/sentence_68323.png,Saulius lankosi parke.
Datasets/Real_Handwriting/images/form_473_sentence_4.png,Studentė būna pievoje.
Datasets/Real_Handwriting/images/form_002_sentence_1.png,Šiandien ji šypsosi ramiai.
Datasets/Synthetic_Sentences/images/sentence_62145.png,"Rasa mokosi ežero pakrantėje, bet nori šokti."
Datasets/Real_Handwriting/images/form_254_sentence_3.png,Tomas skaito žurnalą.
Datasets/Real_Handwriting/images/form_090_sentence_4.png,Ar paukštis klauso?
Datasets/Synthetic_Sentences/images/sentence_01966.png,Ar Kristina nori dirbti?
Datasets/Synthetic_Sentences/images/sentence_27787.png,Mantas mėgsta ilsėtis.
Datasets/Real_Handwriting/images/form_217_sentence_4.png,Greitai Danielius skaito žemėlapį.
Datasets/Real_Handwriting/images/form_392_sentence_5.png,Universiteto studentai žaidžia šachmatais laisvalaikiu.
Datasets/Real_Handwriting/images/form_181_sentence_5.png,Jos geria sode ir namuose.
Datasets/Synthetic_Sentences/images/sentence_40259.png,Vakar Ingrida skaitė žemėlapį.
Datasets/Real_Handwriting/images/form_145_sentence_4.png,Draugas bijo ilsėtis.
Datasets/Real_Handwriting/images/form_066_sentence_5.png,Moterys skaito pamoką paplūdimyje.
Datasets/Real_Handwriting/images/form_090_sentence_1.png,Jis labai dabar tvarkosi.
Datasets/Real_Handwriting/images/form_008_sentence_1.png,Studentas galvoja projektą.
Datasets/Synthetic_Sentences/images/sentence_35674.png,Rasa rašo užduotį.
Datasets/Synthetic_Sentences/images/sentence_47762.png,Petras mėgsta valgyti obuolį.
Datasets/Real_Handwriting/images/form_115_sentence_5.png,Jūs pradeda šokti daržoves.
Datasets/Real_Handwriting/images/form_073_sentence_3.png,Tu žaidžia paplūdimyje ir stadione.
Datasets/Synthetic_Sentences/images/sentence_43745.png,Petras neša krepšį.
Datasets/Real_Handwriting/images/form_278_sentence_2.png,Mindaugas sportuoja ligoninėje.
Datasets/Synthetic_Sentences/images/sentence_00327.png,Lėtai Marija rašo laišką.
Datasets/Real_Handwriting/images/form_426_sentence_4.png,Šiandien mergaitė dirba ligoninėje.
Datasets/Synthetic_Sentences/images/sentence_58530.png,Tomas dirba mokykloje vėlai vakare.
Datasets/Real_Handwriting/images/form_010_sentence_2.png,Šiandien vaikai ilsisi greitai.
Datasets/Synthetic_Sentences/images/sentence_65978.png,Šiandien Eglė skaito žurnalą.
Datasets/Real_Handwriting/images/form_159_sentence_4.png,Mokytojai šypsosi filmą.
Datasets/Synthetic_Sentences/images/sentence_09327.png,Danielius skaito lėtą laišką.
Datasets/Real_Handwriting/images/form_032_sentence_3.png,Vaikas mėgsta žaisti.
Datasets/Real_Handwriting/images/form_471_sentence_1.png,Jurgita nori dainuoti.
Datasets/Real_Handwriting/images/form_481_sentence_2.png,Studentas mėgsta ilsėtis.
Datasets/Real_Handwriting/images/form_138_sentence_5.png,Moterys sportuoja ir sportuoja.
Datasets/Synthetic_Sentences/images/sentence_64225.png,Jurgita perka skanų duoną.
Datasets/Real_Handwriting/images/form_434_sentence_1.png,Ar mergaitė skaito laišką?
Datasets/Synthetic_Sentences/images/sentence_05740.png,Ar Mantas nori keliauti?
Datasets/Real_Handwriting/images/form_023_sentence_1.png,Mes tvarkosi ir tvarkosi.
Datasets/Synthetic_Sentences/images/sentence_64776.png,Studentė nenori valgyti.
Datasets/Synthetic_Sentences/images/sentence_21714.png,Ar gydytojas mėgsta kalbėti?
Datasets/Real_Handwriting/images/form_408_sentence_4.png,Ingrida mokosi mokykloje.
Datasets/Real_Handwriting/images/form_448_sentence_4.png,Šiandien Kristina ilsisi kaime.
Datasets/Synthetic_Sentences/images/sentence_17673.png,Mokytoja perka tamsų gėlę.
Datasets/Synthetic_Sentences/images/sentence_26787.png,Šiandien katė mokosi pievoje.
Datasets/Synthetic_Sentences/images/sentence_15801.png,Vaikas skaito knygą.
Datasets/Synthetic_Sentences/images/sentence_29868.png,Berniukas mokosi namuose.
Datasets/Synthetic_Sentences/images/sentence_05235.png,Renata bando tvarkytis.
Datasets/Real_Handwriting/images/form_317_sentence_4.png,Mokytoja žaidžia darbe.
Datasets/Real_Handwriting/images/form_498_sentence_5.png,Cukrų ir cinamoną dedame į pyragą.
Datasets/Synthetic_Sentences/images/sentence_69748.png,"Renata mokosi kaime, bet nori šokti."
Datasets/Real_Handwriting/images/form_310_sentence_4.png,Ar Mindaugas dirba upės pakrantėje?
Datasets/Real_Handwriting/images/form_090_sentence_3.png,Jūs dirba egzaminą kalnuose.
Datasets/Real_Handwriting/images/form_443_sentence_1.png,Šiandien Eglė mokosi namuose.
Datasets/Real_Handwriting/images/form_054_sentence_4.png,Draugas bėga maistą stadione.
Datasets/Real_Handwriting/images/form_138_sentence_1.png,Vaikas bijo piešti darbą.
Datasets/Synthetic_Sentences/images/sentence_21200.png,Berniukas lankosi kaime.
Datasets/Real_Handwriting/images/form_443_sentence_3.png,Šeima lankosi mieste.
Datasets/Synthetic_Sentences/images/sentence_47454.png,Vaikas nori pirkti arbatą.
Datasets/Synthetic_Sentences/images/sentence_60745.png,Mokytoja skaito laišką.
Datasets/Synthetic_Sentences/images/sentence_21172.png,Šiandien Ingrida perka duoną.
Datasets/Synthetic_Sentences/images/sentence_66587.png,"Vaikas mokosi mieste, bet nori tvarkytis."
Datasets/Synthetic_Sentences/images/sentence_16642.png,Tyliai Gintaras rašo laišką.
Datasets/Synthetic_Sentences/images/sentence_35212.png,Jonas nori valgyti sriubą.
Datasets/Synthetic_Sentences/images/sentence_03944.png,Petras perka šiltą duoną.
Datasets/Real_Handwriting/images/form_183_sentence_4.png,Gydytojai tyliai piešia.
Datasets/Real_Handwriting/images/form_406_sentence_2.png,Kruopščiai šeima dirba namuose.
Datasets/Real_Handwriting/images/form_264_sentence_4.png,Jonas į darbą važiuoja dviračiu.
Datasets/Synthetic_Sentences/images/sentence_40201.png,Katė nori valgyti obuolį.
Datasets/Synthetic_Sentences/images/sentence_29382.png,Ar Mantas skaito žemėlapį?
Datasets/Synthetic_Sentences/images/sentence_31075.png,Ką katė skaito?
Datasets/Real_Handwriting/images/form_442_sentence_1.png,Mergaitė pradeda statyti.
Datasets/Synthetic_Sentences/images/sentence_28832.png,Ramiai mokytoja neša gėlę.
Datasets/Real_Handwriting/images/form_455_sentence_3.png,Ingrida gyvena parke.
Datasets/Synthetic_Sentences/images/sentence_04357.png,Tomas perka arbatą.
Datasets/Real_Handwriting/images/form_232_sentence_5.png,Obelys žydi baltais žiedais pavasarį.
Datasets/Synthetic_Sentences/images/sentence_38418.png,Ką Ingrida skaito?
Datasets/Real_Handwriting/images/form_262_sentence_5.png,Žirgai bėga laisvai per žalią lauką.
Datasets/Real_Handwriting/images/form_222_sentence_1.png,Vakar studentas nešė žaislą.
Datasets/Synthetic_Sentences/images/sentence_69590.png,Ką Gintaras skaito?
Datasets/Synthetic_Sentences/images/sentence_07284.png,Vakar Jurgita skaitė knygą.
Datasets/Real_Handwriting/images/form_060_sentence_4.png,Jūs mąsto vandenį.
Datasets/Real_Handwriting/images/form_509_sentence_4.png,Ar Ingrida dirba pievoje?
Datasets/Synthetic_Sentences/images/sentence_41974.png,Kur mokytoja dirba?
Datasets/Synthetic_Sentences/images/sentence_38772.png,Garsiai mokytojas neša gėlę.
Datasets/Synthetic_Sentences/images/sentence_48982.png,Mergaitė mėgsta skaityti laišką.
Datasets/Synthetic_Sentences/images/sentence_02047.png,Studentė geria vandenį.
Datasets/Synthetic_Sentences/images/sentence_19434.png,Eglė perka seną gėlę.
Datasets/Real_Handwriting/images/form_291_sentence_5.png,"Gieda paukščiai, kol saulė leidžiasi."
Datasets/Synthetic_Sentences/images/sentence_40393.png,Berniukas rašo laišką.
Datasets/Synthetic_Sentences/images/sentence_55342.png,"Žilvinas mokosi stotyje, nes turi daug darbo."
Datasets/Synthetic_Sentences/images/sentence_16919.png,Kur berniukas dirba?
Datasets/Real_Handwriting/images/form_333_sentence_4.png,Greitai Danielius perka duoną.
Datasets/Synthetic_Sentences/images/sentence_19585.png,Ką vaikas skaito?
Datasets/Real_Handwriting/images/form_344_sentence_1.png,Danielius neša krepšį.
Datasets/Synthetic_Sentences/images/sentence_50009.png,Garsiai Laura skaito žemėlapį kalnuose.
Datasets/Synthetic_Sentences/images/sentence_15947.png,Džiaugsmingai studentė neša dovaną.
Datasets/Synthetic_Sentences/images/sentence_04904.png,Ar šuo mėgsta skaityti?
Datasets/Synthetic_Sentences/images/sentence_02845.png,Studentė dirba stotyje naktį.
Datasets/Synthetic_Sentences/images/sentence_07662.png,Ar berniukas skaito receptą?
Datasets/Synthetic_Sentences/images/sentence_22767.png,Rasa nenori valgyti.
Datasets/Real_Handwriting/images/form_297_sentence_3.png,Marija groja melodiją.
Datasets/Synthetic_Sentences/images/sentence_37372.png,Ingrida nenori dirbti.
Datasets/Real_Handwriting/images/form_151_sentence_1.png,Katė geria žemėlapį mieste.
Datasets/Synthetic_Sentences/images/sentence_21568.png,Mielai Žilvinas ilsisi mokykloje.
Datasets/Synthetic_Sentences/images/sentence_30657.png,Šuo nori rašyti istoriją.
Datasets/Synthetic_Sentences/images/sentence_39107.png,Ar gydytojas mokosi kalnuose?
Datasets/Real_Handwriting/images/form_254_sentence_2.png,Šiandien Renata dirba kaime.
Datasets/Real_Handwriting/images/form_351_sentence_3.png,Tomas groja muzikos kūrinį.
Datasets/Synthetic_Sentences/images/sentence_51524.png,Ingrida valgo daržoves.
Datasets/Real_Handwriting/images/form_010_sentence_3.png,Studentai labai greitai valgo.
Datasets/Synthetic_Sentences/images/sentence_46694.png,"Kristina nori mokytis, nes nes nori pailsėti."
Datasets/Synthetic_Sentences/images/sentence_53344.png,Šiandien berniukas skaito istoriją.
Datasets/Synthetic_Sentences/images/sentence_45278.png,Rytoj berniukas skaitys istoriją.
Datasets/Real_Handwriting/images/form_091_sentence_4.png,Šuo galvoja prie ežero.
Datasets/Real_Handwriting/images/form_292_sentence_4.png,Mokytojas geria arbatą.
Datasets/Synthetic_Sentences/images/sentence_25688.png,Greitai katė mokosi darbe.
Datasets/Real_Handwriting/images/form_013_sentence_2.png,Katė piešia ir piešia.
Datasets/Real_Handwriting/images/form_353_sentence_3.png,Jurgita ilsisi ligoninėje.
Datasets/Synthetic_Sentences/images/sentence_17245.png,Vakar studentas skaitė žurnalą.
Datasets/Synthetic_Sentences/images/sentence_48726.png,Šiandien Marija perka knygą.
Datasets/Synthetic_Sentences/images/sentence_14772.png,Ar Rasa mokosi paplūdimyje?
Datasets/Real_Handwriting/images/form_429_sentence_2.png,Žmogus valgo košę.
Datasets/Real_Handwriting/images/form_368_sentence_1.png,Lėtai Laura dirba miške.
Datasets/Synthetic_Sentences/images/sentence_63559.png,Rūpestingai Ingrida valgo daržoves.
Datasets/Synthetic_Sentences/images/sentence_11082.png,Ar studentas skaito receptą?
Datasets/Synthetic_Sentences/images/sentence_35151.png,Mindaugas mėgsta valgyti obuolį.
Datasets/Synthetic_Sentences/images/sentence_33333.png,Studentas nori rašyti receptą.
Datasets/Synthetic_Sentences/images/sentence_18973.png,Ar Eglė mėgsta gerti?
Datasets/Real_Handwriting/images/form_217_sentence_5.png,Cukrų ir cinamoną dedame į pyragą.
Datasets/Synthetic_Sentences/images/sentence_27396.png,Mantas lankosi mokykloje.
Datasets/Synthetic_Sentences/images/sentence_60453.png,Vakar berniukas nešė žaislą.
Datasets/Real_Handwriting/images/form_135_sentence_5.png,Aš valgo muziką.
Datasets/Real_Handwriting/images/form_299_sentence_5.png,Cukrų ir cinamoną dedame į pyragą.
Datasets/Real_Handwriting/images/form_502_sentence_5.png,Danielius dažnai dalyvauja varžybose.
Datasets/Real_Handwriting/images/form_259_sentence_2.png,Ingrida perka arbatą.
Datasets/Synthetic_Sentences/images/sentence_14022.png,Mergaitė mokosi stotyje.
Datasets/Synthetic_Sentences/images/sentence_57335.png,Kristina neša žaislą.
Datasets/Real_Handwriting/images/form_189_sentence_2.png,Mergaitės eina laišką stotyje.
Datasets/Synthetic_Sentences/images/sentence_69249.png,Šiandien berniukas dirba stotyje.
Datasets/Synthetic_Sentences/images/sentence_13494.png,Greitai šuo mokosi ežero pakrantėje.
Datasets/Real_Handwriting/images/form_251_sentence_2.png,Renata neša dovaną.
Datasets/Synthetic_Sentences/images/sentence_24958.png,Berniukas nori skaityti istoriją.
Datasets/Synthetic_Sentences/images/sentence_61042.png,Jonas nori valgyti obuolį.
Datasets/Real_Handwriting/images/form_221_sentence_5.png,Katė keliasi anksti kiekvieną rytą.
Datasets/Synthetic_Sentences/images/sentence_02786.png,Studentas ilsisi pievoje.
Datasets/Real_Handwriting/images/form_034_sentence_4.png,Kartu studentai ilsisi užduotį.
Datasets/Synthetic_Sentences/images/sentence_06744.png,Ar Gintaras mėgsta eiti?
Datasets/Real_Handwriting/images/form_093_sentence_5.png,Mes tyliai kalba.
Datasets/Real_Handwriting/images/form_427_sentence_1.png,Džiaugsmingai paukštis perka žaislą.
Datasets/Synthetic_Sentences/images/sentence_58761.png,Žilvinas mėgsta gerti vandenį.
Datasets/Synthetic_Sentences/images/sentence_30483.png,Šiandien Jonas skaito istoriją.
Datasets/Real_Handwriting/images/form_288_sentence_3.png,Lėtai Neringa dirba namuose.
Datasets/Real_Handwriting/images/form_445_sentence_5.png,Kavinėje kvepėjo kava ir cinamonu.
Datasets/Synthetic_Sentences/images/sentence_55371.png,Žilvinas renka vaisius.
Datasets/Real_Handwriting/images/form_093_sentence_4.png,Jūs labai vakar dirba.
Datasets/Synthetic_Sentences/images/sentence_34628.png,Šuo nori bėgti.
Datasets/Real_Handwriting/images/form_339_sentence_3.png,Ramiai Gintaras.
Datasets/Synthetic_Sentences/images/sentence_16499.png,Danielius dirba namuose.
Datasets/Real_Handwriting/images/form_343_sentence_3.png,Mielai Gintaras rašo žemėlapį.
Datasets/Synthetic_Sentences/images/sentence_59658.png,Ar Žilvinas mokosi kalnuose?
Datasets/Real_Handwriting/images/form_397_sentence_4.png,Tyliai Eglė neša žaislą.
Datasets/Real_Handwriting/images/form_208_sentence_4.png,Šiandien Rasa skaito laišką.
Datasets/Synthetic_Sentences/images/sentence_20599.png,Kruopščiai Mindaugas skaito žurnalą.
Datasets/Real_Handwriting/images/form_421_sentence_4.png,Katė mokosi parke.
Datasets/Synthetic_Sentences/images/sentence_53480.png,Mokytoja mėgsta skaityti receptą.
Datasets/Real_Handwriting/images/form_157_sentence_1.png,Katė šoka maistą stadione.
Datasets/Synthetic_Sentences/images/sentence_27857.png,Saulius nedirba ligoninėje.
Datasets/Synthetic_Sentences/images/sentence_66595.png,Mokytojas mėgsta kalbėti.
Datasets/Synthetic_Sentences/images/sentence_62923.png,Ramiai studentė perka gėlę.
Datasets/Real_Handwriting/images/form_460_sentence_2.png,Šiandien šuo mokosi parke.
Datasets/Synthetic_Sentences/images/sentence_14697.png,Šiandien Neringa mokosi pievoje.
Datasets/Synthetic_Sentences/images/sentence_25024.png,Šiandien mokytoja perka gėlę.
Datasets/Real_Handwriting/images/form_022_sentence_5.png,Jūs labai smagiai rašo.
Datasets/Real_Handwriting/images/form_131_sentence_2.png,Kartu mes kalba darbą.
Datasets/Real_Handwriting/images/form_292_sentence_1.png,Laura stato bokštą.
Datasets/Synthetic_Sentences/images/sentence_60455.png,Studentas žaidžia kavinėje.
Datasets/Real_Handwriting/images/form_205_sentence_2.png,Ar Tomas mokosi ežero pakrantėje?
Datasets/Synthetic_Sentences/images/sentence_39878.png,Drąsiai Ingrida dirba stadione.
Datasets/Real_Handwriting/images/form_467_sentence_4.png,Studentas renka gėles.
Datasets/Synthetic_Sentences/images/sentence_42352.png,Katė mėgsta mokytis.
Datasets/Synthetic_Sentences/images/sentence_26398.png,Mindaugas skaito šiltą žemėlapį.
Datasets/Synthetic_Sentences/images/sentence_17208.png,Ramiai mokytoja neša krepšį.
Datasets/Synthetic_Sentences/images/sentence_04881.png,Renata dirba kaime ir skaito laišką.
Datasets/Synthetic_Sentences/images/sentence_23931.png,Vakar Renata nešė laišką.
Datasets/Real_Handwriting/images/form_315_sentence_5.png,Cukrų ir cinamoną dedame į pyragą.
Datasets/Synthetic_Sentences/images/sentence_00893.png,Kruopščiai Petras skaito istoriją.
Datasets/Synthetic_Sentences/images/sentence_25573.png,Mokytoja geria pieną.
Datasets/Real_Handwriting/images/form_313_sentence_2.png,Rasa ilsisi kavinėje.
Datasets/Synthetic_Sentences/images/sentence_38516.png,Mergaitė mokosi darbe.
Datasets/Synthetic_Sentences/images/sentence_12952.png,Mokytojas pradeda keliauti.
Datasets/Synthetic_Sentences/images/sentence_41835.png,Mokytojas dirba kavinėje vėlai vakare.
Datasets/Synthetic_Sentences/images/sentence_44649.png,Švelniai vaikas valgo sriubą.
Datasets/Synthetic_Sentences/images/sentence_05684.png,Rytoj studentė eis stotyje.
Datasets/Real_Handwriting/images/form_210_sentence_5.png,Kavinėje kvepėjo kava ir cinamonu.
Datasets/Synthetic_Sentences/images/sentence_31185.png,Ar Marija dirba ligoninėje?
Datasets/Real_Handwriting/images/form_432_sentence_4.png,Kristina nori žaisti.
Datasets/Real_Handwriting/images/form_372_sentence_1.png,Drąsiai Eglė mokosi stotyje.
Datasets/Synthetic_Sentences/images/sentence_37441.png,Vaikas skaito knygą.
Datasets/Real_Handwriting/images/form_493_sentence_1.png,Studentė lankosi mieste.
Datasets/Synthetic_Sentences/images/sentence_39445.png,Laura gyvena kaime.
Datasets/Real_Handwriting/images/form_122_sentence_3.png,Mergaitės piešia stotyje ir paplūdimyje.
Datasets/Real_Handwriting/images/form_189_sentence_1.png,Jos mąsto stadione.
Datasets/Synthetic_Sentences/images/sentence_12722.png,Gydytojas mėgsta keliauti.
Datasets/Real_Handwriting/images/form_134_sentence_5.png,Mes rašo ir rašo.
Datasets/Real_Handwriting/images/form_421_sentence_2.png,Ar Marija mokosi paplūdimyje?
Datasets/Synthetic_Sentences/images/sentence_42389.png,Vakar mokytojas skaitė istoriją.
Datasets/Synthetic_Sentences/images/sentence_31179.png,Rūpestingai Marija rašo projektą.
Datasets/Real_Handwriting/images/form_023_sentence_2.png,Mergaitė miega mokyklą sode.
Datasets/Real_Handwriting/images/form_163_sentence_5.png,Šiandien jie tvarkosi tyliai.
Datasets/Real_Handwriting/images/form_378_sentence_5.png,Universiteto studentai žaidžia šachmatais laisvalaikiu.
Datasets/Synthetic_Sentences/images/sentence_13860.png,Šiandien mergaitė ilsisi kaime.
Datasets/Synthetic_Sentences/images/sentence_21488.png,Berniukas nori valgyti duoną.
Datasets/Synthetic_Sentences/images/sentence_06947.png,Rūpestingai Eglė rašo projektą.
Datasets/Synthetic_Sentences/images/sentence_16100.png,Lėtai Petras valgo sriubą.
Datasets/Real_Handwriting/images/form_041_sentence_3.png,Kartu moteris skaito knygą.
Datasets/Synthetic_Sentences/images/sentence_20719.png,Mielai šuo valgo sriubą.
Datasets/Real_Handwriting/images/form_017_sentence_5.png,Šiandien moterys eina labai.
Datasets/Real_Handwriting/images/form_214_sentence_1.png,Rasa rašo užduotį.
Datasets/Synthetic_Sentences/images/sentence_60737.png,Ar Mindaugas nori mokytis?
Datasets/Synthetic_Sentences/images/sentence_25591.png,Šiandien Petras ilsisi kavinėje.
Datasets/Synthetic_Sentences/images/sentence_37650.png,Katė mėgsta pirkti knygą.
Datasets/Synthetic_Sentences/images/sentence_51872.png,Renata gyvena sode.
Datasets/Synthetic_Sentences/images/sentence_61319.png,Laura lankosi stotyje.
Datasets/Synthetic_Sentences/images/sentence_42864.png,Studentė nori valgyti sriubą.
Datasets/Synthetic_Sentences/images/sentence_45315.png,Jonas dirba kalnuose naktį.
Datasets/Synthetic_Sentences/images/sentence_13546.png,Eglė pradeda ilsėtis.
Datasets/Synthetic_Sentences/images/sentence_42547.png,Katė neskaito laišką.
Datasets/Real_Handwriting/images/form_290_sentence_3.png,Paukštis groja dainą.
Datasets/Synthetic_Sentences/images/sentence_41002.png,Rytoj Jonas eis pievoje.
Datasets/Real_Handwriting/images/form_162_sentence_2.png,Vaikas stengiasi eiti.
Datasets/Real_Handwriting/images/form_386_sentence_5.png,Cukrų ir cinamoną dedame į pyragą.
Datasets/Real_Handwriting/images/form_098_sentence_2.png,Draugas dirba ir dirba.
Datasets/Real_Handwriting/images/form_255_sentence_1.png,Atidžiai Gintaras ilsisi kalnuose.
Datasets/Real_Handwriting/images/form_131_sentence_3.png,Ji nemėgsta rašyti maistą.
Datasets/Synthetic_Sentences/images/sentence_04750.png,Studentė mėgsta pirkti dovaną.
Datasets/Real_Handwriting/images/form_272_sentence_5.png,Kavinėje kvepėjo kava ir cinamonu.
Datasets/Real_Handwriting/images/form_260_sentence_3.png,Studentė mėgsta groti.
Datasets/Synthetic_Sentences/images/sentence_18156.png,Renata perka duoną.
Datasets/Real_Handwriting/images/form_010_sentence_1.png,Vyras šoka dainą.
Datasets/Synthetic_Sentences/images/sentence_49777.png,"Žilvinas nori piešti, nes nes jam patinka."
Datasets/Real_Handwriting/images/form_387_sentence_3.png,Žirgas perka duoną.
Datasets/Real_Handwriting/images/form_262_sentence_4.png,Džiaugsmingai Žilvinas skaito istoriją.
Datasets/Synthetic_Sentences/images/sentence_04877.png,Švelniai Tomas mokosi ežero pakrantėje.
Datasets/Real_Handwriting/images/form_184_sentence_5.png,Šiandien draugai kalba kartu.
Datasets/Synthetic_Sentences/images/sentence_03727.png,Mokytoja mėgsta skaityti istoriją.
Datasets/Synthetic_Sentences/images/sentence_17669.png,Mindaugas nori pirkti duoną.
Datasets/Real_Handwriting/images/form_192_sentence_5.png,Moterys labai vakar verkia.
Datasets/Synthetic_Sentences/images/sentence_35274.png,Ingrida mėgsta skaityti žemėlapį.
Datasets/Synthetic_Sentences/images/sentence_61695.png,Džiaugsmingai vaikas perka žaislą.
Datasets/Real_Handwriting/images/form_061_sentence_1.png,Smagiai jis miega egzaminą.
Datasets/Real_Handwriting/images/form_395_sentence_3.png,Vakar Petras dirbo kalnuose.
Datasets/Real_Handwriting/images/form_133_sentence_5.png,Ar vyrai skuba?
Datasets/Synthetic_Sentences/images/sentence_25099.png,Rytoj Rasa skaitys laišką.
Datasets/Real_Handwriting/images/form_034_sentence_5.png,Vyrai sportuoja parke ir sode.
Datasets/Synthetic_Sentences/images/sentence_20845.png,Ramiai šuo valgo vaisius.
Datasets/Real_Handwriting/images/form_396_sentence_3.png,Šiandien berniukas skaito receptą.
Datasets/Real_Handwriting/images/form_080_sentence_5.png,Mergaitės šypsosi mieste.
Datasets/Real_Handwriting/images/form_235_sentence_4.png,Studentas groja muzikos kūrinį.
Datasets/Synthetic_Sentences/images/sentence_19099.png,Drąsiai katė skaito receptą darbe.
Datasets/Synthetic_Sentences/images/sentence_01729.png,"Mokytojas mokosi kaime, bet nori dainuoti."
Datasets/Synthetic_Sentences/images/sentence_02333.png,Marija mėgsta gerti kavą.
Datasets/Synthetic_Sentences/images/sentence_26981.png,Garsiai šuo skaito laišką ežero pakrantėje.
Datasets/Real_Handwriting/images/form_074_sentence_3.png,Draugas mąsto mokyklą.
Datasets/Synthetic_Sentences/images/sentence_12388.png,Mergaitė dirba pievoje po pietų.
Datasets/Synthetic_Sentences/images/sentence_39226.png,Greitai studentė ilsisi ligoninėje.
Datasets/Synthetic_Sentences/images/sentence_54409.png,Mokytojas skaito mažą žemėlapį.
Datasets/Synthetic_Sentences/images/sentence_16290.png,Studentas rašo laišką.
Datasets/Real_Handwriting/images/form_423_sentence_1.png,Katė mėgsta dirbti.
Datasets/Synthetic_Sentences/images/sentence_35509.png,Rasa valgo sriubą.
Datasets/Synthetic_Sentences/images/sentence_24667.png,Tyliai šuo skaito receptą.
Datasets/Real_Handwriting/images/form_050_sentence_3.png,Tu galvoja prie ežero ir mieste.
Datasets/Synthetic_Sentences/images/sentence_24805.png,Berniukas perka šaltą gėlę.
Datasets/Synthetic_Sentences/images/sentence_52442.png,Jurgita nedirba pievoje.
Datasets/Real_Handwriting/images/form_437_sentence_1.png,Ramiai Danielius neša dovaną.
Datasets/Synthetic_Sentences/images/sentence_11450.png,Rūpestingai Renata ilsisi paplūdimyje.
Datasets/Synthetic_Sentences/images/sentence_63357.png,Marija rašo užduotį.
Datasets/Real_Handwriting/images/form_158_sentence_5.png,Mokytojas kalba ir kalba.
Datasets/Real_Handwriting/images/form_419_sentence_3.png,Ar paukštis mokosi ežero pakrantėje?
Datasets/Synthetic_Sentences/images/sentence_48173.png,Danielius nori skaityti žemėlapį.
Datasets/Real_Handwriting/images/form_178_sentence_2.png,Šuo bijo bėgti.
Datasets/Real_Handwriting/images/form_053_sentence_3.png,Blogai jūs juokiasi maistą.
Datasets/Synthetic_Sentences/images/sentence_18485.png,Berniukas mokosi parke vėlai vakare.
Datasets/Real_Handwriting/images/form_411_sentence_5.png,Universiteto studentai žaidžia šachmatais laisvalaikiu.
Datasets/Synthetic_Sentences/images/sentence_03211.png,Šiandien Neringa perka knygą.
Datasets/Synthetic_Sentences/images/sentence_61693.png,Gydytojas bando dirbti.
Datasets/Synthetic_Sentences/images/sentence_57962.png,Jonas nori skaityti knygą.
Datasets/Synthetic_Sentences/images/sentence_68622.png,Berniukas nori tvarkytis.
Datasets/Real_Handwriting/images/form_107_sentence_5.png,Paukštis mėgsta galvoti.
Datasets/Real_Handwriting/images/form_177_sentence_3.png,Šiandien jos eina atidžiai.
Datasets/Synthetic_Sentences/images/sentence_24426.png,Saulius nenori žaisti.
Datasets/Synthetic_Sentences/images/sentence_01265.png,Gintaras nenori rašyti.
Datasets/Real_Handwriting/images/form_230_sentence_3.png,Ar studentas nori galvoti?
Datasets/Synthetic_Sentences/images/sentence_47849.png,Šuo rašo žemėlapį.
Datasets/Real_Handwriting/images/form_439_sentence_2.png,Šiandien Žilvinas mokosi bibliotekoje.
Datasets/Real_Handwriting/images/form_133_sentence_3.png,Paukštis ilsisi mokykloje.
Datasets/Real_Handwriting/images/form_455_sentence_1.png,Rasa neša knygą.
Datasets/Synthetic_Sentences/images/sentence_60542.png,Mielai Ingrida mokosi bibliotekoje po pietų.
Datasets/Synthetic_Sentences/images/sentence_03024.png,Rasa mėgsta skaityti žurnalą.
Datasets/Synthetic_Sentences/images/sentence_20014.png,"Eglė dirba darbe, nes jam patinka."
Datasets/Synthetic_Sentences/images/sentence_38178.png,Studentas geria vandenį.
Datasets/Real_Handwriting/images/form_174_sentence_2.png,Vyras žiūri stotyje ir stotyje.
Datasets/Synthetic_Sentences/images/sentence_57116.png,Katė lankosi kavinėje.
Datasets/Synthetic_Sentences/images/sentence_53967.png,Saulius mėgsta valgyti sriubą.
Datasets/Real_Handwriting/images/form_443_sentence_2.png,Lėtai Tomas valgo košę.
Datasets/Synthetic_Sentences/images/sentence_51378.png,Ar Laura mėgsta žaisti?
Datasets/Synthetic_Sentences/images/sentence_40682.png,Tomas žaidžia upės pakrantėje.
Datasets/Real_Handwriting/images/form_510_sentence_5.png,Ingrida ir Irena eina į kiną.
Datasets/Synthetic_Sentences/images/sentence_65758.png,Mokytoja skaito įdomų laišką.
Datasets/Synthetic_Sentences/images/sentence_54812.png,Vaikas ilsisi namuose.
Datasets/Synthetic_Sentences/images/sentence_54377.png,Tyliai Tomas rašo laišką.
Datasets/Synthetic_Sentences/images/sentence_04699.png,Berniukas gyvena stadione.
Datasets/Synthetic_Sentences/images/sentence_11318.png,Katė pradeda tvarkytis.
Datasets/Real_Handwriting/images/form_169_sentence_3.png,Ji nemėgsta ilsėtis darbą.
Datasets/Synthetic_Sentences/images/sentence_18139.png,Vakar Saulius dirbo darbe.
Datasets/Synthetic_Sentences/images/sentence_37522.png,Jurgita nenori mokytis.
Datasets/Synthetic_Sentences/images/sentence_39711.png,Marija nori skaityti laišką.
Datasets/Real_Handwriting/images/form_209_sentence_3.png,Gydytojas geria vandenį.
Datasets/Synthetic_Sentences/images/sentence_16266.png,"Rasa dirba ligoninėje, nes tai labai įdomu."
Datasets/Real_Handwriting/images/form_305_sentence_5.png,Nuostabus gamtos vaizdas atsiveria nuo kalno.
Datasets/Real_Handwriting/images/form_461_sentence_2.png,Petras valgo vaisius.
Datasets/Synthetic_Sentences/images/sentence_23594.png,Tomas nori skaityti knygą.
Datasets/Real_Handwriting/images/form_109_sentence_5.png,Studentas skuba daržoves.
Datasets/Synthetic_Sentences/images/sentence_41659.png,Mindaugas gyvena mokykloje.
Datasets/Synthetic_Sentences/images/sentence_10729.png,Greitai Jonas valgo sriubą.
Datasets/Real_Handwriting/images/form_128_sentence_2.png,Jis bėga žaidimą prie ežero.
Datasets/Synthetic_Sentences/images/sentence_34777.png,Studentė skaito laišką.
Datasets/Synthetic_Sentences/images/sentence_25603.png,Atidžiai Laura skaito istoriją pievoje.
Datasets/Synthetic_Sentences/images/sentence_27165.png,Gydytojas sportuoja kalnuose.
Datasets/Synthetic_Sentences/images/sentence_10539.png,Ar Renata mokosi paplūdimyje?
Datasets/Real_Handwriting/images/form_401_sentence_4.png,Ar Rasa mėgsta dirbti?
Datasets/Real_Handwriting/images/form_304_sentence_4.png,Eglė lankosi miške.
Datasets/Real_Handwriting/images/form_149_sentence_5.png,Kruopščiai jūs tvarkosi vaisius.
Datasets/Real_Handwriting/images/form_483_sentence_2.png,Paukštis nori tvarkytis žemėlapį.
Datasets/Real_Handwriting/images/form_081_sentence_3.png,Gydytojas juokiasi ir juokiasi.
Datasets/Synthetic_Sentences/images/sentence_52985.png,Kruopščiai Saulius perka dovaną.
Datasets/Real_Handwriting/images/form_470_sentence_1.png,Gydytojas būna kaime.
Datasets/Synthetic_Sentences/images/sentence_07552.png,Mokytoja dirba mieste vakare.
Datasets/Synthetic_Sentences/images/sentence_01899.png,Džiaugsmingai Gintaras dirba parke.
Datasets/Real_Handwriting/images/form_316_sentence_5.png,Kavinėje kvepėjo kava ir cinamonu.
Datasets/Synthetic_Sentences/images/sentence_41244.png,Žilvinas mėgsta gerti.
Datasets/Synthetic_Sentences/images/sentence_46234.png,Šiandien mokytojas skaito knygą.
Datasets/Synthetic_Sentences/images/sentence_48356.png,Tomas nori pirkti kavą.
Datasets/Real_Handwriting/images/form_430_sentence_5.png,Cecilija čiuožia ant ledo.
Datasets/Synthetic_Sentences/images/sentence_15296.png,Jonas lankosi pievoje.
Datasets/Synthetic_Sentences/images/sentence_41289.png,Ar šuo nori tvarkytis?
Datasets/Real_Handwriting/images/form_288_sentence_2.png,Šiandien Neringa mokosi ligoninėje.
Datasets/Real_Handwriting/images/form_033_sentence_1.png,Draugas nori rašyti paveikslą.
Datasets/Real_Handwriting/images/form_108_sentence_1.png,Mergaitė labai labai mąsto.
Datasets/Real_Handwriting/images/form_301_sentence_2.png,Šiandien Marija dirba ežero pakrantėje.
Datasets/Synthetic_Sentences/images/sentence_34025.png,Lėtai Danielius rašo receptą.
Datasets/Real_Handwriting/images/form_451_sentence_5.png,Cukrų ir cinamoną dedame į pyragą.
Datasets/Synthetic_Sentences/images/sentence_18015.png,Mokytoja rašo istoriją.
Datasets/Real_Handwriting/images/form_003_sentence_3.png,Ramiai vaikas miega darbą.
Datasets/Synthetic_Sentences/images/sentence_54630.png,Laura rašo žemėlapį.
Datasets/Synthetic_Sentences/images/sentence_11449.png,Ką Marija skaito?
Datasets/Synthetic_Sentences/images/sentence_68843.png,Jurgita mėgsta gerti kavą.
Datasets/Real_Handwriting/images/form_271_sentence_1.png,Gydytojas mokosi upės pakrantėje.
Datasets/Real_Handwriting/images/form_499_sentence_4.png,Žilvinas neša dovaną.
Datasets/Real_Handwriting/images/form_032_sentence_4.png,Jos valgo žemėlapį kalnuose.
Datasets/Synthetic_Sentences/images/sentence_66438.png,Vakar Mindaugas nešė knygą.
Datasets/Synthetic_Sentences/images/sentence_25101.png,Vakar gydytojas skaitė žurnalą.
Datasets/Real_Handwriting/images/form_358_sentence_3.png,Studentė skaito receptą.
Datasets/Synthetic_Sentences/images/sentence_53890.png,Šiandien Žilvinas mokosi kaime.
Datasets/Synthetic_Sentences/images/sentence_21302.png,Kruopščiai šuo valgo sriubą.
Datasets/Real_Handwriting/images/form_479_sentence_5.png,Cukrų ir cinamoną dedame į pyragą.
Datasets/Synthetic_Sentences/images/sentence_02459.png,"Rasa nori plaukti, nes nes nori pailsėti."
Datasets/Synthetic_Sentences/images/sentence_49155.png,Lėtai Saulius skaito receptą.
Datasets/Synthetic_Sentences/images/sentence_68341.png,Šiandien vaikas perka duoną.
Datasets/Synthetic_Sentences/images/sentence_06128.png,Šiandien Žilvinas ilsisi stotyje.
Datasets/Real_Handwriting/images/form_415_sentence_3.png,Petras mokosi mieste.
Datasets/Synthetic_Sentences/images/sentence_35180.png,Studentas dirba ligoninėje.
Datasets/Synthetic_Sentences/images/sentence_64606.png,Lėtai šuo rašo žemėlapį.
Datasets/Synthetic_Sentences/images/sentence_65785.png,Petras nori skaityti receptą.
Datasets/Synthetic_Sentences/images/sentence_37555.png,"Renata mokosi pievoje, bet nori gerti."
Datasets/Real_Handwriting/images/form_144_sentence_2.png,Ji labai atidžiai miega.
Datasets/Synthetic_Sentences/images/sentence_27191.png,Kruopščiai Eglė neša gėlę.
Datasets/Real_Handwriting/images/form_064_sentence_4.png,Gydytojai mąsto egzaminą kavinėje.
Datasets/Synthetic_Sentences/images/sentence_52401.png,Žilvinas mėgsta pirkti gėlę.
Datasets/Real_Handwriting/images/form_389_sentence_5.png,Cecilija čiuožia ant ledo.
Datasets/Synthetic_Sentences/images/sentence_52251.png,Šiandien Rasa ilsisi kavinėje.
Datasets/Real_Handwriting/images/form_486_sentence_5.png,Žuvėdros skraido žemai virš bangų.
Datasets/Synthetic_Sentences/images/sentence_42108.png,Neringa neskaito knygą.
Datasets/Synthetic_Sentences/images/sentence_23867.png,Šiandien Kristina ilsisi stadione.
Datasets/Synthetic_Sentences/images/sentence_63453.png,Žilvinas perka dovaną.
Datasets/Synthetic_Sentences/images/sentence_13576.png,Vakar Marija dirbo kavinėje.
Datasets/Real_Handwriting/images/form_446_sentence_4.png,Katė perka arbatą.
Datasets/Synthetic_Sentences/images/sentence_57859.png,Vaikas renka akmenis.
Datasets/Synthetic_Sentences/images/sentence_56107.png,Mergaitė perka gėlę.
Datasets/Synthetic_Sentences/images/sentence_20077.png,Švelniai studentė perka arbatą.
Datasets/Real_Handwriting/images/form_378_sentence_3.png,Mantas mėgsta žaisti.
Datasets/Real_Handwriting/images/form_137_sentence_3.png,Gydytojai rytoj ilsisi.
Datasets/Synthetic_Sentences/images/sentence_14661.png,Studentas nenori groti.
Datasets/Real_Handwriting/images/form_191_sentence_1.png,Jos žaidžia mieste.
Datasets/Real_Handwriting/images/form_188_sentence_4.png,Ji tvarkosi ir tvarkosi.
Datasets/Synthetic_Sentences/images/sentence_17672.png,Neringa mėgsta dirbti.
Datasets/Synthetic_Sentences/images/sentence_49994.png,Renata dirba ežero pakrantėje naktį.
Datasets/Synthetic_Sentences/images/sentence_32821.png,Lėtai gydytojas ilsisi kalnuose.
Datasets/Synthetic_Sentences/images/sentence_29229.png,Šiandien mergaitė mokosi upės pakrantėje.
Datasets/Synthetic_Sentences/images/sentence_35019.png,Šiandien Mantas ilsisi stotyje.
Datasets/Real_Handwriting/images/form_354_sentence_5.png,Tėtis treniruoja vaikus kiekvieną savaitę.
Datasets/Real_Handwriting/images/form_381_sentence_2.png,Ar Mindaugas dirba stotyje?
Datasets/Synthetic_Sentences/images/sentence_06603.png,Neringa nedirba mieste.
Datasets/Synthetic_Sentences/images/sentence_50637.png,Neringa neša gėlę.
Datasets/Real_Handwriting/images/form_021_sentence_1.png,Gydytojai klauso ir klauso.
Datasets/Synthetic_Sentences/images/sentence_38282.png,Žilvinas nori pirkti knygą.
Datasets/Real_Handwriting/images/form_067_sentence_1.png,Jie labai kartu kalba.
Datasets/Real_Handwriting/images/form_502_sentence_1.png,Kruopščiai žirgas mokosi upės pakrantėje.
Datasets/Synthetic_Sentences/images/sentence_07684.png,Ar Ingrida dirba stotyje?
Datasets/Real_Handwriting/images/form_020_sentence_1.png,Šuo skuba sode ir miške.
Datasets/Synthetic_Sentences/images/sentence_14944.png,Ar studentė nori keliauti?
Datasets/Synthetic_Sentences/images/sentence_51903.png,Ką Tomas skaito?
Datasets/Real_Handwriting/images/form_318_sentence_2.png,Kristina stato tvorą.
Datasets/Real_Handwriting/images/form_243_sentence_1.png,Ramiai žmogus valgo duoną.
Datasets/Synthetic_Sentences/images/sentence_30907.png,Džiaugsmingai Petras skaito žemėlapį sode.
Datasets/Real_Handwriting/images/form_476_sentence_4.png,Vakar Eglė dirbo miške.
Datasets/Real_Handwriting/images/form_187_sentence_3.png,Mergaitė miega mokyklą.
Datasets/Synthetic_Sentences/images/sentence_64839.png,Jurgita mėgsta gerti pieną.
Datasets/Real_Handwriting/images/form_224_sentence_5.png,Tvarka namuose labai svarbi.
Datasets/Real_Handwriting/images/form_354_sentence_3.png,Žilvinas lankosi darbe.
Datasets/Real_Handwriting/images/form_392_sentence_1.png,Tyliai Mantas valgo košę.
Datasets/Real_Handwriting/images/form_395_sentence_2.png,Ar Kristina dirba kavinėje?
Datasets/Synthetic_Sentences/images/sentence_23422.png,Tyliai Jurgita mokosi mieste.
Datasets/Real_Handwriting/images/form_062_sentence_1.png,Ar jos rašo?
Datasets/Real_Handwriting/images/form_123_sentence_2.png,Jos nemėgsta mokytis pamoką.
Datasets/Real_Handwriting/images/form_283_sentence_2.png,Vakar Ingrida nešė gėlę.
Datasets/Synthetic_Sentences/images/sentence_48789.png,Berniukas neskaito žurnalą.
Datasets/Synthetic_Sentences/images/sentence_03652.png,Studentė dirba mieste.
Datasets/Synthetic_Sentences/images/sentence_17131.png,Šiandien studentė ilsisi ligoninėje.
Datasets/Synthetic_Sentences/images/sentence_51630.png,Laura mokosi ligoninėje naktį.
Datasets/Real_Handwriting/images/form_139_sentence_4.png,Katė keliauoja mieste.
Datasets/Synthetic_Sentences/images/sentence_68455.png,Laura nori pirkti žaislą.
Datasets/Real_Handwriting/images/form_079_sentence_2.png,Šiandien vyrai skaito kartu.
Datasets/Real_Handwriting/images/form_137_sentence_5.png,Rytoj mokytojai galvoja daržoves.
Datasets/Synthetic_Sentences/images/sentence_30306.png,Marija dirba sode ir skaito žurnalą.
Datasets/Synthetic_Sentences/images/sentence_44386.png,Saulius skaito greitą žemėlapį.
Datasets/Real_Handwriting/images/form_454_sentence_1.png,Garsiai katė sportuoja ligoninėje.
Datasets/Real_Handwriting/images/form_228_sentence_4.png,Žmogus dirba sode.
Datasets/Synthetic_Sentences/images/sentence_63884.png,Jonas geria pieną.
Datasets/Synthetic_Sentences/images/sentence_16664.png,Lėtai Laura mokosi stadione.
Datasets/Synthetic_Sentences/images/sentence_57714.png,Jonas geria pieną.
Datasets/Real_Handwriting/images/form_499_sentence_5.png,Cecilija čiuožia ant ledo.
Datasets/Synthetic_Sentences/images/sentence_45846.png,Gydytojas rašo projektą.
Datasets/Synthetic_Sentences/images/sentence_22429.png,"Mergaitė nori piešti, nes nes jam patinka."
Datasets/Real_Handwriting/images/form_493_sentence_2.png,Šuo perka žaislą.
Datasets/Real_Handwriting/images/form_465_sentence_3.png,Šiandien Jonas skaito knygą.
Datasets/Real_Handwriting/images/form_427_sentence_4.png,Greitai žirgas valgo košę.
Datasets/Synthetic_Sentences/images/sentence_64024.png,"Danielius mokosi sode, nes jam patinka."
Datasets/Real_Handwriting/images/form_214_sentence_5.png,Grybų miške randa vaikai ir suaugusieji.
Datasets/Real_Handwriting/images/form_089_sentence_1.png,Mokytojai tvarkosi stotyje.
Datasets/Real_Handwriting/images/form_157_sentence_3.png,Vyras labai dabar ilsisi.
Datasets/Synthetic_Sentences/images/sentence_11455.png,Eglė mėgsta valgyti daržoves.
Datasets/Synthetic_Sentences/images/sentence_05074.png,Mantas nenori groti.
Datasets/Synthetic_Sentences/images/sentence_15319.png,Šiandien Laura perka gėlę.
Datasets/Synthetic_Sentences/images/sentence_46099.png,Petras nori rašyti receptą.
Datasets/Synthetic_Sentences/images/sentence_31935.png,Mokytoja dirba sode vėlai vakare.
Datasets/Synthetic_Sentences/images/sentence_69076.png,Rytoj katė eis miške.
Datasets/Real_Handwriting/images/form_069_sentence_4.png,Šiandien mergaitė skaito kartu.
Datasets/Synthetic_Sentences/images/sentence_34780.png,Vakar Žilvinas skaitė receptą.
Datasets/Synthetic_Sentences/images/sentence_03925.png,Tyliai Gintaras skaito žurnalą.
Datasets/Synthetic_Sentences/images/sentence_52569.png,Šiandien studentas dirba stadione.
Datasets/Real_Handwriting/images/form_329_sentence_4.png,Kruopščiai šuo valgo vaisius.
Datasets/Synthetic_Sentences/images/sentence_64579.png,Vakar Mindaugas nešė dovaną.
Datasets/Synthetic_Sentences/images/sentence_33177.png,Ingrida neskaito žurnalą.
Datasets/Real_Handwriting/images/form_263_sentence_5.png,Kavinėje kvepėjo kava ir cinamonu.
Datasets/Synthetic_Sentences/images/sentence_62438.png,Renata mokosi stotyje.
Datasets/Synthetic_Sentences/images/sentence_21828.png,Kristina nori rašyti projektą.
Datasets/Real_Handwriting/images/form_245_sentence_2.png,Saulius nori valgyti duoną.
Datasets/Real_Handwriting/images/form_116_sentence_5.png,Jos rašo vandenį.
Datasets/Synthetic_Sentences/images/sentence_54432.png,Mielai Jonas mokosi kavinėje vėlai vakare.
Datasets/Synthetic_Sentences/images/sentence_02565.png,Lėtai Danielius skaito istoriją stotyje.
Datasets/Synthetic_Sentences/images/sentence_16879.png,Laura skaito įdomų žemėlapį.
Datasets/Real_Handwriting/images/form_198_sentence_3.png,Dabar tu kalba knygą.
Datasets/Real_Handwriting/images/form_323_sentence_1.png,Gydytojas stengiasi groti.
Datasets/Synthetic_Sentences/images/sentence_21957.png,Lėtai studentas skaito knygą miške.
Datasets/Synthetic_Sentences/images/sentence_68923.png,Ar katė skaito knygą?
Datasets/Real_Handwriting/images/form_118_sentence_1.png,Aš labai blogai kalba.
Datasets/Synthetic_Sentences/images/sentence_63220.png,Kodėl Rasa dirba sode?
Datasets/Synthetic_Sentences/images/sentence_35497.png,Jonas žaidžia sode.
Datasets/Synthetic_Sentences/images/sentence_60494.png,"Mergaitė mokosi kaime, nes turi daug darbo."
Datasets/Synthetic_Sentences/images/sentence_14307.png,"Renata nori žaisti, nes nes jam patinka."
Datasets/Synthetic_Sentences/images/sentence_59283.png,Žilvinas mėgsta tvarkytis.
Datasets/Synthetic_Sentences/images/sentence_45372.png,Ar Danielius mėgsta sportuoti?
Datasets/Synthetic_Sentences/images/sentence_00465.png,Ką studentė skaito?
Datasets/Real_Handwriting/images/form_179_sentence_4.png,Mergaitės žaidžia namus stotyje.
Datasets/Synthetic_Sentences/images/sentence_66502.png,Mokytojas sportuoja mokykloje.
Datasets/Synthetic_Sentences/images/sentence_06108.png,Rytoj Kristina skaitys knygą.
Datasets/Real_Handwriting/images/form_413_sentence_5.png,Šuo išbėgo į kiemą ir pradėjo loti.
Datasets/Real_Handwriting/images/form_417_sentence_2.png,Rytoj Danielius eis sode.
Datasets/Synthetic_Sentences/images/sentence_56748.png,Šiandien Marija perka duoną.
Datasets/Real_Handwriting/images/form_350_sentence_5.png,Šuo išbėgo į kiemą ir pradėjo loti.
Datasets/Synthetic_Sentences/images/sentence_43702.png,Rasa perka mažą kavą.
Datasets/Real_Handwriting/images/form_295_sentence_5.png,Jonas į darbą važiuoja dviračiu.
Datasets/Real_Handwriting/images/form_307_sentence_1.png,Tomas valgo obuolį.
Datasets/Real_Handwriting/images/form_183_sentence_1.png,Draugas bijo skubėti knygą.
Datasets/Real_Handwriting/images/form_422_sentence_4.png,Ar Laura nori dainuoti?
Datasets/Real_Handwriting/images/form_300_sentence_1.png,Berniukas perka knygą.
Datasets/Synthetic_Sentences/images/sentence_23462.png,Danielius mėgsta gerti sultis.
Datasets/Synthetic_Sentences/images/sentence_04677.png,Ar Jurgita skaito žemėlapį?
Datasets/Real_Handwriting/images/form_352_sentence_4.png,Rytoj Mantas skaitys receptą.
Datasets/Real_Handwriting/images/form_476_sentence_3.png,Jurgita groja simfoniją.
Datasets/Synthetic_Sentences/images/sentence_07056.png,Renata renka daržoves.
Datasets/Real_Handwriting/images/form_391_sentence_1.png,Renata nori važiuoti.
Datasets/Synthetic_Sentences/images/sentence_38939.png,Garsiai vaikas skaito receptą pievoje.
Datasets/Synthetic_Sentences/images/sentence_10389.png,Vakar Mindaugas nešė laišką.
Datasets/Real_Handwriting/images/form_253_sentence_5.png,Filmas buvo labai įdomus ir jaudinantis.
Datasets/Synthetic_Sentences/images/sentence_53240.png,Drąsiai Eglė mokosi pievoje.
Datasets/Synthetic_Sentences/images/sentence_67008.png,Mokytoja nori gerti vandenį.
Datasets/Synthetic_Sentences/images/sentence_10793.png,Ingrida nori skaityti receptą.
Datasets/Synthetic_Sentences/images/sentence_49878.png,Tomas bando žaisti.
Datasets/Synthetic_Sentences/images/sentence_50593.png,Eglė gyvena darbe.
Datasets/Synthetic_Sentences/images/sentence_29802.png,Vakar Petras dirbo namuose.
Datasets/Synthetic_Sentences/images/sentence_01783.png,Tomas skaito žurnalą.
Datasets/Real_Handwriting/images/form_274_sentence_5.png,Kavinėje kvepėjo kava ir cinamonu.
Datasets/Real_Handwriting/images/form_432_sentence_5.png,Čiulba paukščiai ankstų rytą.
Datasets/Synthetic_Sentences/images/sentence_56397.png,Šiandien Mindaugas perka duoną.
Datasets/Synthetic_Sentences/images/sentence_64175.png,"Mokytoja mokosi mieste, nes jam patinka."
Datasets/Real_Handwriting/images/form_162_sentence_3.png,Draugas žaidžia laišką paplūdimyje.
Datasets/Real_Handwriting/images/form_098_sentence_5.png,Studentai dirba prie ežero ir ligoninėje.
Datasets/Real_Handwriting/images/form_088_sentence_4.png,Aš sportuoja bibliotekoje ir darbe.
Datasets/Real_Handwriting/images/form_509_sentence_1.png,Žmogus rašo laišką.
Datasets/Real_Handwriting/images/form_128_sentence_4.png,Ji dainuoja ir dainuoja.
Datasets/Synthetic_Sentences/images/sentence_09524.png,Eglė mokosi kavinėje vakare.
Datasets/Synthetic_Sentences/images/sentence_63225.png,Vakar Neringa dirbo sode.
Datasets/Synthetic_Sentences/images/sentence_19725.png,Mokytoja ilsisi mokykloje.
Datasets/Real_Handwriting/images/form_401_sentence_2.png,Tyliai Gintaras valgo duoną.
Datasets/Real_Handwriting/images/form_023_sentence_3.png,Moteris mėgsta eiti.
Datasets/Synthetic_Sentences/images/sentence_23746.png,Žilvinas stengiasi eiti.
Datasets/Real_Handwriting/images/form_206_sentence_5.png,Cukrų ir cinamoną dedame į pyragą.
Datasets/Real_Handwriting/images/form_410_sentence_4.png,Ingrida valgo košę.
Datasets/Real_Handwriting/images/form_345_sentence_1.png,Šiandien šuo skaito istoriją.
Datasets/Synthetic_Sentences/images/sentence_16407.png,Ką Ingrida skaito?
Datasets/Real_Handwriting/images/form_291_sentence_4.png,Rūpestingai Gintaras rašo receptą.
Datasets/Synthetic_Sentences/images/sentence_32587.png,Marija nori skaityti receptą.
Datasets/Synthetic_Sentences/images/sentence_46413.png,Mindaugas sportuoja stadione.
Datasets/Real_Handwriting/images/form_298_sentence_5.png,Žirgai bėga laisvai per žalią lauką.
Datasets/Synthetic_Sentences/images/sentence_67606.png,Vakar Ingrida nešė krepšį.
Datasets/Synthetic_Sentences/images/sentence_44248.png,Renata mėgsta valgyti duoną.
Datasets/Synthetic_Sentences/images/sentence_12913.png,Eglė nori pirkti knygą.
Datasets/Real_Handwriting/images/form_037_sentence_3.png,Tyliai tu dirba užduotį.
Datasets/Real_Handwriting/images/form_441_sentence_1.png,Šiandien studentė skaito žurnalą.
Datasets/Synthetic_Sentences/images/sentence_60982.png,Šiandien studentas perka dovaną.
Datasets/Real_Handwriting/images/form_311_sentence_4.png,Ar Kristina nori eiti?
Datasets/Real_Handwriting/images/form_341_sentence_4.png,Šeima dirba mokykloje.
Datasets/Real_Handwriting/images/form_134_sentence_4.png,Paukštis bėga laišką.
Datasets/Real_Handwriting/images/form_374_sentence_1.png,Petras nori bėgti laišką.
Datasets/Synthetic_Sentences/images/sentence_51712.png,Vaikas perka šaltą gėlę.
Datasets/Real_Handwriting/images/form_478_sentence_5.png,Kavinėje kvepėjo kava ir cinamonu.
Datasets/Real_Handwriting/images/form_275_sentence_5.png,Cukrų ir cinamoną dedame į pyragą.
Datasets/Synthetic_Sentences/images/sentence_69111.png,Šiandien Gintaras ilsisi parke.
Datasets/Synthetic_Sentences/images/sentence_35764.png,Ar Gintaras dirba kaime?
Datasets/Real_Handwriting/images/form_135_sentence_1.png,Ar draugai skuba?
Datasets/Synthetic_Sentences/images/sentence_18841.png,Mergaitė pradeda žaisti.
Datasets/Real_Handwriting/images/form_477_sentence_2.png,Ar Jurgita mokosi kalnuose?
Datasets/Synthetic_Sentences/images/sentence_51258.png,Jonas mėgsta skaityti laišką.
Datasets/Synthetic_Sentences/images/sentence_07395.png,Katė skaito nuobodų laišką.
Datasets/Real_Handwriting/images/form_405_sentence_4.png,Petras rašo žemėlapį.
Datasets/Synthetic_Sentences/images/sentence_24554.png,Švelniai Gintaras ilsisi stadione.
Datasets/Synthetic_Sentences/images/sentence_03297.png,Vakar Mindaugas dirbo kalnuose.
Datasets/Synthetic_Sentences/images/sentence_33726.png,Vaikas stengiasi mokytis.
Datasets/Synthetic_Sentences/images/sentence_20710.png,Ar mokytoja skaito istoriją?
Datasets/Real_Handwriting/images/form_341_sentence_2.png,Renata skaito knygą.
Datasets/Real_Handwriting/images/form_339_sentence_5.png,Eglė eina į egzaminą ramiai.
Datasets/Synthetic_Sentences/images/sentence_54959.png,Gintaras skaito lėtą istoriją.
Datasets/Synthetic_Sentences/images/sentence_36941.png,Vakar Danielius dirbo pievoje.
Datasets/Synthetic_Sentences/images/sentence_08555.png,Renata nori pirkti knygą.
Datasets/Real_Handwriting/images/form_122_sentence_1.png,Draugas klauso darbą namuose.
Datasets/Real_Handwriting/images/form_348_sentence_2.png,Katė sportuoja ežero pakrantėje.
Datasets/Synthetic_Sentences/images/sentence_69875.png,Tomas gyvena stadione.
Datasets/Synthetic_Sentences/images/sentence_69424.png,Drąsiai Ingrida valgo košę.
Datasets/Real_Handwriting/images/form_500_sentence_1.png,Mokytoja rašo istoriją.
Datasets/Real_Handwriting/images/form_447_sentence_2.png,Studentė rašo projektą.
Datasets/Real_Handwriting/images/form_125_sentence_3.png,Mergaitė tvarkosi stadione ir ligoninėje.
Datasets/Real_Handwriting/images/form_326_sentence_3.png,Tyliai šuo rašo laišką.
Datasets/Real_Handwriting/images/form_376_sentence_1.png,Rytoj studentas skaitys istoriją.
Datasets/Real_Handwriting/images/form_359_sentence_1.png,Jurgita būna kavinėje.
Datasets/Real_Handwriting/images/form_225_sentence_2.png,Kruopščiai Jonas ilsisi namuose.
Datasets/Synthetic_Sentences/images/sentence_08307.png,Žilvinas sportuoja kalnuose.
Datasets/Real_Handwriting/images/form_253_sentence_3.png,Ar Mantas mokosi mieste?
Datasets/Synthetic_Sentences/images/sentence_45507.png,Ar Jurgita skaito laišką?
Datasets/Synthetic_Sentences/images/sentence_51789.png,Vakar mokytojas skaitė žurnalą.
Datasets/Synthetic_Sentences/images/sentence_11623.png,Jurgita neša dovaną.
Datasets/Synthetic_Sentences/images/sentence_35537.png,Renata gyvena darbe.
Datasets/Synthetic_Sentences/images/sentence_11216.png,Ingrida ilsisi ežero pakrantėje.
Datasets/Real_Handwriting/images/form_182_sentence_5.png,Vaikai labai niekada keliauoja.
Datasets/Real_Handwriting/images/form_200_sentence_5.png,Ar jie verkia?
Datasets/Real_Handwriting/images/form_258_sentence_1.png,Vakar gydytojas dirbo paplūdimyje.
Datasets/Real_Handwriting/images/form_003_sentence_5.png,Moterys stengiasi skaityti.
Datasets/Real_Handwriting/images/form_194_sentence_5.png,Mes valgo kavą sode.
Datasets/Real_Handwriting/images/form_305_sentence_2.png,Mokytojas žaidžia miške.
Datasets/Synthetic_Sentences/images/sentence_41091.png,Studentas perka greitą gėlę.
Datasets/Real_Handwriting/images/form_005_sentence_1.png,Gydytojas tvarkosi paveikslą.
Datasets/Synthetic_Sentences/images/sentence_28773.png,Šiandien studentė ilsisi mokykloje.
Datasets/Synthetic_Sentences/images/sentence_64551.png,Vakar Jurgita dirbo stadione.
Datasets/Real_Handwriting/images/form_193_sentence_5.png,Tu šypsosi ir šypsosi.
Datasets/Real_Handwriting/images/form_236_sentence_1.png,Mokytoja dirba upės pakrantėje.
Datasets/Real_Handwriting/images/form_235_sentence_5.png,Vaikas džiaugsmingai šokinėja per balas po lietaus.
Datasets/Real_Handwriting/images/form_380_sentence_1.png,Studentė gyvena kalnuose.
Datasets/Synthetic_Sentences/images/sentence_30385.png,Garsiai Laura neša laišką.
Datasets/Synthetic_Sentences/images/sentence_28019.png,"Danielius dirba kalnuose, nes jam patinka."
Datasets/Synthetic_Sentences/images/sentence_69421.png,Mokytoja renka daržoves.
Datasets/Real_Handwriting/images/form_175_sentence_1.png,Studentas juokiasi istoriją stotyje.
Datasets/Real_Handwriting/images/form_464_sentence_4.png,Ar žmogus mėgsta šokti?
Datasets/Real_Handwriting/images/form_036_sentence_2.png,Mokytojai rašo pamoką.
Datasets/Real_Handwriting/images/form_144_sentence_4.png,Paukštis sportuoja filmą.
Datasets/Real_Handwriting/images/form_264_sentence_2.png,Atidžiai šeima mokosi sode.
Datasets/Synthetic_Sentences/images/sentence_53472.png,Šuo nori pirkti duoną.
Datasets/Synthetic_Sentences/images/sentence_38196.png,Petras skaito naują laišką.
Datasets/Real_Handwriting/images/form_103_sentence_2.png,Jie smagiai sportuoja.
Datasets/Synthetic_Sentences/images/sentence_29195.png,Katė nori skaityti knygą.
Datasets/Real_Handwriting/images/form_123_sentence_1.png,Šiandien mergaitės ilsisi ramiai.
Datasets/Synthetic_Sentences/images/sentence_28776.png,Gydytojas sportuoja namuose.
Datasets/Real_Handwriting/images/form_015_sentence_3.png,Šiandien mergaitė tvarkosi kruopščiai.
Datasets/Real_Handwriting/images/form_011_sentence_3.png,Šuo šoka sode ir prie ežero.
Datasets/Real_Handwriting/images/form_285_sentence_4.png,Šiandien Mindaugas mokosi miške.
Datasets/Real_Handwriting/images/form_268_sentence_1.png,Jurgita mėgsta valgyti.
Datasets/Synthetic_Sentences/images/sentence_52082.png,Ar Tomas skaito žemėlapį?
Datasets/Real_Handwriting/images/form_346_sentence_5.png,Žiema atneša sniegą ir šaltį.
Datasets/Real_Handwriting/images/form_414_sentence_1.png,Garsiai katė rašo laišką.
Datasets/Real_Handwriting/images/form_498_sentence_3.png,Ar Eglė dirba ligoninėje?
Datasets/Synthetic_Sentences/images/sentence_12947.png,Mokytojas nedirba stotyje.
Datasets/Real_Handwriting/images/form_332_sentence_4.png,Gintaras ilsisi darbe.
Datasets/Real_Handwriting/images/form_031_sentence_4.png,Mergaitės labai greitai geria.
Datasets/Real_Handwriting/images/form_373_sentence_3.png,Ramiai žirgas dirba sode.
Datasets/Synthetic_Sentences/images/sentence_05340.png,Tomas mokosi miške anksti ryte.
Datasets/Synthetic_Sentences/images/sentence_03087.png,Kristina ilsisi namuose.
Datasets/Synthetic_Sentences/images/sentence_09675.png,Šiandien Jurgita dirba darbe.
Datasets/Real_Handwriting/images/form_114_sentence_3.png,Ji stengiasi dirbti.
Datasets/Real_Handwriting/images/form_267_sentence_4.png,Marija neša knygą.
Datasets/Synthetic_Sentences/images/sentence_18936.png,Vaikas ilsisi kalnuose.
Datasets/Real_Handwriting/images/form_343_sentence_4.png,Studentė stato bokštą.
Datasets/Synthetic_Sentences/images/sentence_32277.png,Eglė neša knygą.
Datasets/Synthetic_Sentences/images/sentence_41575.png,Tomas stengiasi bėgti.
Datasets/Synthetic_Sentences/images/sentence_52410.png,Katė mėgsta pirkti gėlę.
Datasets/Real_Handwriting/images/form_193_sentence_2.png,Kartu ji juokiasi užduotį.
Datasets/Real_Handwriting/images/form_313_sentence_5.png,Universiteto studentai žaidžia šachmatais laisvalaikiu.
Datasets/Synthetic_Sentences/images/sentence_69359.png,Drąsiai Ingrida valgo obuolį.
Datasets/Synthetic_Sentences/images/sentence_08138.png,Žilvinas nenori tvarkytis.
Datasets/Synthetic_Sentences/images/sentence_62197.png,Kodėl Mindaugas dirba parke?
Datasets/Real_Handwriting/images/form_056_sentence_1.png,Jos labai dabar valgo.
Datasets/Real_Handwriting/images/form_167_sentence_5.png,Vyrai stengiasi mokytis.
Datasets/Synthetic_Sentences/images/sentence_52103.png,Ar Gintaras dirba ežero pakrantėje?
Datasets/Synthetic_Sentences/images/sentence_50576.png,Drąsiai Rasa dirba mieste.
Datasets/Synthetic_Sentences/images/sentence_65642.png,Kodėl katė dirba namuose?
Datasets/Synthetic_Sentences/images/sentence_02918.png,Šiandien Mindaugas ilsisi mokykloje.
Datasets/Real_Handwriting/images/form_466_sentence_4.png,Rasa rašo užduotį.
Datasets/Real_Handwriting/images/form_379_sentence_2.png,Garsiai mokytojas neša knygą.
Datasets/Real_Handwriting/images/form_069_sentence_5.png,Mokytojas garsiai bėga.
Datasets/Synthetic_Sentences/images/sentence_29843.png,Gydytojas neskaito knygą.
Datasets/Synthetic_Sentences/images/sentence_19314.png,Marija gyvena miške.
Datasets/Synthetic_Sentences/images/sentence_52879.png,Marija geria arbatą.
Datasets/Real_Handwriting/images/form_080_sentence_2.png,Tu šoka ir šoka.
Datasets/Synthetic_Sentences/images/sentence_20527.png,Švelniai Tomas neša dovaną.
Datasets/Real_Handwriting/images/form_175_sentence_2.png,Ar mokytojas keliauoja?
Datasets/Synthetic_Sentences/images/sentence_35153.png,Šiandien Rasa perka kavą.
Datasets/Real_Handwriting/images/form_326_sentence_5.png,Hibiskusas žydi ryškiomis rožinėmis žiedais.
Datasets/Synthetic_Sentences/images/sentence_06919.png,Kruopščiai Renata valgo košę.
Datasets/Synthetic_Sentences/images/sentence_64428.png,Petras perka knygą.
Datasets/Real_Handwriting/images/form_169_sentence_1.png,Moterys mąsto parke ir bibliotekoje.
Datasets/Synthetic_Sentences/images/sentence_31029.png,Ką studentas skaito?
Datasets/Synthetic_Sentences/images/sentence_07349.png,Vakar Saulius nešė laišką.
Datasets/Real_Handwriting/images/form_273_sentence_1.png,Vakar gydytojas nešė knygą.
Datasets/Real_Handwriting/images/form_398_sentence_2.png,Rytoj Gintaras eis darbe.
Datasets/Real_Handwriting/images/form_131_sentence_1.png,Jis labai šiandien šoka.
Datasets/Real_Handwriting/images/form_347_sentence_2.png,Greitai Saulius dirba pievoje.
Datasets/Synthetic_Sentences/images/sentence_43101.png,Rytoj Danielius skaitys istoriją.
Datasets/Real_Handwriting/images/form_160_sentence_5.png,Katė bijo ilsėtis.
Datasets/Real_Handwriting/images/form_290_sentence_1.png,Rasa sportuoja bibliotekoje.
Datasets/Synthetic_Sentences/images/sentence_34395.png,Jurgita perka įdomų knygą.
Datasets/Synthetic_Sentences/images/sentence_24109.png,Ramiai gydytojas perka dovaną.
Datasets/Synthetic_Sentences/images/sentence_38519.png,Katė nori rašyti užduotį.
Datasets/Real_Handwriting/images/form_179_sentence_3.png,Jis geria sode ir stotyje.
Datasets/Synthetic_Sentences/images/sentence_59062.png,Vakar Tomas nešė žaislą.
Datasets/Synthetic_Sentences/images/sentence_66088.png,Rytoj vaikas skaitys žemėlapį.
Datasets/Synthetic_Sentences/images/sentence_09344.png,Gintaras pradeda ilsėtis.
Datasets/Synthetic_Sentences/images/sentence_22591.png,Rytoj šuo eis kavinėje.
Datasets/Synthetic_Sentences/images/sentence_40299.png,Džiaugsmingai Mantas dirba sode.
Datasets/Real_Handwriting/images/form_123_sentence_4.png,Mokytojai labai visada miega.
Datasets/Real_Handwriting/images/form_103_sentence_4.png,Gydytojai tvarkosi muziką miške.
Datasets/Synthetic_Sentences/images/sentence_28137.png,Eglė neskaito istoriją.
Datasets/Synthetic_Sentences/images/sentence_16041.png,Gintaras dirba pievoje.
Datasets/Synthetic_Sentences/images/sentence_39127.png,Studentė pradeda groti.
Datasets/Synthetic_Sentences/images/sentence_64215.png,Ingrida neša knygą.
Datasets/Real_Handwriting/images/form_071_sentence_2.png,Gydytojai bėga kavą.
Datasets/Synthetic_Sentences/images/sentence_06173.png,Kodėl Ingrida dirba sode?
Datasets/Real_Handwriting/images/form_029_sentence_3.png,Šiandien jis keliauoja greitai.
Datasets/Synthetic_Sentences/images/sentence_08455.png,Šiandien gydytojas dirba stadione.
Datasets/Synthetic_Sentences/images/sentence_10224.png,Saulius valgo košę.
Datasets/Synthetic_Sentences/images/sentence_20803.png,Garsiai Neringa valgo vaisius.
Datasets/Synthetic_Sentences/images/sentence_03626.png,Šiandien Tomas perka knygą.
Datasets/Synthetic_Sentences/images/sentence_34217.png,Šiandien Kristina skaito istoriją.
Datasets/Synthetic_Sentences/images/sentence_42550.png,Mielai Danielius skaito knygą.
Datasets/Synthetic_Sentences/images/sentence_40168.png,Eglė dirba miške ir skaito žemėlapį.
Datasets/Real_Handwriting/images/form_047_sentence_1.png,Greitai moterys eina žemėlapį.
Datasets/Real_Handwriting/images/form_053_sentence_1.png,Šuo baigia mokytis.
Datasets/Real_Handwriting/images/form_263_sentence_2.png,Ar šuo dirba ežero pakrantėje?
Datasets/Synthetic_Sentences/images/sentence_32781.png,Mokytojas dirba stadione.
Datasets/Real_Handwriting/images/form_405_sentence_5.png,Cecilija čiuožia ant ledo.
Datasets/Real_Handwriting/images/form_249_sentence_4.png,Laura stengiasi ilsėtis.
Datasets/Synthetic_Sentences/images/sentence_02144.png,Kodėl berniukas dirba bibliotekoje?
Datasets/Real_Handwriting/images/form_237_sentence_3.png,Neringa būna kavinėje.
Datasets/Synthetic_Sentences/images/sentence_67741.png,Mokytoja nori valgyti vaisius.
Datasets/Synthetic_Sentences/images/sentence_04224.png,Gydytojas žaidžia kalnuose.
Datasets/Synthetic_Sentences/images/sentence_49647.png,Kur Neringa dirba?
Datasets/Real_Handwriting/images/form_363_sentence_4.png,Mokytoja nori mokytis paveikslą.
Datasets/Real_Handwriting/images/form_440_sentence_1.png,Ramiai Laura perka žaislą.
Datasets/Synthetic_Sentences/images/sentence_45805.png,Šiandien gydytojas mokosi mieste.
Datasets/Synthetic_Sentences/images/sentence_59288.png,Mokytoja mokosi pievoje ryte.
Datasets/Synthetic_Sentences/images/sentence_39640.png,Vakar vaikas skaitė žemėlapį.
Datasets/Real_Handwriting/images/form_083_sentence_2.png,Gydytojas kalba ir kalba.
Datasets/Synthetic_Sentences/images/sentence_56560.png,Šuo perka naują kavą.
Datasets/Real_Handwriting/images/form_258_sentence_2.png,Vakar Marija nešė laišką.
Datasets/Real_Handwriting/images/form_373_sentence_5.png,Cecilija čiuožia ant ledo.
Datasets/Real_Handwriting/images/form_366_sentence_1.png,Rytoj Kristina eis paplūdimyje.
Datasets/Synthetic_Sentences/images/sentence_38348.png,Garsiai gydytojas dirba upės pakrantėje.
Datasets/Real_Handwriting/images/form_074_sentence_2.png,Jis dainuoja darbą.
Datasets/Real_Handwriting/images/form_030_sentence_5.png,Ji mąsto filmą namuose.
Datasets/Synthetic_Sentences/images/sentence_39475.png,Ar Eglė nori bėgti?
Datasets/Synthetic_Sentences/images/sentence_22135.png,Atidžiai Mindaugas ilsisi miške.
Datasets/Synthetic_Sentences/images/sentence_10485.png,Gydytojas skaito gražų istoriją.
Datasets/Synthetic_Sentences/images/sentence_51836.png,Rūpestingai Saulius skaito laišką namuose.
Datasets/Real_Handwriting/images/form_087_sentence_5.png,Jis piešia ir piešia.
Datasets/Real_Handwriting/images/form_251_sentence_1.png,Vakar Neringa skaitė knygą.
Datasets/Synthetic_Sentences/images/sentence_56376.png,Šiandien Mantas mokosi bibliotekoje.
Datasets/Synthetic_Sentences/images/sentence_54217.png,Gydytojas sportuoja parke.
Datasets/Synthetic_Sentences/images/sentence_34032.png,Eglė bando groti.
Datasets/Synthetic_Sentences/images/sentence_01170.png,Danielius mėgsta gerti.
Datasets/Real_Handwriting/images/form_340_sentence_1.png,Šiandien Mindaugas ilsisi namuose.
Datasets/Real_Handwriting/images/form_085_sentence_5.png,Gerai mes šypsosi egzaminą.
Datasets/Real_Handwriting/images/form_444_sentence_1.png,Danielius renka obuolius.
Datasets/Real_Handwriting/images/form_128_sentence_1.png,Šiandien moteris keliauoja kartu.
Datasets/Synthetic_Sentences/images/sentence_27457.png,Studentė gyvena stotyje.
Datasets/Real_Handwriting/images/form_395_sentence_5.png,Cecilija čiuožia ant ledo.
Datasets/Synthetic_Sentences/images/sentence_39834.png,Gydytojas perka šaltą dovaną.
Datasets/Synthetic_Sentences/images/sentence_23269.png,Mindaugas mėgsta skaityti žemėlapį.
Datasets/Real_Handwriting/images/form_002_sentence_3.png,Vaikai verkia knygą stadione.
Datasets/Real_Handwriting/images/form_335_sentence_1.png,Mokytoja mėgsta skaityti.
Datasets/Synthetic_Sentences/images/sentence_34614.png,Šiandien berniukas dirba ligoninėje.
Datasets/Synthetic_Sentences/images/sentence_13823.png,Mokytojas nori rašyti istoriją.
Datasets/Real_Handwriting/images/form_168_sentence_5.png,Šuo labai niekada klauso.
Datasets/Synthetic_Sentences/images/sentence_05853.png,Rūpestingai Jonas ilsisi ligoninėje.
Datasets/Real_Handwriting/images/form_077_sentence_5.png,Mergaitės mokosi vandenį kaime.
Datasets/Real_Handwriting/images/form_277_sentence_4.png,Mielai Rasa skaito laišką.
Datasets/Real_Handwriting/images/form_161_sentence_3.png,Jie tyliai eina.
Datasets/Synthetic_Sentences/images/sentence_16541.png,Laura renka vaisius.
Datasets/Synthetic_Sentences/images/sentence_05226.png,Rytoj mokytojas eis sode.
Datasets/Real_Handwriting/images/form_416_sentence_5.png,Vaikai atbėga iš aikštės.
Datasets/Synthetic_Sentences/images/sentence_57161.png,Šiandien Kristina mokosi parke.
Datasets/Synthetic_Sentences/images/sentence_10835.png,Rasa mėgsta rašyti.
Datasets/Real_Handwriting/images/form_224_sentence_4.png,Marija skaito laišką.
Datasets/Real_Handwriting/images/form_162_sentence_4.png,Studentas gerai žiūri.
Datasets/Synthetic_Sentences/images/sentence_06107.png,"Šuo mokosi stotyje, nes tai labai įdomu."
Datasets/Synthetic_Sentences/images/sentence_30093.png,Rytoj šuo eis kaime.
Datasets/Real_Handwriting/images/form_342_sentence_5.png,Cukrų ir cinamoną dedame į pyragą.
Datasets/Synthetic_Sentences/images/sentence_44397.png,Jurgita perka seną gėlę.
Datasets/Synthetic_Sentences/images/sentence_62356.png,Vaikas lankosi kavinėje.
Datasets/Synthetic_Sentences/images/sentence_61958.png,Katė geria arbatą.
Datasets/Synthetic_Sentences/images/sentence_68477.png,"Rasa dirba kavinėje, nes reikia pasiruošti."
Datasets/Synthetic_Sentences/images/sentence_60960.png,Ar Neringa skaito istoriją?
Datasets/Real_Handwriting/images/form_208_sentence_3.png,Tomas mokosi kalnuose.
Datasets/Synthetic_Sentences/images/sentence_14338.png,Jonas skaito tamsų knygą.
Datasets/Real_Handwriting/images/form_296_sentence_3.png,Ar Saulius nori kalbėti?
Datasets/Synthetic_Sentences/images/sentence_06795.png,Marija perka žaislą.
Datasets/Synthetic_Sentences/images/sentence_17494.png,Berniukas bando žaisti.
Datasets/Real_Handwriting/images/form_471_sentence_5.png,Cukrų ir cinamoną dedame į pyragą.
Datasets/Real_Handwriting/images/form_339_sentence_4.png,Mantas valgo košę.
Datasets/Synthetic_Sentences/images/sentence_44335.png,Ar vaikas mokosi sode?
Datasets/Synthetic_Sentences/images/sentence_19693.png,Ar Saulius mėgsta gerti?
Datasets/Real_Handwriting/images/form_165_sentence_2.png,Ar mes žaidžia?
Datasets/Synthetic_Sentences/images/sentence_27738.png,Gintaras stengiasi bėgti.
Datasets/Synthetic_Sentences/images/sentence_55001.png,Žilvinas rašo projektą.
Datasets/Synthetic_Sentences/images/sentence_10102.png,Mergaitė mokosi bibliotekoje.
Datasets/Synthetic_Sentences/images/sentence_50686.png,Šiandien katė dirba mieste.
Datasets/Synthetic_Sentences/images/sentence_15223.png,Ramiai Ingrida perka gėlę.
Datasets/Real_Handwriting/images/form_242_sentence_4.png,Garsiai vaikas dirba bibliotekoje.
Datasets/Real_Handwriting/images/form_071_sentence_1.png,Jie labai kartu miega.
Datasets/Real_Handwriting/images/form_241_sentence_3.png,Vaikas mėgsta žaisti.
Datasets/Synthetic_Sentences/images/sentence_37455.png,Tomas neskaito žurnalą.
Datasets/Real_Handwriting/images/form_052_sentence_4.png,Jos bijo žaisti knygą.
Datasets/Real_Handwriting/images/form_161_sentence_4.png,Jos pradeda šokti.
Datasets/Real_Handwriting/images/form_366_sentence_3.png,Švelniai Neringa sportuoja mieste.
Datasets/Synthetic_Sentences/images/sentence_31203.png,Šiandien Mindaugas dirba kalnuose.
Datasets/Real_Handwriting/images/form_206_sentence_2.png,Ar šeima dirba ežero pakrantėje?
Datasets/Synthetic_Sentences/images/sentence_37269.png,Studentas perka kavą.
Datasets/Synthetic_Sentences/images/sentence_35232.png,Šiandien Neringa mokosi ežero pakrantėje.
Datasets/Real_Handwriting/images/form_053_sentence_5.png,Paukštis dirba žemėlapį bibliotekoje.
Datasets/Real_Handwriting/images/form_395_sentence_1.png,Neringa mokosi mieste.
Datasets/Synthetic_Sentences/images/sentence_47302.png,Kur Marija dirba?
Datasets/Synthetic_Sentences/images/sentence_56071.png,Kristina bando dainuoti.
Datasets/Synthetic_Sentences/images/sentence_34733.png,Šiandien katė ilsisi stotyje.
Datasets/Synthetic_Sentences/images/sentence_16167.png,Neringa nori gerti arbatą.
Datasets/Synthetic_Sentences/images/sentence_01095.png,Laura dirba kavinėje naktį.
Datasets/Real_Handwriting/images/form_453_sentence_1.png,Mindaugas sportuoja mieste.
Datasets/Synthetic_Sentences/images/sentence_44850.png,Kruopščiai Gintaras ilsisi kavinėje.
Datasets/Synthetic_Sentences/images/sentence_45309.png,Saulius skaito istoriją.
Datasets/Synthetic_Sentences/images/sentence_11290.png,Rasa pradeda gerti.
Datasets/Real_Handwriting/images/form_019_sentence_4.png,Moterys sportuoja užduotį.
Datasets/Synthetic_Sentences/images/sentence_49415.png,Rasa mokosi parke anksti ryte.
Datasets/Real_Handwriting/images/form_457_sentence_3.png,Saulius geria arbatą.
Datasets/Synthetic_Sentences/images/sentence_13531.png,Kodėl Žilvinas dirba kaime?
Datasets/Real_Handwriting/images/form_227_sentence_1.png,Paukštis neša krepšį.
Datasets/Synthetic_Sentences/images/sentence_25694.png,Ar Petras nori važiuoti?
Datasets/Synthetic_Sentences/images/sentence_28165.png,Jurgita mėgsta skaityti laišką.
Datasets/Synthetic_Sentences/images/sentence_60412.png,Greitai vaikas rašo žemėlapį.
Datasets/Synthetic_Sentences/images/sentence_39890.png,Mielai vaikas neša krepšį.
Datasets/Real_Handwriting/images/form_273_sentence_4.png,Mielai žmogus skaito receptą.
Datasets/Synthetic_Sentences/images/sentence_07304.png,Atidžiai Gintaras skaito receptą namuose.
Datasets/Synthetic_Sentences/images/sentence_19388.png,Katė nori mokytis.
Datasets/Real_Handwriting/images/form_435_sentence_2.png,Atidžiai žirgas neša žaislą.
Datasets/Synthetic_Sentences/images/sentence_59729.png,Rytoj šuo skaitys žemėlapį.
Datasets/Synthetic_Sentences/images/sentence_68873.png,Šiandien mokytojas skaito receptą.
Datasets/Real_Handwriting/images/form_034_sentence_1.png,Jis miega stotyje ir prie ežero.
Datasets/Real_Handwriting/images/form_094_sentence_5.png,Draugai labai rytoj verkia.
Datasets/Synthetic_Sentences/images/sentence_65812.png,Žirgai bėga laisvai per žalią lauką.
Datasets/Synthetic_Sentences/images/sentence_01961.png,Kruopščiai Jurgita rašo projektą.
Datasets/Synthetic_Sentences/images/sentence_61609.png,Drąsiai Kristina mokosi namuose vėlai vakare.
Datasets/Real_Handwriting/images/form_281_sentence_3.png,Tomas būna ligoninėje.
Datasets/Synthetic_Sentences/images/sentence_61879.png,Jurgita stengiasi galvoti.
Datasets/Synthetic_Sentences/images/sentence_47736.png,Laura mokosi kavinėje.
Datasets/Real_Handwriting/images/form_117_sentence_3.png,Aš juokiasi stotyje ir ligoninėje.
Datasets/Real_Handwriting/images/form_240_sentence_1.png,Mergaitė dirba parke.
Datasets/Real_Handwriting/images/form_344_sentence_3.png,Drąsiai Jurgita perka duoną.
Datasets/Synthetic_Sentences/images/sentence_49923.png,Laura bando kalbėti.
Datasets/Real_Handwriting/images/form_279_sentence_2.png,Šiandien Renata skaito žemėlapį.
Datasets/Real_Handwriting/images/form_306_sentence_2.png,Petras mėgsta bėgti.
Datasets/Real_Handwriting/images/form_241_sentence_5.png,Anas vyras atneša arbatos.
Datasets/Real_Handwriting/images/form_500_sentence_5.png,Cukrų ir cinamoną dedame į pyragą.
Datasets/Real_Handwriting/images/form_198_sentence_1.png,Katė rytoj piešia.
Datasets/Synthetic_Sentences/images/sentence_33117.png,Neringa dirba pievoje ir skaito receptą.
Datasets/Real_Handwriting/images/form_016_sentence_2.png,Vyrai galvoja maistą stotyje.
Datasets/Real_Handwriting/images/form_138_sentence_3.png,Vaikas labai smagiai valgo.
Datasets/Real_Handwriting/images/form_102_sentence_2.png,Studentas mėgsta sportuoti arbatą.
Datasets/Synthetic_Sentences/images/sentence_11592.png,Ar Eglė nori kalbėti?
Datasets/Real_Handwriting/images/form_233_sentence_5.png,Vytautas visada verčia sunkias knygas.
Datasets/Real_Handwriting/images/form_014_sentence_1.png,Ji miega dainą mokykloje.
Datasets/Synthetic_Sentences/images/sentence_36324.png,Rytoj studentė skaitys istoriją.
Datasets/Synthetic_Sentences/images/sentence_37174.png,Džiaugsmingai berniukas perka dovaną.
Datasets/Real_Handwriting/images/form_366_sentence_2.png,Gintaras nori sportuoti gėlę.
Datasets/Real_Handwriting/images/form_404_sentence_4.png,Ar mokytojas dirba stotyje?
Datasets/Real_Handwriting/images/form_312_sentence_3.png,Mokytojas stato namą.
Datasets/Synthetic_Sentences/images/sentence_23820.png,Ar Rasa dirba kalnuose?
Datasets/Synthetic_Sentences/images/sentence_27118.png,Vakar Ingrida skaitė žurnalą.
Datasets/Synthetic_Sentences/images/sentence_37223.png,Saulius mėgsta skaityti žemėlapį.
Datasets/Real_Handwriting/images/form_143_sentence_1.png,Vaikas nori gerti.
Datasets/Real_Handwriting/images/form_071_sentence_4.png,Šuo žiūri mokykloje.
Datasets/Synthetic_Sentences/images/sentence_24828.png,Petras žaidžia mokykloje.
Datasets/Synthetic_Sentences/images/sentence_34341.png,Gintaras nenori ilsėtis.
Datasets/Synthetic_Sentences/images/sentence_50169.png,Tomas renka daržoves.
Datasets/Synthetic_Sentences/images/sentence_21315.png,Saulius nenori dirbti.
Datasets/Real_Handwriting/images/form_023_sentence_4.png,Jie skuba miške ir stadione.
Datasets/Real_Handwriting/images/form_423_sentence_4.png,Atidžiai Tomas mokosi mokykloje.
Datasets/Synthetic_Sentences/images/sentence_66192.png,Ramiai studentė valgo košę.
Datasets/Synthetic_Sentences/images/sentence_29662.png,Ar Gintaras mėgsta tvarkytis?
Datasets/Synthetic_Sentences/images/sentence_07789.png,Šiandien studentė mokosi stotyje.
Datasets/Real_Handwriting/images/form_352_sentence_1.png,Eglė dirba darbe.
Datasets/Synthetic_Sentences/images/sentence_67484.png,Renata skaito skanų istoriją.
Datasets/Synthetic_Sentences/images/sentence_10728.png,Ar studentas nori eiti?
Datasets/Synthetic_Sentences/images/sentence_06998.png,Kodėl gydytojas dirba kavinėje?
Datasets/Synthetic_Sentences/images/sentence_04636.png,Kristina nori rašyti projektą.
Datasets/Real_Handwriting/images/form_207_sentence_3.png,Ar žmogus mokosi mokykloje?
Datasets/Real_Handwriting/images/form_039_sentence_1.png,Vyrai labai mielai tvarkosi.
Datasets/Synthetic_Sentences/images/sentence_63614.png,Katė dirba upės pakrantėje anksti ryte.
Datasets/Real_Handwriting/images/form_159_sentence_1.png,Vyras mokosi ir mokosi.
Datasets/Real_Handwriting/images/form_158_sentence_2.png,Ar vyras keliauoja?
Datasets/Real_Handwriting/images/form_365_sentence_1.png,Gintaras skaito laišką.
Datasets/Synthetic_Sentences/images/sentence_22917.png,Tomas nori skaityti žemėlapį.
Datasets/Real_Handwriting/images/form_048_sentence_4.png,Mes dabar galvoja.
Datasets/Real_Handwriting/images/form_012_sentence_1.png,Vaikai ilsisi ir ilsisi.
Datasets/Synthetic_Sentences/images/sentence_22455.png,Jurgita bando valgyti.
Datasets/Synthetic_Sentences/images/sentence_22003.png,Mergaitė neskaito receptą.
Datasets/Real_Handwriting/images/form_164_sentence_4.png,Gydytojai labai garsiai šypsosi.
Datasets/Real_Handwriting/images/form_333_sentence_3.png,Rūpestingai Ingrida dirba pievoje.
Datasets/Synthetic_Sentences/images/sentence_24350.png,Kruopščiai vaikas skaito žemėlapį.
Datasets/Synthetic_Sentences/images/sentence_56102.png,Šiandien Neringa perka gėlę.
Datasets/Real_Handwriting/images/form_457_sentence_2.png,Šiandien Ingrida dirba kavinėje.
Datasets/Real_Handwriting/images/form_382_sentence_1.png,Marija mokosi mieste.
Datasets/Synthetic_Sentences/images/sentence_18607.png,Šiandien Jonas perka dovaną.
Datasets/Real_Handwriting/images/form_335_sentence_5.png,Universiteto studentai žaidžia šachmatais laisvalaikiu.
Datasets/Real_Handwriting/images/form_476_sentence_2.png,Gydytojas rašo receptą.
Datasets/Synthetic_Sentences/images/sentence_56765.png,Žilvinas ilsisi ligoninėje.
Datasets/Synthetic_Sentences/images/sentence_20764.png,Jurgita mėgsta gerti pieną.
Datasets/Real_Handwriting/images/form_446_sentence_3.png,Šiandien Gintaras skaito žurnalą.
Datasets/Synthetic_Sentences/images/sentence_40515.png,Mantas dirba stadione.
Datasets/Real_Handwriting/images/form_144_sentence_5.png,Jie galvoja maistą.
Datasets/Synthetic_Sentences/images/sentence_58878.png,Šuo perka gėlę.
Datasets/Synthetic_Sentences/images/sentence_24173.png,Danielius dirba bibliotekoje ryte.
Datasets/Synthetic_Sentences/images/sentence_15461.png,Ką gydytojas skaito?
Datasets/Real_Handwriting/images/form_022_sentence_1.png,Šiandien mergaitės galvoja kartu.
Datasets/Synthetic_Sentences/images/sentence_01794.png,Vakar Neringa dirbo stadione.
Datasets/Synthetic_Sentences/images/sentence_08026.png,Kristina nedirba namuose.
Datasets/Synthetic_Sentences/images/sentence_56702.png,Eglė dirba namuose.
Datasets/Real_Handwriting/images/form_478_sentence_3.png,Gydytojas mėgsta mokytis.
Datasets/Real_Handwriting/images/form_001_sentence_3.png,Ji juokiasi daržoves ligoninėje.
Datasets/Real_Handwriting/images/form_332_sentence_3.png,Mantas stato namą.
Datasets/Synthetic_Sentences/images/sentence_19701.png,Rasa nori gerti pieną.
Datasets/Real_Handwriting/images/form_116_sentence_3.png,Moterys žaidžia ir žaidžia.
Datasets/Synthetic_Sentences/images/sentence_35999.png,Marija dirba kaime.
Datasets/Real_Handwriting/images/form_104_sentence_3.png,Jos mėgsta miegoti.
Datasets/Real_Handwriting/images/form_142_sentence_4.png,Katė žiūri egzaminą miške.
Datasets/Synthetic_Sentences/images/sentence_26179.png,Šuo bando dirbti.
Datasets/Synthetic_Sentences/images/sentence_12221.png,Jonas lankosi kavinėje.
Datasets/Synthetic_Sentences/images/sentence_46404.png,Kur studentas dirba?
Datasets/Real_Handwriting/images/form_505_sentence_5.png,Žiemą vaikai mėgsta čiuožti ant ežero ledo.
Datasets/Synthetic_Sentences/images/sentence_62082.png,Lėtai Neringa mokosi darbe.
Datasets/Real_Handwriting/images/form_416_sentence_1.png,Vaikas gyvena kalnuose.
Datasets/Synthetic_Sentences/images/sentence_40496.png,Tomas nori pirkti duoną.
Datasets/Synthetic_Sentences/images/sentence_37796.png,Šiandien Marija ilsisi stotyje.
Datasets/Synthetic_Sentences/images/sentence_02348.png,Vakar Mindaugas skaitė knygą.
Datasets/Real_Handwriting/images/form_510_sentence_4.png,Šiandien Ingrida ilsisi parke.
Datasets/Synthetic_Sentences/images/sentence_25129.png,Berniukas stengiasi mokytis.
Datasets/Synthetic_Sentences/images/sentence_57209.png,Džiaugsmingai Mindaugas dirba ligoninėje.
Datasets/Real_Handwriting/images/form_174_sentence_4.png,Mergaitė labai mielai dainuoja.
Datasets/Real_Handwriting/images/form_035_sentence_1.png,Jūs labai mielai valgo.
Datasets/Synthetic_Sentences/images/sentence_59438.png,Rytoj Petras skaitys laišką.
Datasets/Real_Handwriting/images/form_424_sentence_4.png,Jonas gyvena bibliotekoje.
Datasets/Synthetic_Sentences/images/sentence_57863.png,Kodėl Neringa dirba pievoje?
Datasets/Real_Handwriting/images/form_095_sentence_2.png,Jie piešia darbe.
Datasets/Real_Handwriting/images/form_277_sentence_3.png,Eglė stengiasi galvoti.
Datasets/Real_Handwriting/images/form_304_sentence_1.png,Danielius dirba mokykloje.
Datasets/Synthetic_Sentences/images/sentence_38956.png,Šiandien Marija skaito knygą.
Datasets/Synthetic_Sentences/images/sentence_21085.png,"Marija dirba sode, nes reikia pasiruošti."
Datasets/Synthetic_Sentences/images/sentence_05081.png,Rūpestingai Renata rašo užduotį.
Datasets/Real_Handwriting/images/form_339_sentence_2.png,Mindaugas sportuoja darbe.
Datasets/Real_Handwriting/images/form_448_sentence_5.png,Žiemą vaikai mėgsta čiuožti ant ežero ledo.
Datasets/Synthetic_Sentences/images/sentence_05681.png,Vaikas renka gėles.
Datasets/Synthetic_Sentences/images/sentence_18448.png,Rūpestingai Rasa skaito istoriją.
Datasets/Real_Handwriting/images/form_427_sentence_5.png,Universiteto studentai žaidžia šachmatais laisvalaikiu.
Datasets/Synthetic_Sentences/images/sentence_37042.png,Danielius nori dainuoti.
Datasets/Real_Handwriting/images/form_334_sentence_2.png,Rasa dirba mokykloje.
Datasets/Real_Handwriting/images/form_159_sentence_5.png,Jūs dainuoja ir dainuoja.
Datasets/Synthetic_Sentences/images/sentence_12108.png,Mergaitė ilsisi miške.
Datasets/Synthetic_Sentences/images/sentence_29890.png,Renata mėgsta valgyti.
Datasets/Synthetic_Sentences/images/sentence_02238.png,Garsiai Tomas neša dovaną.
Datasets/Real_Handwriting/images/form_042_sentence_4.png,Mes ramiai klauso.
Datasets/Synthetic_Sentences/images/sentence_16580.png,"Studentė dirba pievoje, nes nori pailsėti."
Datasets/Real_Handwriting/images/form_281_sentence_1.png,Jurgita gyvena mieste.
Datasets/Real_Handwriting/images/form_253_sentence_2.png,Renata nori ilsėtis.
Datasets/Real_Handwriting/images/form_274_sentence_1.png,Ar studentė skaito istoriją?
Datasets/Real_Handwriting/images/form_240_sentence_3.png,Rytoj žmogus eis upės pakrantėje.
Datasets/Synthetic_Sentences/images/sentence_51314.png,Marija mokosi mokykloje po pietų.
Datasets/Real_Handwriting/images/form_244_sentence_5.png,Cukrų ir cinamoną dedame į pyragą.
Datasets/Real_Handwriting/images/form_263_sentence_1.png,Šiandien mokytojas skaito laišką.
Datasets/Real_Handwriting/images/form_383_sentence_2.png,Šiandien šuo skaito istoriją.
Datasets/Synthetic_Sentences/images/sentence_01399.png,Lėtai Gintaras rašo projektą.
Datasets/Real_Handwriting/images/form_317_sentence_5.png,Kavinėje kvepėjo kava ir cinamonu.
Datasets/Real_Handwriting/images/form_355_sentence_3.png,Mindaugas neša knygą.
Datasets/Synthetic_Sentences/images/sentence_66823.png,Saulius nedirba darbe.
Datasets/Synthetic_Sentences/images/sentence_65093.png,Mindaugas valgo duoną.
Datasets/Synthetic_Sentences/images/sentence_51511.png,Žilvinas geria pieną.
Datasets/Real_Handwriting/images/form_373_sentence_1.png,Vakar Tomas nešė knygą.
Datasets/Real_Handwriting/images/form_260_sentence_1.png,Žirgas žaidžia ežero pakrantėje.
Datasets/Synthetic_Sentences/images/sentence_55718.png,Neringa stengiasi skaityti.
Datasets/Real_Handwriting/images/form_405_sentence_3.png,Mielai Tomas skaito žurnalą.
Datasets/Synthetic_Sentences/images/sentence_09374.png,Mergaitė bando gerti.
Datasets/Synthetic_Sentences/images/sentence_05775.png,Vakar Renata skaitė žurnalą.
Datasets/Synthetic_Sentences/images/sentence_08278.png,Šiandien studentė skaito žurnalą.
Datasets/Real_Handwriting/images/form_422_sentence_1.png,Ar gydytojas dirba darbe?
Datasets/Real_Handwriting/images/form_399_sentence_5.png,Universiteto studentai žaidžia šachmatais laisvalaikiu.
Datasets/Synthetic_Sentences/images/sentence_36224.png,Eglė mokosi namuose vakare.
Datasets/Real_Handwriting/images/form_369_sentence_5.png,Daktaras dirba didelėje ligoninėje.
Datasets/Synthetic_Sentences/images/sentence_11821.png,Žvejys žvejojo visą naktį prie upės.
Datasets/Synthetic_Sentences/images/sentence_67660.png,Ar Tomas mokosi sode?
Datasets/Real_Handwriting/images/form_022_sentence_4.png,Vaikas šypsosi žemėlapį.
Datasets/Real_Handwriting/images/form_032_sentence_2.png,Šiandien ji ilsisi visada.
Datasets/Synthetic_Sentences/images/sentence_63488.png,Ingrida mėgsta valgyti košę.
Datasets/Synthetic_Sentences/images/sentence_68838.png,Švelniai mokytojas skaito žemėlapį stotyje.
Datasets/Real_Handwriting/images/form_225_sentence_1.png,Atidžiai Renata sportuoja darbe.
Datasets/Synthetic_Sentences/images/sentence_38951.png,Saulius nori skaityti receptą.
Datasets/Synthetic_Sentences/images/sentence_66140.png,Kodėl Neringa dirba mokykloje?
Datasets/Real_Handwriting/images/form_329_sentence_5.png,Žuvėdros skraido žemai virš bangų.
Datasets/Real_Handwriting/images/form_343_sentence_2.png,Studentas neša dovaną.
Datasets/Synthetic_Sentences/images/sentence_33866.png,Kristina perka šaltą duoną.
Datasets/Synthetic_Sentences/images/sentence_69120.png,Mielai mokytoja rašo istoriją.
Datasets/Synthetic_Sentences/images/sentence_01252.png,Jonas mokosi ežero pakrantėje.
Datasets/Synthetic_Sentences/images/sentence_60280.png,Mokytoja valgo daržoves.
Datasets/Synthetic_Sentences/images/sentence_26274.png,Žilvinas skaito receptą.
Datasets/Synthetic_Sentences/images/sentence_43836.png,Šiandien šuo perka knygą.
Datasets/Real_Handwriting/images/form_096_sentence_5.png,Moteris nemėgsta kalbėti namus.
Datasets/Real_Handwriting/images/form_288_sentence_5.png,Žiemą vaikai mėgsta čiuožti ant ežero ledo.
Datasets/Synthetic_Sentences/images/sentence_32304.png,Saulius ilsisi kalnuose.
Datasets/Synthetic_Sentences/images/sentence_11981.png,Rytoj Kristina eis darbe.
Datasets/Real_Handwriting/images/form_171_sentence_5.png,Šiandien draugas klauso niekada.
Datasets/Synthetic_Sentences/images/sentence_00223.png,Lėtai mergaitė perka arbatą.
Datasets/Synthetic_Sentences/images/sentence_50254.png,Garsiai Eglė rašo laišką.
Datasets/Real_Handwriting/images/form_081_sentence_4.png,Paukštis žiūri mokykloje ir bibliotekoje.
Datasets/Real_Handwriting/images/form_350_sentence_3.png,Greitai Mindaugas neša žaislą.
Datasets/Real_Handwriting/images/form_507_sentence_2.png,Žirgas lankosi mokykloje.
Datasets/Synthetic_Sentences/images/sentence_48967.png,Rūpestingai Eglė neša gėlę.
Datasets/Synthetic_Sentences/images/sentence_03406.png,Vakar katė nešė krepšį.
Datasets/Synthetic_Sentences/images/sentence_67690.png,Studentė mokosi sode.
Datasets/Real_Handwriting/images/form_012_sentence_2.png,Jos miega pamoką.
Datasets/Synthetic_Sentences/images/sentence_60082.png,Danielius mėgsta piešti.
Datasets/Synthetic_Sentences/images/sentence_49297.png,Kodėl katė dirba upės pakrantėje?
Datasets/Synthetic_Sentences/images/sentence_17598.png,Šuo žaidžia kalnuose.
Datasets/Synthetic_Sentences/images/sentence_06700.png,Rytoj katė skaitys laišką.
Datasets/Synthetic_Sentences/images/sentence_47568.png,Studentas neskaito receptą.
Datasets/Real_Handwriting/images/form_141_sentence_2.png,Mokytojas mokosi ir mokosi.
Datasets/Synthetic_Sentences/images/sentence_50336.png,Vakar berniukas skaitė receptą.
Datasets/Synthetic_Sentences/images/sentence_01917.png,Vakar Renata skaitė istoriją.
Datasets/Synthetic_Sentences/images/sentence_52530.png,Ar Marija skaito laišką?
Datasets/Real_Handwriting/images/form_316_sentence_3.png,Žilvinas ilsisi kaime.
Datasets/Synthetic_Sentences/images/sentence_03215.png,Saulius nori rašyti istoriją.
Datasets/Synthetic_Sentences/images/sentence_53047.png,Greitai vaikas skaito istoriją.
Datasets/Real_Handwriting/images/form_074_sentence_5.png,Katė geria ir geria.
Datasets/Synthetic_Sentences/images/sentence_65983.png,Neringa skaito žemėlapį.
Datasets/Real_Handwriting/images/form_025_sentence_1.png,Katė galvoja kalnuose ir mokykloje.
Datasets/Real_Handwriting/images/form_354_sentence_4.png,Ar Tomas mėgsta keliauti?
Datasets/Real_Handwriting/images/form_070_sentence_3.png,Studentai verkia ir verkia.
Datasets/Synthetic_Sentences/images/sentence_10567.png,Mielai Rasa valgo duoną.
Datasets/Synthetic_Sentences/images/sentence_61512.png,Džiaugsmingai Mantas rašo projektą.
Datasets/Real_Handwriting/images/form_165_sentence_4.png,Ar studentas šypsosi?
Datasets/Synthetic_Sentences/images/sentence_25171.png,Šiandien mokytoja mokosi kavinėje.
Datasets/Synthetic_Sentences/images/sentence_45392.png,Eglė mėgsta piešti.
Datasets/Real_Handwriting/images/form_188_sentence_1.png,Vyras labai kartu kalba.
Datasets/Synthetic_Sentences/images/sentence_55895.png,Mantas neskaito žurnalą.
Datasets/Real_Handwriting/images/form_453_sentence_2.png,Kruopščiai Eglė neša gėlę.
Datasets/Real_Handwriting/images/form_219_sentence_4.png,Šiandien mokytojas mokosi ežero pakrantėje.
Datasets/Synthetic_Sentences/images/sentence_20661.png,Tomas geria sultis.
Datasets/Real_Handwriting/images/form_185_sentence_3.png,Gydytojai mėgsta skubėti žemėlapį.
Datasets/Synthetic_Sentences/images/sentence_47455.png,Eglė ilsisi upės pakrantėje.
Datasets/Synthetic_Sentences/images/sentence_03052.png,Žilvinas nori rašyti projektą.
Datasets/Synthetic_Sentences/images/sentence_34871.png,Berniukas neša gėlę.
Datasets/Synthetic_Sentences/images/sentence_29378.png,Tomas valgo sriubą.
Datasets/Real_Handwriting/images/form_331_sentence_2.png,Mindaugas nori statyti.
Datasets/Synthetic_Sentences/images/sentence_40375.png,Rytoj mokytojas eis kavinėje.
Datasets/Real_Handwriting/images/form_045_sentence_4.png,Tu geria stadione.
Datasets/Synthetic_Sentences/images/sentence_17882.png,Mokytojas dirba ligoninėje.
Datasets/Synthetic_Sentences/images/sentence_15341.png,Kristina dirba mokykloje ir skaito žemėlapį.
Datasets/Real_Handwriting/images/form_503_sentence_5.png,Kartu keliaujame per kalnų taką.
Datasets/Synthetic_Sentences/images/sentence_08993.png,Saulius mėgsta skaityti žemėlapį.
Datasets/Synthetic_Sentences/images/sentence_08302.png,Studentė dirba paplūdimyje.
Datasets/Synthetic_Sentences/images/sentence_41507.png,Lėtai mokytoja dirba ligoninėje.
Datasets/Real_Handwriting/images/form_402_sentence_1.png,Šiandien studentė ilsisi miške.
Datasets/Real_Handwriting/images/form_121_sentence_1.png,Draugai pradeda kalbėti žaidimą.
Datasets/Real_Handwriting/images/form_352_sentence_5.png,Čiulba paukščiai ankstų rytą.
Datasets/Synthetic_Sentences/images/sentence_37234.png,Jonas nedirba stotyje.
Datasets/Real_Handwriting/images/form_307_sentence_2.png,Mindaugas valgo daržoves.
Datasets/Synthetic_Sentences/images/sentence_06640.png,Katė perka šviesų žaislą.
Datasets/Synthetic_Sentences/images/sentence_48993.png,Lėtai studentas dirba kavinėje.
Datasets/Synthetic_Sentences/images/sentence_65309.png,Berniukas valgo daržoves.
Datasets/Real_Handwriting/images/form_297_sentence_5.png,Obelys žydi baltais žiedais pavasarį.
Datasets/Real_Handwriting/images/form_322_sentence_5.png,Emilija eina į pamoką.
Datasets/Synthetic_Sentences/images/sentence_36415.png,"Mokytoja mokosi kavinėje, bet nori rašyti."
Datasets/Real_Handwriting/images/form_452_sentence_1.png,Ar šuo dirba kavinėje?
Datasets/Synthetic_Sentences/images/sentence_16300.png,Mergaitė dirba kavinėje po pietų.
Datasets/Real_Handwriting/images/form_085_sentence_1.png,Vyras mėgsta skaityti.
Datasets/Real_Handwriting/images/form_227_sentence_4.png,Žilvinas stengiasi plaukti.
Datasets/Synthetic_Sentences/images/sentence_62561.png,Ingrida renka akmenis.
Datasets/Real_Handwriting/images/form_489_sentence_1.png,Laura gyvena stotyje.
Datasets/Real_Handwriting/images/form_358_sentence_1.png,Ingrida valgo sriubą.
Datasets/Real_Handwriting/images/form_091_sentence_5.png,Tu blogai eina.
Datasets/Real_Handwriting/images/form_282_sentence_1.png,Danielius mokosi mieste.
Datasets/Real_Handwriting/images/form_414_sentence_3.png,Rasa mėgsta dainuoti.
Datasets/Real_Handwriting/images/form_346_sentence_4.png,Ar Rasa skaito žemėlapį?
Datasets/Real_Handwriting/images/form_293_sentence_2.png,Lėtai Mantas rašo laišką.
Datasets/Real_Handwriting/images/form_223_sentence_5.png,Kavinėje kvepėjo kava ir cinamonu.
Datasets/Synthetic_Sentences/images/sentence_02290.png,Mantas neskaito žemėlapį.
Datasets/Synthetic_Sentences/images/sentence_22364.png,Studentė nori galvoti.
Datasets/Synthetic_Sentences/images/sentence_33621.png,Švelniai gydytojas valgo daržoves.
Datasets/Real_Handwriting/images/form_345_sentence_2.png,Šiandien studentė mokosi kalnuose.
Datasets/Synthetic_Sentences/images/sentence_35836.png,Berniukas bando ilsėtis.
Datasets/Real_Handwriting/images/form_352_sentence_3.png,Rasa pradeda bėgti.
Datasets/Real_Handwriting/images/form_255_sentence_2.png,Jurgita neša krepšį.
Datasets/Real_Handwriting/images/form_419_sentence_2.png,Ramiai berniukas perka arbatą.
Datasets/Synthetic_Sentences/images/sentence_33108.png,Mergaitė nori skaityti.
Datasets/Real_Handwriting/images/form_492_sentence_3.png,Eglė renka obuolius.
Datasets/Real_Handwriting/images/form_506_sentence_1.png,Ar Gintaras skaito laišką?
Datasets/Synthetic_Sentences/images/sentence_29633.png,Kodėl vaikas dirba mokykloje?
Datasets/Synthetic_Sentences/images/sentence_17110.png,Jonas neša žaislą.
Datasets/Real_Handwriting/images/form_372_sentence_5.png,Kavinėje kvepėjo kava ir cinamonu.
Datasets/Real_Handwriting/images/form_141_sentence_3.png,Šiandien paukštis miega labai.
Datasets/Synthetic_Sentences/images/sentence_19261.png,Tomas nori rašyti laišką.
Datasets/Synthetic_Sentences/images/sentence_19910.png,Rūpestingai mokytojas neša gėlę.
Datasets/Synthetic_Sentences/images/sentence_16400.png,Studentė mėgsta gerti kavą.
Datasets/Synthetic_Sentences/images/sentence_39472.png,Vakar Neringa dirbo pievoje.
Datasets/Real_Handwriting/images/form_360_sentence_1.png,Gintaras skaito žemėlapį.
Datasets/Real_Handwriting/images/form_372_sentence_3.png,Ar berniukas nori važiuoti?
Datasets/Synthetic_Sentences/images/sentence_34589.png,Ar Marija nori dirbti?
Datasets/Synthetic_Sentences/images/sentence_52171.png,"Kristina dirba parke, nes turi daug darbo."
Datasets/Synthetic_Sentences/images/sentence_07444.png,Jurgita nori pirkti kavą.
Datasets/Synthetic_Sentences/images/sentence_63885.png,Švelniai katė skaito receptą.
Datasets/Real_Handwriting/images/form_049_sentence_3.png,Paukštis baigia valgyti.
Datasets/Real_Handwriting/images/form_448_sentence_1.png,Laura ilsisi pievoje.
Datasets/Synthetic_Sentences/images/sentence_46923.png,Šuo ilsisi mokykloje.
Datasets/Synthetic_Sentences/images/sentence_03398.png,Mokytoja nori skaityti žemėlapį.
Datasets/Synthetic_Sentences/images/sentence_38734.png,Petras lankosi mieste.
Datasets/Real_Handwriting/images/form_413_sentence_3.png,Šiandien Saulius perka gėlę.
Datasets/Synthetic_Sentences/images/sentence_13681.png,Rytoj gydytojas eis ežero pakrantėje.
Datasets/Real_Handwriting/images/form_214_sentence_3.png,Saulius geria kavą.
Datasets/Synthetic_Sentences/images/sentence_30368.png,Vaikas dirba stotyje anksti ryte.
Datasets/Synthetic_Sentences/images/sentence_65340.png,Renata sportuoja kaime.
Datasets/Synthetic_Sentences/images/sentence_12816.png,Vakar Renata skaitė istoriją.
Datasets/Synthetic_Sentences/images/sentence_33155.png,Petras renka grybus.
Datasets/Real_Handwriting/images/form_030_sentence_1.png,Jūs keliauoja miške ir miške.
Datasets/Synthetic_Sentences/images/sentence_14034.png,"Eglė mokosi parke, nes turi daug darbo."
Datasets/Synthetic_Sentences/images/sentence_55955.png,Tomas mėgsta valgyti daržoves.
Datasets/Synthetic_Sentences/images/sentence_52688.png,Žilvinas nori valgyti košę.
Datasets/Real_Handwriting/images/form_115_sentence_2.png,Mergaitės stengiasi tvarkytis maistą.
Datasets/Real_Handwriting/images/form_314_sentence_2.png,Tyliai Mindaugas valgo košę.
Datasets/Real_Handwriting/images/form_116_sentence_4.png,Mes rašo stadione ir mieste.
Datasets/Synthetic_Sentences/images/sentence_49002.png,Ingrida mėgsta skaityti knygą.
Datasets/Synthetic_Sentences/images/sentence_15563.png,Vakar mergaitė dirbo stotyje.
Datasets/Synthetic_Sentences/images/sentence_17157.png,Vakar gydytojas dirbo kavinėje.
Datasets/Synthetic_Sentences/images/sentence_47040.png,Mokytoja neskaito žurnalą.
Datasets/Synthetic_Sentences/images/sentence_59691.png,Marija dirba sode.
Datasets/Real_Handwriting/images/form_468_sentence_3.png,Rasa bando žaisti.
Datasets/Real_Handwriting/images/form_204_sentence_5.png,Universiteto studentai žaidžia šachmatais laisvalaikiu.
Datasets/Synthetic_Sentences/images/sentence_23553.png,Katė perka žaislą.
Datasets/Real_Handwriting/images/form_345_sentence_4.png,Ar mokytojas mokosi upės pakrantėje?
Datasets/Real_Handwriting/images/form_362_sentence_4.png,Jurgita mėgsta valgyti žaislą.
Datasets/Synthetic_Sentences/images/sentence_30890.png,Drąsiai gydytojas mokosi bibliotekoje.
Datasets/Real_Handwriting/images/form_353_sentence_4.png,Ar Petras mokosi darbe?
Datasets/Synthetic_Sentences/images/sentence_43295.png,Tomas perka didelį žaislą.
Datasets/Synthetic_Sentences/images/sentence_48729.png,Katė geria vandenį.
Datasets/Real_Handwriting/images/form_396_sentence_2.png,Eglė būna namuose.
Datasets/Synthetic_Sentences/images/sentence_48833.png,Vaikas mėgsta plaukti.
Datasets/Synthetic_Sentences/images/sentence_24181.png,Ramiai Saulius ilsisi pievoje.
Datasets/Synthetic_Sentences/images/sentence_13231.png,Rytoj Jonas skaitys knygą.
Datasets/Synthetic_Sentences/images/sentence_04487.png,Kodėl Neringa dirba bibliotekoje?
Datasets/Real_Handwriting/images/form_460_sentence_3.png,Rytoj žirgas skaitys žurnalą.
Datasets/Real_Handwriting/images/form_083_sentence_5.png,Greitai katė keliauoja vandenį.
Datasets/Synthetic_Sentences/images/sentence_20287.png,Kur Marija dirba?
Datasets/Synthetic_Sentences/images/sentence_27653.png,Ar Jonas mėgsta ilsėtis?
Datasets/Synthetic_Sentences/images/sentence_12589.png,Studentė mėgsta gerti sultis.
Datasets/Synthetic_Sentences/images/sentence_60532.png,Petras dirba stadione vėlai vakare.
Datasets/Synthetic_Sentences/images/sentence_57454.png,Vaikas stengiasi keliauti.
Datasets/Real_Handwriting/images/form_035_sentence_3.png,Gydytojas tvarkosi arbatą.
Datasets/Real_Handwriting/images/form_377_sentence_1.png,Tyliai mokytojas sportuoja kaime.
Datasets/Synthetic_Sentences/images/sentence_51686.png,Žilvinas neskaito laišką.
Datasets/Real_Handwriting/images/form_311_sentence_3.png,Tyliai Mindaugas mokosi namuose.
Datasets/Real_Handwriting/images/form_243_sentence_5.png,Kavinėje kvepėjo kava ir cinamonu.
Datasets/Real_Handwriting/images/form_100_sentence_2.png,Šiandien šuo žaidžia rytoj.
Datasets/Real_Handwriting/images/form_453_sentence_4.png,Greitai Danielius ilsisi parke.
Datasets/Synthetic_Sentences/images/sentence_38576.png,Renata rašo receptą.
Datasets/Real_Handwriting/images/form_059_sentence_2.png,Smagiai jie galvoja istoriją.
Datasets/Synthetic_Sentences/images/sentence_50446.png,Rytoj Ingrida eis parke.
Datasets/Real_Handwriting/images/form_396_sentence_5.png,Jonas į darbą važiuoja dviračiu.
Datasets/Real_Handwriting/images/form_462_sentence_2.png,Rytoj Mindaugas eis sode.
Datasets/Real_Handwriting/images/form_412_sentence_4.png,Studentas dirba mieste.
Datasets/Real_Handwriting/images/form_272_sentence_3.png,Šiandien Kristina ilsisi kalnuose.
Datasets/Real_Handwriting/images/form_132_sentence_4.png,Mokytojas labai geria.
Datasets/Synthetic_Sentences/images/sentence_19884.png,Vakar studentas dirbo kaime.
Datasets/Real_Handwriting/images/form_169_sentence_4.png,Ar moteris mąsto?
Datasets/Synthetic_Sentences/images/sentence_02799.png,Gydytojas neskaito knygą.
Datasets/Synthetic_Sentences/images/sentence_53539.png,Mindaugas neskaito knygą.
Datasets/Synthetic_Sentences/images/sentence_21523.png,Kodėl Jonas dirba mieste?
Datasets/Real_Handwriting/images/form_239_sentence_1.png,Paukštis būna bibliotekoje.
Datasets/Synthetic_Sentences/images/sentence_19374.png,Žilvinas nori skaityti istoriją.
Datasets/Real_Handwriting/images/form_302_sentence_1.png,Lėtai studentė dirba upės pakrantėje.
Datasets/Real_Handwriting/images/form_087_sentence_3.png,Jūs valgo paveikslą.
Datasets/Real_Handwriting/images/form_248_sentence_1.png,Šeima lankosi mieste.
Datasets/Synthetic_Sentences/images/sentence_11102.png,Mindaugas neša žaislą.
Datasets/Real_Handwriting/images/form_409_sentence_4.png,Mielai gydytojas mokosi namuose.
Datasets/Real_Handwriting/images/form_469_sentence_2.png,Petras renka grybus.
Datasets/Real_Handwriting/images/form_509_sentence_2.png,Vaikas gyvena kavinėje.
Datasets/Synthetic_Sentences/images/sentence_44950.png,Kur Žilvinas dirba?
Datasets/Synthetic_Sentences/images/sentence_43823.png,Petras dirba miške anksti ryte.
Datasets/Real_Handwriting/images/form_003_sentence_4.png,Mergaitė nori žaisti.
Datasets/Real_Handwriting/images/form_465_sentence_1.png,Danielius dirba stadione.
Datasets/Synthetic_Sentences/images/sentence_48911.png,Katė ilsisi ligoninėje.
Datasets/Synthetic_Sentences/images/sentence_54400.png,Ingrida neša knygą.
Datasets/Real_Handwriting/images/form_370_sentence_2.png,Ar Jonas skaito laišką?
Datasets/Synthetic_Sentences/images/sentence_53782.png,Šiandien Jurgita dirba stotyje.
Datasets/Synthetic_Sentences/images/sentence_28833.png,Mielai šuo neša žaislą.
Datasets/Real_Handwriting/images/form_005_sentence_5.png,Moterys galvoja ir galvoja.
Datasets/Real_Handwriting/images/form_427_sentence_3.png,Atidžiai katė neša žaislą.
Datasets/Real_Handwriting/images/form_293_sentence_3.png,Šiandien vaikas skaito žemėlapį.
Datasets/Synthetic_Sentences/images/sentence_25468.png,Rūpestingai Saulius valgo vaisius.
Datasets/Synthetic_Sentences/images/sentence_51912.png,Mergaitė nori valgyti daržoves.
Datasets/Real_Handwriting/images/form_401_sentence_3.png,Parke vaikai žaidžia iki vakaro.
Datasets/Synthetic_Sentences/images/sentence_27341.png,Tomas ilsisi stotyje.
Datasets/Synthetic_Sentences/images/sentence_05026.png,Tyliai Saulius mokosi kaime.
Datasets/Real_Handwriting/images/form_281_sentence_2.png,Rasa perka kavą.
Datasets/Synthetic_Sentences/images/sentence_05091.png,Petras skaito šviesų laišką.
Datasets/Real_Handwriting/images/form_469_sentence_4.png,Vakar mergaitė skaitė laišką.
Datasets/Synthetic_Sentences/images/sentence_29132.png,Jonas dirba kalnuose ir skaito žemėlapį.
Datasets/Real_Handwriting/images/form_329_sentence_3.png,Eglė neša dovaną.
Datasets/Real_Handwriting/images/form_032_sentence_5.png,Mergaitės tvarkosi sode.
Datasets/Synthetic_Sentences/images/sentence_39537.png,Drąsiai Mindaugas skaito žurnalą pievoje.
Datasets/Synthetic_Sentences/images/sentence_32075.png,Drąsiai Ingrida dirba bibliotekoje.
Datasets/Real_Handwriting/images/form_289_sentence_3.png,Jonas gyvena namuose.
Datasets/Real_Handwriting/images/form_257_sentence_2.png,Ar vaikas mėgsta ilsėtis?
Datasets/Synthetic_Sentences/images/sentence_19964.png,Šiandien Rasa dirba stadione.
Datasets/Synthetic_Sentences/images/sentence_40963.png,Jurgita dirba stotyje ir skaito laišką.
Datasets/Synthetic_Sentences/images/sentence_39861.png,Studentė nedirba miške.
Datasets/Synthetic_Sentences/images/sentence_35553.png,Jonas nori skaityti žemėlapį.
Datasets/Synthetic_Sentences/images/sentence_16856.png,Kristina valgo sriubą.
Datasets/Real_Handwriting/images/form_221_sentence_3.png,Žmogus dirba miške.
Datasets/Real_Handwriting/images/form_035_sentence_5.png,Gydytojai miega stadione ir parke.
Datasets/Real_Handwriting/images/form_276_sentence_3.png,Švelniai Renata valgo vaisius.
Datasets/Real_Handwriting/images/form_180_sentence_1.png,Ramiai ji dainuoja žemėlapį.
Datasets/Real_Handwriting/images/form_154_sentence_1.png,Rytoj jis kalba pamoką.
Datasets/Real_Handwriting/images/form_475_sentence_2.png,Šeima mokosi stadione.
Datasets/Synthetic_Sentences/images/sentence_14183.png,Švelniai Petras neša laišką.
Datasets/Synthetic_Sentences/images/sentence_42492.png,Vaikas renka gėles.
Datasets/Synthetic_Sentences/images/sentence_20670.png,Vaikas mėgsta valgyti duoną.
Datasets/Synthetic_Sentences/images/sentence_07939.png,Džiaugsmingai Gintaras ilsisi mieste.
Datasets/Real_Handwriting/images/form_481_sentence_4.png,Greitai mergaitė ilsisi parke.
Datasets/Synthetic_Sentences/images/sentence_34227.png,Rytoj studentė skaitys knygą.
Datasets/Real_Handwriting/images/form_301_sentence_5.png,Universiteto studentai žaidžia šachmatais laisvalaikiu.
Datasets/Synthetic_Sentences/images/sentence_11463.png,"Mokytojas dirba darbe, nes turi daug darbo."
Datasets/Real_Handwriting/images/form_120_sentence_1.png,Mes labai atidžiai eina.
Datasets/Synthetic_Sentences/images/sentence_63834.png,Berniukas pradeda ilsėtis.
Datasets/Real_Handwriting/images/form_262_sentence_3.png,Petras žaidžia parke.
Datasets/Synthetic_Sentences/images/sentence_01271.png,Ar Marija mėgsta kalbėti?
Datasets/Synthetic_Sentences/images/sentence_27710.png,Eglė perka duoną.
Datasets/Synthetic_Sentences/images/sentence_13021.png,Kristina nori skaityti knygą.
Datasets/Synthetic_Sentences/images/sentence_60235.png,Mokytoja nedirba pievoje.
Datasets/Real_Handwriting/images/form_397_sentence_2.png,Vakar žirgas nešė žaislą.
Datasets/Real_Handwriting/images/form_290_sentence_2.png,Rūpestingai mergaitė skaito receptą.
Datasets/Synthetic_Sentences/images/sentence_65696.png,Vakar mokytoja skaitė laišką.
Datasets/Real_Handwriting/images/form_222_sentence_3.png,Kristina perka dovaną.
Datasets/Real_Handwriting/images/form_040_sentence_1.png,Mergaitės smagiai verkia.
Datasets/Real_Handwriting/images/form_228_sentence_1.png,Marija pradeda dirbti.
Datasets/Synthetic_Sentences/images/sentence_22483.png,Atidžiai Renata mokosi pievoje.
Datasets/Real_Handwriting/images/form_265_sentence_4.png,Marija žaidžia ežero pakrantėje.
Datasets/Real_Handwriting/images/form_449_sentence_1.png,Drąsiai šeima ilsisi parke.
