0,1
Datasets/Synthetic_Sentences/images/sentence_03607.png,Šiandien gydytojas perka knygą.
Datasets/Synthetic_Sentences/images/sentence_03744.png,Rūpestingai mokytoja skaito istoriją.
Datasets/Real_Handwriting/images/form_220_sentence_1.png,Rytoj vaikas eis pievoje.
Datasets/Real_Handwriting/images/form_392_sentence_2.png,Rasa dirba bibliotekoje.
Datasets/Synthetic_Sentences/images/sentence_03749.png,Džiaugsmingai gydytojas neša dovaną.
Datasets/Real_Handwriting/images/form_258_sentence_2.png,Vakar Marija nešė laišką.
Datasets/Synthetic_Sentences/images/sentence_00345.png,Renata nori skaityti knygą.
Datasets/Synthetic_Sentences/images/sentence_02726.png,Berniukas renka daržoves.
Datasets/Synthetic_Sentences/images/sentence_01209.png,Šiandien Laura dirba parke.
Datasets/Synthetic_Sentences/images/sentence_01866.png,Ar mokytoja skaito istoriją?
Datasets/Synthetic_Sentences/images/sentence_02468.png,Švelniai Kristina dirba parke.
Datasets/Synthetic_Sentences/images/sentence_00021.png,Mantas bando groti.
Datasets/Real_Handwriting/images/form_385_sentence_2.png,Vakar gydytojas skaitė žemėlapį.
Datasets/Real_Handwriting/images/form_116_sentence_3.png,Moterys žaidžia ir žaidžia.
Datasets/Synthetic_Sentences/images/sentence_01870.png,Gydytojas mėgsta pirkti dovaną.
Datasets/Synthetic_Sentences/images/sentence_04637.png,Šiandien mergaitė ilsisi mieste.
Datasets/Real_Handwriting/images/form_178_sentence_3.png,Jos keliauoja filmą prie ežero.
Datasets/Real_Handwriting/images/form_252_sentence_3.png,Renata lankosi kavinėje.
Datasets/Synthetic_Sentences/images/sentence_00887.png,Gydytojas neša laišką.
Datasets/Synthetic_Sentences/images/sentence_02057.png,Garsiai Rasa dirba mokykloje.
Datasets/Synthetic_Sentences/images/sentence_01992.png,Ingrida sportuoja stotyje.
Datasets/Real_Handwriting/images/form_167_sentence_5.png,Vyrai stengiasi mokytis.
Datasets/Real_Handwriting/images/form_461_sentence_5.png,Zigmas žiūri žaibą per langą.
Datasets/Real_Handwriting/images/form_311_sentence_3.png,Tyliai Mindaugas mokosi namuose.
Datasets/Synthetic_Sentences/images/sentence_04547.png,Lėtai Žilvinas mokosi kalnuose.
Datasets/Synthetic_Sentences/images/sentence_02192.png,Atidžiai mokytoja valgo sriubą.
Datasets/Real_Handwriting/images/form_020_sentence_1.png,Šuo skuba sode ir miške.
Datasets/Synthetic_Sentences/images/sentence_01893.png,Rūpestingai gydytojas neša laišką.
Datasets/Synthetic_Sentences/images/sentence_03000.png,Šiandien gydytojas dirba mieste.
Datasets/Synthetic_Sentences/images/sentence_02825.png,Petras pradeda važiuoti.
Datasets/Real_Handwriting/images/form_270_sentence_1.png,Švelniai Gintaras mokosi parke.
Datasets/Real_Handwriting/images/form_102_sentence_3.png,Šuo niekada galvoja.
Datasets/Synthetic_Sentences/images/sentence_00084.png,Ramiai Petras rašo žemėlapį.
Datasets/Synthetic_Sentences/images/sentence_03986.png,Jurgita lankosi miške.
Datasets/Real_Handwriting/images/form_075_sentence_1.png,Moteris tvarkosi ir tvarkosi.
Datasets/Synthetic_Sentences/images/sentence_00713.png,Mokytojas mėgsta skaityti knygą.
Datasets/Real_Handwriting/images/form_001_sentence_3.png,Ji juokiasi daržoves ligoninėje.
Datasets/Real_Handwriting/images/form_270_sentence_5.png,Cecilija čiuožia ant ledo.
Datasets/Synthetic_Sentences/images/sentence_02824.png,Rytoj Jurgita eis ligoninėje.
Datasets/Synthetic_Sentences/images/sentence_02562.png,Kristina sportuoja ežero pakrantėje.
Datasets/Synthetic_Sentences/images/sentence_04742.png,Jonas nori gerti sultis.
Datasets/Real_Handwriting/images/form_401_sentence_5.png,Cecilija čiuožia ant ledo.
Datasets/Synthetic_Sentences/images/sentence_03052.png,Lėtai Mindaugas neša knygą.
Datasets/Synthetic_Sentences/images/sentence_03265.png,Eglė perka arbatą.
Datasets/Synthetic_Sentences/images/sentence_04353.png,Petras bando groti.
Datasets/Synthetic_Sentences/images/sentence_02327.png,Mergaitė mėgsta valgyti sriubą.
Datasets/Real_Handwriting/images/form_283_sentence_4.png,Studentas mėgsta bėgti.
Datasets/Real_Handwriting/images/form_395_sentence_4.png,Ar žmogus skaito istoriją?
Datasets/Synthetic_Sentences/images/sentence_03024.png,Mokytojas nori valgyti sriubą.
Datasets/Synthetic_Sentences/images/sentence_00837.png,Mindaugas nori valgyti obuolį.
Datasets/Synthetic_Sentences/images/sentence_01761.png,Studentė žaidžia upės pakrantėje.
Datasets/Synthetic_Sentences/images/sentence_02018.png,Mielai Mantas rašo projektą.
Datasets/Real_Handwriting/images/form_165_sentence_3.png,Blogai studentas juokiasi dainą.
Datasets/Synthetic_Sentences/images/sentence_01571.png,Mielai Laura perka kavą.
Datasets/Synthetic_Sentences/images/sentence_03210.png,Henrikas harfą groja labai jautriai.
Datasets/Real_Handwriting/images/form_433_sentence_1.png,Greitai mokytojas neša žaislą.
Datasets/Synthetic_Sentences/images/sentence_04786.png,Kruopščiai šuo rašo istoriją.
Datasets/Synthetic_Sentences/images/sentence_01971.png,Šiandien Mindaugas ilsisi namuose.
Datasets/Real_Handwriting/images/form_335_sentence_3.png,Mantas stengiasi plaukti.
Datasets/Real_Handwriting/images/form_020_sentence_2.png,Gydytojas dabar galvoja.
Datasets/Synthetic_Sentences/images/sentence_00337.png,Šiandien Danielius perka žaislą.
Datasets/Synthetic_Sentences/images/sentence_00514.png,Ar šuo mėgsta mokytis?
Datasets/Synthetic_Sentences/images/sentence_02836.png,Gintaras lankosi sode.
Datasets/Synthetic_Sentences/images/sentence_01293.png,Šiandien Mantas skaito žemėlapį.
Datasets/Real_Handwriting/images/form_222_sentence_2.png,Studentė valgo košę.
Datasets/Synthetic_Sentences/images/sentence_02702.png,Katė bando važiuoti.
Datasets/Real_Handwriting/images/form_475_sentence_5.png,Daina skamba per visą sodą.
Datasets/Synthetic_Sentences/images/sentence_01082.png,Studentas ilsisi ežero pakrantėje.
Datasets/Real_Handwriting/images/form_455_sentence_2.png,Ingrida geria vandenį.
Datasets/Synthetic_Sentences/images/sentence_04852.png,Džiaugsmingai Tomas rašo laišką.
Datasets/Synthetic_Sentences/images/sentence_02909.png,Šiandien Žilvinas skaito laišką.
Datasets/Real_Handwriting/images/form_092_sentence_1.png,Retai katė valgo egzaminą.
Datasets/Synthetic_Sentences/images/sentence_02037.png,Ar Eglė mokosi mieste?
Datasets/Synthetic_Sentences/images/sentence_04021.png,Šiandien Ingrida ilsisi paplūdimyje.
Datasets/Synthetic_Sentences/images/sentence_03701.png,Tyliai mokytoja rašo užduotį.
Datasets/Real_Handwriting/images/form_404_sentence_4.png,Ar mokytojas dirba stotyje?
Datasets/Real_Handwriting/images/form_345_sentence_5.png,Filmas buvo labai įdomus ir jaudinantis.
Datasets/Synthetic_Sentences/images/sentence_00894.png,Gydytojas lankosi paplūdimyje.
Datasets/Synthetic_Sentences/images/sentence_00044.png,Mindaugas nori piešti.
Datasets/Real_Handwriting/images/form_166_sentence_5.png,Mokytojas vakar mokosi.
Datasets/Real_Handwriting/images/form_211_sentence_2.png,Kristina groja melodiją.
Datasets/Synthetic_Sentences/images/sentence_02151.png,Mergaitė perka dovaną.
Datasets/Real_Handwriting/images/form_107_sentence_2.png,Jis stengiasi dirbti knygą.
Datasets/Synthetic_Sentences/images/sentence_03496.png,Rytoj Jurgita skaitys žemėlapį.
Datasets/Real_Handwriting/images/form_453_sentence_1.png,Mindaugas sportuoja mieste.
Datasets/Synthetic_Sentences/images/sentence_04024.png,Kristina dirba pievoje.
Datasets/Synthetic_Sentences/images/sentence_01778.png,Kruopščiai Danielius ilsisi paplūdimyje.
Datasets/Synthetic_Sentences/images/sentence_04066.png,Studentas skaito istoriją.
Datasets/Synthetic_Sentences/images/sentence_00946.png,Eglė žaidžia sode.
Datasets/Synthetic_Sentences/images/sentence_00880.png,Studentė mokosi parke.
Datasets/Synthetic_Sentences/images/sentence_04137.png,Vakar Rasa nešė žaislą.
Datasets/Synthetic_Sentences/images/sentence_02058.png,Petras nori skaityti žemėlapį.
Datasets/Synthetic_Sentences/images/sentence_04785.png,Rūpestingai Mindaugas skaito žurnalą.
Datasets/Synthetic_Sentences/images/sentence_04697.png,Garsiai vaikas valgo vaisius.
Datasets/Synthetic_Sentences/images/sentence_02026.png,Šiandien Jurgita ilsisi paplūdimyje.
Datasets/Real_Handwriting/images/form_473_sentence_2.png,Saulius būna mieste.
Datasets/Synthetic_Sentences/images/sentence_00579.png,Neringa nori gerti pieną.
Datasets/Synthetic_Sentences/images/sentence_01718.png,Tyliai Neringa skaito istoriją.
Datasets/Real_Handwriting/images/form_481_sentence_5.png,Čempionas treniruojasi kiekvieną dieną.
Datasets/Synthetic_Sentences/images/sentence_04336.png,Šiandien mokytojas ilsisi paplūdimyje.
Datasets/Real_Handwriting/images/form_206_sentence_1.png,Neringa nori kalbėti kavą.
Datasets/Synthetic_Sentences/images/sentence_02391.png,Džiaugsmingai vaikas valgo košę.
Datasets/Synthetic_Sentences/images/sentence_00315.png,Ar Saulius nori eiti?
Datasets/Real_Handwriting/images/form_354_sentence_1.png,Paukštis gyvena sode.
Datasets/Synthetic_Sentences/images/sentence_00292.png,Šiandien Tomas perka kavą.
Datasets/Real_Handwriting/images/form_437_sentence_4.png,Šiandien Rasa mokosi ežero pakrantėje.
Datasets/Synthetic_Sentences/images/sentence_02407.png,Garsiai Danielius perka dovaną.
Datasets/Real_Handwriting/images/form_417_sentence_4.png,Šiandien Kristina mokosi kavinėje.
Datasets/Synthetic_Sentences/images/sentence_00311.png,Mokytoja mėgsta gerti pieną.
Datasets/Real_Handwriting/images/form_298_sentence_2.png,Marija gyvena ligoninėje.
Datasets/Synthetic_Sentences/images/sentence_01068.png,Šuo neša laišką.
Datasets/Synthetic_Sentences/images/sentence_02489.png,Vakar mokytojas dirbo sode.
Datasets/Synthetic_Sentences/images/sentence_00041.png,Mokytojas rašo laišką.
Datasets/Synthetic_Sentences/images/sentence_04441.png,Atidžiai berniukas ilsisi ligoninėje.
Datasets/Real_Handwriting/images/form_009_sentence_4.png,Moteris mėgsta tvarkytis daržoves.
Datasets/Real_Handwriting/images/form_093_sentence_1.png,Mergaitės kartu klauso.
Datasets/Synthetic_Sentences/images/sentence_03364.png,Rytoj katė eis kaime.
Datasets/Synthetic_Sentences/images/sentence_03758.png,Žilvinas perka knygą.
Datasets/Synthetic_Sentences/images/sentence_00530.png,Tyliai vaikas dirba mieste.
Datasets/Real_Handwriting/images/form_042_sentence_5.png,Jos šiandien klauso.
Datasets/Synthetic_Sentences/images/sentence_03135.png,Vaikas mėgsta gerti pieną.
Datasets/Real_Handwriting/images/form_050_sentence_1.png,Jos labai visada mąsto.
Datasets/Real_Handwriting/images/form_415_sentence_3.png,Petras mokosi mieste.
Datasets/Real_Handwriting/images/form_118_sentence_4.png,Šuo žiūri vandenį ligoninėje.
Datasets/Synthetic_Sentences/images/sentence_04262.png,Mergaitė pradeda šokti.
Datasets/Real_Handwriting/images/form_360_sentence_5.png,Universiteto studentai žaidžia šachmatais laisvalaikiu.
Datasets/Synthetic_Sentences/images/sentence_02279.png,Šuo mėgsta gerti pieną.
Datasets/Synthetic_Sentences/images/sentence_00647.png,Petras nori rašyti laišką.
Datasets/Synthetic_Sentences/images/sentence_04832.png,Mokytojas perka kavą.
Datasets/Real_Handwriting/images/form_163_sentence_1.png,Ar jie mąsto?
Datasets/Synthetic_Sentences/images/sentence_04515.png,Šiandien studentas dirba miške.
Datasets/Synthetic_Sentences/images/sentence_00666.png,Studentas dirba mokykloje.
Datasets/Real_Handwriting/images/form_274_sentence_2.png,Berniukas nori važiuoti.
Datasets/Synthetic_Sentences/images/sentence_04406.png,Kruopščiai Danielius rašo receptą.
Datasets/Synthetic_Sentences/images/sentence_01714.png,Laura geria pieną.
Datasets/Real_Handwriting/images/form_218_sentence_5.png,Cukrų ir cinamoną dedame į pyragą.
Datasets/Real_Handwriting/images/form_027_sentence_5.png,Moteris nori dirbti vandenį.
Datasets/Synthetic_Sentences/images/sentence_02203.png,Ar Laura dirba stotyje?
Datasets/Real_Handwriting/images/form_243_sentence_2.png,Berniukas rašo istoriją.
Datasets/Synthetic_Sentences/images/sentence_04841.png,Kruopščiai vaikas ilsisi pievoje.
Datasets/Synthetic_Sentences/images/sentence_00758.png,Šuo renka daržoves.
Datasets/Real_Handwriting/images/form_020_sentence_3.png,Mergaitė šoka stadione ir sode.
Datasets/Synthetic_Sentences/images/sentence_00370.png,Berniukas geria kavą.
Datasets/Synthetic_Sentences/images/sentence_04810.png,Berniukas mėgsta pirkti knygą.
Datasets/Real_Handwriting/images/form_064_sentence_3.png,Ar jūs ilsisi?
Datasets/Real_Handwriting/images/form_377_sentence_4.png,Atidžiai Neringa mokosi upės pakrantėje.
Datasets/Synthetic_Sentences/images/sentence_01886.png,Šiandien Danielius perka knygą.
Datasets/Synthetic_Sentences/images/sentence_02995.png,Jurgita perka knygą.
Datasets/Synthetic_Sentences/images/sentence_03105.png,Vakar Ingrida dirbo stotyje.
Datasets/Real_Handwriting/images/form_306_sentence_2.png,Petras mėgsta bėgti.
Datasets/Synthetic_Sentences/images/sentence_03231.png,Mergaitė nori valgyti daržoves.
Datasets/Synthetic_Sentences/images/sentence_01937.png,Vakar Žilvinas nešė knygą.
Datasets/Synthetic_Sentences/images/sentence_04437.png,Eglė stengiasi piešti.
Datasets/Synthetic_Sentences/images/sentence_02619.png,Rasa neša dovaną.
Datasets/Synthetic_Sentences/images/sentence_04686.png,Mokytojas skaito žemėlapį.
Datasets/Synthetic_Sentences/images/sentence_00312.png,Laura lankosi namuose.
Datasets/Synthetic_Sentences/images/sentence_04212.png,Šiandien mergaitė mokosi parke.
Datasets/Real_Handwriting/images/form_180_sentence_5.png,Vaikas dirba istoriją bibliotekoje.
Datasets/Synthetic_Sentences/images/sentence_01546.png,Šiandien šuo perka gėlę.
Datasets/Real_Handwriting/images/form_127_sentence_2.png,Šiandien mes žiūri mielai.
Datasets/Real_Handwriting/images/form_405_sentence_3.png,Mielai Tomas skaito žurnalą.
Datasets/Synthetic_Sentences/images/sentence_02989.png,Berniukas mokosi stadione.
Datasets/Synthetic_Sentences/images/sentence_02862.png,Saulius geria vandenį.
Datasets/Synthetic_Sentences/images/sentence_02071.png,Neringa mėgsta valgyti duoną.
Datasets/Synthetic_Sentences/images/sentence_03118.png,Neringa sportuoja miške.
Datasets/Real_Handwriting/images/form_354_sentence_5.png,Tėtis treniruoja vaikus kiekvieną savaitę.
Datasets/Real_Handwriting/images/form_110_sentence_1.png,Gydytojai nemėgsta keliauti daržoves.
Datasets/Synthetic_Sentences/images/sentence_02142.png,Berniukas mėgsta skaityti laišką.
Datasets/Real_Handwriting/images/form_206_sentence_5.png,Cukrų ir cinamoną dedame į pyragą.
Datasets/Synthetic_Sentences/images/sentence_02010.png,Mantas ilsisi upės pakrantėje.
Datasets/Synthetic_Sentences/images/sentence_04909.png,Ar Eglė mėgsta gerti?
Datasets/Real_Handwriting/images/form_343_sentence_4.png,Studentė stato bokštą.
Datasets/Real_Handwriting/images/form_271_sentence_2.png,Šeima nori ilsėtis žurnalą.
Datasets/Real_Handwriting/images/form_411_sentence_2.png,Berniukas žaidžia parke.
Datasets/Real_Handwriting/images/form_035_sentence_1.png,Jūs labai mielai valgo.
Datasets/Real_Handwriting/images/form_388_sentence_5.png,Cecilija čiuožia ant ledo.
Datasets/Synthetic_Sentences/images/sentence_04901.png,Rytoj Danielius eis stotyje.
Datasets/Real_Handwriting/images/form_190_sentence_1.png,Mokytojai baigia ilsėtis receptą.
Datasets/Synthetic_Sentences/images/sentence_00376.png,Laura valgo obuolį.
Datasets/Synthetic_Sentences/images/sentence_01021.png,Drąsiai studentas skaito receptą.
Datasets/Real_Handwriting/images/form_087_sentence_4.png,Vaikai labai kruopščiai mokosi.
Datasets/Real_Handwriting/images/form_031_sentence_5.png,Vaikai bijo valgyti.
Datasets/Real_Handwriting/images/form_215_sentence_5.png,Universiteto studentai žaidžia šachmatais laisvalaikiu.
Datasets/Real_Handwriting/images/form_381_sentence_4.png,Vakar šuo dirbo sode.
Datasets/Synthetic_Sentences/images/sentence_03974.png,Rasa nori gerti arbatą.
Datasets/Synthetic_Sentences/images/sentence_01772.png,Žilvinas renka obuolius.
Datasets/Synthetic_Sentences/images/sentence_02873.png,Renata mėgsta pirkti knygą.
Datasets/Synthetic_Sentences/images/sentence_02087.png,Švelniai Marija skaito žemėlapį.
Datasets/Synthetic_Sentences/images/sentence_01868.png,Saulius valgo vaisius.
Datasets/Synthetic_Sentences/images/sentence_03878.png,Mokytojas mėgsta skaityti istoriją.
Datasets/Synthetic_Sentences/images/sentence_03515.png,Atidžiai berniukas valgo obuolį.
Datasets/Real_Handwriting/images/form_173_sentence_3.png,Moterys verkia sode ir prie ežero.
Datasets/Synthetic_Sentences/images/sentence_02266.png,Studentė nori gerti vandenį.
Datasets/Synthetic_Sentences/images/sentence_00649.png,Vakar Žilvinas skaitė laišką.
Datasets/Synthetic_Sentences/images/sentence_03681.png,Vakar berniukas nešė laišką.
Datasets/Synthetic_Sentences/images/sentence_02077.png,Jonas mėgsta pirkti arbatą.
Datasets/Synthetic_Sentences/images/sentence_00699.png,Jurgita geria kavą.
Datasets/Synthetic_Sentences/images/sentence_04309.png,Rytoj katė eis pievoje.
Datasets/Synthetic_Sentences/images/sentence_03967.png,Greitai Danielius valgo sriubą.
Datasets/Real_Handwriting/images/form_410_sentence_5.png,Universiteto studentai žaidžia šachmatais laisvalaikiu.
Datasets/Synthetic_Sentences/images/sentence_00172.png,Vaikas renka grybus.
Datasets/Real_Handwriting/images/form_505_sentence_4.png,Mokytojas pradeda žaisti.
Datasets/Synthetic_Sentences/images/sentence_01969.png,Šiandien gydytojas perka žaislą.
Datasets/Real_Handwriting/images/form_475_sentence_2.png,Šeima mokosi stadione.
Datasets/Synthetic_Sentences/images/sentence_01318.png,Saulius gyvena ežero pakrantėje.
Datasets/Synthetic_Sentences/images/sentence_03466.png,Žilvinas neša laišką.
Datasets/Synthetic_Sentences/images/sentence_01254.png,Šiandien Rasa skaito receptą.
Datasets/Real_Handwriting/images/form_481_sentence_3.png,Žirgas būna upės pakrantėje.
Datasets/Synthetic_Sentences/images/sentence_00519.png,Šiandien Saulius dirba paplūdimyje.
Datasets/Real_Handwriting/images/form_249_sentence_1.png,Rytoj šeima eis pievoje.
Datasets/Synthetic_Sentences/images/sentence_00949.png,Ar mergaitė mokosi kavinėje?
Datasets/Synthetic_Sentences/images/sentence_04099.png,Ar Marija mokosi stadione?
Datasets/Synthetic_Sentences/images/sentence_04138.png,Rytoj Rasa eis upės pakrantėje.
Datasets/Synthetic_Sentences/images/sentence_03419.png,Vakar mergaitė dirbo stotyje.
Datasets/Real_Handwriting/images/form_005_sentence_4.png,Paukštis dainuoja filmą.
Datasets/Real_Handwriting/images/form_443_sentence_5.png,Jonas į darbą važiuoja dviračiu.
Datasets/Real_Handwriting/images/form_362_sentence_4.png,Jurgita mėgsta valgyti žaislą.
Datasets/Synthetic_Sentences/images/sentence_03670.png,Studentas nori valgyti.
Datasets/Synthetic_Sentences/images/sentence_02312.png,Šiandien Ingrida dirba mieste.
Datasets/Synthetic_Sentences/images/sentence_03164.png,Studentas mėgsta skaityti žemėlapį.
Datasets/Synthetic_Sentences/images/sentence_01060.png,Studentė ilsisi parke.
Datasets/Synthetic_Sentences/images/sentence_01190.png,Mergaitė mėgsta gerti sultis.
Datasets/Synthetic_Sentences/images/sentence_02397.png,Šiandien mokytojas skaito žurnalą.
Datasets/Synthetic_Sentences/images/sentence_03602.png,Vakar Saulius dirbo namuose.
Datasets/Synthetic_Sentences/images/sentence_03001.png,Šiandien Gintaras perka knygą.
Datasets/Synthetic_Sentences/images/sentence_04490.png,Katė mėgsta pirkti dovaną.
Datasets/Synthetic_Sentences/images/sentence_02199.png,Vaikas pradeda keliauti.
Datasets/Real_Handwriting/images/form_097_sentence_1.png,Gydytojai keliauoja vaisius kaime.
Datasets/Synthetic_Sentences/images/sentence_03973.png,Studentas perka arbatą.
Datasets/Synthetic_Sentences/images/sentence_02256.png,Saulius mėgsta važiuoti.
Datasets/Synthetic_Sentences/images/sentence_01219.png,Laura lankosi ligoninėje.
Datasets/Real_Handwriting/images/form_368_sentence_5.png,Kavinėje kvepėjo kava ir cinamonu.
Datasets/Synthetic_Sentences/images/sentence_03338.png,Gintaras nori mokytis.
Datasets/Synthetic_Sentences/images/sentence_02604.png,Šuo geria vandenį.
Datasets/Real_Handwriting/images/form_046_sentence_3.png,Vaikas baigia šokti.
Datasets/Synthetic_Sentences/images/sentence_00957.png,Tomas geria pieną.
Datasets/Real_Handwriting/images/form_270_sentence_2.png,Ar mokytojas mokosi parke?
Datasets/Synthetic_Sentences/images/sentence_02864.png,Lėtai katė valgo daržoves.
Datasets/Real_Handwriting/images/form_434_sentence_2.png,Rytoj Mantas eis ligoninėje.
Datasets/Synthetic_Sentences/images/sentence_04578.png,Atidžiai Laura valgo obuolį.
Datasets/Synthetic_Sentences/images/sentence_00203.png,Šuo dirba parke.
Datasets/Synthetic_Sentences/images/sentence_04861.png,Studentas stengiasi plaukti.
Datasets/Synthetic_Sentences/images/sentence_03843.png,Vaikas nori pirkti žaislą.
Datasets/Real_Handwriting/images/form_225_sentence_4.png,Mokytojas stengiasi šokti.
Datasets/Synthetic_Sentences/images/sentence_02291.png,Studentė geria pieną.
Datasets/Real_Handwriting/images/form_043_sentence_5.png,Vyrai labai smagiai verkia.
Datasets/Synthetic_Sentences/images/sentence_01630.png,Rytoj Tomas skaitys knygą.
Datasets/Synthetic_Sentences/images/sentence_01488.png,Žilvinas neša dovaną.
Datasets/Real_Handwriting/images/form_284_sentence_1.png,Kruopščiai Tomas sportuoja miške.
Datasets/Synthetic_Sentences/images/sentence_01638.png,Petras lankosi upės pakrantėje.
Datasets/Synthetic_Sentences/images/sentence_01554.png,Rasa gyvena namuose.
Datasets/Synthetic_Sentences/images/sentence_03938.png,Ar Renata mokosi darbe?
Datasets/Real_Handwriting/images/form_341_sentence_3.png,Rytoj studentė eis stadione.
Datasets/Synthetic_Sentences/images/sentence_01896.png,Ar Žilvinas mėgsta rašyti?
Datasets/Real_Handwriting/images/form_003_sentence_3.png,Ramiai vaikas miega darbą.
Datasets/Real_Handwriting/images/form_486_sentence_1.png,Ar Žilvinas nori važiuoti?
Datasets/Synthetic_Sentences/images/sentence_02049.png,Katė mėgsta skaityti žemėlapį.
Datasets/Real_Handwriting/images/form_209_sentence_2.png,Ar Renata nori sportuoti?
Datasets/Synthetic_Sentences/images/sentence_00945.png,Šiandien Marija dirba ežero pakrantėje.
Datasets/Real_Handwriting/images/form_097_sentence_5.png,Vaikai juokiasi vaisius.
Datasets/Synthetic_Sentences/images/sentence_00248.png,Drąsiai Eglė mokosi ežero pakrantėje.
Datasets/Real_Handwriting/images/form_036_sentence_4.png,Šuo žiūri mokykloje ir parke.
Datasets/Synthetic_Sentences/images/sentence_04257.png,Vakar Petras skaitė receptą.
Datasets/Synthetic_Sentences/images/sentence_04489.png,Ar Mindaugas nori šokti?
Datasets/Synthetic_Sentences/images/sentence_00531.png,Rytoj Rasa eis kaime.
Datasets/Real_Handwriting/images/form_026_sentence_4.png,Aš pradeda valgyti.
Datasets/Synthetic_Sentences/images/sentence_00537.png,Šiandien gydytojas ilsisi mokykloje.
Datasets/Synthetic_Sentences/images/sentence_04974.png,Šiandien Kristina dirba bibliotekoje.
Datasets/Synthetic_Sentences/images/sentence_04170.png,Petras nori gerti vandenį.
Datasets/Synthetic_Sentences/images/sentence_01151.png,Studentas sportuoja ežero pakrantėje.
Datasets/Synthetic_Sentences/images/sentence_04806.png,Mantas ilsisi kavinėje.
Datasets/Synthetic_Sentences/images/sentence_00779.png,Rytoj Danielius eis stadione.
Datasets/Synthetic_Sentences/images/sentence_04458.png,Ar Saulius mėgsta sportuoti?
Datasets/Synthetic_Sentences/images/sentence_01306.png,Lėtai Laura valgo vaisius.
Datasets/Real_Handwriting/images/form_200_sentence_1.png,Smagiai vyrai mokosi istoriją.
Datasets/Synthetic_Sentences/images/sentence_01174.png,Vakar Žilvinas nešė laišką.
Datasets/Real_Handwriting/images/form_220_sentence_3.png,Laura pradeda plaukti.
Datasets/Real_Handwriting/images/form_061_sentence_3.png,Tu pradeda bėgti.
Datasets/Synthetic_Sentences/images/sentence_00817.png,Marija nori valgyti obuolį.
Datasets/Synthetic_Sentences/images/sentence_04040.png,Mokytoja žaidžia darbe.
Datasets/Synthetic_Sentences/images/sentence_02897.png,Tomas mokosi paplūdimyje.
Datasets/Synthetic_Sentences/images/sentence_04027.png,Šiandien Rasa perka gėlę.
Datasets/Synthetic_Sentences/images/sentence_04961.png,Garsiai Ingrida mokosi ligoninėje.
Datasets/Synthetic_Sentences/images/sentence_03374.png,Vaikas neša gėlę.
Datasets/Synthetic_Sentences/images/sentence_04707.png,Vakar Eglė nešė knygą.
Datasets/Synthetic_Sentences/images/sentence_00691.png,Kristina mėgsta pirkti knygą.
Datasets/Synthetic_Sentences/images/sentence_00229.png,Džiaugsmingai Jurgita dirba parke.
Datasets/Synthetic_Sentences/images/sentence_00696.png,Danielius renka vaisius.
Datasets/Synthetic_Sentences/images/sentence_01386.png,Gintaras dirba darbe.
Datasets/Synthetic_Sentences/images/sentence_03493.png,Laura renka vaisius.
Datasets/Synthetic_Sentences/images/sentence_01988.png,Mindaugas mokosi miške.
Datasets/Synthetic_Sentences/images/sentence_02353.png,Mindaugas nori gerti arbatą.
Datasets/Real_Handwriting/images/form_410_sentence_3.png,Tomas sportuoja miške.
Datasets/Synthetic_Sentences/images/sentence_02296.png,Gydytojas skaito žurnalą.
Datasets/Synthetic_Sentences/images/sentence_03656.png,Saulius dirba pievoje.
Datasets/Synthetic_Sentences/images/sentence_03692.png,Šiandien Žilvinas ilsisi bibliotekoje.
Datasets/Synthetic_Sentences/images/sentence_01350.png,Žilvinas ilsisi kaime.
Datasets/Real_Handwriting/images/form_462_sentence_4.png,Šeima valgo vaisius.
Datasets/Real_Handwriting/images/form_510_sentence_5.png,Ingrida ir Irena eina į kiną.
Datasets/Synthetic_Sentences/images/sentence_00390.png,Kristina dirba ežero pakrantėje.
Datasets/Real_Handwriting/images/form_342_sentence_5.png,Cukrų ir cinamoną dedame į pyragą.
Datasets/Synthetic_Sentences/images/sentence_01770.png,Danielius neša laišką.
Datasets/Synthetic_Sentences/images/sentence_04317.png,Atidžiai Žilvinas skaito laišką.
Datasets/Real_Handwriting/images/form_100_sentence_4.png,Rytoj jos žaidžia pamoką.
Datasets/Real_Handwriting/images/form_228_sentence_2.png,Greitai berniukas rašo laišką.
Datasets/Real_Handwriting/images/form_284_sentence_4.png,Tyliai berniukas rašo istoriją.
Datasets/Real_Handwriting/images/form_296_sentence_4.png,Danielius būna miške.
Datasets/Real_Handwriting/images/form_266_sentence_3.png,Saulius būna kalnuose.
Datasets/Synthetic_Sentences/images/sentence_02366.png,Rytoj studentas skaitys laišką.
Datasets/Synthetic_Sentences/images/sentence_03977.png,Universitete mokosi daug įdomių žmonių.
Datasets/Real_Handwriting/images/form_251_sentence_4.png,Petras bando kalbėti.
Datasets/Synthetic_Sentences/images/sentence_04986.png,Mielai katė ilsisi paplūdimyje.
Datasets/Real_Handwriting/images/form_310_sentence_1.png,Ramiai Petras ilsisi miške.
Datasets/Synthetic_Sentences/images/sentence_00145.png,Tyliai berniukas perka kavą.
Datasets/Synthetic_Sentences/images/sentence_04065.png,Rasa gyvena mieste.
Datasets/Synthetic_Sentences/images/sentence_03610.png,Šuo nori valgyti vaisius.
Datasets/Synthetic_Sentences/images/sentence_00860.png,Katė nori skaityti laišką.
Datasets/Synthetic_Sentences/images/sentence_02343.png,Šuo nori groti.
Datasets/Real_Handwriting/images/form_086_sentence_2.png,Mokytojas skaito maistą.
Datasets/Synthetic_Sentences/images/sentence_04031.png,Rasa mėgsta skaityti istoriją.
Datasets/Synthetic_Sentences/images/sentence_04144.png,Katė dirba upės pakrantėje.
Datasets/Real_Handwriting/images/form_397_sentence_3.png,Studentė nori tvarkytis.
Datasets/Synthetic_Sentences/images/sentence_01300.png,Studentas perka arbatą.
Datasets/Synthetic_Sentences/images/sentence_00645.png,Šiandien Danielius dirba ligoninėje.
Datasets/Synthetic_Sentences/images/sentence_02532.png,Rasa nori skaityti receptą.
Datasets/Real_Handwriting/images/form_125_sentence_5.png,Retai tu skaito dainą.
Datasets/Synthetic_Sentences/images/sentence_04466.png,Mokytojas mėgsta bėgti.
Datasets/Synthetic_Sentences/images/sentence_00038.png,Gydytojas sportuoja kalnuose.
Datasets/Real_Handwriting/images/form_474_sentence_4.png,Ar studentas mėgsta plaukti?
Datasets/Synthetic_Sentences/images/sentence_01955.png,Gydytojas skaito laišką.
Datasets/Synthetic_Sentences/images/sentence_03327.png,Saulius gyvena darbe.
Datasets/Synthetic_Sentences/images/sentence_04247.png,Jurgita mėgsta valgyti vaisius.
Datasets/Synthetic_Sentences/images/sentence_00725.png,Jonas lankosi kalnuose.
Datasets/Synthetic_Sentences/images/sentence_01791.png,Jonas mėgsta skaityti laišką.
Datasets/Synthetic_Sentences/images/sentence_03957.png,Šiandien studentas perka knygą.
Datasets/Synthetic_Sentences/images/sentence_02168.png,Ar mergaitė nori tvarkytis?
Datasets/Synthetic_Sentences/images/sentence_03965.png,Šuo žaidžia ežero pakrantėje.
Datasets/Synthetic_Sentences/images/sentence_03924.png,Marija renka gėles.
Datasets/Synthetic_Sentences/images/sentence_01783.png,Vakar Danielius dirbo darbe.
Datasets/Synthetic_Sentences/images/sentence_03185.png,Rytoj šuo skaitys laišką.
Datasets/Real_Handwriting/images/form_333_sentence_5.png,Cukrų ir cinamoną dedame į pyragą.
Datasets/Synthetic_Sentences/images/sentence_03690.png,Berniukas neša dovaną.
Datasets/Synthetic_Sentences/images/sentence_04307.png,Šiandien mokytojas perka arbatą.
Datasets/Synthetic_Sentences/images/sentence_04373.png,Švelniai Jurgita dirba stadione.
Datasets/Synthetic_Sentences/images/sentence_04022.png,Marija geria vandenį.
Datasets/Synthetic_Sentences/images/sentence_01848.png,Kruopščiai Jurgita ilsisi mieste.
Datasets/Real_Handwriting/images/form_296_sentence_3.png,Ar Saulius nori kalbėti?
Datasets/Real_Handwriting/images/form_048_sentence_5.png,Vyrai galvoja arbatą darbe.
Datasets/Real_Handwriting/images/form_291_sentence_2.png,Švelniai Danielius valgo košę.
Datasets/Synthetic_Sentences/images/sentence_01390.png,Švelniai Žilvinas neša laišką.
Datasets/Synthetic_Sentences/images/sentence_04495.png,Vakar Renata skaitė knygą.
Datasets/Real_Handwriting/images/form_464_sentence_1.png,Berniukas groja simfoniją.
Datasets/Synthetic_Sentences/images/sentence_03219.png,Žilvinas nori pirkti duoną.
Datasets/Synthetic_Sentences/images/sentence_03637.png,Vakar Saulius skaitė laišką.
Datasets/Synthetic_Sentences/images/sentence_04735.png,Marija nori pirkti duoną.
Datasets/Synthetic_Sentences/images/sentence_02082.png,Ar studentas skaito knygą?
Datasets/Real_Handwriting/images/form_277_sentence_4.png,Mielai Rasa skaito laišką.
Datasets/Synthetic_Sentences/images/sentence_03442.png,Atidžiai Saulius ilsisi stadione.
Datasets/Synthetic_Sentences/images/sentence_03256.png,Šiandien Mindaugas ilsisi mokykloje.
Datasets/Real_Handwriting/images/form_172_sentence_4.png,Jie dirba dainą bibliotekoje.
Datasets/Synthetic_Sentences/images/sentence_00388.png,Ar Petras dirba sode?
Datasets/Real_Handwriting/images/form_326_sentence_4.png,Eglė žaidžia namuose.
Datasets/Synthetic_Sentences/images/sentence_02437.png,Tomas nori skaityti žemėlapį.
Datasets/Synthetic_Sentences/images/sentence_04029.png,Saulius nori pirkti kavą.
Datasets/Real_Handwriting/images/form_001_sentence_2.png,Vaikai piešia receptą.
Datasets/Synthetic_Sentences/images/sentence_03554.png,Atidžiai Jonas perka gėlę.
Datasets/Synthetic_Sentences/images/sentence_01712.png,Ar Saulius nori skaityti?
Datasets/Synthetic_Sentences/images/sentence_02697.png,Žilvinas mėgsta pirkti dovaną.
Datasets/Real_Handwriting/images/form_409_sentence_5.png,Tai buvo tikrai nuostabus vakaras.
Datasets/Real_Handwriting/images/form_244_sentence_4.png,Lėtai šeima ilsisi bibliotekoje.
Datasets/Synthetic_Sentences/images/sentence_03553.png,Ar Jonas dirba stadione?
Datasets/Synthetic_Sentences/images/sentence_00834.png,Gintaras mėgsta gerti sultis.
Datasets/Synthetic_Sentences/images/sentence_03969.png,Mindaugas mėgsta pirkti dovaną.
Datasets/Synthetic_Sentences/images/sentence_03430.png,Marija perka žaislą.
Datasets/Synthetic_Sentences/images/sentence_03642.png,Mielai berniukas valgo vaisius.
Datasets/Synthetic_Sentences/images/sentence_04872.png,Gintaras mėgsta gerti vandenį.
Datasets/Real_Handwriting/images/form_492_sentence_3.png,Eglė renka obuolius.
Datasets/Synthetic_Sentences/images/sentence_02001.png,Studentė geria kavą.
Datasets/Synthetic_Sentences/images/sentence_02546.png,Saulius renka obuolius.
Datasets/Synthetic_Sentences/images/sentence_00669.png,Greitai mokytojas mokosi ligoninėje.
Datasets/Synthetic_Sentences/images/sentence_00900.png,Rūpestingai Gintaras rašo žemėlapį.
Datasets/Real_Handwriting/images/form_464_sentence_4.png,Ar žmogus mėgsta šokti?
Datasets/Real_Handwriting/images/form_253_sentence_1.png,Eglė groja melodiją.
Datasets/Synthetic_Sentences/images/sentence_04378.png,Gydytojas neša laišką.
Datasets/Synthetic_Sentences/images/sentence_04962.png,Mindaugas sportuoja paplūdimyje.
Datasets/Synthetic_Sentences/images/sentence_01592.png,Katė mėgsta skaityti žemėlapį.
Datasets/Synthetic_Sentences/images/sentence_00948.png,Marija mėgsta skaityti receptą.
Datasets/Real_Handwriting/images/form_510_sentence_4.png,Šiandien Ingrida ilsisi parke.
Datasets/Synthetic_Sentences/images/sentence_02539.png,Mokytojas sportuoja stadione.
Datasets/Synthetic_Sentences/images/sentence_02454.png,Mokytojas nori valgyti vaisius.
Datasets/Synthetic_Sentences/images/sentence_03982.png,Katė nori valgyti sriubą.
Datasets/Real_Handwriting/images/form_494_sentence_5.png,Kavinėje kvepėjo kava ir cinamonu.
Datasets/Synthetic_Sentences/images/sentence_01809.png,Šiandien katė dirba pievoje.
Datasets/Real_Handwriting/images/form_109_sentence_1.png,Šiandien aš mokosi gerai.
Datasets/Synthetic_Sentences/images/sentence_03631.png,Saulius neša knygą.
Datasets/Real_Handwriting/images/form_115_sentence_3.png,Vyrai bijo rašyti.
Datasets/Real_Handwriting/images/form_374_sentence_5.png,Cukrų ir cinamoną dedame į pyragą.
Datasets/Synthetic_Sentences/images/sentence_02232.png,Katė nori gerti pieną.
Datasets/Synthetic_Sentences/images/sentence_02705.png,Studentė perka žaislą.
Datasets/Real_Handwriting/images/form_176_sentence_5.png,Šuo žaidžia kavą.
Datasets/Real_Handwriting/images/form_105_sentence_1.png,Katė mokosi ir mokosi.
Datasets/Synthetic_Sentences/images/sentence_04714.png,Vakar mokytoja skaitė žemėlapį.
Datasets/Synthetic_Sentences/images/sentence_02177.png,Vakar Ingrida skaitė istoriją.
Datasets/Synthetic_Sentences/images/sentence_01147.png,Rytoj mergaitė skaitys receptą.
Datasets/Synthetic_Sentences/images/sentence_02265.png,Šiandien Žilvinas dirba ežero pakrantėje.
Datasets/Real_Handwriting/images/form_430_sentence_4.png,Kruopščiai studentas rašo laišką.
Datasets/Real_Handwriting/images/form_222_sentence_3.png,Kristina perka dovaną.
Datasets/Synthetic_Sentences/images/sentence_04275.png,Rūpestingai mergaitė dirba ežero pakrantėje.
Datasets/Synthetic_Sentences/images/sentence_04311.png,Ar Rasa skaito knygą?
Datasets/Synthetic_Sentences/images/sentence_01038.png,Ar Eglė mokosi ligoninėje?
Datasets/Synthetic_Sentences/images/sentence_04814.png,Jurgita gyvena miške.
Datasets/Synthetic_Sentences/images/sentence_01278.png,Ar mokytoja dirba stadione?
Datasets/Real_Handwriting/images/form_401_sentence_3.png,Parke vaikai žaidžia iki vakaro.
Datasets/Real_Handwriting/images/form_047_sentence_1.png,Greitai moterys eina žemėlapį.
Datasets/Real_Handwriting/images/form_060_sentence_1.png,Šiandien draugas rašo gerai.
Datasets/Synthetic_Sentences/images/sentence_02081.png,Vakar Tomas nešė laišką.
Datasets/Synthetic_Sentences/images/sentence_01330.png,Vakar studentas skaitė knygą.
Datasets/Synthetic_Sentences/images/sentence_00835.png,Vakar gydytojas dirbo sode.
Datasets/Synthetic_Sentences/images/sentence_02439.png,Ar Kristina nori skaityti?
Datasets/Synthetic_Sentences/images/sentence_03247.png,Rūpestingai berniukas skaito žurnalą.
Datasets/Synthetic_Sentences/images/sentence_04389.png,Jurgita skaito istoriją.
Datasets/Real_Handwriting/images/form_281_sentence_1.png,Jurgita gyvena mieste.
Datasets/Real_Handwriting/images/form_266_sentence_2.png,Saulius perka gėlę.
Datasets/Synthetic_Sentences/images/sentence_04287.png,Šuo pradeda skaityti.
Datasets/Synthetic_Sentences/images/sentence_03199.png,Šiandien mokytojas skaito laišką.
Datasets/Real_Handwriting/images/form_076_sentence_3.png,Mergaitė miega receptą.
Datasets/Synthetic_Sentences/images/sentence_01446.png,Kruopščiai Saulius mokosi mokykloje.
Datasets/Real_Handwriting/images/form_021_sentence_1.png,Gydytojai klauso ir klauso.
Datasets/Synthetic_Sentences/images/sentence_03962.png,Šiandien Rasa skaito knygą.
Datasets/Synthetic_Sentences/images/sentence_04760.png,Vakar studentas dirbo kavinėje.
Datasets/Synthetic_Sentences/images/sentence_04314.png,Neringa nori gerti sultis.
Datasets/Synthetic_Sentences/images/sentence_01019.png,Vaikas stengiasi gerti.
Datasets/Real_Handwriting/images/form_317_sentence_3.png,Paukštis pradeda galvoti.
Datasets/Synthetic_Sentences/images/sentence_00622.png,Ar Ingrida mokosi stotyje?
Datasets/Real_Handwriting/images/form_499_sentence_4.png,Žilvinas neša dovaną.
Datasets/Synthetic_Sentences/images/sentence_03976.png,Žilvinas mėgsta skaityti istoriją.
Datasets/Synthetic_Sentences/images/sentence_02132.png,Vakar studentas dirbo mieste.
Datasets/Synthetic_Sentences/images/sentence_03438.png,Lėtai mokytoja mokosi ligoninėje.
Datasets/Real_Handwriting/images/form_157_sentence_3.png,Vyras labai dabar ilsisi.
Datasets/Real_Handwriting/images/form_035_sentence_3.png,Gydytojas tvarkosi arbatą.
Datasets/Synthetic_Sentences/images/sentence_04885.png,Vaikas nori skaityti istoriją.
Datasets/Real_Handwriting/images/form_113_sentence_2.png,Mokytojai labai blogai mokosi.
Datasets/Real_Handwriting/images/form_046_sentence_1.png,Vaikas ramiai ilsisi.
Datasets/Real_Handwriting/images/form_336_sentence_1.png,Rytoj Renata eis kavinėje.
Datasets/Synthetic_Sentences/images/sentence_02484.png,Studentė perka žaislą.
Datasets/Synthetic_Sentences/images/sentence_02746.png,Danielius bando sportuoti.
Datasets/Synthetic_Sentences/images/sentence_00796.png,Žilvinas mėgsta pirkti gėlę.
Datasets/Real_Handwriting/images/form_407_sentence_1.png,Rasa būna kavinėje.
Datasets/Synthetic_Sentences/images/sentence_00476.png,Studentas ilsisi stotyje.
Datasets/Synthetic_Sentences/images/sentence_04422.png,Kristina nori gerti arbatą.
Datasets/Real_Handwriting/images/form_323_sentence_2.png,Rytoj Rasa skaitys žemėlapį.
Datasets/Real_Handwriting/images/form_058_sentence_1.png,Mokytojas baigia keliauti mokyklą.
Datasets/Synthetic_Sentences/images/sentence_04398.png,Ingrida mėgsta žaisti.
Datasets/Synthetic_Sentences/images/sentence_01332.png,Vakar Gintaras skaitė knygą.
Datasets/Synthetic_Sentences/images/sentence_04129.png,Petras nori valgyti košę.
Datasets/Synthetic_Sentences/images/sentence_00217.png,Rytoj Renata eis pievoje.
Datasets/Synthetic_Sentences/images/sentence_04276.png,Rytoj Gintaras eis bibliotekoje.
Datasets/Synthetic_Sentences/images/sentence_04126.png,Jonas mėgsta skaityti žemėlapį.
Datasets/Synthetic_Sentences/images/sentence_03658.png,Saulius mėgsta valgyti daržoves.
Datasets/Real_Handwriting/images/form_432_sentence_2.png,Jurgita rašo žemėlapį.
Datasets/Synthetic_Sentences/images/sentence_02933.png,Mokytojas nori skaityti žemėlapį.
Datasets/Synthetic_Sentences/images/sentence_04420.png,Mindaugas geria sultis.
Datasets/Synthetic_Sentences/images/sentence_02632.png,Studentė geria pieną.
Datasets/Synthetic_Sentences/images/sentence_00931.png,Mokytojas mėgsta tvarkytis.
Datasets/Synthetic_Sentences/images/sentence_01457.png,Katė valgo obuolį.
Datasets/Synthetic_Sentences/images/sentence_04751.png,Danielius nori skaityti žemėlapį.
Datasets/Real_Handwriting/images/form_313_sentence_4.png,Laura skaito žurnalą.
Datasets/Synthetic_Sentences/images/sentence_04207.png,Vakar mokytojas dirbo mokykloje.
Datasets/Real_Handwriting/images/form_322_sentence_2.png,Rasa žaidžia parke.
Datasets/Synthetic_Sentences/images/sentence_01636.png,Jonas valgo košę.
Datasets/Synthetic_Sentences/images/sentence_03811.png,Renata nori valgyti obuolį.
Datasets/Real_Handwriting/images/form_203_sentence_1.png,Drąsiai Ingrida valgo sriubą.
Datasets/Real_Handwriting/images/form_092_sentence_2.png,Draugas geria kalnuose ir stadione.
Datasets/Synthetic_Sentences/images/sentence_02538.png,Rūpestingai Mantas dirba bibliotekoje.
Datasets/Real_Handwriting/images/form_492_sentence_1.png,Ar Mantas mėgsta šokti?
Datasets/Synthetic_Sentences/images/sentence_01206.png,Švelniai Tomas dirba bibliotekoje.
Datasets/Synthetic_Sentences/images/sentence_00425.png,Renata dirba darbe.
Datasets/Synthetic_Sentences/images/sentence_02218.png,Šiandien Mindaugas perka dovaną.
Datasets/Synthetic_Sentences/images/sentence_02015.png,Žilvinas ilsisi ligoninėje.
Datasets/Real_Handwriting/images/form_342_sentence_2.png,Eglė būna mokykloje.
Datasets/Synthetic_Sentences/images/sentence_02762.png,Rasa gyvena ligoninėje.
Datasets/Synthetic_Sentences/images/sentence_01160.png,Marija lankosi miške.
Datasets/Synthetic_Sentences/images/sentence_02907.png,Berniukas ilsisi parke.
Datasets/Synthetic_Sentences/images/sentence_04705.png,Žilvinas skaito knygą.
Datasets/Synthetic_Sentences/images/sentence_00328.png,Eglė geria kavą.
Datasets/Real_Handwriting/images/form_491_sentence_4.png,Šiandien mergaitė skaito receptą.
Datasets/Synthetic_Sentences/images/sentence_03334.png,Marija nori rašyti užduotį.
Datasets/Real_Handwriting/images/form_258_sentence_5.png,Kavinėje kvepėjo kava ir cinamonu.
Datasets/Synthetic_Sentences/images/sentence_01804.png,Rytoj Laura eis kalnuose.
Datasets/Synthetic_Sentences/images/sentence_02769.png,Rasa nori gerti arbatą.
Datasets/Synthetic_Sentences/images/sentence_02303.png,Mindaugas skaito knygą.
Datasets/Real_Handwriting/images/form_278_sentence_1.png,Vaikas stengiasi kalbėti.
Datasets/Real_Handwriting/images/form_139_sentence_1.png,Studentai mąsto ir mąsto.
Datasets/Synthetic_Sentences/images/sentence_01241.png,Neringa mokosi stadione.
Datasets/Real_Handwriting/images/form_478_sentence_4.png,Atidžiai Petras skaito knygą.
Datasets/Synthetic_Sentences/images/sentence_03114.png,Ramiai Jonas ilsisi bibliotekoje.
Datasets/Synthetic_Sentences/images/sentence_01101.png,Kristina mėgsta žaisti.
Datasets/Real_Handwriting/images/form_091_sentence_2.png,Moterys rašo ir rašo.
Datasets/Synthetic_Sentences/images/sentence_01585.png,Neringa nori gerti pieną.
Datasets/Synthetic_Sentences/images/sentence_00797.png,Vakar Žilvinas nešė gėlę.
Datasets/Synthetic_Sentences/images/sentence_02970.png,Ar mokytoja nori žaisti?
Datasets/Real_Handwriting/images/form_017_sentence_4.png,Mokytojai skaito ir skaito.
Datasets/Synthetic_Sentences/images/sentence_02221.png,Katė mėgsta valgyti sriubą.
Datasets/Real_Handwriting/images/form_058_sentence_4.png,Jie labai rytoj galvoja.
Datasets/Real_Handwriting/images/form_469_sentence_3.png,Rytoj Mindaugas eis kalnuose.
Datasets/Synthetic_Sentences/images/sentence_01345.png,Kristina lankosi stotyje.
Datasets/Synthetic_Sentences/images/sentence_04648.png,Petras dirba namuose.
Datasets/Synthetic_Sentences/images/sentence_04214.png,Tyliai mokytojas rašo istoriją.
Datasets/Synthetic_Sentences/images/sentence_03381.png,Marija nori pirkti knygą.
Datasets/Real_Handwriting/images/form_226_sentence_3.png,Ramiai vaikas skaito receptą.
Datasets/Synthetic_Sentences/images/sentence_03078.png,Mindaugas skaito žurnalą.
Datasets/Real_Handwriting/images/form_292_sentence_3.png,Ar vaikas mokosi pievoje?
Datasets/Synthetic_Sentences/images/sentence_03563.png,Vakar Renata dirbo parke.
Datasets/Real_Handwriting/images/form_384_sentence_2.png,Paukštis skaito žurnalą.
Datasets/Synthetic_Sentences/images/sentence_02988.png,Ar Mantas mokosi mokykloje?
Datasets/Synthetic_Sentences/images/sentence_01115.png,Švelniai Mantas skaito laišką.
Datasets/Synthetic_Sentences/images/sentence_03985.png,Vakar vaikas nešė knygą.
Datasets/Synthetic_Sentences/images/sentence_01898.png,Šiandien Mantas perka knygą.
Datasets/Synthetic_Sentences/images/sentence_03673.png,Žilvinas mėgsta pirkti duoną.
Datasets/Synthetic_Sentences/images/sentence_02309.png,Neringa nori rašyti laišką.
Datasets/Synthetic_Sentences/images/sentence_04534.png,Danielius geria kavą.
Datasets/Synthetic_Sentences/images/sentence_03724.png,Ar Ingrida dirba kaime?
Datasets/Real_Handwriting/images/form_370_sentence_3.png,Rytoj Renata eis ežero pakrantėje.
Datasets/Synthetic_Sentences/images/sentence_02817.png,Jonas skaito laišką.
Datasets/Synthetic_Sentences/images/sentence_03343.png,Rytoj Mindaugas skaitys žurnalą.
Datasets/Synthetic_Sentences/images/sentence_01450.png,Berniukas mėgsta valgyti vaisius.
Datasets/Synthetic_Sentences/images/sentence_03195.png,Gydytojas mėgsta valgyti duoną.
Datasets/Synthetic_Sentences/images/sentence_04265.png,Mindaugas žaidžia paplūdimyje.
Datasets/Synthetic_Sentences/images/sentence_01814.png,Šiandien Ingrida dirba stotyje.
Datasets/Synthetic_Sentences/images/sentence_03036.png,Žilvinas neša laišką.
Datasets/Real_Handwriting/images/form_076_sentence_5.png,Draugai nemėgsta žaisti žaidimą.
Datasets/Synthetic_Sentences/images/sentence_00121.png,Tomas mėgsta rašyti.
Datasets/Synthetic_Sentences/images/sentence_01877.png,Studentė stengiasi keliauti.
Datasets/Synthetic_Sentences/images/sentence_04557.png,Šuo pradeda gerti.
Datasets/Real_Handwriting/images/form_427_sentence_1.png,Džiaugsmingai paukštis perka žaislą.
Datasets/Real_Handwriting/images/form_009_sentence_3.png,Mokytojai verkia paveikslą.
Datasets/Synthetic_Sentences/images/sentence_01945.png,Ar mokytojas skaito žurnalą?
Datasets/Synthetic_Sentences/images/sentence_01960.png,Atidžiai vaikas rašo istoriją.
Datasets/Synthetic_Sentences/images/sentence_01321.png,Laura mėgsta skaityti žurnalą.
Datasets/Synthetic_Sentences/images/sentence_01476.png,Gintaras gyvena ežero pakrantėje.
Datasets/Synthetic_Sentences/images/sentence_00288.png,Kristina stengiasi šokti.
Datasets/Synthetic_Sentences/images/sentence_03379.png,Mokytoja nori gerti vandenį.
Datasets/Real_Handwriting/images/form_110_sentence_5.png,Gydytojai skaito stotyje ir namuose.
Datasets/Real_Handwriting/images/form_207_sentence_4.png,Džiaugsmingai Eglė skaito žurnalą.
Datasets/Synthetic_Sentences/images/sentence_03188.png,Kristina žaidžia darbe.
Datasets/Synthetic_Sentences/images/sentence_00768.png,Eglė mėgsta valgyti daržoves.
Datasets/Synthetic_Sentences/images/sentence_03125.png,Ar Saulius mokosi miške?
Datasets/Synthetic_Sentences/images/sentence_04115.png,Ar Marija skaito žurnalą?
Datasets/Real_Handwriting/images/form_383_sentence_1.png,Vakar mergaitė skaitė receptą.
Datasets/Real_Handwriting/images/form_380_sentence_3.png,Ar Mantas nori kalbėti?
Datasets/Synthetic_Sentences/images/sentence_02023.png,Katė rašo projektą.
Datasets/Real_Handwriting/images/form_374_sentence_1.png,Petras nori bėgti laišką.
Datasets/Real_Handwriting/images/form_404_sentence_3.png,Danielius valgo duoną.
Datasets/Synthetic_Sentences/images/sentence_00105.png,Ar Mantas mėgsta galvoti?
Datasets/Real_Handwriting/images/form_011_sentence_4.png,Mokytojas skuba miške ir paplūdimyje.
Datasets/Synthetic_Sentences/images/sentence_00387.png,Lėtai mokytojas neša laišką.
Datasets/Real_Handwriting/images/form_394_sentence_3.png,Rytoj Žilvinas eis bibliotekoje.
Datasets/Synthetic_Sentences/images/sentence_02949.png,Gintaras mokosi ligoninėje.
Datasets/Real_Handwriting/images/form_167_sentence_4.png,Jie mėgsta žaisti.
Datasets/Real_Handwriting/images/form_121_sentence_1.png,Draugai pradeda kalbėti žaidimą.
Datasets/Synthetic_Sentences/images/sentence_03796.png,Marija ilsisi darbe.
Datasets/Synthetic_Sentences/images/sentence_00100.png,Šiandien Mantas mokosi sode.
Datasets/Synthetic_Sentences/images/sentence_04767.png,Ar Laura nori keliauti?
Datasets/Synthetic_Sentences/images/sentence_00700.png,Šiandien mokytojas mokosi kavinėje.
Datasets/Synthetic_Sentences/images/sentence_01666.png,Ar Danielius mokosi kalnuose?
Datasets/Synthetic_Sentences/images/sentence_00906.png,Renata mėgsta ilsėtis.
Datasets/Synthetic_Sentences/images/sentence_02287.png,Drąsiai Saulius valgo duoną.
Datasets/Real_Handwriting/images/form_400_sentence_4.png,Gydytojas lankosi namuose.
Datasets/Real_Handwriting/images/form_027_sentence_2.png,Draugai šoka laišką.
Datasets/Real_Handwriting/images/form_506_sentence_4.png,Šuo būna kalnuose.
Datasets/Synthetic_Sentences/images/sentence_00422.png,Vakar Gintaras dirbo stotyje.
Datasets/Synthetic_Sentences/images/sentence_03684.png,Vaikas nori gerti kavą.
Datasets/Real_Handwriting/images/form_440_sentence_2.png,Šiandien mokytojas mokosi mieste.
Datasets/Synthetic_Sentences/images/sentence_03743.png,Gydytojas gyvena mieste.
Datasets/Synthetic_Sentences/images/sentence_04020.png,Šiandien Renata skaito žurnalą.
Datasets/Synthetic_Sentences/images/sentence_01749.png,Marija renka akmenis.
Datasets/Synthetic_Sentences/images/sentence_02764.png,Ar Neringa nori kalbėti?
Datasets/Real_Handwriting/images/form_321_sentence_1.png,Švelniai Rasa ilsisi namuose.
Datasets/Synthetic_Sentences/images/sentence_00160.png,Daina skamba per visą sodą.
Datasets/Synthetic_Sentences/images/sentence_00448.png,Vakar Eglė skaitė knygą.
Datasets/Synthetic_Sentences/images/sentence_02644.png,Ingrida valgo košę.
Datasets/Synthetic_Sentences/images/sentence_02424.png,Ingrida mokosi mieste.
Datasets/Synthetic_Sentences/images/sentence_03807.png,Saulius gyvena ežero pakrantėje.
Datasets/Synthetic_Sentences/images/sentence_02996.png,Petras stengiasi sportuoti.
Datasets/Synthetic_Sentences/images/sentence_04618.png,Ar mokytojas mėgsta ilsėtis?
Datasets/Synthetic_Sentences/images/sentence_00563.png,Kristina bando plaukti.
Datasets/Synthetic_Sentences/images/sentence_04579.png,Renata nori skaityti žemėlapį.
Datasets/Synthetic_Sentences/images/sentence_01122.png,Ramiai mokytojas dirba upės pakrantėje.
Datasets/Real_Handwriting/images/form_230_sentence_1.png,Rytoj šeima eis kavinėje.
Datasets/Synthetic_Sentences/images/sentence_00642.png,Garsiai Mindaugas skaito knygą.
Datasets/Real_Handwriting/images/form_122_sentence_4.png,Vaikai ilsisi sode.
Datasets/Synthetic_Sentences/images/sentence_03801.png,Studentė mėgsta valgyti obuolį.
Datasets/Synthetic_Sentences/images/sentence_02958.png,Ramiai Mantas neša gėlę.
Datasets/Synthetic_Sentences/images/sentence_02895.png,Žilvinas nori valgyti duoną.
Datasets/Synthetic_Sentences/images/sentence_03708.png,Šiandien Saulius perka gėlę.
Datasets/Synthetic_Sentences/images/sentence_02742.png,Laura nori gerti sultis.
Datasets/Synthetic_Sentences/images/sentence_04838.png,Studentė žaidžia pievoje.
Datasets/Real_Handwriting/images/form_446_sentence_2.png,Jonas ilsisi kavinėje.
Datasets/Real_Handwriting/images/form_190_sentence_5.png,Vyras šoka pamoką.
Datasets/Real_Handwriting/images/form_223_sentence_1.png,Šiandien Saulius perka arbatą.
Datasets/Synthetic_Sentences/images/sentence_03280.png,Renata nori rašyti projektą.
Datasets/Synthetic_Sentences/images/sentence_04827.png,Rūpestingai Jurgita mokosi mieste.
Datasets/Synthetic_Sentences/images/sentence_01699.png,Šiandien Mindaugas skaito receptą.
Datasets/Synthetic_Sentences/images/sentence_01705.png,Gydytojas lankosi parke.
Datasets/Synthetic_Sentences/images/sentence_03768.png,Ingrida mokosi ligoninėje.
Datasets/Synthetic_Sentences/images/sentence_03822.png,Žilvinas nori skaityti žemėlapį.
Datasets/Synthetic_Sentences/images/sentence_01823.png,Vakar šuo skaitė istoriją.
Datasets/Synthetic_Sentences/images/sentence_01194.png,Rasa mokosi bibliotekoje.
Datasets/Synthetic_Sentences/images/sentence_02144.png,Vakar Neringa dirbo paplūdimyje.
Datasets/Synthetic_Sentences/images/sentence_02030.png,Eglė nori skaityti žemėlapį.
Datasets/Real_Handwriting/images/form_005_sentence_5.png,Moterys galvoja ir galvoja.
Datasets/Synthetic_Sentences/images/sentence_02286.png,Rytoj mergaitė skaitys laišką.
Datasets/Real_Handwriting/images/form_014_sentence_1.png,Ji miega dainą mokykloje.
Datasets/Real_Handwriting/images/form_434_sentence_5.png,Knyga gulėjo ant kambario suolo.
Datasets/Real_Handwriting/images/form_236_sentence_2.png,Atidžiai šeima sportuoja pievoje.
Datasets/Synthetic_Sentences/images/sentence_00935.png,Laura neša krepšį.
Datasets/Synthetic_Sentences/images/sentence_01582.png,Drąsiai mergaitė ilsisi paplūdimyje.
Datasets/Real_Handwriting/images/form_171_sentence_3.png,Ji žiūri darbą.
Datasets/Real_Handwriting/images/form_248_sentence_5.png,Hibiskusas žydi ryškiomis rožinėmis žiedais.
Datasets/Synthetic_Sentences/images/sentence_04643.png,Gydytojas žaidžia parke.
Datasets/Real_Handwriting/images/form_463_sentence_3.png,Gintaras nori plaukti duoną.
Datasets/Synthetic_Sentences/images/sentence_01954.png,Laura valgo obuolį.
Datasets/Real_Handwriting/images/form_424_sentence_2.png,Ar berniukas mokosi sode?
Datasets/Synthetic_Sentences/images/sentence_00504.png,Studentas mėgsta gerti arbatą.
Datasets/Synthetic_Sentences/images/sentence_03257.png,Drąsiai Renata perka duoną.
Datasets/Synthetic_Sentences/images/sentence_04560.png,Drąsiai Marija rašo laišką.
Datasets/Synthetic_Sentences/images/sentence_04777.png,Garsiai katė rašo žemėlapį.
Datasets/Synthetic_Sentences/images/sentence_00772.png,Rytoj mokytoja eis bibliotekoje.
Datasets/Synthetic_Sentences/images/sentence_03510.png,Rasa nori skaityti istoriją.
Datasets/Synthetic_Sentences/images/sentence_01996.png,Jurgita lankosi upės pakrantėje.
Datasets/Synthetic_Sentences/images/sentence_00106.png,Šiandien Ingrida ilsisi upės pakrantėje.
Datasets/Real_Handwriting/images/form_388_sentence_1.png,Ar šeima skaito istoriją?
Datasets/Real_Handwriting/images/form_117_sentence_4.png,Mergaitės dainuoja receptą.
Datasets/Synthetic_Sentences/images/sentence_01587.png,Rytoj Marija eis upės pakrantėje.
Datasets/Synthetic_Sentences/images/sentence_03832.png,Jonas rašo laišką.
Datasets/Real_Handwriting/images/form_144_sentence_2.png,Ji labai atidžiai miega.
Datasets/Synthetic_Sentences/images/sentence_04689.png,Tomas skaito žurnalą.
Datasets/Real_Handwriting/images/form_248_sentence_4.png,Žirgas renka vaisius.
Datasets/Real_Handwriting/images/form_421_sentence_5.png,Cecilija čiuožia ant ledo.
Datasets/Real_Handwriting/images/form_242_sentence_2.png,Rasa stengiasi šokti.
Datasets/Synthetic_Sentences/images/sentence_00046.png,Mergaitė mėgsta pirkti knygą.
Datasets/Synthetic_Sentences/images/sentence_03089.png,Kruopščiai gydytojas ilsisi namuose.
Datasets/Synthetic_Sentences/images/sentence_01438.png,Rytoj katė eis ežero pakrantėje.
Datasets/Synthetic_Sentences/images/sentence_00133.png,Rasa mėgsta pirkti žaislą.
Datasets/Real_Handwriting/images/form_066_sentence_4.png,Paukštis labai atidžiai skaito.
Datasets/Synthetic_Sentences/images/sentence_03944.png,Kristina dirba sode.
Datasets/Synthetic_Sentences/images/sentence_01523.png,Džiaugsmingai Marija dirba sode.
Datasets/Real_Handwriting/images/form_385_sentence_4.png,Garsiai Petras skaito žurnalą.
Datasets/Synthetic_Sentences/images/sentence_04039.png,Vaikas ilsisi kaime.
Datasets/Synthetic_Sentences/images/sentence_01473.png,Vakar mokytoja dirbo parke.
Datasets/Synthetic_Sentences/images/sentence_04159.png,Marija mėgsta valgyti obuolį.
Datasets/Synthetic_Sentences/images/sentence_00048.png,Ar Rasa nori gerti?
Datasets/Real_Handwriting/images/form_165_sentence_1.png,Vyrai mėgsta piešti.
Datasets/Synthetic_Sentences/images/sentence_00173.png,Gintaras renka daržoves.
Datasets/Real_Handwriting/images/form_048_sentence_1.png,Vaikas labai atidžiai skuba.
Datasets/Synthetic_Sentences/images/sentence_03182.png,Vakar Tomas nešė laišką.
Datasets/Synthetic_Sentences/images/sentence_02748.png,Lėtai Eglė rašo projektą.
Datasets/Synthetic_Sentences/images/sentence_00143.png,Mokytojas nori ilsėtis.
Datasets/Synthetic_Sentences/images/sentence_01555.png,Laura renka gėles.
Datasets/Synthetic_Sentences/images/sentence_02855.png,Eglė žaidžia miške.
Datasets/Synthetic_Sentences/images/sentence_04368.png,Studentas nori skaityti žemėlapį.
Datasets/Synthetic_Sentences/images/sentence_01575.png,Vakar Jonas dirbo kalnuose.
Datasets/Synthetic_Sentences/images/sentence_04940.png,Ar Žilvinas nori rašyti?
Datasets/Synthetic_Sentences/images/sentence_04644.png,Vakar mergaitė nešė knygą.
Datasets/Synthetic_Sentences/images/sentence_03276.png,Ar Tomas mėgsta šokti?
Datasets/Synthetic_Sentences/images/sentence_00990.png,Šiandien Marija mokosi ligoninėje.
Datasets/Synthetic_Sentences/images/sentence_03576.png,Mokytojas žaidžia paplūdimyje.
Datasets/Real_Handwriting/images/form_017_sentence_3.png,Vaikai pradeda skubėti.
Datasets/Synthetic_Sentences/images/sentence_04446.png,Jonas mėgsta valgyti sriubą.
Datasets/Synthetic_Sentences/images/sentence_01498.png,Mindaugas nori gerti sultis.
Datasets/Real_Handwriting/images/form_055_sentence_1.png,Katė labai greitai dainuoja.
Datasets/Synthetic_Sentences/images/sentence_02377.png,Neringa mėgsta eiti.
Datasets/Synthetic_Sentences/images/sentence_00399.png,Saulius mėgsta valgyti vaisius.
Datasets/Synthetic_Sentences/images/sentence_02292.png,Ar Rasa nori groti?
Datasets/Synthetic_Sentences/images/sentence_01088.png,Lėtai Kristina valgo košę.
Datasets/Synthetic_Sentences/images/sentence_03063.png,Vaikas nori skaityti žurnalą.
Datasets/Synthetic_Sentences/images/sentence_04400.png,Vakar Mantas dirbo darbe.
Datasets/Synthetic_Sentences/images/sentence_01709.png,Žilvinas ilsisi paplūdimyje.
Datasets/Synthetic_Sentences/images/sentence_03540.png,Rytoj Tomas eis parke.
Datasets/Synthetic_Sentences/images/sentence_01855.png,Berniukas renka gėles.
Datasets/Synthetic_Sentences/images/sentence_00326.png,Vaikas renka vaisius.
Datasets/Real_Handwriting/images/form_382_sentence_1.png,Marija mokosi mieste.
Datasets/Synthetic_Sentences/images/sentence_02367.png,Petras mokosi stadione.
Datasets/Synthetic_Sentences/images/sentence_00858.png,Ramiai Laura mokosi stadione.
Datasets/Synthetic_Sentences/images/sentence_04517.png,Gydytojas nori keliauti.
Datasets/Synthetic_Sentences/images/sentence_02751.png,Šiandien Jonas skaito knygą.
Datasets/Synthetic_Sentences/images/sentence_01402.png,Kruopščiai Jurgita neša gėlę.
Datasets/Synthetic_Sentences/images/sentence_04607.png,Petras nori valgyti obuolį.
Datasets/Synthetic_Sentences/images/sentence_02624.png,Vakar Rasa nešė dovaną.
Datasets/Synthetic_Sentences/images/sentence_03646.png,Petras renka daržoves.
Datasets/Real_Handwriting/images/form_001_sentence_5.png,Šiandien šuo žaidžia blogai.
Datasets/Synthetic_Sentences/images/sentence_04067.png,Ar Saulius mokosi darbe?
Datasets/Synthetic_Sentences/images/sentence_01325.png,Mokytojas lankosi kaime.
Datasets/Real_Handwriting/images/form_012_sentence_4.png,Vaikai skaito ir skaito.
Datasets/Synthetic_Sentences/images/sentence_03775.png,Gintaras mokosi miške.
Datasets/Real_Handwriting/images/form_283_sentence_2.png,Vakar Ingrida nešė gėlę.
Datasets/Synthetic_Sentences/images/sentence_04690.png,Studentė nori skaityti receptą.
Datasets/Real_Handwriting/images/form_041_sentence_3.png,Kartu moteris skaito knygą.
Datasets/Synthetic_Sentences/images/sentence_00678.png,Mokytoja nori rašyti laišką.
Datasets/Synthetic_Sentences/images/sentence_02594.png,Tyliai Laura dirba darbe.
Datasets/Synthetic_Sentences/images/sentence_00256.png,Čiulba paukščiai ankstų rytą.
Datasets/Synthetic_Sentences/images/sentence_03465.png,Mindaugas renka grybus.
Datasets/Synthetic_Sentences/images/sentence_01218.png,Saulius žaidžia darbe.
Datasets/Synthetic_Sentences/images/sentence_03904.png,Ar Kristina mokosi namuose?
Datasets/Synthetic_Sentences/images/sentence_01403.png,Gydytojas mokosi kavinėje.
Datasets/Real_Handwriting/images/form_421_sentence_1.png,Paukštis bando dainuoti.
Datasets/Real_Handwriting/images/form_256_sentence_5.png,Elnias eina per mišką tyliai.
Datasets/Synthetic_Sentences/images/sentence_00327.png,Šiandien Neringa skaito knygą.
Datasets/Synthetic_Sentences/images/sentence_01046.png,Lėtai Petras ilsisi bibliotekoje.
Datasets/Synthetic_Sentences/images/sentence_03356.png,Rytoj mergaitė eis ligoninėje.
Datasets/Synthetic_Sentences/images/sentence_03335.png,Neringa ilsisi paplūdimyje.
Datasets/Synthetic_Sentences/images/sentence_04552.png,Marija ilsisi ligoninėje.
Datasets/Real_Handwriting/images/form_010_sentence_4.png,Moteris retai bėga.
Datasets/Synthetic_Sentences/images/sentence_01424.png,Katė mėgsta skaityti knygą.
Datasets/Synthetic_Sentences/images/sentence_00621.png,Ramiai vaikas dirba darbe.
Datasets/Real_Handwriting/images/form_211_sentence_3.png,Neringa bando statyti.
Datasets/Synthetic_Sentences/images/sentence_00979.png,Šiandien Laura skaito istoriją.
Datasets/Real_Handwriting/images/form_275_sentence_4.png,Vakar šuo dirbo kavinėje.
Datasets/Real_Handwriting/images/form_042_sentence_3.png,Vaikas bijo keliauti.
Datasets/Synthetic_Sentences/images/sentence_02586.png,Vakar Eglė nešė laišką.
Datasets/Synthetic_Sentences/images/sentence_03413.png,Eglė dirba kaime.
Datasets/Synthetic_Sentences/images/sentence_00714.png,Eglė perka dovaną.
Datasets/Real_Handwriting/images/form_204_sentence_1.png,Ingrida būna stadione.
Datasets/Synthetic_Sentences/images/sentence_02390.png,Vakar Kristina nešė knygą.
Datasets/Real_Handwriting/images/form_164_sentence_3.png,Šiandien vyras žiūri smagiai.
Datasets/Synthetic_Sentences/images/sentence_00965.png,Danielius mokosi bibliotekoje.
Datasets/Synthetic_Sentences/images/sentence_01514.png,Vakar gydytojas dirbo miške.
Datasets/Real_Handwriting/images/form_344_sentence_4.png,Mokytojas būna parke.
Datasets/Synthetic_Sentences/images/sentence_04379.png,Lėtai studentė ilsisi stadione.
Datasets/Synthetic_Sentences/images/sentence_02745.png,Danielius nori valgyti obuolį.
Datasets/Real_Handwriting/images/form_408_sentence_5.png,Universiteto studentai žaidžia šachmatais laisvalaikiu.
Datasets/Real_Handwriting/images/form_127_sentence_1.png,Ji mokosi mieste ir namuose.
Datasets/Synthetic_Sentences/images/sentence_00847.png,Neringa perka arbatą.
Datasets/Synthetic_Sentences/images/sentence_03574.png,Mantas neša gėlę.
Datasets/Synthetic_Sentences/images/sentence_04086.png,Eglė dirba miške.
Datasets/Real_Handwriting/images/form_094_sentence_2.png,Studentas valgo namuose.
Datasets/Synthetic_Sentences/images/sentence_00552.png,Studentas renka gėles.
Datasets/Real_Handwriting/images/form_319_sentence_5.png,Nuostabus gamtos vaizdas atsiveria nuo kalno.
Datasets/Real_Handwriting/images/form_376_sentence_3.png,Ar žmogus skaito istoriją?
Datasets/Synthetic_Sentences/images/sentence_01978.png,Ar vaikas dirba miške?
Datasets/Synthetic_Sentences/images/sentence_01463.png,Ar Eglė mėgsta bėgti?
Datasets/Real_Handwriting/images/form_476_sentence_4.png,Vakar Eglė dirbo miške.
Datasets/Synthetic_Sentences/images/sentence_02109.png,Rytoj gydytojas skaitys knygą.
Datasets/Synthetic_Sentences/images/sentence_04245.png,Mindaugas sportuoja parke.
Datasets/Synthetic_Sentences/images/sentence_03845.png,Šiandien Eglė skaito receptą.
Datasets/Real_Handwriting/images/form_145_sentence_4.png,Draugas bijo ilsėtis.
Datasets/Synthetic_Sentences/images/sentence_03997.png,Eglė nori gerti pieną.
Datasets/Real_Handwriting/images/form_412_sentence_4.png,Studentas dirba mieste.
Datasets/Synthetic_Sentences/images/sentence_02677.png,Petras mėgsta valgyti.
Datasets/Synthetic_Sentences/images/sentence_02893.png,Gydytojas perka knygą.
Datasets/Synthetic_Sentences/images/sentence_00823.png,Ingrida nori rašyti istoriją.
Datasets/Synthetic_Sentences/images/sentence_01664.png,Katė pradeda šokti.
Datasets/Synthetic_Sentences/images/sentence_02503.png,Jonas žaidžia stadione.
Datasets/Real_Handwriting/images/form_097_sentence_4.png,Moteris klauso darbą stotyje.
Datasets/Synthetic_Sentences/images/sentence_03094.png,Ar Ingrida skaito receptą?
Datasets/Synthetic_Sentences/images/sentence_01676.png,Mindaugas neša krepšį.
Datasets/Synthetic_Sentences/images/sentence_00984.png,Lėtai Eglė mokosi stotyje.
Datasets/Synthetic_Sentences/images/sentence_00702.png,Marija nori rašyti projektą.
Datasets/Real_Handwriting/images/form_487_sentence_3.png,Ingrida sportuoja mieste.
Datasets/Synthetic_Sentences/images/sentence_02940.png,Šiandien Saulius skaito knygą.
Datasets/Synthetic_Sentences/images/sentence_02890.png,Mokytoja gyvena ligoninėje.
Datasets/Synthetic_Sentences/images/sentence_00596.png,Atidžiai Saulius dirba paplūdimyje.
Datasets/Real_Handwriting/images/form_093_sentence_2.png,Mokytojai piešia parke.
Datasets/Synthetic_Sentences/images/sentence_02481.png,Gintaras mėgsta mokytis.
Datasets/Real_Handwriting/images/form_315_sentence_4.png,Šiandien Petras perka knygą.
Datasets/Synthetic_Sentences/images/sentence_02953.png,Ar studentas mokosi parke?
Datasets/Real_Handwriting/images/form_066_sentence_2.png,Šiandien aš skaito smagiai.
Datasets/Real_Handwriting/images/form_235_sentence_2.png,Marija perka duoną.
Datasets/Synthetic_Sentences/images/sentence_02085.png,Studentė ilsisi pievoje.
Datasets/Real_Handwriting/images/form_415_sentence_2.png,Lėtai gydytojas rašo žemėlapį.
Datasets/Synthetic_Sentences/images/sentence_01329.png,Mokytojas rašo projektą.
Datasets/Synthetic_Sentences/images/sentence_02607.png,Studentė renka vaisius.
Datasets/Real_Handwriting/images/form_315_sentence_5.png,Cukrų ir cinamoną dedame į pyragą.
Datasets/Synthetic_Sentences/images/sentence_02186.png,Saulius gyvena bibliotekoje.
Datasets/Real_Handwriting/images/form_475_sentence_4.png,Vakar Kristina skaitė istoriją.
Datasets/Real_Handwriting/images/form_314_sentence_4.png,Ar Renata dirba bibliotekoje?
Datasets/Synthetic_Sentences/images/sentence_01736.png,Neringa mėgsta skaityti žemėlapį.
Datasets/Real_Handwriting/images/form_082_sentence_3.png,Gydytojas pradeda sportuoti.
Datasets/Real_Handwriting/images/form_358_sentence_1.png,Ingrida valgo sriubą.
Datasets/Real_Handwriting/images/form_463_sentence_4.png,Petras sportuoja bibliotekoje.
Datasets/Synthetic_Sentences/images/sentence_01559.png,Ingrida skaito receptą.
Datasets/Synthetic_Sentences/images/sentence_01880.png,Tyliai Ingrida rašo istoriją.
Datasets/Synthetic_Sentences/images/sentence_00830.png,Vaikas rašo receptą.
Datasets/Real_Handwriting/images/form_259_sentence_1.png,Žirgas perka duoną.
Datasets/Synthetic_Sentences/images/sentence_03115.png,Mokytojas ilsisi ežero pakrantėje.
Datasets/Synthetic_Sentences/images/sentence_01407.png,Kristina mėgsta gerti sultis.
Datasets/Real_Handwriting/images/form_001_sentence_4.png,Vyrai nemėgsta dainuoti.
Datasets/Synthetic_Sentences/images/sentence_01494.png,Ar Žilvinas mėgsta kalbėti?
Datasets/Synthetic_Sentences/images/sentence_01728.png,Eglė mėgsta skaityti laišką.
Datasets/Real_Handwriting/images/form_344_sentence_1.png,Danielius neša krepšį.
Datasets/Synthetic_Sentences/images/sentence_04477.png,Ar vaikas mėgsta keliauti?
Datasets/Real_Handwriting/images/form_414_sentence_5.png,Senoji bibliotekininkė žino visų knygų vietas.
Datasets/Real_Handwriting/images/form_235_sentence_5.png,Vaikas džiaugsmingai šokinėja per balas po lietaus.
Datasets/Synthetic_Sentences/images/sentence_02102.png,Lėtai mergaitė skaito žemėlapį.
Datasets/Real_Handwriting/images/form_230_sentence_2.png,Vakar Mantas dirbo stadione.
Datasets/Real_Handwriting/images/form_286_sentence_2.png,Ramiai Gintaras skaito knygą.
Datasets/Synthetic_Sentences/images/sentence_01433.png,Ar gydytojas nori sportuoti?
Datasets/Synthetic_Sentences/images/sentence_01281.png,Petras neša krepšį.
Datasets/Synthetic_Sentences/images/sentence_04007.png,Petras nori pirkti duoną.
Datasets/Real_Handwriting/images/form_174_sentence_1.png,Vaikas rašo laišką.
Datasets/Synthetic_Sentences/images/sentence_04413.png,Katė nori skaityti istoriją.
Datasets/Real_Handwriting/images/form_312_sentence_4.png,Studentas pradeda tvarkytis.
Datasets/Synthetic_Sentences/images/sentence_00254.png,Saulius nori gerti sultis.
Datasets/Synthetic_Sentences/images/sentence_02790.png,Vaikas mėgsta pirkti dovaną.
Datasets/Synthetic_Sentences/images/sentence_00671.png,Ar Neringa dirba mokykloje?
Datasets/Real_Handwriting/images/form_405_sentence_4.png,Petras rašo žemėlapį.
Datasets/Synthetic_Sentences/images/sentence_01502.png,Laura nori skaityti receptą.
Datasets/Synthetic_Sentences/images/sentence_04322.png,Mantas mėgsta kalbėti.
Datasets/Synthetic_Sentences/images/sentence_02093.png,Ar Danielius dirba stadione?
Datasets/Real_Handwriting/images/form_300_sentence_1.png,Berniukas perka knygą.
Datasets/Synthetic_Sentences/images/sentence_02647.png,Šuo perka knygą.
Datasets/Synthetic_Sentences/images/sentence_00538.png,Mielai Danielius neša knygą.
Datasets/Synthetic_Sentences/images/sentence_04346.png,Saulius neša krepšį.
Datasets/Real_Handwriting/images/form_444_sentence_3.png,Vakar Jonas skaitė laišką.
Datasets/Real_Handwriting/images/form_494_sentence_1.png,Šiandien berniukas skaito žurnalą.
Datasets/Real_Handwriting/images/form_452_sentence_5.png,Jonas į darbą važiuoja dviračiu.
Datasets/Synthetic_Sentences/images/sentence_04878.png,Mindaugas mėgsta valgyti daržoves.
Datasets/Synthetic_Sentences/images/sentence_03030.png,Rytoj Mindaugas skaitys istoriją.
Datasets/Real_Handwriting/images/form_008_sentence_4.png,Jūs valgo laišką kalnuose.
Datasets/Real_Handwriting/images/form_015_sentence_3.png,Šiandien mergaitė tvarkosi kruopščiai.
Datasets/Synthetic_Sentences/images/sentence_02298.png,Tomas nori gerti sultis.
Datasets/Real_Handwriting/images/form_015_sentence_2.png,Jis labai niekada sportuoja.
Datasets/Real_Handwriting/images/form_361_sentence_2.png,Berniukas skaito istoriją.
Datasets/Synthetic_Sentences/images/sentence_04227.png,Cecilija čiuožia ant ledo.
Datasets/Real_Handwriting/images/form_103_sentence_4.png,Gydytojai tvarkosi muziką miške.
Datasets/Synthetic_Sentences/images/sentence_02793.png,Rytoj katė skaitys receptą.
Datasets/Synthetic_Sentences/images/sentence_00650.png,Šuo sportuoja sode.
Datasets/Synthetic_Sentences/images/sentence_00343.png,Šiandien Rasa perka dovaną.
Datasets/Synthetic_Sentences/images/sentence_02692.png,Berniukas valgo duoną.
Datasets/Synthetic_Sentences/images/sentence_01811.png,Ar Danielius skaito laišką?
Datasets/Real_Handwriting/images/form_403_sentence_3.png,Mokytoja perka arbatą.
Datasets/Real_Handwriting/images/form_059_sentence_2.png,Smagiai jie galvoja istoriją.
Datasets/Real_Handwriting/images/form_437_sentence_1.png,Ramiai Danielius neša dovaną.
Datasets/Synthetic_Sentences/images/sentence_00753.png,Vakar Kristina nešė laišką.
Datasets/Synthetic_Sentences/images/sentence_04445.png,Vakar Žilvinas skaitė žemėlapį.
Datasets/Synthetic_Sentences/images/sentence_04226.png,Žilvinas stengiasi groti.
Datasets/Synthetic_Sentences/images/sentence_03146.png,Ingrida renka obuolius.
Datasets/Synthetic_Sentences/images/sentence_02041.png,Jurgita pradeda sportuoti.
Datasets/Synthetic_Sentences/images/sentence_02371.png,Vaikas mokosi upės pakrantėje.
Datasets/Synthetic_Sentences/images/sentence_00398.png,Rytoj Saulius eis kalnuose.
Datasets/Synthetic_Sentences/images/sentence_01378.png,Ar gydytojas nori tvarkytis?
Datasets/Synthetic_Sentences/images/sentence_00270.png,Ingrida nori valgyti daržoves.
Datasets/Synthetic_Sentences/images/sentence_00848.png,Julija juokiasi ir šoka kartu.
Datasets/Real_Handwriting/images/form_173_sentence_4.png,Šiandien studentas geria gerai.
Datasets/Synthetic_Sentences/images/sentence_00933.png,Ar šuo mokosi paplūdimyje?
Datasets/Synthetic_Sentences/images/sentence_02625.png,Vakar Danielius skaitė žurnalą.
Datasets/Real_Handwriting/images/form_131_sentence_1.png,Jis labai šiandien šoka.
Datasets/Real_Handwriting/images/form_093_sentence_3.png,Mes sportuoja maistą stadione.
Datasets/Real_Handwriting/images/form_163_sentence_2.png,Gydytojai retai dainuoja.
Datasets/Synthetic_Sentences/images/sentence_02927.png,Tyliai Renata dirba namuose.
Datasets/Synthetic_Sentences/images/sentence_03783.png,Tyliai Renata valgo sriubą.
Datasets/Real_Handwriting/images/form_362_sentence_5.png,Cecilija čiuožia ant ledo.
Datasets/Real_Handwriting/images/form_400_sentence_2.png,Rūpestingai Danielius perka knygą.
Datasets/Synthetic_Sentences/images/sentence_01124.png,Neringa renka vaisius.
Datasets/Synthetic_Sentences/images/sentence_03834.png,Mokytojas mėgsta valgyti daržoves.
Datasets/Synthetic_Sentences/images/sentence_04765.png,Lėtai Rasa valgo duoną.
Datasets/Synthetic_Sentences/images/sentence_00483.png,Šiandien Tomas mokosi kaime.
Datasets/Real_Handwriting/images/form_152_sentence_4.png,Mokytojas kartu skuba.
Datasets/Synthetic_Sentences/images/sentence_04831.png,Gydytojas mėgsta gerti arbatą.
Datasets/Synthetic_Sentences/images/sentence_01826.png,Neringa nori mokytis.
Datasets/Synthetic_Sentences/images/sentence_00755.png,Mergaitė ilsisi mieste.
Datasets/Real_Handwriting/images/form_014_sentence_5.png,Gydytojas lėtai verkia.
Datasets/Synthetic_Sentences/images/sentence_01128.png,Mokytoja žaidžia sode.
Datasets/Synthetic_Sentences/images/sentence_03863.png,Šiandien Laura skaito istoriją.
Datasets/Synthetic_Sentences/images/sentence_01548.png,Tomas mėgsta gerti vandenį.
Datasets/Synthetic_Sentences/images/sentence_03987.png,Gydytojas nori skaityti žurnalą.
Datasets/Real_Handwriting/images/form_375_sentence_1.png,Vakar Danielius dirbo sode.
Datasets/Real_Handwriting/images/form_344_sentence_3.png,Drąsiai Jurgita perka duoną.
Datasets/Real_Handwriting/images/form_330_sentence_4.png,Žmogus nori dirbti.
Datasets/Synthetic_Sentences/images/sentence_03771.png,Marija nori šokti.
Datasets/Real_Handwriting/images/form_120_sentence_5.png,Katė labai kartu mąsto.
Datasets/Real_Handwriting/images/form_217_sentence_5.png,Cukrų ir cinamoną dedame į pyragą.
Datasets/Real_Handwriting/images/form_040_sentence_3.png,Ar jis skaito?
Datasets/Synthetic_Sentences/images/sentence_01796.png,Ingrida nori gerti kavą.
Datasets/Synthetic_Sentences/images/sentence_01925.png,Jonas mokosi pievoje.
Datasets/Synthetic_Sentences/images/sentence_00325.png,Marija mėgsta skaityti žurnalą.
Datasets/Real_Handwriting/images/form_080_sentence_4.png,Šiandien draugai verkia visada.
Datasets/Synthetic_Sentences/images/sentence_00060.png,Drąsiai Jurgita neša krepšį.
Datasets/Real_Handwriting/images/form_491_sentence_5.png,Čiurlionį menininkai laiko išskirtiniu kūrėju.
Datasets/Synthetic_Sentences/images/sentence_02819.png,Ramiai Petras mokosi kavinėje.
Datasets/Real_Handwriting/images/form_451_sentence_4.png,Šiandien šuo mokosi bibliotekoje.
Datasets/Real_Handwriting/images/form_478_sentence_1.png,Žirgas ilsisi bibliotekoje.
Datasets/Synthetic_Sentences/images/sentence_01641.png,Vaikas mėgsta rašyti.
Datasets/Synthetic_Sentences/images/sentence_00277.png,Renata bando plaukti.
Datasets/Synthetic_Sentences/images/sentence_02059.png,Vaikas žaidžia pievoje.
Datasets/Real_Handwriting/images/form_360_sentence_4.png,Lėtai Eglė rašo istoriją.
Datasets/Synthetic_Sentences/images/sentence_00051.png,Tomas neša dovaną.
Datasets/Real_Handwriting/images/form_403_sentence_4.png,Renata neša gėlę.
Datasets/Synthetic_Sentences/images/sentence_00153.png,Ar katė mėgsta gerti?
Datasets/Synthetic_Sentences/images/sentence_00597.png,Šiandien Marija dirba upės pakrantėje.
Datasets/Synthetic_Sentences/images/sentence_02311.png,Ar studentas mėgsta važiuoti?
Datasets/Real_Handwriting/images/form_388_sentence_2.png,Žilvinas rašo laišką.
Datasets/Synthetic_Sentences/images/sentence_01670.png,Švelniai Renata rašo receptą.
Datasets/Real_Handwriting/images/form_148_sentence_5.png,Moterys nori žaisti paveikslą.
Datasets/Synthetic_Sentences/images/sentence_04124.png,Kristina mėgsta skaityti istoriją.
Datasets/Synthetic_Sentences/images/sentence_01377.png,Šiandien Danielius ilsisi ligoninėje.
Datasets/Synthetic_Sentences/images/sentence_01387.png,Gintaras ilsisi paplūdimyje.
Datasets/Synthetic_Sentences/images/sentence_03332.png,Šiandien katė dirba kavinėje.
Datasets/Real_Handwriting/images/form_320_sentence_2.png,Kristina būna kalnuose.
Datasets/Synthetic_Sentences/images/sentence_02854.png,Rytoj Laura eis paplūdimyje.
Datasets/Real_Handwriting/images/form_135_sentence_2.png,Jis atidžiai tvarkosi.
Datasets/Synthetic_Sentences/images/sentence_02569.png,Mokytoja gyvena sode.
Datasets/Synthetic_Sentences/images/sentence_03709.png,Ar gydytojas dirba darbe?
Datasets/Synthetic_Sentences/images/sentence_02185.png,Žilvinas mėgsta žaisti.
Datasets/Real_Handwriting/images/form_509_sentence_2.png,Vaikas gyvena kavinėje.
Datasets/Synthetic_Sentences/images/sentence_03401.png,Šiandien Laura mokosi ligoninėje.
Datasets/Synthetic_Sentences/images/sentence_03818.png,Ar Žilvinas nori piešti?
Datasets/Real_Handwriting/images/form_268_sentence_2.png,Gintaras mėgsta gerti užduotį.
Datasets/Synthetic_Sentences/images/sentence_04851.png,Ingrida mėgsta šokti.
Datasets/Synthetic_Sentences/images/sentence_00069.png,Mantas sportuoja ligoninėje.
Datasets/Synthetic_Sentences/images/sentence_01829.png,Rytoj Mindaugas skaitys žurnalą.
Datasets/Synthetic_Sentences/images/sentence_02127.png,Laura nori rašyti užduotį.
Datasets/Synthetic_Sentences/images/sentence_01127.png,Rasa pradeda ilsėtis.
Datasets/Real_Handwriting/images/form_311_sentence_4.png,Ar Kristina nori eiti?
Datasets/Synthetic_Sentences/images/sentence_00489.png,Danielius gyvena parke.
Datasets/Synthetic_Sentences/images/sentence_00396.png,Mantas dirba parke.
Datasets/Real_Handwriting/images/form_372_sentence_3.png,Ar berniukas nori važiuoti?
Datasets/Synthetic_Sentences/images/sentence_02918.png,Marija gyvena mieste.
Datasets/Real_Handwriting/images/form_422_sentence_3.png,Šuo stato tvorą.
Datasets/Synthetic_Sentences/images/sentence_03288.png,Šiandien Danielius mokosi pievoje.
Datasets/Synthetic_Sentences/images/sentence_01516.png,Kruopščiai studentas dirba stadione.
Datasets/Synthetic_Sentences/images/sentence_03594.png,Ar vaikas mėgsta plaukti?
Datasets/Real_Handwriting/images/form_417_sentence_5.png,Jurga ir Žilvinas keliavo per kalnus visą savaitę.
Datasets/Real_Handwriting/images/form_279_sentence_3.png,Ar Eglė skaito žurnalą?
Datasets/Synthetic_Sentences/images/sentence_03424.png,Mielai Danielius valgo košę.
Datasets/Synthetic_Sentences/images/sentence_01795.png,Studentė mėgsta gerti sultis.
Datasets/Real_Handwriting/images/form_019_sentence_1.png,Jūs klauso projektą.
Datasets/Synthetic_Sentences/images/sentence_04178.png,Rytoj Tomas skaitys receptą.
Datasets/Synthetic_Sentences/images/sentence_03797.png,Neringa sportuoja paplūdimyje.
Datasets/Real_Handwriting/images/form_056_sentence_1.png,Jos labai dabar valgo.
Datasets/Synthetic_Sentences/images/sentence_04048.png,Ingrida dirba mieste.
Datasets/Synthetic_Sentences/images/sentence_01312.png,Laura stengiasi galvoti.
Datasets/Synthetic_Sentences/images/sentence_04341.png,Šiandien Gintaras dirba kavinėje.
Datasets/Synthetic_Sentences/images/sentence_00807.png,Studentė mokosi kaime.
Datasets/Real_Handwriting/images/form_294_sentence_5.png,Cecilija čiuožia ant ledo.
Datasets/Real_Handwriting/images/form_449_sentence_2.png,Jurgita rašo istoriją.
Datasets/Synthetic_Sentences/images/sentence_04218.png,Mindaugas mėgsta pirkti arbatą.
Datasets/Real_Handwriting/images/form_208_sentence_3.png,Tomas mokosi kalnuose.
Datasets/Synthetic_Sentences/images/sentence_01675.png,Marija nori skaityti laišką.
Datasets/Real_Handwriting/images/form_275_sentence_2.png,Ar Renata skaito laišką?
Datasets/Synthetic_Sentences/images/sentence_03031.png,Švelniai Mantas skaito istoriją.
Datasets/Real_Handwriting/images/form_068_sentence_1.png,Ar paukštis žiūri?
Datasets/Synthetic_Sentences/images/sentence_03765.png,Laura skaito žurnalą.
Datasets/Synthetic_Sentences/images/sentence_03481.png,Rūpestingai vaikas neša laišką.
Datasets/Synthetic_Sentences/images/sentence_00261.png,Petras sportuoja kalnuose.
Datasets/Synthetic_Sentences/images/sentence_04546.png,Saulius lankosi kalnuose.
Datasets/Synthetic_Sentences/images/sentence_04972.png,Jurgita nori gerti kavą.
Datasets/Synthetic_Sentences/images/sentence_00781.png,Mokytojas mėgsta gerti.
Datasets/Real_Handwriting/images/form_301_sentence_2.png,Šiandien Marija dirba ežero pakrantėje.
Datasets/Synthetic_Sentences/images/sentence_00499.png,Ypač skanūs obuoliai auga sode.
Datasets/Synthetic_Sentences/images/sentence_04876.png,Ar Neringa dirba kaime?
Datasets/Synthetic_Sentences/images/sentence_01581.png,Šuo nori rašyti receptą.
Datasets/Real_Handwriting/images/form_449_sentence_1.png,Drąsiai šeima ilsisi parke.
Datasets/Synthetic_Sentences/images/sentence_04016.png,Šiandien Renata ilsisi kavinėje.
Datasets/Real_Handwriting/images/form_039_sentence_5.png,Jie labai labai dirba.
Datasets/Synthetic_Sentences/images/sentence_01642.png,Mokytojas nori plaukti.
Datasets/Real_Handwriting/images/form_162_sentence_3.png,Draugas žaidžia laišką paplūdimyje.
Datasets/Synthetic_Sentences/images/sentence_02120.png,Rytoj Mantas eis kalnuose.
Datasets/Real_Handwriting/images/form_406_sentence_5.png,Čempionas treniruojasi kiekvieną dieną.
Datasets/Synthetic_Sentences/images/sentence_03421.png,Berniukas žaidžia kalnuose.
Datasets/Synthetic_Sentences/images/sentence_01695.png,Saulius gyvena kaime.
Datasets/Synthetic_Sentences/images/sentence_02283.png,Mindaugas bando galvoti.
Datasets/Synthetic_Sentences/images/sentence_04693.png,Šuo nori skaityti laišką.
Datasets/Real_Handwriting/images/form_310_sentence_3.png,Studentas bando tvarkytis.
Datasets/Synthetic_Sentences/images/sentence_03012.png,Šiandien mergaitė perka kavą.
Datasets/Synthetic_Sentences/images/sentence_01273.png,Jonas geria kavą.
Datasets/Synthetic_Sentences/images/sentence_04334.png,Šiandien Ingrida mokosi upės pakrantėje.
Datasets/Synthetic_Sentences/images/sentence_04567.png,Eglė žaidžia upės pakrantėje.
Datasets/Synthetic_Sentences/images/sentence_02307.png,Jonas žaidžia mieste.
Datasets/Synthetic_Sentences/images/sentence_02743.png,Atidžiai Mindaugas dirba paplūdimyje.
Datasets/Synthetic_Sentences/images/sentence_03101.png,Rytoj katė eis ežero pakrantėje.
Datasets/Synthetic_Sentences/images/sentence_00158.png,Saulius sportuoja pievoje.
Datasets/Synthetic_Sentences/images/sentence_00298.png,Šiandien Gintaras ilsisi mokykloje.
Datasets/Synthetic_Sentences/images/sentence_02011.png,Žilvinas mėgsta mokytis.
Datasets/Synthetic_Sentences/images/sentence_04424.png,Studentas nori gerti arbatą.
Datasets/Synthetic_Sentences/images/sentence_03752.png,Ar Marija nori šokti?
Datasets/Synthetic_Sentences/images/sentence_00117.png,Katė nori rašyti receptą.
Datasets/Synthetic_Sentences/images/sentence_01605.png,Ar Kristina nori dirbti?
Datasets/Synthetic_Sentences/images/sentence_02394.png,Kristina stengiasi kalbėti.
Datasets/Real_Handwriting/images/form_046_sentence_5.png,Studentas nemėgsta tvarkytis pamoką.
Datasets/Synthetic_Sentences/images/sentence_03009.png,Lėtai Neringa perka gėlę.
Datasets/Synthetic_Sentences/images/sentence_03604.png,Ingrida mėgsta pirkti gėlę.
Datasets/Synthetic_Sentences/images/sentence_03937.png,Šiandien Mantas mokosi ligoninėje.
Datasets/Synthetic_Sentences/images/sentence_01138.png,Laura ilsisi darbe.
Datasets/Real_Handwriting/images/form_171_sentence_5.png,Šiandien draugas klauso niekada.
Datasets/Real_Handwriting/images/form_313_sentence_2.png,Rasa ilsisi kavinėje.
Datasets/Synthetic_Sentences/images/sentence_03008.png,Marija nori skaityti istoriją.
Datasets/Synthetic_Sentences/images/sentence_02196.png,Ar Rasa mėgsta rašyti?
Datasets/Synthetic_Sentences/images/sentence_02560.png,Šiandien Mantas mokosi kavinėje.
Datasets/Synthetic_Sentences/images/sentence_04649.png,Kristina skaito laišką.
Datasets/Synthetic_Sentences/images/sentence_02739.png,Šiandien Petras dirba stotyje.
Datasets/Synthetic_Sentences/images/sentence_01610.png,Vaikas sportuoja darbe.
Datasets/Synthetic_Sentences/images/sentence_00904.png,Žilvinas nori rašyti istoriją.
Datasets/Synthetic_Sentences/images/sentence_03852.png,Danielius mėgsta gerti pieną.
Datasets/Real_Handwriting/images/form_321_sentence_4.png,Rūpestingai mokytojas rašo projektą.
Datasets/Synthetic_Sentences/images/sentence_02519.png,Tomas renka gėles.
Datasets/Synthetic_Sentences/images/sentence_03680.png,Vakar mokytojas dirbo pievoje.
Datasets/Real_Handwriting/images/form_116_sentence_5.png,Jos rašo vandenį.
Datasets/Synthetic_Sentences/images/sentence_04568.png,Greitai Žilvinas dirba bibliotekoje.
Datasets/Real_Handwriting/images/form_426_sentence_1.png,Saulius mokosi bibliotekoje.
Datasets/Synthetic_Sentences/images/sentence_00574.png,Ar Neringa dirba darbe?
Datasets/Real_Handwriting/images/form_376_sentence_4.png,Šiandien Neringa skaito žemėlapį.
Datasets/Real_Handwriting/images/form_226_sentence_5.png,Žiemą vaikai mėgsta čiuožti ant ežero ledo.
Datasets/Synthetic_Sentences/images/sentence_00815.png,Mokytojas nori mokytis.
Datasets/Real_Handwriting/images/form_497_sentence_2.png,Drąsiai katė sportuoja miške.
Datasets/Synthetic_Sentences/images/sentence_00614.png,Neringa rašo istoriją.
Datasets/Synthetic_Sentences/images/sentence_01584.png,Eglė dirba miške.
Datasets/Synthetic_Sentences/images/sentence_01590.png,Tyliai Danielius dirba stadione.
Datasets/Synthetic_Sentences/images/sentence_00842.png,Šiandien mokytoja dirba kalnuose.
Datasets/Synthetic_Sentences/images/sentence_03548.png,Jonas rašo užduotį.
Datasets/Real_Handwriting/images/form_416_sentence_3.png,Rytoj Kristina eis mokykloje.
Datasets/Real_Handwriting/images/form_278_sentence_4.png,Rytoj Ingrida eis sode.
Datasets/Synthetic_Sentences/images/sentence_04116.png,Šiandien Mantas perka arbatą.
Datasets/Synthetic_Sentences/images/sentence_04484.png,Berniukas ilsisi paplūdimyje.
Datasets/Synthetic_Sentences/images/sentence_03732.png,Neringa renka vaisius.
Datasets/Synthetic_Sentences/images/sentence_01169.png,Laura mėgsta pirkti duoną.
Datasets/Synthetic_Sentences/images/sentence_03897.png,Rytoj mokytojas eis namuose.
Datasets/Real_Handwriting/images/form_008_sentence_1.png,Studentas galvoja projektą.
Datasets/Synthetic_Sentences/images/sentence_01989.png,Žilvinas valgo daržoves.
Datasets/Synthetic_Sentences/images/sentence_02242.png,Šiandien Renata ilsisi namuose.
Datasets/Synthetic_Sentences/images/sentence_00008.png,Kristina bando gerti.
Datasets/Synthetic_Sentences/images/sentence_01269.png,Mokytoja gyvena kalnuose.
Datasets/Synthetic_Sentences/images/sentence_01279.png,Vakar Petras nešė dovaną.
Datasets/Real_Handwriting/images/form_340_sentence_3.png,Ar Petras mėgsta eiti?
Datasets/Synthetic_Sentences/images/sentence_00050.png,Tomas pradeda dainuoti.
Datasets/Synthetic_Sentences/images/sentence_04053.png,Vaikas nori gerti arbatą.
Datasets/Synthetic_Sentences/images/sentence_01189.png,Mergaitė mėgsta eiti.
Datasets/Synthetic_Sentences/images/sentence_04813.png,Šiandien Laura mokosi darbe.
Datasets/Synthetic_Sentences/images/sentence_04975.png,Berniukas neša knygą.
Datasets/Synthetic_Sentences/images/sentence_02066.png,Mergaitė nori skaityti receptą.
Datasets/Synthetic_Sentences/images/sentence_03091.png,Šiandien Neringa ilsisi stotyje.
Datasets/Synthetic_Sentences/images/sentence_03506.png,Ramiai Žilvinas neša laišką.
Datasets/Synthetic_Sentences/images/sentence_03476.png,Tomas pradeda važiuoti.
Datasets/Synthetic_Sentences/images/sentence_00163.png,Rytoj Kristina skaitys receptą.
Datasets/Synthetic_Sentences/images/sentence_03747.png,Ar mokytoja mokosi stadione?
Datasets/Synthetic_Sentences/images/sentence_03971.png,Studentas nori rašyti žemėlapį.
Datasets/Real_Handwriting/images/form_382_sentence_4.png,Kruopščiai Jurgita mokosi kaime.
Datasets/Synthetic_Sentences/images/sentence_04688.png,Drąsiai Eglė ilsisi bibliotekoje.
Datasets/Synthetic_Sentences/images/sentence_04142.png,Džiaugsmingai Renata skaito žemėlapį.
Datasets/Synthetic_Sentences/images/sentence_00103.png,Ingrida bando kalbėti.
Datasets/Synthetic_Sentences/images/sentence_01930.png,Gydytojas žaidžia parke.
Datasets/Synthetic_Sentences/images/sentence_03597.png,Studentė rašo istoriją.
Datasets/Synthetic_Sentences/images/sentence_01161.png,Vakar Tomas skaitė laišką.
Datasets/Real_Handwriting/images/form_377_sentence_3.png,Vakar Gintaras nešė krepšį.
Datasets/Synthetic_Sentences/images/sentence_00527.png,Vaikas ilsisi mokykloje.
Datasets/Real_Handwriting/images/form_182_sentence_3.png,Draugas dainuoja ir dainuoja.
Datasets/Real_Handwriting/images/form_357_sentence_4.png,Studentas ilsisi ežero pakrantėje.
Datasets/Synthetic_Sentences/images/sentence_02963.png,Kruopščiai Jonas perka arbatą.
Datasets/Synthetic_Sentences/images/sentence_04835.png,Kruopščiai berniukas mokosi mokykloje.
Datasets/Real_Handwriting/images/form_489_sentence_1.png,Laura gyvena stotyje.
Datasets/Synthetic_Sentences/images/sentence_00493.png,Gintaras nori valgyti vaisius.
Datasets/Synthetic_Sentences/images/sentence_02727.png,Marija neša knygą.
Datasets/Synthetic_Sentences/images/sentence_00093.png,Danielius bando keliauti.
Datasets/Real_Handwriting/images/form_002_sentence_3.png,Vaikai verkia knygą stadione.
Datasets/Real_Handwriting/images/form_475_sentence_3.png,Saulius perka duoną.
Datasets/Synthetic_Sentences/images/sentence_04926.png,Šiandien šuo dirba sode.
Datasets/Synthetic_Sentences/images/sentence_04542.png,Ar studentas dirba stotyje?
Datasets/Synthetic_Sentences/images/sentence_02903.png,Laura stengiasi ilsėtis.
Datasets/Real_Handwriting/images/form_499_sentence_2.png,Šuo žaidžia kalnuose.
Datasets/Synthetic_Sentences/images/sentence_04331.png,Rasa mokosi upės pakrantėje.
Datasets/Synthetic_Sentences/images/sentence_01214.png,Ar Mindaugas dirba stotyje?
Datasets/Synthetic_Sentences/images/sentence_01680.png,Katė rašo žemėlapį.
Datasets/Synthetic_Sentences/images/sentence_02269.png,Renata nori pirkti gėlę.
Datasets/Real_Handwriting/images/form_052_sentence_2.png,Jūs žaidžia projektą.
Datasets/Synthetic_Sentences/images/sentence_03464.png,Studentas neša gėlę.
Datasets/Synthetic_Sentences/images/sentence_00421.png,Mergaitė mėgsta skaityti receptą.
Datasets/Synthetic_Sentences/images/sentence_02559.png,Katė sportuoja upės pakrantėje.
Datasets/Real_Handwriting/images/form_281_sentence_2.png,Rasa perka kavą.
Datasets/Real_Handwriting/images/form_275_sentence_3.png,Renata stengiasi važiuoti.
Datasets/Real_Handwriting/images/form_193_sentence_4.png,Ar mokytojai mokosi?
Datasets/Real_Handwriting/images/form_378_sentence_4.png,Mielai Mindaugas valgo obuolį.
Datasets/Synthetic_Sentences/images/sentence_04723.png,Mantas mokosi ežero pakrantėje.
Datasets/Synthetic_Sentences/images/sentence_02308.png,Mokytojas nori skaityti receptą.
Datasets/Synthetic_Sentences/images/sentence_04702.png,Lėtai studentė dirba miške.
Datasets/Synthetic_Sentences/images/sentence_04357.png,Rytoj Mantas eis stadione.
Datasets/Real_Handwriting/images/form_287_sentence_3.png,Ar Rasa mėgsta galvoti?
Datasets/Real_Handwriting/images/form_314_sentence_3.png,Berniukas lankosi kalnuose.
Datasets/Synthetic_Sentences/images/sentence_02036.png,Berniukas ilsisi stotyje.
Datasets/Synthetic_Sentences/images/sentence_01510.png,Laura mėgsta valgyti daržoves.
Datasets/Synthetic_Sentences/images/sentence_02246.png,Mokytojas bando sportuoti.
Datasets/Real_Handwriting/images/form_430_sentence_3.png,Drąsiai Petras sportuoja upės pakrantėje.
Datasets/Real_Handwriting/images/form_197_sentence_2.png,Ar tu šoka?
Datasets/Real_Handwriting/images/form_439_sentence_2.png,Šiandien Žilvinas mokosi bibliotekoje.
Datasets/Synthetic_Sentences/images/sentence_00616.png,Eglė geria vandenį.
Datasets/Real_Handwriting/images/form_249_sentence_4.png,Laura stengiasi ilsėtis.
Datasets/Real_Handwriting/images/form_425_sentence_5.png,Ją labai džiugino jaukūs namai.
Datasets/Synthetic_Sentences/images/sentence_03776.png,Garsiai Gintaras mokosi parke.
Datasets/Synthetic_Sentences/images/sentence_03945.png,Ingrida ir Irena eina į kiną.
Datasets/Synthetic_Sentences/images/sentence_02674.png,Jonas nori skaityti žemėlapį.
Datasets/Synthetic_Sentences/images/sentence_04460.png,Rasa renka vaisius.
Datasets/Synthetic_Sentences/images/sentence_01291.png,Mielai Gintaras neša dovaną.
Datasets/Synthetic_Sentences/images/sentence_04572.png,Ramiai gydytojas perka gėlę.
Datasets/Synthetic_Sentences/images/sentence_01748.png,Mielai Jonas neša gėlę.
Datasets/Real_Handwriting/images/form_160_sentence_1.png,Vaikas bėga darbe ir ligoninėje.
Datasets/Synthetic_Sentences/images/sentence_00788.png,Gydytojas renka grybus.
Datasets/Synthetic_Sentences/images/sentence_03993.png,Tomas renka obuolius.
Datasets/Real_Handwriting/images/form_285_sentence_1.png,Jurgita pradeda dirbti.
Datasets/Real_Handwriting/images/form_112_sentence_1.png,Draugas bijo tvarkytis.
Datasets/Real_Handwriting/images/form_085_sentence_4.png,Katė geria paplūdimyje.
Datasets/Real_Handwriting/images/form_034_sentence_3.png,Draugas žaidžia ligoninėje.
Datasets/Synthetic_Sentences/images/sentence_03706.png,Vaikas nori gerti kavą.
Datasets/Synthetic_Sentences/images/sentence_01872.png,Neringa sportuoja stadione.
Datasets/Synthetic_Sentences/images/sentence_00367.png,Laura mokosi darbe.
Datasets/Synthetic_Sentences/images/sentence_01777.png,Mergaitė sportuoja ligoninėje.
Datasets/Synthetic_Sentences/images/sentence_04650.png,Tomas mokosi sode.
Datasets/Real_Handwriting/images/form_205_sentence_2.png,Ar Tomas mokosi ežero pakrantėje?
Datasets/Real_Handwriting/images/form_309_sentence_1.png,Greitai gydytojas ilsisi darbe.
Datasets/Real_Handwriting/images/form_363_sentence_2.png,Rytoj paukštis eis darbe.
Datasets/Synthetic_Sentences/images/sentence_01199.png,Ingrida valgo daržoves.
Datasets/Synthetic_Sentences/images/sentence_01103.png,Gydytojas rašo receptą.
Datasets/Synthetic_Sentences/images/sentence_02152.png,Vakar studentas dirbo mokykloje.
Datasets/Synthetic_Sentences/images/sentence_01608.png,Studentė nori gerti sultis.
Datasets/Synthetic_Sentences/images/sentence_00603.png,Šiandien Eglė skaito žemėlapį.
Datasets/Synthetic_Sentences/images/sentence_04264.png,Ar vaikas mėgsta gerti?
Datasets/Synthetic_Sentences/images/sentence_00541.png,Švelniai Jonas mokosi ežero pakrantėje.
Datasets/Real_Handwriting/images/form_194_sentence_3.png,Jūs baigia skubėti.
Datasets/Synthetic_Sentences/images/sentence_00438.png,Vakar berniukas nešė laišką.
Datasets/Synthetic_Sentences/images/sentence_01401.png,Gydytojas nori skaityti receptą.
Datasets/Synthetic_Sentences/images/sentence_00792.png,Šiandien berniukas dirba stadione.
Datasets/Synthetic_Sentences/images/sentence_04698.png,Šiandien berniukas mokosi upės pakrantėje.
Datasets/Synthetic_Sentences/images/sentence_04347.png,Žilvinas nori pirkti duoną.
Datasets/Synthetic_Sentences/images/sentence_03138.png,Rytoj studentas eis miške.
Datasets/Real_Handwriting/images/form_016_sentence_1.png,Šiandien studentai galvoja greitai.
Datasets/Synthetic_Sentences/images/sentence_00110.png,Gintaras pradeda plaukti.
Datasets/Synthetic_Sentences/images/sentence_02344.png,Atidžiai Neringa dirba upės pakrantėje.
Datasets/Real_Handwriting/images/form_495_sentence_4.png,Tyliai Mantas sportuoja kavinėje.
Datasets/Real_Handwriting/images/form_113_sentence_4.png,Šiandien vyras žiūri labai.
Datasets/Synthetic_Sentences/images/sentence_02272.png,Mindaugas bando kalbėti.
Datasets/Real_Handwriting/images/form_145_sentence_2.png,Mokytojas labai niekada dainuoja.
Datasets/Real_Handwriting/images/form_082_sentence_4.png,Blogai mergaitė žiūri laišką.
Datasets/Real_Handwriting/images/form_448_sentence_1.png,Laura ilsisi pievoje.
Datasets/Real_Handwriting/images/form_473_sentence_3.png,Eglė groja simfoniją.
Datasets/Synthetic_Sentences/images/sentence_02113.png,Vakar mokytojas nešė laišką.
Datasets/Synthetic_Sentences/images/sentence_00344.png,Neringa pradeda rašyti.
Datasets/Synthetic_Sentences/images/sentence_02016.png,Šiandien mokytojas dirba mokykloje.
Datasets/Real_Handwriting/images/form_161_sentence_3.png,Jie tyliai eina.
Datasets/Synthetic_Sentences/images/sentence_01917.png,Studentas mėgsta pirkti žaislą.
Datasets/Real_Handwriting/images/form_158_sentence_3.png,Draugas mąsto mokykloje.
Datasets/Synthetic_Sentences/images/sentence_00064.png,Mindaugas nori gerti vandenį.
Datasets/Real_Handwriting/images/form_383_sentence_4.png,Džiaugsmingai gydytojas perka knygą.
Datasets/Synthetic_Sentences/images/sentence_03110.png,Saulius nori valgyti duoną.
Datasets/Synthetic_Sentences/images/sentence_00874.png,Šiandien berniukas ilsisi paplūdimyje.
Datasets/Synthetic_Sentences/images/sentence_01637.png,Rūpestingai berniukas neša dovaną.
Datasets/Real_Handwriting/images/form_458_sentence_5.png,Piešia studentas spalvingą paveikslą.
Datasets/Real_Handwriting/images/form_175_sentence_1.png,Studentas juokiasi istoriją stotyje.
Datasets/Synthetic_Sentences/images/sentence_02521.png,Garsiai studentas dirba stotyje.
Datasets/Real_Handwriting/images/form_272_sentence_5.png,Kavinėje kvepėjo kava ir cinamonu.
Datasets/Synthetic_Sentences/images/sentence_02725.png,Mokytoja sportuoja namuose.
Datasets/Synthetic_Sentences/images/sentence_02104.png,Lėtai studentas mokosi ežero pakrantėje.
Datasets/Synthetic_Sentences/images/sentence_03189.png,Kristina mėgsta pirkti kavą.
Datasets/Synthetic_Sentences/images/sentence_04453.png,Rasa bando važiuoti.
Datasets/Synthetic_Sentences/images/sentence_02564.png,Eglė perka arbatą.
Datasets/Synthetic_Sentences/images/sentence_01372.png,Šiandien Marija perka arbatą.
Datasets/Synthetic_Sentences/images/sentence_03376.png,Ar Jurgita mėgsta tvarkytis?
Datasets/Synthetic_Sentences/images/sentence_00594.png,Vaikas nori valgyti sriubą.
Datasets/Real_Handwriting/images/form_003_sentence_4.png,Mergaitė nori žaisti.
Datasets/Synthetic_Sentences/images/sentence_00054.png,Mindaugas dirba mieste.
Datasets/Synthetic_Sentences/images/sentence_03207.png,Kruopščiai Jurgita dirba namuose.
Datasets/Real_Handwriting/images/form_086_sentence_3.png,Atidžiai vyras galvoja knygą.
Datasets/Synthetic_Sentences/images/sentence_03547.png,Mokytojas gyvena parke.
Datasets/Synthetic_Sentences/images/sentence_02655.png,Garsiai Mantas skaito žurnalą.
Datasets/Real_Handwriting/images/form_502_sentence_1.png,Kruopščiai žirgas mokosi upės pakrantėje.
Datasets/Synthetic_Sentences/images/sentence_00517.png,Petras nori skaityti receptą.
Datasets/Real_Handwriting/images/form_115_sentence_2.png,Mergaitės stengiasi tvarkytis maistą.
Datasets/Real_Handwriting/images/form_274_sentence_3.png,Ar Ingrida skaito istoriją?
Datasets/Synthetic_Sentences/images/sentence_04012.png,Tyliai Petras perka dovaną.
Datasets/Real_Handwriting/images/form_253_sentence_4.png,Petras nori groti paveikslą.
Datasets/Synthetic_Sentences/images/sentence_00384.png,Kristina nori pirkti gėlę.
Datasets/Synthetic_Sentences/images/sentence_01150.png,Laura nori gerti sultis.
Datasets/Synthetic_Sentences/images/sentence_01171.png,Berniukas renka grybus.
Datasets/Real_Handwriting/images/form_193_sentence_3.png,Katė labai vakar klauso.
Datasets/Real_Handwriting/images/form_110_sentence_2.png,Jie dirba ir dirba.
Datasets/Synthetic_Sentences/images/sentence_04286.png,Šiandien Gintaras mokosi namuose.
Datasets/Real_Handwriting/images/form_045_sentence_1.png,Šuo juokiasi muziką.
Datasets/Synthetic_Sentences/images/sentence_00566.png,Vakar Neringa skaitė receptą.
Datasets/Synthetic_Sentences/images/sentence_00964.png,Ar Mindaugas dirba miške?
Datasets/Synthetic_Sentences/images/sentence_00969.png,Vaikas nori gerti vandenį.
Datasets/Real_Handwriting/images/form_048_sentence_3.png,Mergaitės kruopščiai keliauoja.
Datasets/Synthetic_Sentences/images/sentence_03049.png,Šiandien Mindaugas skaito knygą.
Datasets/Real_Handwriting/images/form_451_sentence_5.png,Cukrų ir cinamoną dedame į pyragą.
Datasets/Synthetic_Sentences/images/sentence_00876.png,Katė perka duoną.
Datasets/Real_Handwriting/images/form_433_sentence_2.png,Mindaugas būna kavinėje.
Datasets/Synthetic_Sentences/images/sentence_04143.png,Žilvinas perka dovaną.
Datasets/Synthetic_Sentences/images/sentence_04575.png,Katė nori pirkti knygą.
Datasets/Synthetic_Sentences/images/sentence_02111.png,Danielius mėgsta skaityti žurnalą.
Datasets/Synthetic_Sentences/images/sentence_04114.png,Rytoj Laura eis namuose.
Datasets/Real_Handwriting/images/form_282_sentence_2.png,Jurgita nori ilsėtis dovaną.
Datasets/Real_Handwriting/images/form_044_sentence_1.png,Gydytojas labai tyliai piešia.
Datasets/Synthetic_Sentences/images/sentence_04509.png,Greitai Neringa perka kavą.
Datasets/Synthetic_Sentences/images/sentence_03992.png,Marija geria sultis.
Datasets/Synthetic_Sentences/images/sentence_02261.png,Neringa geria sultis.
Datasets/Synthetic_Sentences/images/sentence_02636.png,Vakar Saulius skaitė istoriją.
Datasets/Real_Handwriting/images/form_077_sentence_2.png,Vyrai baigia kalbėti.
Datasets/Synthetic_Sentences/images/sentence_01444.png,Šiandien gydytojas skaito žemėlapį.
Datasets/Synthetic_Sentences/images/sentence_04666.png,Danielius mėgsta pirkti dovaną.
Datasets/Synthetic_Sentences/images/sentence_04163.png,Ar Danielius nori sportuoti?
Datasets/Real_Handwriting/images/form_454_sentence_5.png,Obelys žydi baltais žiedais pavasarį.
Datasets/Real_Handwriting/images/form_195_sentence_1.png,Draugai dirba paveikslą.
Datasets/Synthetic_Sentences/images/sentence_03990.png,Saulius perka duoną.
Datasets/Synthetic_Sentences/images/sentence_03532.png,Džiaugsmingai Saulius rašo laišką.
Datasets/Synthetic_Sentences/images/sentence_04467.png,Ar Rasa nori kalbėti?
Datasets/Real_Handwriting/images/form_384_sentence_1.png,Žmogus pradeda eiti.
Datasets/Synthetic_Sentences/images/sentence_04692.png,Neringa mėgsta valgyti daržoves.
Datasets/Real_Handwriting/images/form_151_sentence_4.png,Šiandien draugai klauso šiandien.
Datasets/Synthetic_Sentences/images/sentence_03948.png,Neringa rašo istoriją.
Datasets/Real_Handwriting/images/form_341_sentence_2.png,Renata skaito knygą.
Datasets/Real_Handwriting/images/form_458_sentence_4.png,Studentas mėgsta dirbti.
Datasets/Real_Handwriting/images/form_385_sentence_5.png,Cukrų ir cinamoną dedame į pyragą.
Datasets/Synthetic_Sentences/images/sentence_03605.png,Saulius mėgsta tvarkytis.
Datasets/Real_Handwriting/images/form_332_sentence_4.png,Gintaras ilsisi darbe.
Datasets/Synthetic_Sentences/images/sentence_02088.png,Gintaras nori pirkti dovaną.
Datasets/Synthetic_Sentences/images/sentence_02968.png,Ar gydytojas dirba upės pakrantėje?
Datasets/Synthetic_Sentences/images/sentence_03065.png,Saulius renka obuolius.
Datasets/Synthetic_Sentences/images/sentence_04680.png,Ar katė nori važiuoti?
Datasets/Synthetic_Sentences/images/sentence_02299.png,Rūpestingai Mantas dirba ežero pakrantėje.
Datasets/Synthetic_Sentences/images/sentence_01354.png,Garsiai katė rašo užduotį.
Datasets/Synthetic_Sentences/images/sentence_00076.png,Šiandien mergaitė perka kavą.
Datasets/Synthetic_Sentences/images/sentence_00987.png,Vakar berniukas nešė žaislą.
Datasets/Synthetic_Sentences/images/sentence_03707.png,Vaikas mėgsta gerti pieną.
Datasets/Synthetic_Sentences/images/sentence_00221.png,Šiandien katė skaito žurnalą.
Datasets/Synthetic_Sentences/images/sentence_01552.png,Rasa dirba mieste.
Datasets/Real_Handwriting/images/form_139_sentence_4.png,Katė keliauoja mieste.
Datasets/Real_Handwriting/images/form_027_sentence_3.png,Draugas stengiasi galvoti.
Datasets/Real_Handwriting/images/form_211_sentence_4.png,Studentė nori sportuoti duoną.
Datasets/Real_Handwriting/images/form_510_sentence_3.png,Šeima sportuoja kavinėje.
Datasets/Real_Handwriting/images/form_110_sentence_4.png,Ar ji dirba?
Datasets/Real_Handwriting/images/form_291_sentence_3.png,Ar Mantas mėgsta žaisti?
Datasets/Real_Handwriting/images/form_077_sentence_4.png,Aš stengiasi miegoti daržoves.
Datasets/Synthetic_Sentences/images/sentence_01224.png,Šiandien Žilvinas skaito laišką.
Datasets/Synthetic_Sentences/images/sentence_03235.png,Marija nori gerti arbatą.
Datasets/Synthetic_Sentences/images/sentence_00451.png,Gintaras gyvena kaime.
Datasets/Synthetic_Sentences/images/sentence_01910.png,Neringa mėgsta valgyti daržoves.
Datasets/Synthetic_Sentences/images/sentence_00202.png,Ingrida mėgsta gerti pieną.
Datasets/Synthetic_Sentences/images/sentence_02511.png,Šiandien Neringa ilsisi ežero pakrantėje.
Datasets/Synthetic_Sentences/images/sentence_01752.png,Švelniai Danielius neša gėlę.
Datasets/Synthetic_Sentences/images/sentence_04844.png,Ar Tomas mėgsta kalbėti?
Datasets/Synthetic_Sentences/images/sentence_03477.png,Ar Ingrida nori dainuoti?
Datasets/Real_Handwriting/images/form_505_sentence_5.png,Žiemą vaikai mėgsta čiuožti ant ežero ledo.
Datasets/Synthetic_Sentences/images/sentence_00294.png,Gintaras žaidžia kaime.
Datasets/Real_Handwriting/images/form_350_sentence_3.png,Greitai Mindaugas neša žaislą.
Datasets/Synthetic_Sentences/images/sentence_01918.png,Eglė mokosi miške.
Datasets/Synthetic_Sentences/images/sentence_01383.png,Kruopščiai Rasa dirba ligoninėje.
Datasets/Real_Handwriting/images/form_505_sentence_1.png,Mergaitė gyvena namuose.
Datasets/Real_Handwriting/images/form_467_sentence_4.png,Studentas renka gėles.
Datasets/Real_Handwriting/images/form_105_sentence_4.png,Mergaitė blogai mąsto.
Datasets/Synthetic_Sentences/images/sentence_03806.png,Gintaras renka akmenis.
Datasets/Synthetic_Sentences/images/sentence_00982.png,Kristina nori važiuoti.
Datasets/Synthetic_Sentences/images/sentence_03241.png,Berniukas beldžia į baltas duris.
Datasets/Synthetic_Sentences/images/sentence_00393.png,Vakar Danielius dirbo stadione.
Datasets/Real_Handwriting/images/form_461_sentence_4.png,Rytoj Mindaugas skaitys receptą.
Datasets/Synthetic_Sentences/images/sentence_04808.png,Garsiai studentas valgo sriubą.
Datasets/Real_Handwriting/images/form_137_sentence_3.png,Gydytojai rytoj ilsisi.
Datasets/Synthetic_Sentences/images/sentence_00923.png,Ingrida nori rašyti istoriją.
Datasets/Synthetic_Sentences/images/sentence_02930.png,Saulius mėgsta skaityti žurnalą.
Datasets/Synthetic_Sentences/images/sentence_01448.png,Šiandien Jonas ilsisi mieste.
Datasets/Real_Handwriting/images/form_159_sentence_4.png,Mokytojai šypsosi filmą.
Datasets/Synthetic_Sentences/images/sentence_00322.png,Danielius nori skaityti knygą.
Datasets/Synthetic_Sentences/images/sentence_03583.png,Mokytojas žaidžia namuose.
Datasets/Real_Handwriting/images/form_186_sentence_4.png,Jūs žiūri žaidimą mokykloje.
Datasets/Synthetic_Sentences/images/sentence_03344.png,Vakar mokytojas skaitė žurnalą.
Datasets/Synthetic_Sentences/images/sentence_02055.png,Džiaugsmingai mergaitė skaito knygą.
Datasets/Real_Handwriting/images/form_355_sentence_1.png,Berniukas sportuoja stadione.
Datasets/Synthetic_Sentences/images/sentence_01227.png,Mokytojas mėgsta gerti kavą.
Datasets/Synthetic_Sentences/images/sentence_02105.png,Jonas neša gėlę.
Datasets/Real_Handwriting/images/form_385_sentence_1.png,Mindaugas nori eiti.
Datasets/Synthetic_Sentences/images/sentence_04508.png,Šuo mėgsta valgyti obuolį.
Datasets/Synthetic_Sentences/images/sentence_03157.png,Mielai gydytojas perka žaislą.
Datasets/Real_Handwriting/images/form_354_sentence_3.png,Žilvinas lankosi darbe.
Datasets/Real_Handwriting/images/form_134_sentence_2.png,Moteris sportuoja darbą mieste.
Datasets/Synthetic_Sentences/images/sentence_04156.png,Mergaitė mėgsta valgyti obuolį.
Datasets/Synthetic_Sentences/images/sentence_03522.png,Rūpestingai Tomas neša krepšį.
Datasets/Synthetic_Sentences/images/sentence_04132.png,Šiandien Saulius dirba sode.
Datasets/Real_Handwriting/images/form_052_sentence_4.png,Jos bijo žaisti knygą.
Datasets/Synthetic_Sentences/images/sentence_00636.png,Šiandien Tomas skaito istoriją.
Datasets/Synthetic_Sentences/images/sentence_00722.png,Vakar Žilvinas dirbo paplūdimyje.
Datasets/Synthetic_Sentences/images/sentence_03423.png,Ar Tomas mėgsta ilsėtis?
Datasets/Real_Handwriting/images/form_038_sentence_5.png,Vakar mokytojas mokosi receptą.
Datasets/Synthetic_Sentences/images/sentence_02716.png,Ar Laura skaito knygą?
Datasets/Real_Handwriting/images/form_459_sentence_5.png,Kavinėje kvepėjo kava ir cinamonu.
Datasets/Synthetic_Sentences/images/sentence_00756.png,Šiandien mokytojas dirba kalnuose.
Datasets/Synthetic_Sentences/images/sentence_04775.png,Kruopščiai mokytojas mokosi sode.
Datasets/Synthetic_Sentences/images/sentence_02664.png,Atidžiai Jonas ilsisi paplūdimyje.
Datasets/Synthetic_Sentences/images/sentence_01307.png,Šuo žaidžia stadione.
Datasets/Real_Handwriting/images/form_187_sentence_4.png,Studentas labai garsiai tvarkosi.
Datasets/Synthetic_Sentences/images/sentence_02509.png,Atidžiai mergaitė ilsisi ežero pakrantėje.
Datasets/Real_Handwriting/images/form_136_sentence_1.png,Vyrai rytoj mąsto.
Datasets/Synthetic_Sentences/images/sentence_02937.png,Laura geria vandenį.
Datasets/Synthetic_Sentences/images/sentence_00366.png,Berniukas nori tvarkytis.
Datasets/Synthetic_Sentences/images/sentence_03501.png,Rytoj Žilvinas skaitys laišką.
Datasets/Real_Handwriting/images/form_474_sentence_3.png,Rytoj Gintaras skaitys žurnalą.
Datasets/Synthetic_Sentences/images/sentence_04095.png,Žilvinas rašo užduotį.
Datasets/Real_Handwriting/images/form_208_sentence_1.png,Rūpestingai Kristina skaito istoriją.
Datasets/Synthetic_Sentences/images/sentence_01205.png,Žilvinas skaito laišką.
Datasets/Synthetic_Sentences/images/sentence_04358.png,Šiandien Žilvinas ilsisi miške.
Datasets/Real_Handwriting/images/form_367_sentence_3.png,Jonas lankosi ligoninėje.
Datasets/Synthetic_Sentences/images/sentence_03555.png,Mantas pradeda ilsėtis.
Datasets/Synthetic_Sentences/images/sentence_02021.png,Vakar Eglė dirbo parke.
Datasets/Synthetic_Sentences/images/sentence_02763.png,Šuo nori skaityti istoriją.
Datasets/Synthetic_Sentences/images/sentence_03347.png,Mokytojas nori pirkti arbatą.
Datasets/Synthetic_Sentences/images/sentence_03066.png,Katė žaidžia darbe.
Datasets/Real_Handwriting/images/form_323_sentence_1.png,Gydytojas stengiasi groti.
Datasets/Real_Handwriting/images/form_105_sentence_3.png,Gydytojai pradeda galvoti.
Datasets/Real_Handwriting/images/form_394_sentence_5.png,Cecilija čiuožia ant ledo.
Datasets/Real_Handwriting/images/form_154_sentence_3.png,Jie atidžiai galvoja.
Datasets/Real_Handwriting/images/form_037_sentence_1.png,Mergaitės skaito ir skaito.
Datasets/Real_Handwriting/images/form_298_sentence_3.png,Žilvinas stato tvorą.
Datasets/Synthetic_Sentences/images/sentence_03108.png,Kruopščiai Danielius neša žaislą.
Datasets/Real_Handwriting/images/form_171_sentence_1.png,Studentai skaito kavinėje.
Datasets/Synthetic_Sentences/images/sentence_04288.png,Ingrida nori groti.
Datasets/Real_Handwriting/images/form_136_sentence_4.png,Jūs sportuoja prie ežero.
Datasets/Synthetic_Sentences/images/sentence_00061.png,Berniukas valgo sriubą.
Datasets/Synthetic_Sentences/images/sentence_02208.png,Mokytojas žaidžia stotyje.
Datasets/Synthetic_Sentences/images/sentence_01663.png,Lėtai Saulius valgo obuolį.
Datasets/Real_Handwriting/images/form_460_sentence_1.png,Švelniai studentė skaito knygą.
Datasets/Synthetic_Sentences/images/sentence_02278.png,Laura nori rašyti laišką.
Datasets/Synthetic_Sentences/images/sentence_00665.png,Laura nori skaityti žemėlapį.
Datasets/Synthetic_Sentences/images/sentence_04208.png,Šuo mėgsta valgyti sriubą.
Datasets/Synthetic_Sentences/images/sentence_01452.png,Rasa perka knygą.
Datasets/Synthetic_Sentences/images/sentence_04090.png,Mergaitė dirba ežero pakrantėje.
Datasets/Synthetic_Sentences/images/sentence_03875.png,Mindaugas stengiasi skaityti.
Datasets/Real_Handwriting/images/form_501_sentence_4.png,Rytoj Tomas skaitys laišką.
Datasets/Synthetic_Sentences/images/sentence_04904.png,Ar Renata nori dirbti?
Datasets/Synthetic_Sentences/images/sentence_02804.png,Saulius nori valgyti daržoves.
Datasets/Synthetic_Sentences/images/sentence_03011.png,Šiandien studentas ilsisi stadione.
Datasets/Synthetic_Sentences/images/sentence_01628.png,Šiandien Žilvinas dirba ežero pakrantėje.
Datasets/Synthetic_Sentences/images/sentence_00137.png,Neringa sportuoja stadione.
Datasets/Synthetic_Sentences/images/sentence_02427.png,Rytoj Jurgita skaitys receptą.
Datasets/Synthetic_Sentences/images/sentence_00761.png,Šiandien Mindaugas perka dovaną.
Datasets/Synthetic_Sentences/images/sentence_00273.png,Ar Rasa mokosi mokykloje?
Datasets/Synthetic_Sentences/images/sentence_03799.png,Renata mokosi darbe.
Datasets/Synthetic_Sentences/images/sentence_02227.png,Mindaugas dirba darbe.
Datasets/Synthetic_Sentences/images/sentence_04718.png,Mokytoja stengiasi šokti.
Datasets/Synthetic_Sentences/images/sentence_00497.png,Kruopščiai Petras dirba ligoninėje.
Datasets/Synthetic_Sentences/images/sentence_03246.png,Drąsiai Saulius neša gėlę.
Datasets/Real_Handwriting/images/form_330_sentence_5.png,Cecilija čiuožia ant ledo.
Datasets/Real_Handwriting/images/form_120_sentence_1.png,Mes labai atidžiai eina.
Datasets/Real_Handwriting/images/form_316_sentence_4.png,Žmogus perka gėlę.
Datasets/Synthetic_Sentences/images/sentence_02593.png,Katė mėgsta gerti vandenį.
Datasets/Real_Handwriting/images/form_065_sentence_3.png,Draugas sportuoja žaidimą.
Datasets/Real_Handwriting/images/form_116_sentence_1.png,Rytoj jie žaidžia receptą.
Datasets/Synthetic_Sentences/images/sentence_02707.png,Laura nori pirkti duoną.
Datasets/Real_Handwriting/images/form_285_sentence_5.png,Universiteto studentai žaidžia šachmatais laisvalaikiu.
Datasets/Synthetic_Sentences/images/sentence_03410.png,Kruopščiai mokytoja skaito knygą.
Datasets/Synthetic_Sentences/images/sentence_00993.png,Gydytojas neša dovaną.
Datasets/Real_Handwriting/images/form_103_sentence_2.png,Jie smagiai sportuoja.
Datasets/Synthetic_Sentences/images/sentence_03685.png,Petras mokosi pievoje.
Datasets/Synthetic_Sentences/images/sentence_04177.png,Kruopščiai Žilvinas valgo sriubą.
Datasets/Real_Handwriting/images/form_050_sentence_2.png,Moterys labai visada žaidžia.
Datasets/Synthetic_Sentences/images/sentence_01316.png,Ar Renata dirba kavinėje?
Datasets/Synthetic_Sentences/images/sentence_03613.png,Tomas stengiasi važiuoti.
Datasets/Synthetic_Sentences/images/sentence_02393.png,Jonas nori gerti vandenį.
Datasets/Real_Handwriting/images/form_221_sentence_1.png,Rasa stengiasi gerti.
Datasets/Synthetic_Sentences/images/sentence_04774.png,Rasa renka vaisius.
Datasets/Synthetic_Sentences/images/sentence_01071.png,Studentė nori rašyti istoriją.
Datasets/Real_Handwriting/images/form_243_sentence_1.png,Ramiai žmogus valgo duoną.
Datasets/Synthetic_Sentences/images/sentence_02675.png,Vakar Petras nešė laišką.
Datasets/Synthetic_Sentences/images/sentence_00413.png,Mantas geria pieną.
Datasets/Synthetic_Sentences/images/sentence_01331.png,Ramiai mergaitė skaito žemėlapį.
Datasets/Synthetic_Sentences/images/sentence_03869.png,Mantas renka obuolius.
Datasets/Real_Handwriting/images/form_465_sentence_5.png,Kavinėje kvepėjo kava ir cinamonu.
Datasets/Synthetic_Sentences/images/sentence_04966.png,Greitai studentė perka duoną.
Datasets/Synthetic_Sentences/images/sentence_00278.png,Ar studentė mokosi sode?
Datasets/Real_Handwriting/images/form_135_sentence_5.png,Aš valgo muziką.
Datasets/Synthetic_Sentences/images/sentence_03544.png,Rasa mėgsta skaityti receptą.
Datasets/Synthetic_Sentences/images/sentence_04870.png,Ar Mindaugas mėgsta tvarkytis?
Datasets/Synthetic_Sentences/images/sentence_03696.png,Tomas sportuoja ligoninėje.
Datasets/Synthetic_Sentences/images/sentence_01192.png,Jonas nori sportuoti.
Datasets/Synthetic_Sentences/images/sentence_01820.png,Šiandien Mantas perka duoną.
Datasets/Real_Handwriting/images/form_429_sentence_4.png,Mantas būna darbe.
Datasets/Synthetic_Sentences/images/sentence_00347.png,Ar studentas skaito žemėlapį?
Datasets/Synthetic_Sentences/images/sentence_00442.png,Vakar mokytoja nešė dovaną.
Datasets/Synthetic_Sentences/images/sentence_02952.png,Ar Laura dirba kavinėje?
Datasets/Synthetic_Sentences/images/sentence_03326.png,Marija nori rašyti istoriją.
Datasets/Synthetic_Sentences/images/sentence_02092.png,Renata pradeda mokytis.
Datasets/Synthetic_Sentences/images/sentence_00354.png,Mindaugas valgo duoną.
Datasets/Synthetic_Sentences/images/sentence_03028.png,Eglė perka arbatą.
Datasets/Synthetic_Sentences/images/sentence_01704.png,Garsiai studentas skaito laišką.
Datasets/Synthetic_Sentences/images/sentence_02704.png,Neringa nori gerti vandenį.
Datasets/Real_Handwriting/images/form_507_sentence_3.png,Vakar Gintaras nešė laišką.
Datasets/Real_Handwriting/images/form_261_sentence_3.png,Ar Jonas mokosi ežero pakrantėje?
Datasets/Synthetic_Sentences/images/sentence_00677.png,Kruopščiai Gintaras neša dovaną.
Datasets/Synthetic_Sentences/images/sentence_03303.png,Studentas sportuoja pievoje.
Datasets/Synthetic_Sentences/images/sentence_00415.png,Mokytojas nori skaityti istoriją.
Datasets/Real_Handwriting/images/form_045_sentence_5.png,Mergaitės juokiasi žaidimą sode.
Datasets/Synthetic_Sentences/images/sentence_01074.png,Jurgita mėgsta galvoti.
Datasets/Synthetic_Sentences/images/sentence_00810.png,Vaikas renka vaisius.
Datasets/Synthetic_Sentences/images/sentence_01977.png,Tomas ilsisi upės pakrantėje.
Datasets/Synthetic_Sentences/images/sentence_04352.png,Gintaras nori skaityti knygą.
Datasets/Synthetic_Sentences/images/sentence_03348.png,Mantas skaito laišką.
Datasets/Real_Handwriting/images/form_078_sentence_2.png,Mergaitė nemėgsta dainuoti.
Datasets/Synthetic_Sentences/images/sentence_00159.png,Marija bando mokytis.
Datasets/Real_Handwriting/images/form_442_sentence_5.png,Hanah sheji skaito hinduistų filosofiją.
Datasets/Synthetic_Sentences/images/sentence_01010.png,Ar studentas nori ilsėtis?
Datasets/Synthetic_Sentences/images/sentence_04321.png,Šiandien vaikas mokosi paplūdimyje.
Datasets/Synthetic_Sentences/images/sentence_04548.png,Šiandien Danielius skaito laišką.
Datasets/Real_Handwriting/images/form_222_sentence_4.png,Rytoj berniukas skaitys istoriją.
Datasets/Synthetic_Sentences/images/sentence_04193.png,Lėtai Jonas perka arbatą.
Datasets/Synthetic_Sentences/images/sentence_04984.png,Gintaras geria sultis.
Datasets/Synthetic_Sentences/images/sentence_01801.png,Mokytojas mėgsta gerti arbatą.
Datasets/Synthetic_Sentences/images/sentence_00862.png,Neringa renka grybus.
Datasets/Synthetic_Sentences/images/sentence_03779.png,Ar Rasa dirba stotyje?
Datasets/Synthetic_Sentences/images/sentence_03147.png,Šiandien berniukas mokosi kavinėje.
Datasets/Real_Handwriting/images/form_135_sentence_4.png,Ar aš skuba?
Datasets/Real_Handwriting/images/form_460_sentence_4.png,Ingrida žaidžia parke.
Datasets/Synthetic_Sentences/images/sentence_01005.png,Eglė nori gerti pieną.
Datasets/Synthetic_Sentences/images/sentence_04409.png,Šuo mėgsta valgyti obuolį.
Datasets/Real_Handwriting/images/form_074_sentence_2.png,Jis dainuoja darbą.
Datasets/Synthetic_Sentences/images/sentence_02457.png,Rūpestingai studentas valgo daržoves.
Datasets/Synthetic_Sentences/images/sentence_03037.png,Eglė nori pirkti duoną.
Datasets/Synthetic_Sentences/images/sentence_04998.png,Mokytoja nori gerti.
Datasets/Real_Handwriting/images/form_289_sentence_2.png,Laura mėgsta eiti duoną.
Datasets/Real_Handwriting/images/form_374_sentence_4.png,Ramiai Danielius perka gėlę.
Datasets/Synthetic_Sentences/images/sentence_00719.png,Katė perka kavą.
Datasets/Synthetic_Sentences/images/sentence_04627.png,Danielius gyvena namuose.
Datasets/Synthetic_Sentences/images/sentence_02708.png,Studentas sportuoja pievoje.
Datasets/Real_Handwriting/images/form_253_sentence_5.png,Filmas buvo labai įdomus ir jaudinantis.
Datasets/Synthetic_Sentences/images/sentence_02623.png,Mergaitė mokosi sode.
Datasets/Real_Handwriting/images/form_170_sentence_5.png,Mergaitės šypsosi parke ir stadione.
Datasets/Synthetic_Sentences/images/sentence_01531.png,Žilvinas ilsisi darbe.
Datasets/Synthetic_Sentences/images/sentence_04570.png,Katė žaidžia sode.
Datasets/Synthetic_Sentences/images/sentence_01503.png,Ar berniukas dirba kalnuose?
Datasets/Synthetic_Sentences/images/sentence_03431.png,Šiandien berniukas mokosi stadione.
Datasets/Synthetic_Sentences/images/sentence_00687.png,Marija lankosi mieste.
Datasets/Synthetic_Sentences/images/sentence_03457.png,Eglė rašo projektą.
Datasets/Synthetic_Sentences/images/sentence_04724.png,Ar Petras skaito receptą?
Datasets/Synthetic_Sentences/images/sentence_00071.png,Rytoj studentas eis mokykloje.
Datasets/Synthetic_Sentences/images/sentence_04691.png,Jurgita sportuoja sode.
Datasets/Synthetic_Sentences/images/sentence_00853.png,Rytoj Mindaugas skaitys knygą.
Datasets/Real_Handwriting/images/form_130_sentence_3.png,Vyras keliauoja filmą.
Datasets/Synthetic_Sentences/images/sentence_04278.png,Ar mokytoja nori skaityti?
Datasets/Real_Handwriting/images/form_132_sentence_2.png,Šiandien mes rašo labai.
Datasets/Synthetic_Sentences/images/sentence_00310.png,Šiandien Saulius mokosi sode.
Datasets/Synthetic_Sentences/images/sentence_02494.png,Kristina mėgsta gerti sultis.
Datasets/Real_Handwriting/images/form_119_sentence_2.png,Mokytojai geria ir geria.
Datasets/Real_Handwriting/images/form_201_sentence_4.png,Paukštis skaito žurnalą.
Datasets/Synthetic_Sentences/images/sentence_01087.png,Berniukas pradeda tvarkytis.
Datasets/Synthetic_Sentences/images/sentence_00455.png,Rytoj mergaitė skaitys laišką.
Datasets/Real_Handwriting/images/form_212_sentence_1.png,Paukštis gyvena paplūdimyje.
Datasets/Synthetic_Sentences/images/sentence_03980.png,Gydytojas nori piešti.
Datasets/Real_Handwriting/images/form_190_sentence_4.png,Mes valgo namuose ir bibliotekoje.
Datasets/Synthetic_Sentences/images/sentence_02741.png,Žilvinas mėgsta skaityti žurnalą.
Datasets/Synthetic_Sentences/images/sentence_02354.png,Šiandien Neringa dirba sode.
Datasets/Synthetic_Sentences/images/sentence_04431.png,Mokytojas skaito laišką.
Datasets/Real_Handwriting/images/form_466_sentence_4.png,Rasa rašo užduotį.
Datasets/Synthetic_Sentences/images/sentence_03792.png,Berniukas nori galvoti.
Datasets/Real_Handwriting/images/form_355_sentence_2.png,Ar Tomas mėgsta dainuoti?
Datasets/Real_Handwriting/images/form_126_sentence_5.png,Mielai paukštis sportuoja egzaminą.
Datasets/Synthetic_Sentences/images/sentence_01818.png,Eglė skaito istoriją.
Datasets/Synthetic_Sentences/images/sentence_03186.png,Šiandien Kristina dirba kalnuose.
Datasets/Synthetic_Sentences/images/sentence_04354.png,Džiaugsmingai Eglė neša krepšį.
Datasets/Synthetic_Sentences/images/sentence_00839.png,Drąsiai studentė skaito laišką.
Datasets/Real_Handwriting/images/form_315_sentence_3.png,Ramiai mokytojas perka dovaną.
Datasets/Synthetic_Sentences/images/sentence_04561.png,Eglė neša gėlę.
Datasets/Synthetic_Sentences/images/sentence_02709.png,Vakar Žilvinas dirbo darbe.
Datasets/Real_Handwriting/images/form_334_sentence_4.png,Renata nori mokytis.
Datasets/Synthetic_Sentences/images/sentence_02378.png,Petras renka vaisius.
Datasets/Synthetic_Sentences/images/sentence_01812.png,Atidžiai berniukas skaito žemėlapį.
Datasets/Synthetic_Sentences/images/sentence_00971.png,Laura nori gerti kavą.
Datasets/Synthetic_Sentences/images/sentence_01726.png,Rasa gyvena upės pakrantėje.
Datasets/Synthetic_Sentences/images/sentence_03213.png,Ar mokytojas mėgsta tvarkytis?
Datasets/Synthetic_Sentences/images/sentence_04404.png,Šiandien Kristina dirba kalnuose.
Datasets/Synthetic_Sentences/images/sentence_00126.png,Katė mėgsta gerti kavą.
Datasets/Synthetic_Sentences/images/sentence_00409.png,Ar Gintaras mokosi stotyje?
Datasets/Synthetic_Sentences/images/sentence_03660.png,Marija žaidžia sode.
Datasets/Synthetic_Sentences/images/sentence_03330.png,Rasa valgo vaisius.
Datasets/Real_Handwriting/images/form_476_sentence_3.png,Jurgita groja simfoniją.
Datasets/Synthetic_Sentences/images/sentence_02182.png,Mindaugas lankosi paplūdimyje.
Datasets/Synthetic_Sentences/images/sentence_00793.png,Studentė mėgsta ilsėtis.
Datasets/Synthetic_Sentences/images/sentence_01700.png,Mergaitė mėgsta valgyti vaisius.
Datasets/Synthetic_Sentences/images/sentence_01175.png,Ar Ingrida skaito žurnalą?
Datasets/Real_Handwriting/images/form_397_sentence_1.png,Drąsiai Renata dirba stadione.
Datasets/Real_Handwriting/images/form_014_sentence_2.png,Jūs niekada ilsisi.
Datasets/Real_Handwriting/images/form_442_sentence_1.png,Mergaitė pradeda statyti.
Datasets/Synthetic_Sentences/images/sentence_03901.png,Šiandien Renata ilsisi mokykloje.
Datasets/Real_Handwriting/images/form_246_sentence_1.png,Ar šuo dirba miške?
Datasets/Real_Handwriting/images/form_338_sentence_3.png,Mokytoja geria kavą.
Datasets/Real_Handwriting/images/form_447_sentence_5.png,Cukrų ir cinamoną dedame į pyragą.
Datasets/Synthetic_Sentences/images/sentence_02620.png,Greitai Neringa perka gėlę.
Datasets/Synthetic_Sentences/images/sentence_03764.png,Džiaugsmingai studentas rašo laišką.
Datasets/Synthetic_Sentences/images/sentence_02282.png,Šiandien Kristina skaito žurnalą.
Datasets/Synthetic_Sentences/images/sentence_03103.png,Ar Rasa mėgsta dainuoti?
Datasets/Synthetic_Sentences/images/sentence_04128.png,Mergaitė mėgsta valgyti košę.
Datasets/Real_Handwriting/images/form_075_sentence_5.png,Jos skuba žaidimą.
Datasets/Synthetic_Sentences/images/sentence_04097.png,Jurgita perka arbatą.
Datasets/Synthetic_Sentences/images/sentence_02486.png,Katė sportuoja kavinėje.
Datasets/Synthetic_Sentences/images/sentence_01365.png,Šiandien berniukas dirba darbe.
Datasets/Real_Handwriting/images/form_133_sentence_2.png,Mokytojas geria mieste.
Datasets/Synthetic_Sentences/images/sentence_02530.png,Mantas renka akmenis.
Datasets/Synthetic_Sentences/images/sentence_00726.png,Šiandien Žilvinas skaito knygą.
Datasets/Synthetic_Sentences/images/sentence_03248.png,Marija valgo obuolį.
Datasets/Real_Handwriting/images/form_479_sentence_3.png,Danielius mėgsta bėgti.
Datasets/Real_Handwriting/images/form_183_sentence_4.png,Gydytojai tyliai piešia.
Datasets/Synthetic_Sentences/images/sentence_01781.png,Šuo žaidžia upės pakrantėje.
Datasets/Synthetic_Sentences/images/sentence_04968.png,Studentė žaidžia mokykloje.
Datasets/Synthetic_Sentences/images/sentence_00706.png,Kruopščiai Renata skaito receptą.
Datasets/Real_Handwriting/images/form_157_sentence_5.png,Mes bėga dainą.
Datasets/Real_Handwriting/images/form_482_sentence_1.png,Renata rašo užduotį.
Datasets/Synthetic_Sentences/images/sentence_04088.png,Ar Renata mėgsta skaityti?
Datasets/Synthetic_Sentences/images/sentence_00550.png,Žilvinas mėgsta gerti kavą.
Datasets/Real_Handwriting/images/form_189_sentence_1.png,Jos mąsto stadione.
Datasets/Synthetic_Sentences/images/sentence_00506.png,Mokytojas mėgsta pirkti duoną.
Datasets/Synthetic_Sentences/images/sentence_03956.png,Danielius neša laišką.
Datasets/Synthetic_Sentences/images/sentence_02634.png,Laura nori pirkti gėlę.
Datasets/Real_Handwriting/images/form_262_sentence_2.png,Žirgas rašo žemėlapį.
Datasets/Real_Handwriting/images/form_289_sentence_4.png,Vakar šuo dirbo ligoninėje.
Datasets/Real_Handwriting/images/form_084_sentence_1.png,Lėtai studentai geria filmą.
Datasets/Synthetic_Sentences/images/sentence_03931.png,Ar Laura skaito istoriją?
Datasets/Synthetic_Sentences/images/sentence_01123.png,Ar Eglė dirba paplūdimyje?
Datasets/Synthetic_Sentences/images/sentence_04232.png,Šiandien gydytojas mokosi stotyje.
Datasets/Real_Handwriting/images/form_409_sentence_4.png,Mielai gydytojas mokosi namuose.
Datasets/Real_Handwriting/images/form_439_sentence_5.png,Jaunas studentas juda drąsiai į priekį.
Datasets/Synthetic_Sentences/images/sentence_03919.png,Danielius mėgsta valgyti obuolį.
Datasets/Synthetic_Sentences/images/sentence_01320.png,Gintaras sportuoja miške.
Datasets/Synthetic_Sentences/images/sentence_03139.png,Mergaitė valgo vaisius.
Datasets/Synthetic_Sentences/images/sentence_00910.png,Jurgita mėgsta pirkti gėlę.
Datasets/Synthetic_Sentences/images/sentence_01629.png,Kruopščiai Ingrida skaito istoriją.
Datasets/Synthetic_Sentences/images/sentence_00032.png,Studentė geria kavą.
Datasets/Synthetic_Sentences/images/sentence_03881.png,Vakar Petras nešė knygą.
Datasets/Real_Handwriting/images/form_456_sentence_4.png,Rytoj Saulius skaitys laišką.
Datasets/Real_Handwriting/images/form_171_sentence_4.png,Jos baigia galvoti mokyklą.
Datasets/Synthetic_Sentences/images/sentence_03306.png,Jonas mėgsta valgyti.
Datasets/Synthetic_Sentences/images/sentence_01296.png,Šiandien šuo ilsisi ligoninėje.
Datasets/Synthetic_Sentences/images/sentence_02319.png,Saulius sportuoja parke.
Datasets/Real_Handwriting/images/form_443_sentence_4.png,Vakar mokytoja skaitė laišką.
Datasets/Real_Handwriting/images/form_021_sentence_3.png,Niekada jis miega paveikslą.
Datasets/Synthetic_Sentences/images/sentence_00015.png,Šiandien Danielius perka knygą.
Datasets/Real_Handwriting/images/form_297_sentence_5.png,Obelys žydi baltais žiedais pavasarį.
Datasets/Real_Handwriting/images/form_168_sentence_4.png,Mergaitė šoka namuose ir kaime.
Datasets/Real_Handwriting/images/form_031_sentence_2.png,Draugas stengiasi bėgti.
Datasets/Synthetic_Sentences/images/sentence_02228.png,Eglė rašo receptą.
Datasets/Real_Handwriting/images/form_443_sentence_3.png,Šeima lankosi mieste.
Datasets/Real_Handwriting/images/form_060_sentence_5.png,Kartu studentas tvarkosi laišką.
Datasets/Synthetic_Sentences/images/sentence_00450.png,Gintaras bando piešti.
Datasets/Synthetic_Sentences/images/sentence_02072.png,Ar Žilvinas mokosi sode?
Datasets/Synthetic_Sentences/images/sentence_03693.png,Tomas rašo istoriją.
Datasets/Synthetic_Sentences/images/sentence_03048.png,Tomas stengiasi dainuoti.
Datasets/Synthetic_Sentences/images/sentence_03567.png,Ingrida nori valgyti daržoves.
Datasets/Synthetic_Sentences/images/sentence_03429.png,Vakar Mantas dirbo mieste.
Datasets/Synthetic_Sentences/images/sentence_03890.png,Laura žaidžia sode.
Datasets/Real_Handwriting/images/form_307_sentence_1.png,Tomas valgo obuolį.
Datasets/Synthetic_Sentences/images/sentence_02449.png,Jonas geria kavą.
Datasets/Real_Handwriting/images/form_263_sentence_1.png,Šiandien mokytojas skaito laišką.
Datasets/Synthetic_Sentences/images/sentence_00968.png,Ar Neringa mokosi ežero pakrantėje?
Datasets/Synthetic_Sentences/images/sentence_01317.png,Ar Jonas mokosi mokykloje?
Datasets/Synthetic_Sentences/images/sentence_01702.png,Ar Laura skaito receptą?
Datasets/Synthetic_Sentences/images/sentence_01530.png,Kruopščiai Neringa dirba darbe.
Datasets/Synthetic_Sentences/images/sentence_00177.png,Ar šuo skaito istoriją?
Datasets/Synthetic_Sentences/images/sentence_01343.png,Neringa nori rašyti laišką.
Datasets/Synthetic_Sentences/images/sentence_03479.png,Vaikas pradeda važiuoti.
Datasets/Synthetic_Sentences/images/sentence_03558.png,Neringa mokosi kaime.
Datasets/Synthetic_Sentences/images/sentence_04531.png,Gintaras mokosi sode.
Datasets/Real_Handwriting/images/form_026_sentence_5.png,Gydytojas stengiasi skaityti.
Datasets/Synthetic_Sentences/images/sentence_00469.png,Renata nori ilsėtis.
Datasets/Synthetic_Sentences/images/sentence_01802.png,Ingrida valgo daržoves.
Datasets/Synthetic_Sentences/images/sentence_04392.png,Mokytoja skaito knygą.
Datasets/Synthetic_Sentences/images/sentence_02578.png,Šiandien Ingrida perka gėlę.
Datasets/Synthetic_Sentences/images/sentence_04768.png,Šiandien Jonas perka žaislą.
Datasets/Real_Handwriting/images/form_180_sentence_2.png,Vaikai nori galvoti receptą.
Datasets/Synthetic_Sentences/images/sentence_01303.png,Šuo nori rašyti laišką.
Datasets/Real_Handwriting/images/form_463_sentence_2.png,Paukštis dirba mokykloje.
Datasets/Synthetic_Sentences/images/sentence_03470.png,Mokytojas nori gerti.
Datasets/Synthetic_Sentences/images/sentence_01576.png,Mindaugas skaito knygą.
Datasets/Real_Handwriting/images/form_108_sentence_1.png,Mergaitė labai labai mąsto.
Datasets/Synthetic_Sentences/images/sentence_03710.png,Mokytoja nori skaityti receptą.
Datasets/Synthetic_Sentences/images/sentence_02976.png,Šiandien Jurgita dirba sode.
Datasets/Real_Handwriting/images/form_375_sentence_4.png,Marija geria arbatą.
Datasets/Synthetic_Sentences/images/sentence_02760.png,Mokytoja valgo duoną.
Datasets/Synthetic_Sentences/images/sentence_00485.png,Jurgita mėgsta piešti.
Datasets/Real_Handwriting/images/form_367_sentence_2.png,Mielai Gintaras ilsisi paplūdimyje.
Datasets/Real_Handwriting/images/form_025_sentence_3.png,Šiandien tu žiūri retai.
Datasets/Synthetic_Sentences/images/sentence_01867.png,Ar Gintaras mėgsta eiti?
Datasets/Real_Handwriting/images/form_334_sentence_3.png,Mindaugas pradeda sportuoti.
Datasets/Real_Handwriting/images/form_095_sentence_2.png,Jie piešia darbe.
Datasets/Synthetic_Sentences/images/sentence_01003.png,Mielai mokytojas rašo receptą.
Datasets/Synthetic_Sentences/images/sentence_00190.png,Ar Renata mėgsta plaukti?
Datasets/Real_Handwriting/images/form_115_sentence_1.png,Mokytojas eina prie ežero ir mieste.
Datasets/Synthetic_Sentences/images/sentence_01094.png,Švelniai Danielius mokosi parke.
Datasets/Synthetic_Sentences/images/sentence_03076.png,Renata ilsisi namuose.
Datasets/Real_Handwriting/images/form_254_sentence_3.png,Tomas skaito žurnalą.
Datasets/Real_Handwriting/images/form_152_sentence_1.png,Draugai labai šiandien tvarkosi.
Datasets/Real_Handwriting/images/form_240_sentence_1.png,Mergaitė dirba parke.
Datasets/Synthetic_Sentences/images/sentence_02425.png,Ar Mindaugas dirba bibliotekoje?
Datasets/Real_Handwriting/images/form_427_sentence_4.png,Greitai žirgas valgo košę.
Datasets/Synthetic_Sentences/images/sentence_02602.png,Renata mėgsta gerti arbatą.
Datasets/Synthetic_Sentences/images/sentence_00075.png,Lapai krenta nuo liepos rugsėjį.
Datasets/Real_Handwriting/images/form_051_sentence_1.png,Šiandien mergaitė skuba kartu.
Datasets/Synthetic_Sentences/images/sentence_00486.png,Eglė nori gerti arbatą.
Datasets/Real_Handwriting/images/form_411_sentence_1.png,Ar žirgas dirba stotyje?
Datasets/Real_Handwriting/images/form_354_sentence_2.png,Kruopščiai Eglė skaito receptą.
Datasets/Synthetic_Sentences/images/sentence_04240.png,Berniukas perka duoną.
Datasets/Synthetic_Sentences/images/sentence_01722.png,Vakar vaikas nešė gėlę.
Datasets/Real_Handwriting/images/form_422_sentence_2.png,Žilvinas geria vandenį.
Datasets/Synthetic_Sentences/images/sentence_04018.png,Studentė mėgsta bėgti.
Datasets/Synthetic_Sentences/images/sentence_00737.png,Rytoj Saulius eis stotyje.
Datasets/Real_Handwriting/images/form_391_sentence_2.png,Žmogus žaidžia parke.
Datasets/Synthetic_Sentences/images/sentence_03032.png,Vaikas nori skaityti receptą.
Datasets/Real_Handwriting/images/form_497_sentence_3.png,Danielius nori statyti.
Datasets/Synthetic_Sentences/images/sentence_02027.png,Petras stengiasi gerti.
Datasets/Real_Handwriting/images/form_149_sentence_4.png,Mergaitės greitai bėga.
Datasets/Synthetic_Sentences/images/sentence_04231.png,Žilvinas perka duoną.
Datasets/Real_Handwriting/images/form_366_sentence_3.png,Švelniai Neringa sportuoja mieste.
Datasets/Synthetic_Sentences/images/sentence_04764.png,Ar studentas nori groti?
Datasets/Real_Handwriting/images/form_371_sentence_3.png,Paukštis geria arbatą.
Datasets/Synthetic_Sentences/images/sentence_01156.png,Džiaugsmingai Tomas valgo duoną.
Datasets/Synthetic_Sentences/images/sentence_01817.png,Rūpestingai vaikas dirba sode.
Datasets/Synthetic_Sentences/images/sentence_03503.png,Jonas perka duoną.
Datasets/Real_Handwriting/images/form_348_sentence_5.png,Kavinėje kvepėjo kava ir cinamonu.
Datasets/Real_Handwriting/images/form_235_sentence_4.png,Studentas groja muzikos kūrinį.
Datasets/Synthetic_Sentences/images/sentence_00020.png,Lėtai gydytojas neša knygą.
Datasets/Real_Handwriting/images/form_146_sentence_2.png,Šiandien jos keliauoja labai.
Datasets/Real_Handwriting/images/form_341_sentence_1.png,Ar Mindaugas dirba mokykloje?
Datasets/Synthetic_Sentences/images/sentence_03075.png,Šiandien katė ilsisi kavinėje.
Datasets/Synthetic_Sentences/images/sentence_00623.png,Ingrida valgo košę.
Datasets/Synthetic_Sentences/images/sentence_02608.png,Rasa žaidžia stadione.
Datasets/Real_Handwriting/images/form_468_sentence_1.png,Ar Rasa dirba mieste?
Datasets/Real_Handwriting/images/form_078_sentence_5.png,Studentas klauso arbatą mokykloje.
Datasets/Synthetic_Sentences/images/sentence_04356.png,Ar berniukas mėgsta ilsėtis?
Datasets/Real_Handwriting/images/form_387_sentence_5.png,Nuo kalno matosi nuostabus vaizas.
Datasets/Synthetic_Sentences/images/sentence_03925.png,Greitai Kristina neša žaislą.
Datasets/Synthetic_Sentences/images/sentence_03353.png,Berniukas mėgsta gerti pieną.
Datasets/Synthetic_Sentences/images/sentence_03320.png,Vakar Renata nešė dovaną.
Datasets/Synthetic_Sentences/images/sentence_04997.png,Mindaugas nori pirkti gėlę.
Datasets/Real_Handwriting/images/form_089_sentence_1.png,Mokytojai tvarkosi stotyje.
Datasets/Synthetic_Sentences/images/sentence_04803.png,Šiandien katė mokosi kalnuose.
Datasets/Real_Handwriting/images/form_215_sentence_4.png,Katė stato bokštą.
Datasets/Synthetic_Sentences/images/sentence_04395.png,Rūpestingai mokytoja perka knygą.
Datasets/Synthetic_Sentences/images/sentence_03272.png,Jonas valgo vaisius.
Datasets/Synthetic_Sentences/images/sentence_03630.png,Vakar katė skaitė receptą.
Datasets/Real_Handwriting/images/form_308_sentence_5.png,Cecilija čiuožia ant ledo.
Datasets/Real_Handwriting/images/form_109_sentence_3.png,Dažnai gydytojai sportuoja egzaminą.
Datasets/Synthetic_Sentences/images/sentence_03163.png,Rūpestingai Mantas skaito knygą.
Datasets/Synthetic_Sentences/images/sentence_04983.png,Mokytojas gyvena mokykloje.
Datasets/Synthetic_Sentences/images/sentence_01327.png,Mokytoja stengiasi rašyti.
Datasets/Real_Handwriting/images/form_445_sentence_3.png,Marija nori groti.
Datasets/Real_Handwriting/images/form_172_sentence_1.png,Katė eina dainą prie ežero.
Datasets/Real_Handwriting/images/form_062_sentence_1.png,Ar jos rašo?
Datasets/Synthetic_Sentences/images/sentence_03883.png,Jonas žaidžia stotyje.
Datasets/Real_Handwriting/images/form_183_sentence_2.png,Paukštis mokosi receptą.
Datasets/Real_Handwriting/images/form_144_sentence_4.png,Paukštis sportuoja filmą.
Datasets/Synthetic_Sentences/images/sentence_00247.png,Mergaitė dirba kalnuose.
Datasets/Synthetic_Sentences/images/sentence_00368.png,Tyliai mokytojas skaito receptą.
Datasets/Synthetic_Sentences/images/sentence_03467.png,Rytoj Danielius skaitys žemėlapį.
Datasets/Synthetic_Sentences/images/sentence_01861.png,Gintaras nori pirkti žaislą.
Datasets/Real_Handwriting/images/form_023_sentence_3.png,Moteris mėgsta eiti.
Datasets/Synthetic_Sentences/images/sentence_04662.png,Tomas pradeda rašyti.
Datasets/Synthetic_Sentences/images/sentence_01653.png,Katė ilsisi ligoninėje.
Datasets/Synthetic_Sentences/images/sentence_04663.png,Vakar Jonas skaitė knygą.
Datasets/Synthetic_Sentences/images/sentence_01157.png,Ar mergaitė dirba kalnuose?
Datasets/Synthetic_Sentences/images/sentence_02589.png,Gintaras geria vandenį.
Datasets/Synthetic_Sentences/images/sentence_04504.png,Danielius nori rašyti užduotį.
Datasets/Real_Handwriting/images/form_291_sentence_1.png,Vakar paukštis dirbo darbe.
Datasets/Synthetic_Sentences/images/sentence_03562.png,Mokytojas mėgsta skaityti žemėlapį.
Datasets/Synthetic_Sentences/images/sentence_00697.png,Rūpestingai mergaitė neša laišką.
Datasets/Synthetic_Sentences/images/sentence_00009.png,Petras dirba kaime.
Datasets/Real_Handwriting/images/form_041_sentence_5.png,Gydytojai niekada klauso.
Datasets/Synthetic_Sentences/images/sentence_04391.png,Danielius perka duoną.
Datasets/Real_Handwriting/images/form_243_sentence_3.png,Šiandien žmogus perka dovaną.
Datasets/Real_Handwriting/images/form_118_sentence_3.png,Mokytojas geria mokyklą bibliotekoje.
Datasets/Real_Handwriting/images/form_102_sentence_5.png,Jos mėgsta dainuoti kavą.
Datasets/Synthetic_Sentences/images/sentence_04616.png,Rytoj Neringa eis pievoje.
Datasets/Real_Handwriting/images/form_483_sentence_4.png,Vakar Žilvinas dirbo miške.
Datasets/Real_Handwriting/images/form_462_sentence_2.png,Rytoj Mindaugas eis sode.
Datasets/Real_Handwriting/images/form_185_sentence_1.png,Ji vakar verkia.
Datasets/Synthetic_Sentences/images/sentence_02126.png,Katė mokosi ežero pakrantėje.
Datasets/Synthetic_Sentences/images/sentence_01678.png,Tyliai Renata perka knygą.
Datasets/Synthetic_Sentences/images/sentence_03786.png,Studentas nori gerti arbatą.
Datasets/Synthetic_Sentences/images/sentence_01336.png,Ar Tomas dirba sode?
Datasets/Synthetic_Sentences/images/sentence_00383.png,Rytoj Eglė skaitys istoriją.
Datasets/Synthetic_Sentences/images/sentence_04183.png,Švelniai Marija skaito istoriją.
Datasets/Synthetic_Sentences/images/sentence_04355.png,Jonas neša laišką.
Datasets/Synthetic_Sentences/images/sentence_02223.png,Danielius stengiasi mokytis.
Datasets/Synthetic_Sentences/images/sentence_01936.png,Rytoj vaikas eis sode.
Datasets/Real_Handwriting/images/form_160_sentence_4.png,Draugas labai visada eina.
Datasets/Synthetic_Sentences/images/sentence_03698.png,Mokytojas mėgsta valgyti vaisius.
Datasets/Synthetic_Sentences/images/sentence_03638.png,Ar Saulius dirba stotyje?
Datasets/Synthetic_Sentences/images/sentence_02870.png,Rasa rašo žemėlapį.
Datasets/Real_Handwriting/images/form_089_sentence_2.png,Mes nori dirbti.
Datasets/Synthetic_Sentences/images/sentence_04258.png,Gydytojas nori šokti.
Datasets/Synthetic_Sentences/images/sentence_01432.png,Mergaitė ilsisi bibliotekoje.
Datasets/Synthetic_Sentences/images/sentence_01133.png,Marija dirba miške.
Datasets/Real_Handwriting/images/form_287_sentence_2.png,Rytoj Danielius skaitys laišką.
Datasets/Real_Handwriting/images/form_266_sentence_4.png,Drąsiai Saulius mokosi paplūdimyje.
Datasets/Real_Handwriting/images/form_404_sentence_1.png,Vakar mokytojas nešė laišką.
Datasets/Synthetic_Sentences/images/sentence_03117.png,Eglė nori skaityti laišką.
Datasets/Synthetic_Sentences/images/sentence_02492.png,Petras nori skaityti knygą.
Datasets/Real_Handwriting/images/form_504_sentence_1.png,Vakar katė skaitė knygą.
Datasets/Synthetic_Sentences/images/sentence_02541.png,Džiaugsmingai mokytoja skaito žurnalą.
Datasets/Synthetic_Sentences/images/sentence_03180.png,Greitai Renata rašo projektą.
Datasets/Synthetic_Sentences/images/sentence_01039.png,Vakar Petras skaitė žemėlapį.
Datasets/Synthetic_Sentences/images/sentence_00503.png,Gintaras lankosi bibliotekoje.
Datasets/Real_Handwriting/images/form_050_sentence_3.png,Tu galvoja prie ežero ir mieste.
Datasets/Synthetic_Sentences/images/sentence_04683.png,Lėtai Saulius valgo vaisius.
Datasets/Real_Handwriting/images/form_218_sentence_4.png,Mantas mėgsta piešti.
Datasets/Synthetic_Sentences/images/sentence_04196.png,Jurgita sportuoja namuose.
Datasets/Real_Handwriting/images/form_498_sentence_5.png,Cukrų ir cinamoną dedame į pyragą.
Datasets/Real_Handwriting/images/form_175_sentence_4.png,Šiandien mergaitės žaidžia retai.
Datasets/Synthetic_Sentences/images/sentence_03725.png,Saulius ilsisi parke.
Datasets/Real_Handwriting/images/form_339_sentence_5.png,Eglė eina į egzaminą ramiai.
Datasets/Synthetic_Sentences/images/sentence_02860.png,Vaikas mėgsta skaityti laišką.
Datasets/Real_Handwriting/images/form_079_sentence_3.png,Draugas mokosi užduotį kavinėje.
Datasets/Real_Handwriting/images/form_232_sentence_5.png,Obelys žydi baltais žiedais pavasarį.
Datasets/Synthetic_Sentences/images/sentence_03042.png,Eglė gyvena parke.
Datasets/Synthetic_Sentences/images/sentence_03400.png,Laura ilsisi kavinėje.
Datasets/Real_Handwriting/images/form_267_sentence_5.png,Hibiskusas žydi ryškiomis rožinėmis žiedais.
Datasets/Synthetic_Sentences/images/sentence_01677.png,Studentas geria pieną.
Datasets/Synthetic_Sentences/images/sentence_00521.png,Šiandien Renata mokosi stotyje.
Datasets/Real_Handwriting/images/form_098_sentence_4.png,Jie labai blogai mąsto.
Datasets/Synthetic_Sentences/images/sentence_04033.png,Ramiai Mindaugas rašo istoriją.
Datasets/Synthetic_Sentences/images/sentence_02022.png,Mielai Marija mokosi upės pakrantėje.
Datasets/Synthetic_Sentences/images/sentence_01738.png,Saulius sportuoja namuose.
Datasets/Real_Handwriting/images/form_381_sentence_5.png,Cukrų ir cinamoną dedame į pyragą.
Datasets/Synthetic_Sentences/images/sentence_02785.png,Ar studentė skaito laišką?
Datasets/Real_Handwriting/images/form_262_sentence_1.png,Rytoj studentė eis parke.
Datasets/Synthetic_Sentences/images/sentence_04318.png,Studentas lankosi kaime.
Datasets/Synthetic_Sentences/images/sentence_00401.png,Ingrida mėgsta skaityti receptą.
Datasets/Synthetic_Sentences/images/sentence_01794.png,Mergaitė nori gerti vandenį.
Datasets/Real_Handwriting/images/form_427_sentence_3.png,Atidžiai katė neša žaislą.
Datasets/Synthetic_Sentences/images/sentence_01364.png,Vakar mokytojas nešė krepšį.
Datasets/Synthetic_Sentences/images/sentence_03669.png,Rūpestingai mokytoja perka duoną.
Datasets/Real_Handwriting/images/form_165_sentence_4.png,Ar studentas šypsosi?
Datasets/Synthetic_Sentences/images/sentence_04456.png,Studentas stengiasi gerti.
Datasets/Real_Handwriting/images/form_087_sentence_1.png,Aš bijo keliauti projektą.
Datasets/Synthetic_Sentences/images/sentence_03484.png,Katė lankosi miške.
Datasets/Synthetic_Sentences/images/sentence_00924.png,Šiandien Rasa dirba ligoninėje.
Datasets/Real_Handwriting/images/form_159_sentence_5.png,Jūs dainuoja ir dainuoja.
Datasets/Real_Handwriting/images/form_493_sentence_1.png,Studentė lankosi mieste.
Datasets/Synthetic_Sentences/images/sentence_00747.png,Lėtai Mindaugas skaito receptą.
Datasets/Synthetic_Sentences/images/sentence_00123.png,Petras gyvena mieste.
Datasets/Synthetic_Sentences/images/sentence_02280.png,Šiandien Gintaras dirba mokykloje.
Datasets/Synthetic_Sentences/images/sentence_00290.png,Laura pradeda tvarkytis.
Datasets/Synthetic_Sentences/images/sentence_02191.png,Mindaugas valgo košę.
Datasets/Synthetic_Sentences/images/sentence_00208.png,Vakar mokytoja nešė dovaną.
Datasets/Synthetic_Sentences/images/sentence_03233.png,Rytoj Mindaugas eis miške.
Datasets/Synthetic_Sentences/images/sentence_00587.png,Berniukas nori valgyti vaisius.
Datasets/Synthetic_Sentences/images/sentence_04611.png,Tyliai studentė perka kavą.
Datasets/Synthetic_Sentences/images/sentence_01837.png,Švelniai berniukas valgo vaisius.
Datasets/Synthetic_Sentences/images/sentence_01083.png,Vaikas mėgsta valgyti duoną.
Datasets/Real_Handwriting/images/form_225_sentence_1.png,Atidžiai Renata sportuoja darbe.
Datasets/Synthetic_Sentences/images/sentence_04743.png,Vakar katė skaitė žemėlapį.
Datasets/Synthetic_Sentences/images/sentence_01033.png,Vakar Saulius nešė žaislą.
Datasets/Synthetic_Sentences/images/sentence_03713.png,Rytoj šuo eis stadione.
Datasets/Synthetic_Sentences/images/sentence_01740.png,Rūpestingai Jonas rašo projektą.
Datasets/Synthetic_Sentences/images/sentence_04210.png,Mielai Danielius neša laišką.
Datasets/Real_Handwriting/images/form_386_sentence_1.png,Džiaugsmingai šeima valgo duoną.
Datasets/Real_Handwriting/images/form_308_sentence_3.png,Rytoj mokytoja skaitys knygą.
Datasets/Synthetic_Sentences/images/sentence_02784.png,Kristina mėgsta pirkti žaislą.
Datasets/Synthetic_Sentences/images/sentence_02330.png,Ar studentė dirba paplūdimyje?
Datasets/Synthetic_Sentences/images/sentence_01409.png,Gintaras ilsisi bibliotekoje.
Datasets/Synthetic_Sentences/images/sentence_01875.png,Ar vaikas dirba mokykloje?
Datasets/Real_Handwriting/images/form_022_sentence_4.png,Vaikas šypsosi žemėlapį.
Datasets/Synthetic_Sentences/images/sentence_00138.png,Šiandien Jonas ilsisi kavinėje.
Datasets/Synthetic_Sentences/images/sentence_00245.png,Ar Eglė nori dirbti?
Datasets/Real_Handwriting/images/form_413_sentence_2.png,Kruopščiai paukštis dirba namuose.
Datasets/Synthetic_Sentences/images/sentence_00010.png,Renata renka vaisius.
Datasets/Synthetic_Sentences/images/sentence_02653.png,Kristina nori skaityti laišką.
Datasets/Real_Handwriting/images/form_047_sentence_4.png,Jūs garsiai valgo.
Datasets/Synthetic_Sentences/images/sentence_03908.png,Mokytoja nori valgyti košę.
Datasets/Synthetic_Sentences/images/sentence_03717.png,Žilvinas pradeda piešti.
Datasets/Synthetic_Sentences/images/sentence_02061.png,Mergaitė nori skaityti receptą.
Datasets/Synthetic_Sentences/images/sentence_00524.png,Studentė rašo užduotį.
Datasets/Synthetic_Sentences/images/sentence_01888.png,Ar Laura dirba parke?
Datasets/Synthetic_Sentences/images/sentence_00893.png,Vakar mergaitė skaitė istoriją.
Datasets/Real_Handwriting/images/form_444_sentence_4.png,Džiaugsmingai katė perka knygą.
Datasets/Synthetic_Sentences/images/sentence_03880.png,Jurgita mėgsta važiuoti.
Datasets/Synthetic_Sentences/images/sentence_02558.png,Gydytojas neša žaislą.
Datasets/Synthetic_Sentences/images/sentence_02490.png,Ramiai Neringa skaito receptą.
Datasets/Real_Handwriting/images/form_083_sentence_5.png,Greitai katė keliauoja vandenį.
Datasets/Real_Handwriting/images/form_280_sentence_2.png,Kristina mėgsta statyti.
Datasets/Synthetic_Sentences/images/sentence_03721.png,Ar Ingrida mėgsta sportuoti?
Datasets/Synthetic_Sentences/images/sentence_00836.png,Eglė mėgsta gerti pieną.
Datasets/Synthetic_Sentences/images/sentence_03469.png,Renata stengiasi dainuoti.
Datasets/Real_Handwriting/images/form_079_sentence_4.png,Ar vyras kalba?
Datasets/Real_Handwriting/images/form_448_sentence_5.png,Žiemą vaikai mėgsta čiuožti ant ežero ledo.
Datasets/Real_Handwriting/images/form_044_sentence_5.png,Šiandien tu geria greitai.
Datasets/Synthetic_Sentences/images/sentence_01314.png,Danielius rašo laišką.
Datasets/Synthetic_Sentences/images/sentence_04674.png,Rasa pradeda plaukti.
Datasets/Real_Handwriting/images/form_268_sentence_4.png,Šiandien Marija ilsisi pievoje.
Datasets/Real_Handwriting/images/form_336_sentence_5.png,Kavinėje kvepėjo kava ir cinamonu.
Datasets/Synthetic_Sentences/images/sentence_01333.png,Mielai Saulius perka žaislą.
Datasets/Real_Handwriting/images/form_115_sentence_4.png,Moterys labai garsiai rašo.
Datasets/Synthetic_Sentences/images/sentence_00102.png,Petras stengiasi sportuoti.
Datasets/Synthetic_Sentences/images/sentence_04045.png,Mantas mėgsta gerti arbatą.
Datasets/Synthetic_Sentences/images/sentence_02513.png,Tomas neša krepšį.
Datasets/Synthetic_Sentences/images/sentence_00542.png,Tomas nori skaityti laišką.
Datasets/Synthetic_Sentences/images/sentence_04539.png,Šiandien Mantas perka dovaną.
Datasets/Synthetic_Sentences/images/sentence_03533.png,Jurgita geria kavą.
Datasets/Synthetic_Sentences/images/sentence_00018.png,Vaikas skaito istoriją.
Datasets/Synthetic_Sentences/images/sentence_04507.png,Ar mergaitė skaito žemėlapį?
Datasets/Synthetic_Sentences/images/sentence_00981.png,Šiandien Neringa mokosi namuose.
Datasets/Synthetic_Sentences/images/sentence_00991.png,Šiandien Renata dirba miške.
Datasets/Synthetic_Sentences/images/sentence_04146.png,Rūpestingai katė valgo daržoves.
Datasets/Synthetic_Sentences/images/sentence_03888.png,Neringa sportuoja stadione.
Datasets/Synthetic_Sentences/images/sentence_04593.png,Šiandien mokytojas ilsisi stadione.
Datasets/Real_Handwriting/images/form_096_sentence_2.png,Gerai vaikai kalba mokyklą.
Datasets/Synthetic_Sentences/images/sentence_01298.png,Vakar Jonas skaitė laišką.
Datasets/Real_Handwriting/images/form_260_sentence_5.png,Šventė prasidėjo linksmai ir baigėsi džiaugsmingai.
Datasets/Synthetic_Sentences/images/sentence_03699.png,Mantas mėgsta gerti vandenį.
Datasets/Real_Handwriting/images/form_508_sentence_2.png,Gintaras ilsisi ežero pakrantėje.
Datasets/Real_Handwriting/images/form_477_sentence_1.png,Rasa nori statyti žurnalą.
Datasets/Real_Handwriting/images/form_069_sentence_2.png,Vyras miega stadione.
Datasets/Real_Handwriting/images/form_466_sentence_2.png,Vaikas mėgsta ilsėtis.
Datasets/Real_Handwriting/images/form_236_sentence_5.png,Katė keliasi anksti kiekvieną rytą.
Datasets/Synthetic_Sentences/images/sentence_04035.png,Mindaugas mėgsta sportuoti.
Datasets/Synthetic_Sentences/images/sentence_03627.png,Džiaugsmingai Eglė perka duoną.
Datasets/Real_Handwriting/images/form_141_sentence_5.png,Mokytojas mėgsta rašyti.
Datasets/Real_Handwriting/images/form_086_sentence_5.png,Šiandien mes eina retai.
Datasets/Real_Handwriting/images/form_214_sentence_1.png,Rasa rašo užduotį.
Datasets/Real_Handwriting/images/form_162_sentence_5.png,Mokytojai pradeda eiti.
Datasets/Synthetic_Sentences/images/sentence_04834.png,Neringa nori rašyti laišką.
Datasets/Synthetic_Sentences/images/sentence_02065.png,Rytoj Neringa skaitys laišką.
Datasets/Synthetic_Sentences/images/sentence_00586.png,Mantas neša žaislą.
Datasets/Synthetic_Sentences/images/sentence_00864.png,Studentas gyvena stadione.
Datasets/Synthetic_Sentences/images/sentence_04882.png,Gydytojas žaidžia darbe.
Datasets/Synthetic_Sentences/images/sentence_00191.png,Lėtai Tomas mokosi paplūdimyje.
Datasets/Real_Handwriting/images/form_051_sentence_2.png,Jos šoka arbatą namuose.
Datasets/Synthetic_Sentences/images/sentence_02276.png,Eglė renka obuolius.
Datasets/Synthetic_Sentences/images/sentence_02325.png,Rasa rašo laišką.
Datasets/Synthetic_Sentences/images/sentence_00881.png,Ar studentė dirba kaime?
Datasets/Synthetic_Sentences/images/sentence_01506.png,Švelniai Jonas skaito istoriją.
Datasets/Real_Handwriting/images/form_221_sentence_5.png,Katė keliasi anksti kiekvieną rytą.
Datasets/Synthetic_Sentences/images/sentence_02828.png,Garsiai Mantas perka gėlę.
Datasets/Synthetic_Sentences/images/sentence_02216.png,Tyliai mergaitė neša žaislą.
Datasets/Synthetic_Sentences/images/sentence_01885.png,Ar Jonas mėgsta groti?
Datasets/Real_Handwriting/images/form_421_sentence_4.png,Katė mokosi parke.
Datasets/Real_Handwriting/images/form_272_sentence_1.png,Neringa nori šokti laišką.
Datasets/Synthetic_Sentences/images/sentence_04364.png,Atidžiai Eglė ilsisi ežero pakrantėje.
Datasets/Synthetic_Sentences/images/sentence_00840.png,Džiaugsmingai vaikas ilsisi mieste.
Datasets/Synthetic_Sentences/images/sentence_00420.png,Gydytojas rašo užduotį.
Datasets/Synthetic_Sentences/images/sentence_03461.png,Garsiai Mantas perka gėlę.
Datasets/Synthetic_Sentences/images/sentence_00407.png,Rūpestingai Mantas skaito laišką.
Datasets/Real_Handwriting/images/form_361_sentence_3.png,Studentas gyvena ežero pakrantėje.
Datasets/Synthetic_Sentences/images/sentence_00056.png,Atidžiai mokytoja neša krepšį.
Datasets/Real_Handwriting/images/form_338_sentence_4.png,Garsiai paukštis sportuoja mieste.
Datasets/Synthetic_Sentences/images/sentence_01959.png,Vakar Jurgita dirbo mieste.
Datasets/Real_Handwriting/images/form_210_sentence_2.png,Mokytojas mokosi ežero pakrantėje.
Datasets/Synthetic_Sentences/images/sentence_04553.png,Vakar Jonas skaitė žemėlapį.
Datasets/Real_Handwriting/images/form_103_sentence_5.png,Šiandien šuo eina atidžiai.
Datasets/Synthetic_Sentences/images/sentence_01143.png,Ar Žilvinas dirba sode?
Datasets/Real_Handwriting/images/form_104_sentence_3.png,Jos mėgsta miegoti.
Datasets/Real_Handwriting/images/form_021_sentence_5.png,Mes miega stadione.
Datasets/Real_Handwriting/images/form_265_sentence_1.png,Džiaugsmingai Marija mokosi bibliotekoje.
Datasets/Real_Handwriting/images/form_322_sentence_4.png,Rūpestingai Mantas ilsisi kaime.
Datasets/Real_Handwriting/images/form_292_sentence_4.png,Mokytojas geria arbatą.
Datasets/Synthetic_Sentences/images/sentence_04908.png,Drąsiai Jurgita ilsisi miške.
Datasets/Real_Handwriting/images/form_146_sentence_4.png,Ji atidžiai kalba.
Datasets/Real_Handwriting/images/form_149_sentence_3.png,Jie šoka namuose.
Datasets/Real_Handwriting/images/form_348_sentence_1.png,Šuo būna parke.
Datasets/Synthetic_Sentences/images/sentence_02661.png,Lėtai Kristina mokosi kavinėje.
Datasets/Synthetic_Sentences/images/sentence_03517.png,Ar Gintaras skaito receptą?
Datasets/Synthetic_Sentences/images/sentence_04000.png,Berniukas nori mokytis.
Datasets/Real_Handwriting/images/form_257_sentence_4.png,Mielai Kristina perka kavą.
Datasets/Synthetic_Sentences/images/sentence_02717.png,Ar berniukas dirba kaime?
Datasets/Real_Handwriting/images/form_353_sentence_5.png,Kartu keliaujame per kalnų taką.
Datasets/Synthetic_Sentences/images/sentence_01004.png,Kristina geria pieną.
Datasets/Synthetic_Sentences/images/sentence_01078.png,Saulius perka dovaną.
Datasets/Synthetic_Sentences/images/sentence_04032.png,Vakar Mindaugas nešė gėlę.
Datasets/Real_Handwriting/images/form_219_sentence_1.png,Mantas stato bokštą.
Datasets/Synthetic_Sentences/images/sentence_04091.png,Mergaitė renka grybus.
Datasets/Synthetic_Sentences/images/sentence_00196.png,Kristina perka dovaną.
Datasets/Synthetic_Sentences/images/sentence_03907.png,Mielai Marija ilsisi miške.
Datasets/Synthetic_Sentences/images/sentence_01856.png,Šiandien mergaitė perka žaislą.
Datasets/Real_Handwriting/images/form_356_sentence_2.png,Šiandien Jurgita ilsisi parke.
Datasets/Real_Handwriting/images/form_382_sentence_5.png,Čiulba paukščiai ankstų rytą.
Datasets/Synthetic_Sentences/images/sentence_04715.png,Garsiai Neringa neša knygą.
Datasets/Synthetic_Sentences/images/sentence_02112.png,Mergaitė lankosi namuose.
Datasets/Synthetic_Sentences/images/sentence_00079.png,Švelniai Neringa mokosi stadione.
Datasets/Synthetic_Sentences/images/sentence_02332.png,Vaikas žaidžia upės pakrantėje.
Datasets/Real_Handwriting/images/form_021_sentence_4.png,Gydytojas mokosi knygą.
Datasets/Synthetic_Sentences/images/sentence_01172.png,Ar Kristina mėgsta kalbėti?
Datasets/Synthetic_Sentences/images/sentence_03524.png,Jonas sportuoja kalnuose.
Datasets/Synthetic_Sentences/images/sentence_03871.png,Ar Saulius mokosi kaime?
Datasets/Synthetic_Sentences/images/sentence_04185.png,Katė perka gėlę.
Datasets/Synthetic_Sentences/images/sentence_01492.png,Mielai mokytojas skaito laišką.
Datasets/Synthetic_Sentences/images/sentence_00119.png,Katė žaidžia kalnuose.
Datasets/Synthetic_Sentences/images/sentence_01909.png,Ar mergaitė skaito knygą?
Datasets/Real_Handwriting/images/form_460_sentence_3.png,Rytoj žirgas skaitys žurnalą.
Datasets/Synthetic_Sentences/images/sentence_00803.png,Garsiai Neringa skaito receptą.
Datasets/Real_Handwriting/images/form_245_sentence_2.png,Saulius nori valgyti duoną.
Datasets/Real_Handwriting/images/form_285_sentence_3.png,Paukštis geria vandenį.
Datasets/Synthetic_Sentences/images/sentence_02555.png,Atidžiai katė skaito knygą.
Datasets/Synthetic_Sentences/images/sentence_01798.png,Vakar Laura nešė krepšį.
Datasets/Real_Handwriting/images/form_435_sentence_2.png,Atidžiai žirgas neša žaislą.
Datasets/Synthetic_Sentences/images/sentence_04410.png,Džiaugsmingai mokytojas neša krepšį.
Datasets/Real_Handwriting/images/form_368_sentence_4.png,Švelniai šuo valgo obuolį.
Datasets/Synthetic_Sentences/images/sentence_00363.png,Tomas sportuoja bibliotekoje.
Datasets/Real_Handwriting/images/form_148_sentence_1.png,Gydytojas dainuoja namuose ir kalnuose.
Datasets/Synthetic_Sentences/images/sentence_04479.png,Kristina ilsisi parke.
Datasets/Real_Handwriting/images/form_478_sentence_2.png,Mokytoja būna kalnuose.
Datasets/Real_Handwriting/images/form_318_sentence_1.png,Mokytojas nori kalbėti žemėlapį.
Datasets/Real_Handwriting/images/form_028_sentence_1.png,Smagiai moteris tvarkosi knygą.
Datasets/Synthetic_Sentences/images/sentence_01645.png,Laura žaidžia mieste.
Datasets/Synthetic_Sentences/images/sentence_00058.png,Jonas bando važiuoti.
Datasets/Synthetic_Sentences/images/sentence_04113.png,Studentė stengiasi ilsėtis.
Datasets/Real_Handwriting/images/form_320_sentence_5.png,Žiema atneša sniegą ir šaltį.
Datasets/Synthetic_Sentences/images/sentence_00201.png,Mielai katė ilsisi mokykloje.
Datasets/Synthetic_Sentences/images/sentence_03354.png,Vaikas žaidžia darbe.
Datasets/Synthetic_Sentences/images/sentence_00197.png,Mokytoja sportuoja kaime.
Datasets/Real_Handwriting/images/form_274_sentence_1.png,Ar studentė skaito istoriją?
Datasets/Synthetic_Sentences/images/sentence_00369.png,Šiandien studentas perka žaislą.
Datasets/Real_Handwriting/images/form_269_sentence_3.png,Neringa perka gėlę.
Datasets/Real_Handwriting/images/form_358_sentence_5.png,Čiurlionį menininkai laiko išskirtiniu kūrėju.
Datasets/Synthetic_Sentences/images/sentence_00921.png,Gintaras mėgsta skaityti žemėlapį.
Datasets/Synthetic_Sentences/images/sentence_01149.png,Mielai Petras valgo košę.
Datasets/Synthetic_Sentences/images/sentence_02573.png,Vakar katė nešė dovaną.
Datasets/Real_Handwriting/images/form_273_sentence_1.png,Vakar gydytojas nešė knygą.
Datasets/Synthetic_Sentences/images/sentence_00194.png,Gintaras sportuoja pievoje.
Datasets/Synthetic_Sentences/images/sentence_02136.png,Mielai mokytoja dirba kavinėje.
Datasets/Synthetic_Sentences/images/sentence_02684.png,Renata mėgsta gerti kavą.
Datasets/Real_Handwriting/images/form_198_sentence_3.png,Dabar tu kalba knygą.
Datasets/Synthetic_Sentences/images/sentence_00735.png,Šiandien šuo mokosi kalnuose.
Datasets/Synthetic_Sentences/images/sentence_02340.png,Danielius nori valgyti sriubą.
Datasets/Synthetic_Sentences/images/sentence_03954.png,Rasa lankosi ligoninėje.
Datasets/Synthetic_Sentences/images/sentence_00333.png,Gydytojas sportuoja darbe.
Datasets/Real_Handwriting/images/form_152_sentence_2.png,Šiandien moterys rašo greitai.
Datasets/Synthetic_Sentences/images/sentence_01225.png,Kruopščiai Mantas dirba stadione.
Datasets/Synthetic_Sentences/images/sentence_01550.png,Gydytojas nori kalbėti.
Datasets/Synthetic_Sentences/images/sentence_00741.png,Marija pradeda mokytis.
Datasets/Synthetic_Sentences/images/sentence_00348.png,Atidžiai Rasa dirba stadione.
Datasets/Synthetic_Sentences/images/sentence_04750.png,Marija neša laišką.
Datasets/Synthetic_Sentences/images/sentence_01578.png,Petras stengiasi plaukti.
Datasets/Real_Handwriting/images/form_163_sentence_3.png,Gydytojai smagiai rašo.
Datasets/Synthetic_Sentences/images/sentence_04094.png,Šiandien Laura dirba paplūdimyje.
Datasets/Synthetic_Sentences/images/sentence_02666.png,Laura stengiasi žaisti.
Datasets/Synthetic_Sentences/images/sentence_01440.png,Ar Kristina mėgsta keliauti?
Datasets/Real_Handwriting/images/form_457_sentence_4.png,Laura mokosi upės pakrantėje.
Datasets/Synthetic_Sentences/images/sentence_03541.png,Vaikas pradeda kalbėti.
Datasets/Synthetic_Sentences/images/sentence_01545.png,Kristina stengiasi gerti.
Datasets/Synthetic_Sentences/images/sentence_00873.png,Katė ilsisi kalnuose.
Datasets/Real_Handwriting/images/form_313_sentence_5.png,Universiteto studentai žaidžia šachmatais laisvalaikiu.
Datasets/Real_Handwriting/images/form_411_sentence_5.png,Universiteto studentai žaidžia šachmatais laisvalaikiu.
Datasets/Synthetic_Sentences/images/sentence_04118.png,Tyliai berniukas mokosi namuose.
Datasets/Real_Handwriting/images/form_486_sentence_2.png,Renata ilsisi ligoninėje.
Datasets/Synthetic_Sentences/images/sentence_02139.png,Žilvinas mėgsta pirkti arbatą.
Datasets/Synthetic_Sentences/images/sentence_02314.png,Šiandien Kristina perka knygą.
Datasets/Real_Handwriting/images/form_312_sentence_2.png,Vakar Laura skaitė istoriją.
Datasets/Real_Handwriting/images/form_040_sentence_2.png,Jis nemėgsta gerti laišką.
Datasets/Real_Handwriting/images/form_381_sentence_3.png,Berniukas groja simfoniją.
Datasets/Synthetic_Sentences/images/sentence_02916.png,Orelis skrenda aukštai virš kalnų.
Datasets/Synthetic_Sentences/images/sentence_04734.png,Studentė nori rašyti projektą.
Datasets/Real_Handwriting/images/form_456_sentence_5.png,Universiteto studentai žaidžia šachmatais laisvalaikiu.
Datasets/Real_Handwriting/images/form_415_sentence_1.png,Mergaitė nori groti paveikslą.
Datasets/Synthetic_Sentences/images/sentence_03399.png,Rytoj mokytojas eis mieste.
Datasets/Real_Handwriting/images/form_349_sentence_3.png,Mergaitė geria sultis.
Datasets/Synthetic_Sentences/images/sentence_02271.png,Danielius rašo istoriją.
Datasets/Synthetic_Sentences/images/sentence_03261.png,Mokytojas pradeda valgyti.
Datasets/Synthetic_Sentences/images/sentence_00142.png,Mokytoja nori mokytis.
Datasets/Real_Handwriting/images/form_161_sentence_4.png,Jos pradeda šokti.
Datasets/Real_Handwriting/images/form_343_sentence_3.png,Mielai Gintaras rašo žemėlapį.
Datasets/Synthetic_Sentences/images/sentence_04995.png,Šuo skaito knygą.
Datasets/Synthetic_Sentences/images/sentence_03552.png,Marija mėgsta valgyti košę.
Datasets/Synthetic_Sentences/images/sentence_00096.png,Marija nori pirkti gėlę.
Datasets/Synthetic_Sentences/images/sentence_01410.png,Ar Eglė dirba bibliotekoje?
Datasets/Real_Handwriting/images/form_190_sentence_2.png,Lėtai moteris verkia istoriją.
Datasets/Synthetic_Sentences/images/sentence_03222.png,Ingrida skaito receptą.
Datasets/Synthetic_Sentences/images/sentence_01824.png,Ar vaikas mėgsta sportuoti?
Datasets/Real_Handwriting/images/form_392_sentence_5.png,Universiteto studentai žaidžia šachmatais laisvalaikiu.
Datasets/Real_Handwriting/images/form_356_sentence_4.png,Rasa mėgsta žaisti arbatą.
Datasets/Synthetic_Sentences/images/sentence_03860.png,Mantas mėgsta pirkti knygą.
Datasets/Synthetic_Sentences/images/sentence_01731.png,Katė nori rašyti receptą.
Datasets/Synthetic_Sentences/images/sentence_01121.png,Mokytoja neša knygą.
Datasets/Synthetic_Sentences/images/sentence_03900.png,Šiandien Eglė ilsisi miške.
Datasets/Real_Handwriting/images/form_437_sentence_3.png,Danielius gyvena sode.
Datasets/Real_Handwriting/images/form_493_sentence_3.png,Mantas žaidžia ežero pakrantėje.
Datasets/Synthetic_Sentences/images/sentence_03462.png,Renata rašo istoriją.
Datasets/Real_Handwriting/images/form_387_sentence_1.png,Danielius pradeda mokytis.
Datasets/Synthetic_Sentences/images/sentence_00285.png,Mokytojas perka dovaną.
Datasets/Real_Handwriting/images/form_382_sentence_3.png,Neringa valgo daržoves.
Datasets/Synthetic_Sentences/images/sentence_03851.png,Džiaugsmingai Jonas ilsisi stadione.
Datasets/Synthetic_Sentences/images/sentence_02688.png,Rūpestingai Kristina mokosi sode.
Datasets/Synthetic_Sentences/images/sentence_02386.png,Rūpestingai mokytojas ilsisi mokykloje.
Datasets/Synthetic_Sentences/images/sentence_02548.png,Vakar Žilvinas nešė žaislą.
Datasets/Synthetic_Sentences/images/sentence_04654.png,Mindaugas rašo projektą.
Datasets/Synthetic_Sentences/images/sentence_02914.png,Saulius nori gerti kavą.
Datasets/Synthetic_Sentences/images/sentence_03349.png,Ingrida žaidžia kaime.
Datasets/Real_Handwriting/images/form_448_sentence_2.png,Rasa stengiasi sportuoti.
Datasets/Real_Handwriting/images/form_397_sentence_2.png,Vakar žirgas nešė žaislą.
Datasets/Synthetic_Sentences/images/sentence_01780.png,Gydytojas skaito istoriją.
Datasets/Real_Handwriting/images/form_195_sentence_5.png,Mergaitės piešia vandenį.
Datasets/Real_Handwriting/images/form_253_sentence_2.png,Renata nori ilsėtis.
Datasets/Synthetic_Sentences/images/sentence_04562.png,Ar Neringa nori važiuoti?
Datasets/Real_Handwriting/images/form_431_sentence_2.png,Džiaugsmingai Tomas perka žaislą.
Datasets/Synthetic_Sentences/images/sentence_04436.png,Vakar Rasa skaitė žemėlapį.
Datasets/Real_Handwriting/images/form_209_sentence_1.png,Garsiai studentas rašo receptą.
Datasets/Synthetic_Sentences/images/sentence_03128.png,Mantas mėgsta skaityti receptą.
Datasets/Synthetic_Sentences/images/sentence_03622.png,Vakar Gintaras nešė žaislą.
Datasets/Real_Handwriting/images/form_311_sentence_1.png,Ar Danielius nori važiuoti?
Datasets/Synthetic_Sentences/images/sentence_00323.png,Rytoj Neringa skaitys receptą.
Datasets/Synthetic_Sentences/images/sentence_03307.png,Ar Petras dirba stotyje?
Datasets/Synthetic_Sentences/images/sentence_01840.png,Tomas geria vandenį.
Datasets/Synthetic_Sentences/images/sentence_01108.png,Kruopščiai Mindaugas ilsisi namuose.
Datasets/Synthetic_Sentences/images/sentence_03814.png,Tomas sportuoja mieste.
Datasets/Synthetic_Sentences/images/sentence_02024.png,Petras ilsisi sode.
Datasets/Synthetic_Sentences/images/sentence_02239.png,Garsiai Gintaras ilsisi sode.
Datasets/Synthetic_Sentences/images/sentence_00490.png,Vaikas bando žaisti.
Datasets/Synthetic_Sentences/images/sentence_03237.png,Kruopščiai Saulius rašo žemėlapį.
Datasets/Synthetic_Sentences/images/sentence_02345.png,Rūpestingai mokytoja neša knygą.
Datasets/Synthetic_Sentences/images/sentence_00259.png,Tyliai Eglė mokosi kavinėje.
Datasets/Synthetic_Sentences/images/sentence_04407.png,Berniukas rašo projektą.
Datasets/Synthetic_Sentences/images/sentence_03273.png,Eglė perka kavą.
Datasets/Synthetic_Sentences/images/sentence_01939.png,Ar studentas mėgsta bėgti?
Datasets/Synthetic_Sentences/images/sentence_04070.png,Jonas mėgsta gerti pieną.
Datasets/Synthetic_Sentences/images/sentence_04251.png,Žilvinas sportuoja miške.
Datasets/Synthetic_Sentences/images/sentence_04910.png,Mindaugas valgo sriubą.
Datasets/Synthetic_Sentences/images/sentence_00863.png,Rasa pradeda groti.
Datasets/Real_Handwriting/images/form_465_sentence_2.png,Ramiai Jonas sportuoja namuose.
Datasets/Synthetic_Sentences/images/sentence_01520.png,Ingrida dirba ligoninėje.
Datasets/Synthetic_Sentences/images/sentence_02368.png,Šiandien vaikas mokosi kavinėje.
Datasets/Synthetic_Sentences/images/sentence_03619.png,Rūpestingai Renata neša žaislą.
Datasets/Real_Handwriting/images/form_164_sentence_2.png,Mokytojas bijo valgyti egzaminą.
Datasets/Synthetic_Sentences/images/sentence_02160.png,Ar Neringa dirba kaime?
Datasets/Synthetic_Sentences/images/sentence_02405.png,Kruopščiai Marija mokosi mieste.
Datasets/Synthetic_Sentences/images/sentence_04595.png,Švelniai gydytojas dirba ežero pakrantėje.
Datasets/Real_Handwriting/images/form_320_sentence_3.png,Ar Saulius mokosi miške?
Datasets/Synthetic_Sentences/images/sentence_03485.png,Šiandien Saulius perka knygą.
Datasets/Synthetic_Sentences/images/sentence_02321.png,Rasa skaito istoriją.
Datasets/Synthetic_Sentences/images/sentence_02978.png,Rasa nori tvarkytis.
Datasets/Synthetic_Sentences/images/sentence_03129.png,Ar Renata dirba kavinėje?
Datasets/Real_Handwriting/images/form_458_sentence_3.png,Garsiai šeima sportuoja kalnuose.
Datasets/Synthetic_Sentences/images/sentence_03225.png,Drąsiai Mantas mokosi darbe.
Datasets/Real_Handwriting/images/form_174_sentence_2.png,Vyras žiūri stotyje ir stotyje.
Datasets/Real_Handwriting/images/form_084_sentence_4.png,Šiandien gydytojai šypsosi kruopščiai.
Datasets/Synthetic_Sentences/images/sentence_04103.png,Jurgita gyvena namuose.
Datasets/Synthetic_Sentences/images/sentence_02052.png,Berniukas nori valgyti.
Datasets/Synthetic_Sentences/images/sentence_04434.png,Garsiai Žilvinas skaito laišką.
Datasets/Real_Handwriting/images/form_176_sentence_2.png,Jis sportuoja ir sportuoja.
Datasets/Real_Handwriting/images/form_146_sentence_1.png,Gydytojas bijo kalbėti kavą.
Datasets/Real_Handwriting/images/form_290_sentence_1.png,Rasa sportuoja bibliotekoje.
Datasets/Real_Handwriting/images/form_352_sentence_1.png,Eglė dirba darbe.
Datasets/Real_Handwriting/images/form_206_sentence_2.png,Ar šeima dirba ežero pakrantėje?
Datasets/Real_Handwriting/images/form_407_sentence_5.png,Cukrų ir cinamoną dedame į pyragą.
Datasets/Synthetic_Sentences/images/sentence_02874.png,Mokytoja lankosi kavinėje.
Datasets/Real_Handwriting/images/form_179_sentence_5.png,Jie mėgsta žaisti.
Datasets/Real_Handwriting/images/form_089_sentence_4.png,Šiandien paukštis miega vakar.
Datasets/Synthetic_Sentences/images/sentence_00670.png,Mindaugas mėgsta valgyti duoną.
Datasets/Real_Handwriting/images/form_100_sentence_2.png,Šiandien šuo žaidžia rytoj.
Datasets/Synthetic_Sentences/images/sentence_00679.png,Rasa stengiasi keliauti.
Datasets/Real_Handwriting/images/form_288_sentence_5.png,Žiemą vaikai mėgsta čiuožti ant ežero ledo.
Datasets/Synthetic_Sentences/images/sentence_00907.png,Rasa nori gerti.
Datasets/Synthetic_Sentences/images/sentence_02736.png,Katė nori gerti kavą.
Datasets/Synthetic_Sentences/images/sentence_00346.png,Rasa nori pirkti žaislą.
Datasets/Synthetic_Sentences/images/sentence_00186.png,Atidžiai Rasa mokosi kalnuose.
Datasets/Synthetic_Sentences/images/sentence_03909.png,Mindaugas nori rašyti laišką.
Datasets/Synthetic_Sentences/images/sentence_04165.png,Ar Renata skaito žurnalą?
Datasets/Real_Handwriting/images/form_256_sentence_2.png,Žmogus geria sultis.
Datasets/Synthetic_Sentences/images/sentence_00760.png,Šiandien Eglė perka gėlę.
Datasets/Real_Handwriting/images/form_414_sentence_1.png,Garsiai katė rašo laišką.
Datasets/Synthetic_Sentences/images/sentence_04732.png,Ar Kristina mokosi ligoninėje?
Datasets/Real_Handwriting/images/form_472_sentence_4.png,Ar Mantas skaito receptą?
Datasets/Real_Handwriting/images/form_205_sentence_3.png,Vakar mokytojas dirbo mokykloje.
Datasets/Synthetic_Sentences/images/sentence_04215.png,Mokytoja mėgsta pirkti kavą.
Datasets/Real_Handwriting/images/form_150_sentence_2.png,Šuo eina ir eina.
Datasets/Real_Handwriting/images/form_355_sentence_4.png,Saulius nori bėgti receptą.
Datasets/Real_Handwriting/images/form_252_sentence_2.png,Šiandien mokytoja ilsisi mokykloje.
Datasets/Synthetic_Sentences/images/sentence_04753.png,Ar Ingrida mokosi stotyje?
Datasets/Real_Handwriting/images/form_059_sentence_4.png,Vyrai stengiasi dirbti receptą.
Datasets/Real_Handwriting/images/form_008_sentence_3.png,Ar aš šoka?
Datasets/Synthetic_Sentences/images/sentence_04543.png,Renata nori skaityti laišką.
Datasets/Synthetic_Sentences/images/sentence_04875.png,Gintaras žaidžia sode.
Datasets/Synthetic_Sentences/images/sentence_04761.png,Drąsiai Mantas ilsisi sode.
Datasets/Synthetic_Sentences/images/sentence_01490.png,Berniukas nori pirkti gėlę.
Datasets/Real_Handwriting/images/form_335_sentence_5.png,Universiteto studentai žaidžia šachmatais laisvalaikiu.
Datasets/Synthetic_Sentences/images/sentence_03004.png,Tyliai šuo ilsisi kavinėje.
Datasets/Synthetic_Sentences/images/sentence_01399.png,Ar katė nori keliauti?
Datasets/Synthetic_Sentences/images/sentence_04526.png,Berniukas dirba bibliotekoje.
Datasets/Synthetic_Sentences/images/sentence_04292.png,Šiandien mokytojas dirba miške.
Datasets/Real_Handwriting/images/form_043_sentence_1.png,Moteris lėtai dirba.
Datasets/Synthetic_Sentences/images/sentence_01360.png,Vaikas sportuoja miške.
Datasets/Synthetic_Sentences/images/sentence_01439.png,Danielius rašo receptą.
Datasets/Real_Handwriting/images/form_231_sentence_3.png,Ramiai gydytojas rašo žemėlapį.
Datasets/Real_Handwriting/images/form_440_sentence_4.png,Vaikas žaidžia pievoje.
Datasets/Real_Handwriting/images/form_296_sentence_5.png,Universiteto studentai žaidžia šachmatais laisvalaikiu.
Datasets/Synthetic_Sentences/images/sentence_03435.png,Drąsiai Ingrida valgo sriubą.
Datasets/Synthetic_Sentences/images/sentence_02700.png,"Gieda paukščiai, kol saulė leidžiasi."
Datasets/Synthetic_Sentences/images/sentence_04179.png,Šuo ilsisi paplūdimyje.
Datasets/Real_Handwriting/images/form_147_sentence_4.png,Greitai moteris žaidžia kavą.
Datasets/Synthetic_Sentences/images/sentence_00227.png,Eglė dirba stotyje.
Datasets/Synthetic_Sentences/images/sentence_00300.png,Jurgita mėgsta valgyti daržoves.
Datasets/Synthetic_Sentences/images/sentence_04488.png,Garsiai katė neša krepšį.
Datasets/Synthetic_Sentences/images/sentence_04943.png,Vakar Laura nešė laišką.
Datasets/Synthetic_Sentences/images/sentence_04632.png,Neringa rašo projektą.
Datasets/Synthetic_Sentences/images/sentence_01827.png,Petras mėgsta valgyti sriubą.
Datasets/Real_Handwriting/images/form_151_sentence_1.png,Katė geria žemėlapį mieste.
Datasets/Real_Handwriting/images/form_338_sentence_2.png,Rytoj mergaitė skaitys žurnalą.
Datasets/Synthetic_Sentences/images/sentence_02877.png,Rytoj Laura skaitys receptą.
Datasets/Real_Handwriting/images/form_307_sentence_2.png,Mindaugas valgo daržoves.
Datasets/Synthetic_Sentences/images/sentence_00033.png,Studentė nori gerti arbatą.
Datasets/Synthetic_Sentences/images/sentence_00260.png,Ar Eglė nori rašyti?
Datasets/Synthetic_Sentences/images/sentence_00181.png,Mokytoja nori rašyti žemėlapį.
Datasets/Real_Handwriting/images/form_448_sentence_3.png,Šiandien katė ilsisi miške.
Datasets/Synthetic_Sentences/images/sentence_03478.png,Renata valgo sriubą.
Datasets/Synthetic_Sentences/images/sentence_03802.png,Ar Danielius dirba ligoninėje?
Datasets/Synthetic_Sentences/images/sentence_01692.png,Mindaugas nori skaityti istoriją.
Datasets/Synthetic_Sentences/images/sentence_03577.png,Marija mokosi sode.
Datasets/Synthetic_Sentences/images/sentence_02098.png,Vakar mokytojas nešė krepšį.
Datasets/Real_Handwriting/images/form_399_sentence_4.png,Šuo gyvena bibliotekoje.
Datasets/Synthetic_Sentences/images/sentence_02998.png,Žilvinas renka akmenis.
Datasets/Real_Handwriting/images/form_497_sentence_4.png,Neringa perka kavą.
Datasets/Synthetic_Sentences/images/sentence_01583.png,Ramiai Kristina mokosi bibliotekoje.
Datasets/Synthetic_Sentences/images/sentence_00885.png,Šuo nori valgyti košę.
Datasets/Synthetic_Sentences/images/sentence_01647.png,Šiandien Jurgita skaito žurnalą.
Datasets/Real_Handwriting/images/form_346_sentence_3.png,Šiandien Mindaugas mokosi pievoje.
Datasets/Real_Handwriting/images/form_212_sentence_2.png,Paukštis lankosi ligoninėje.
Datasets/Synthetic_Sentences/images/sentence_02658.png,Ingrida nori skaityti žemėlapį.
Datasets/Synthetic_Sentences/images/sentence_03557.png,Vaikas nori bėgti.
Datasets/Real_Handwriting/images/form_188_sentence_1.png,Vyras labai kartu kalba.
Datasets/Real_Handwriting/images/form_361_sentence_1.png,Danielius mokosi stotyje.
Datasets/Real_Handwriting/images/form_352_sentence_2.png,Rytoj šuo skaitys žurnalą.
Datasets/Synthetic_Sentences/images/sentence_04581.png,Tomas mėgsta skaityti knygą.
Datasets/Synthetic_Sentences/images/sentence_01022.png,Vakar Gintaras dirbo stotyje.
Datasets/Synthetic_Sentences/images/sentence_04440.png,Žilvinas valgo vaisius.
Datasets/Synthetic_Sentences/images/sentence_01406.png,Eglė renka grybus.
Datasets/Synthetic_Sentences/images/sentence_00598.png,Ingrida ilsisi stadione.
Datasets/Synthetic_Sentences/images/sentence_01655.png,Renata nori gerti vandenį.
Datasets/Synthetic_Sentences/images/sentence_04658.png,Šiandien Žilvinas dirba paplūdimyje.
Datasets/Real_Handwriting/images/form_445_sentence_2.png,Šiandien mokytoja ilsisi darbe.
Datasets/Real_Handwriting/images/form_184_sentence_1.png,Gydytojai nemėgsta galvoti.
Datasets/Synthetic_Sentences/images/sentence_01964.png,Mokytoja mėgsta gerti arbatą.
Datasets/Real_Handwriting/images/form_227_sentence_2.png,Vaikas geria pieną.
Datasets/Synthetic_Sentences/images/sentence_00659.png,Saulius žaidžia kavinėje.
Datasets/Real_Handwriting/images/form_251_sentence_1.png,Vakar Neringa skaitė knygą.
Datasets/Synthetic_Sentences/images/sentence_01525.png,Ar Saulius mėgsta valgyti?
Datasets/Synthetic_Sentences/images/sentence_03244.png,Ingrida perka duoną.
Datasets/Real_Handwriting/images/form_263_sentence_5.png,Kavinėje kvepėjo kava ir cinamonu.
Datasets/Synthetic_Sentences/images/sentence_01769.png,Gydytojas stengiasi piešti.
Datasets/Real_Handwriting/images/form_487_sentence_5.png,Cukrų ir cinamoną dedame į pyragą.
Datasets/Real_Handwriting/images/form_130_sentence_4.png,Moteris verkia mieste.
Datasets/Synthetic_Sentences/images/sentence_03070.png,Jurgita geria arbatą.
Datasets/Synthetic_Sentences/images/sentence_01309.png,Eglė mėgsta pirkti gėlę.
Datasets/Real_Handwriting/images/form_267_sentence_3.png,Vaikas geria kavą.
Datasets/Synthetic_Sentences/images/sentence_02073.png,Vakar Eglė nešė dovaną.
Datasets/Synthetic_Sentences/images/sentence_01797.png,Katė rašo žemėlapį.
Datasets/Real_Handwriting/images/form_238_sentence_2.png,Šiandien gydytojas perka kavą.
Datasets/Synthetic_Sentences/images/sentence_04924.png,Šuo rašo žemėlapį.
Datasets/Synthetic_Sentences/images/sentence_01000.png,Ar Kristina skaito žemėlapį?
Datasets/Synthetic_Sentences/images/sentence_03760.png,Šiandien Saulius mokosi ežero pakrantėje.
Datasets/Real_Handwriting/images/form_003_sentence_5.png,Moterys stengiasi skaityti.
Datasets/Synthetic_Sentences/images/sentence_02979.png,Kristina mėgsta valgyti vaisius.
Datasets/Real_Handwriting/images/form_237_sentence_1.png,Ar Mantas dirba stadione?
Datasets/Synthetic_Sentences/images/sentence_00751.png,Mergaitė nori rašyti istoriją.
Datasets/Synthetic_Sentences/images/sentence_03782.png,Mindaugas lankosi paplūdimyje.
Datasets/Synthetic_Sentences/images/sentence_02844.png,Rasa bando tvarkytis.
Datasets/Synthetic_Sentences/images/sentence_02944.png,Tomas mėgsta gerti kavą.
Datasets/Synthetic_Sentences/images/sentence_03774.png,Renata mėgsta gerti sultis.
Datasets/Synthetic_Sentences/images/sentence_03509.png,Gydytojas bando plaukti.
Datasets/Real_Handwriting/images/form_044_sentence_2.png,Moterys sportuoja kalnuose ir kavinėje.
Datasets/Synthetic_Sentences/images/sentence_03668.png,Šiandien Mantas dirba bibliotekoje.
Datasets/Real_Handwriting/images/form_499_sentence_5.png,Cecilija čiuožia ant ledo.
Datasets/Real_Handwriting/images/form_257_sentence_1.png,Drąsiai Eglė neša knygą.
Datasets/Synthetic_Sentences/images/sentence_04977.png,Ar Jurgita mėgsta plaukti?
Datasets/Synthetic_Sentences/images/sentence_03683.png,Neringa sportuoja darbe.
Datasets/Synthetic_Sentences/images/sentence_02480.png,Eglė eina į egzaminą ramiai.
Datasets/Synthetic_Sentences/images/sentence_00169.png,Šiandien Rasa ilsisi darbe.
Datasets/Synthetic_Sentences/images/sentence_01706.png,Žilvinas nori rašyti istoriją.
Datasets/Real_Handwriting/images/form_252_sentence_1.png,Žirgas būna pievoje.
Datasets/Real_Handwriting/images/form_266_sentence_5.png,Kavinėje kvepėjo kava ir cinamonu.
Datasets/Real_Handwriting/images/form_286_sentence_3.png,Ar šuo mokosi stotyje?
Datasets/Synthetic_Sentences/images/sentence_00533.png,Ar Ingrida mokosi darbe?
Datasets/Synthetic_Sentences/images/sentence_03198.png,Šiandien Gintaras skaito žemėlapį.
Datasets/Real_Handwriting/images/form_495_sentence_2.png,Tomas lankosi stadione.
Datasets/Synthetic_Sentences/images/sentence_04284.png,Eglė bando dirbti.
Datasets/Synthetic_Sentences/images/sentence_03035.png,Neringa sportuoja darbe.
Datasets/Synthetic_Sentences/images/sentence_00867.png,Ar mergaitė mėgsta groti?
Datasets/Real_Handwriting/images/form_308_sentence_2.png,Vakar mokytoja dirbo kavinėje.
Datasets/Real_Handwriting/images/form_358_sentence_4.png,Renata mokosi stotyje.
Datasets/Synthetic_Sentences/images/sentence_04833.png,Mokytoja nori skaityti istoriją.
Datasets/Real_Handwriting/images/form_167_sentence_3.png,Draugai juokiasi kavą.
Datasets/Synthetic_Sentences/images/sentence_04537.png,Šiandien mokytojas perka gėlę.
Datasets/Synthetic_Sentences/images/sentence_02871.png,Studentė mokosi ežero pakrantėje.
Datasets/Synthetic_Sentences/images/sentence_04945.png,Tyliai gydytojas skaito laišką.
Datasets/Synthetic_Sentences/images/sentence_00902.png,Neringa bando žaisti.
Datasets/Synthetic_Sentences/images/sentence_02631.png,Jurgita bando kalbėti.
Datasets/Synthetic_Sentences/images/sentence_02974.png,Tyliai Danielius skaito žurnalą.
Datasets/Synthetic_Sentences/images/sentence_03006.png,Kristina lankosi mieste.
Datasets/Synthetic_Sentences/images/sentence_04204.png,Žilvinas skaito knygą.
Datasets/Synthetic_Sentences/images/sentence_01902.png,Petras sportuoja stotyje.
Datasets/Real_Handwriting/images/form_162_sentence_2.png,Vaikas stengiasi eiti.
Datasets/Real_Handwriting/images/form_088_sentence_2.png,Studentas mokosi mieste ir mieste.
Datasets/Real_Handwriting/images/form_080_sentence_2.png,Tu šoka ir šoka.
Datasets/Synthetic_Sentences/images/sentence_00272.png,Mokytojas skaito receptą.
Datasets/Real_Handwriting/images/form_273_sentence_4.png,Mielai žmogus skaito receptą.
Datasets/Synthetic_Sentences/images/sentence_01729.png,Rūpestingai studentas dirba ligoninėje.
Datasets/Synthetic_Sentences/images/sentence_02202.png,Neringa mokosi kalnuose.
Datasets/Synthetic_Sentences/images/sentence_02350.png,Greitai Petras dirba kalnuose.
Datasets/Synthetic_Sentences/images/sentence_04563.png,Jonas mėgsta valgyti obuolį.
Datasets/Real_Handwriting/images/form_296_sentence_1.png,Mindaugas stato suolą.
Datasets/Real_Handwriting/images/form_241_sentence_1.png,Vakar mokytoja skaitė istoriją.
Datasets/Real_Handwriting/images/form_108_sentence_5.png,Ar moteris piešia?
Datasets/Real_Handwriting/images/form_226_sentence_2.png,Mokytojas gyvena ežero pakrantėje.
Datasets/Synthetic_Sentences/images/sentence_03389.png,Šiandien Mantas mokosi kavinėje.
Datasets/Synthetic_Sentences/images/sentence_03333.png,Petras stengiasi ilsėtis.
Datasets/Synthetic_Sentences/images/sentence_00627.png,Gintaras nori skaityti knygą.
Datasets/Synthetic_Sentences/images/sentence_01952.png,Ar Tomas nori gerti?
Datasets/Real_Handwriting/images/form_155_sentence_1.png,Tyliai aš kalba dainą.
Datasets/Real_Handwriting/images/form_143_sentence_3.png,Mokytojai bėga darbe.
Datasets/Real_Handwriting/images/form_374_sentence_2.png,Atidžiai studentas ilsisi kavinėje.
Datasets/Synthetic_Sentences/images/sentence_00167.png,Renata mėgsta skaityti žemėlapį.
Datasets/Synthetic_Sentences/images/sentence_01853.png,Studentas gyvena ežero pakrantėje.
Datasets/Synthetic_Sentences/images/sentence_03095.png,Rytoj Kristina skaitys receptą.
Datasets/Real_Handwriting/images/form_058_sentence_5.png,Moterys ilsisi mieste.
Datasets/Synthetic_Sentences/images/sentence_03598.png,Rasa dirba darbe.
Datasets/Synthetic_Sentences/images/sentence_01197.png,Eglė nori gerti kavą.
Datasets/Synthetic_Sentences/images/sentence_01995.png,Vakar studentė skaitė receptą.
Datasets/Synthetic_Sentences/images/sentence_01334.png,Gydytojas geria arbatą.
Datasets/Synthetic_Sentences/images/sentence_01611.png,Ar katė mėgsta eiti?
Datasets/Synthetic_Sentences/images/sentence_01556.png,Švelniai berniukas ilsisi mokykloje.
Datasets/Synthetic_Sentences/images/sentence_02846.png,Mergaitė perka duoną.
Datasets/Synthetic_Sentences/images/sentence_04989.png,Rytoj Petras skaitys receptą.
Datasets/Synthetic_Sentences/images/sentence_04168.png,Vakar Jonas skaitė laišką.
Datasets/Synthetic_Sentences/images/sentence_03102.png,Eglė skaito žemėlapį.
Datasets/Synthetic_Sentences/images/sentence_04074.png,Šiandien Mantas dirba parke.
Datasets/Real_Handwriting/images/form_243_sentence_5.png,Kavinėje kvepėjo kava ir cinamonu.
Datasets/Synthetic_Sentences/images/sentence_00104.png,Vakar Danielius nešė dovaną.
Datasets/Synthetic_Sentences/images/sentence_02641.png,Šiandien Ingrida skaito istoriją.
Datasets/Synthetic_Sentences/images/sentence_00947.png,Mergaitė geria vandenį.
Datasets/Synthetic_Sentences/images/sentence_04043.png,Berniukas geria pieną.
Datasets/Synthetic_Sentences/images/sentence_01713.png,Berniukas valgo duoną.
Datasets/Real_Handwriting/images/form_024_sentence_2.png,Niekada vyras valgo mokyklą.
Datasets/Real_Handwriting/images/form_124_sentence_5.png,Ar ji bėga?
Datasets/Synthetic_Sentences/images/sentence_03750.png,Tomas nori sportuoti.
Datasets/Synthetic_Sentences/images/sentence_03197.png,Atidžiai Jonas valgo košę.
Datasets/Synthetic_Sentences/images/sentence_01956.png,Šiandien Tomas mokosi namuose.
Datasets/Real_Handwriting/images/form_157_sentence_1.png,Katė šoka maistą stadione.
Datasets/Synthetic_Sentences/images/sentence_04167.png,Eglė stengiasi tvarkytis.
Datasets/Synthetic_Sentences/images/sentence_02235.png,Berniukas skaito knygą.
Datasets/Synthetic_Sentences/images/sentence_04608.png,Mokytojas dirba kavinėje.
Datasets/Synthetic_Sentences/images/sentence_01015.png,Vaikas gyvena sode.
Datasets/Synthetic_Sentences/images/sentence_00909.png,Vakar Gintaras nešė žaislą.
Datasets/Synthetic_Sentences/images/sentence_01727.png,Ar Laura mėgsta bėgti?
Datasets/Real_Handwriting/images/form_317_sentence_2.png,Mokytoja mėgsta plaukti dainą.
Datasets/Synthetic_Sentences/images/sentence_03391.png,Gintaras stengiasi bėgti.
Datasets/Synthetic_Sentences/images/sentence_01755.png,Vaikas neša žaislą.
Datasets/Synthetic_Sentences/images/sentence_02686.png,Ar mokytojas mėgsta piešti?
Datasets/Synthetic_Sentences/images/sentence_04790.png,Rytoj mokytoja eis bibliotekoje.
Datasets/Synthetic_Sentences/images/sentence_01460.png,Saulius ilsisi upės pakrantėje.
Datasets/Real_Handwriting/images/form_498_sentence_2.png,Rytoj Petras skaitys istoriją.
Datasets/Synthetic_Sentences/images/sentence_01304.png,Džiaugsmingai Kristina rašo laišką.
Datasets/Real_Handwriting/images/form_269_sentence_2.png,Ar studentė skaito istoriją?
Datasets/Synthetic_Sentences/images/sentence_03858.png,Kristina dirba kalnuose.
Datasets/Synthetic_Sentences/images/sentence_00319.png,Mergaitė nori gerti arbatą.
Datasets/Synthetic_Sentences/images/sentence_00204.png,Šiandien Rasa ilsisi ežero pakrantėje.
Datasets/Real_Handwriting/images/form_322_sentence_1.png,Rytoj Petras skaitys žemėlapį.
Datasets/Synthetic_Sentences/images/sentence_03013.png,Atidžiai gydytojas perka kavą.
Datasets/Real_Handwriting/images/form_054_sentence_4.png,Draugas bėga maistą stadione.
Datasets/Synthetic_Sentences/images/sentence_01145.png,Ar Jonas skaito istoriją?
Datasets/Real_Handwriting/images/form_332_sentence_2.png,Marija ilsisi darbe.
Datasets/Synthetic_Sentences/images/sentence_03291.png,Atidžiai Jurgita valgo sriubą.
Datasets/Synthetic_Sentences/images/sentence_03951.png,Šiandien vaikas dirba ežero pakrantėje.
Datasets/Real_Handwriting/images/form_244_sentence_1.png,Ingrida dirba upės pakrantėje.
Datasets/Synthetic_Sentences/images/sentence_03284.png,Vaikas lankosi stotyje.
Datasets/Synthetic_Sentences/images/sentence_01164.png,Mokytojas lankosi miške.
Datasets/Real_Handwriting/images/form_334_sentence_2.png,Rasa dirba mokykloje.
Datasets/Synthetic_Sentences/images/sentence_04110.png,Žilvinas geria pieną.
Datasets/Synthetic_Sentences/images/sentence_02901.png,Šiandien Renata dirba stadione.
Datasets/Real_Handwriting/images/form_483_sentence_3.png,Šeima pradeda piešti.
Datasets/Synthetic_Sentences/images/sentence_02476.png,Šuo ilsisi mokykloje.
Datasets/Synthetic_Sentences/images/sentence_01126.png,Rūpestingai Gintaras perka arbatą.
Datasets/Synthetic_Sentences/images/sentence_00417.png,Marija pradeda eiti.
Datasets/Real_Handwriting/images/form_450_sentence_5.png,Danielius dažnai dalyvauja varžybose.
Datasets/Real_Handwriting/images/form_470_sentence_5.png,Žirgai bėga laisvai per žalią lauką.
Datasets/Real_Handwriting/images/form_264_sentence_4.png,Jonas į darbą važiuoja dviračiu.
Datasets/Synthetic_Sentences/images/sentence_03893.png,Rūpestingai katė dirba kaime.
Datasets/Real_Handwriting/images/form_129_sentence_5.png,Moterys dirba ir dirba.
Datasets/Synthetic_Sentences/images/sentence_03282.png,Šiandien Mindaugas dirba miške.
Datasets/Synthetic_Sentences/images/sentence_00898.png,Šiandien Mantas ilsisi upės pakrantėje.
Datasets/Real_Handwriting/images/form_090_sentence_2.png,Gerai mergaitė žiūri dainą.
Datasets/Synthetic_Sentences/images/sentence_00897.png,Greitai studentas mokosi upės pakrantėje.
Datasets/Synthetic_Sentences/images/sentence_00336.png,Lėtai Jonas dirba parke.
Datasets/Synthetic_Sentences/images/sentence_00028.png,Marija žaidžia sode.
Datasets/Real_Handwriting/images/form_163_sentence_4.png,Moteris baigia ilsėtis.
Datasets/Real_Handwriting/images/form_422_sentence_1.png,Ar gydytojas dirba darbe?
Datasets/Synthetic_Sentences/images/sentence_03367.png,Šiandien Eglė skaito knygą.
Datasets/Synthetic_Sentences/images/sentence_03546.png,Mokytoja ilsisi parke.
Datasets/Synthetic_Sentences/images/sentence_00467.png,Berniukas nori gerti kavą.
Datasets/Synthetic_Sentences/images/sentence_01751.png,Kruopščiai Tomas mokosi parke.
Datasets/Synthetic_Sentences/images/sentence_01265.png,Studentas perka knygą.
Datasets/Synthetic_Sentences/images/sentence_04967.png,Neringa nori rašyti projektą.
Datasets/Synthetic_Sentences/images/sentence_04360.png,Vakar mergaitė skaitė laišką.
Datasets/Synthetic_Sentences/images/sentence_00773.png,Jonas ilsisi kavinėje.
Datasets/Real_Handwriting/images/form_113_sentence_5.png,Gydytojai keliauoja užduotį.
Datasets/Synthetic_Sentences/images/sentence_02194.png,Saulius mėgsta skaityti žemėlapį.
Datasets/Real_Handwriting/images/form_224_sentence_5.png,Tvarka namuose labai svarbi.
Datasets/Real_Handwriting/images/form_276_sentence_4.png,Mantas mokosi upės pakrantėje.
Datasets/Real_Handwriting/images/form_187_sentence_3.png,Mergaitė miega mokyklą.
Datasets/Synthetic_Sentences/images/sentence_03285.png,Ar Jonas skaito receptą?
Datasets/Synthetic_Sentences/images/sentence_04710.png,Ar Kristina dirba kavinėje?
Datasets/Synthetic_Sentences/images/sentence_01391.png,Rytoj mergaitė eis stadione.
Datasets/Real_Handwriting/images/form_033_sentence_4.png,Šiandien mokytojas rašo vakar.
Datasets/Real_Handwriting/images/form_313_sentence_1.png,Paukštis lankosi pievoje.
Datasets/Synthetic_Sentences/images/sentence_01415.png,Ingrida gyvena sode.
Datasets/Real_Handwriting/images/form_409_sentence_1.png,Mielai Marija rašo žemėlapį.
Datasets/Synthetic_Sentences/images/sentence_04055.png,Studentė perka žaislą.
Datasets/Real_Handwriting/images/form_482_sentence_2.png,Ramiai Eglė mokosi ežero pakrantėje.
Datasets/Real_Handwriting/images/form_239_sentence_5.png,Čempionas treniruojasi kiekvieną dieną.
Datasets/Synthetic_Sentences/images/sentence_01759.png,Jonas lankosi stotyje.
Datasets/Synthetic_Sentences/images/sentence_01376.png,Ar šuo skaito žemėlapį?
Datasets/Synthetic_Sentences/images/sentence_00920.png,Šiandien Jurgita dirba kaime.
Datasets/Real_Handwriting/images/form_413_sentence_1.png,Vakar šuo nešė krepšį.
Datasets/Real_Handwriting/images/form_054_sentence_3.png,Lėtai jos piešia kavą.
Datasets/Real_Handwriting/images/form_277_sentence_3.png,Eglė stengiasi galvoti.
Datasets/Synthetic_Sentences/images/sentence_00472.png,Rytoj mergaitė eis miške.
Datasets/Real_Handwriting/images/form_085_sentence_3.png,Moterys mąsto užduotį.
Datasets/Synthetic_Sentences/images/sentence_03345.png,Rytoj Eglė eis upės pakrantėje.
Datasets/Synthetic_Sentences/images/sentence_01719.png,Ingrida nori valgyti duoną.
Datasets/Synthetic_Sentences/images/sentence_00147.png,Ar Žilvinas mokosi ežero pakrantėje?
Datasets/Real_Handwriting/images/form_191_sentence_5.png,Vyrai šypsosi miške.
Datasets/Synthetic_Sentences/images/sentence_03175.png,Studentė renka obuolius.
Datasets/Synthetic_Sentences/images/sentence_02646.png,Šiandien Renata mokosi kaime.
Datasets/Synthetic_Sentences/images/sentence_00819.png,Eglė nori rašyti istoriją.
Datasets/Synthetic_Sentences/images/sentence_01324.png,Marija ilsisi stotyje.
Datasets/Synthetic_Sentences/images/sentence_02960.png,Žilvinas stengiasi sportuoti.
Datasets/Synthetic_Sentences/images/sentence_04371.png,Mantas mėgsta pirkti arbatą.
Datasets/Synthetic_Sentences/images/sentence_01957.png,Jonas mėgsta valgyti košę.
Datasets/Synthetic_Sentences/images/sentence_01746.png,Eglė nori gerti arbatą.
Datasets/Real_Handwriting/images/form_317_sentence_5.png,Kavinėje kvepėjo kava ir cinamonu.
Datasets/Real_Handwriting/images/form_227_sentence_3.png,Mokytojas dirba miške.
Datasets/Synthetic_Sentences/images/sentence_03366.png,Mantas mėgsta gerti kavą.
Datasets/Real_Handwriting/images/form_217_sentence_2.png,Greitai mergaitė sportuoja pievoje.
Datasets/Real_Handwriting/images/form_067_sentence_2.png,Mes dainuoja darbe ir stadione.
Datasets/Synthetic_Sentences/images/sentence_04432.png,Rytoj šuo eis darbe.
Datasets/Real_Handwriting/images/form_305_sentence_1.png,Šiandien studentas perka gėlę.
Datasets/Real_Handwriting/images/form_312_sentence_3.png,Mokytojas stato namą.
Datasets/Real_Handwriting/images/form_031_sentence_3.png,Ar studentas sportuoja?
Datasets/Real_Handwriting/images/form_104_sentence_1.png,Moterys žaidžia istoriją.
Datasets/Synthetic_Sentences/images/sentence_01871.png,Šuo sportuoja namuose.
Datasets/Synthetic_Sentences/images/sentence_00428.png,Mindaugas neša dovaną.
Datasets/Real_Handwriting/images/form_157_sentence_4.png,Katė mėgsta kalbėti dainą.
Datasets/Synthetic_Sentences/images/sentence_00302.png,Marija mėgsta valgyti sriubą.
Datasets/Real_Handwriting/images/form_173_sentence_2.png,Mes dirba laišką.
Datasets/Synthetic_Sentences/images/sentence_03205.png,Studentas stengiasi ilsėtis.
Datasets/Synthetic_Sentences/images/sentence_03295.png,Atidžiai mokytoja ilsisi bibliotekoje.
Datasets/Real_Handwriting/images/form_351_sentence_4.png,Žmogus stato bokštą.
Datasets/Synthetic_Sentences/images/sentence_04801.png,Mindaugas renka obuolius.
Datasets/Real_Handwriting/images/form_260_sentence_2.png,Eglė žaidžia stadione.
Datasets/Synthetic_Sentences/images/sentence_04867.png,Danielius mėgsta valgyti daržoves.
Datasets/Synthetic_Sentences/images/sentence_01528.png,Ar Neringa skaito istoriją?
Datasets/Real_Handwriting/images/form_288_sentence_3.png,Lėtai Neringa dirba namuose.
Datasets/Synthetic_Sentences/images/sentence_01561.png,Šuo lankosi stadione.
Datasets/Synthetic_Sentences/images/sentence_02977.png,Eglė mėgsta valgyti košę.
Datasets/Synthetic_Sentences/images/sentence_04087.png,Garsiai Eglė dirba pievoje.
Datasets/Synthetic_Sentences/images/sentence_03877.png,Mindaugas mokosi mokykloje.
Datasets/Synthetic_Sentences/images/sentence_03251.png,Eglė stengiasi sportuoti.
Datasets/Real_Handwriting/images/form_423_sentence_3.png,Žirgas gyvena kalnuose.
Datasets/Real_Handwriting/images/form_116_sentence_2.png,Ar vaikas verkia?
Datasets/Real_Handwriting/images/form_086_sentence_1.png,Mokytojai mokosi projektą.
Datasets/Real_Handwriting/images/form_441_sentence_3.png,Vakar vaikas dirbo mokykloje.
Datasets/Real_Handwriting/images/form_235_sentence_1.png,Vaikas rašo projektą.
Datasets/Real_Handwriting/images/form_427_sentence_5.png,Universiteto studentai žaidžia šachmatais laisvalaikiu.
Datasets/Real_Handwriting/images/form_140_sentence_5.png,Šuo keliauoja ir keliauoja.
Datasets/Synthetic_Sentences/images/sentence_02535.png,Marija nori pirkti gėlę.
Datasets/Synthetic_Sentences/images/sentence_02939.png,Marija mėgsta pirkti arbatą.
Datasets/Synthetic_Sentences/images/sentence_03898.png,Ar Gintaras dirba mokykloje?
Datasets/Synthetic_Sentences/images/sentence_04426.png,Rasa ilsisi parke.
Datasets/Real_Handwriting/images/form_150_sentence_5.png,Šiandien moterys ilsisi dabar.
Datasets/Real_Handwriting/images/form_202_sentence_2.png,Šiandien žmogus mokosi parke.
Datasets/Synthetic_Sentences/images/sentence_03733.png,Laura perka gėlę.
Datasets/Synthetic_Sentences/images/sentence_00655.png,Danielius neša knygą.
Datasets/Real_Handwriting/images/form_039_sentence_4.png,Jie pradeda eiti.
Datasets/Synthetic_Sentences/images/sentence_01662.png,Šiandien Laura ilsisi bibliotekoje.
Datasets/Synthetic_Sentences/images/sentence_00431.png,Gydytojas pradeda dainuoti.
Datasets/Real_Handwriting/images/form_158_sentence_5.png,Mokytojas kalba ir kalba.
Datasets/Real_Handwriting/images/form_398_sentence_4.png,Vakar Jurgita dirbo stotyje.
Datasets/Real_Handwriting/images/form_433_sentence_3.png,Ingrida valgo duoną.
Datasets/Synthetic_Sentences/images/sentence_02317.png,Šiandien gydytojas dirba stotyje.
Datasets/Synthetic_Sentences/images/sentence_01215.png,Rasa ilsisi mieste.
Datasets/Synthetic_Sentences/images/sentence_04667.png,Katė perka arbatą.
Datasets/Synthetic_Sentences/images/sentence_00866.png,Šiandien berniukas ilsisi upės pakrantėje.
Datasets/Real_Handwriting/images/form_292_sentence_1.png,Laura stato bokštą.
Datasets/Synthetic_Sentences/images/sentence_04439.png,Parke vaikai žaidžia iki vakaro.
Datasets/Synthetic_Sentences/images/sentence_04361.png,Rasa mėgsta bėgti.
Datasets/Synthetic_Sentences/images/sentence_04338.png,Rasa žaidžia ežero pakrantėje.
Datasets/Synthetic_Sentences/images/sentence_01745.png,Tyliai Rasa rašo žemėlapį.
Datasets/Synthetic_Sentences/images/sentence_04333.png,Jonas valgo vaisius.
Datasets/Synthetic_Sentences/images/sentence_00408.png,Studentas stengiasi važiuoti.
Datasets/Synthetic_Sentences/images/sentence_04172.png,Šiandien vaikas ilsisi kaime.
Datasets/Synthetic_Sentences/images/sentence_04299.png,Kristina neša dovaną.
Datasets/Synthetic_Sentences/images/sentence_00195.png,Katė mėgsta pirkti duoną.
Datasets/Real_Handwriting/images/form_282_sentence_3.png,Tyliai žirgas perka dovaną.
Datasets/Real_Handwriting/images/form_300_sentence_5.png,Čiurlionį menininkai laiko išskirtiniu kūrėju.
Datasets/Synthetic_Sentences/images/sentence_02322.png,Rūpestingai gydytojas dirba kavinėje.
Datasets/Synthetic_Sentences/images/sentence_00620.png,Ar Neringa dirba kavinėje?
Datasets/Synthetic_Sentences/images/sentence_00219.png,Garsiai Marija dirba stadione.
Datasets/Synthetic_Sentences/images/sentence_03921.png,Kristina geria pieną.
Datasets/Synthetic_Sentences/images/sentence_01529.png,Atidžiai Neringa mokosi upės pakrantėje.
Datasets/Real_Handwriting/images/form_199_sentence_1.png,Jie šypsosi maistą stadione.
Datasets/Synthetic_Sentences/images/sentence_02611.png,Šiandien Renata skaito žemėlapį.
Datasets/Synthetic_Sentences/images/sentence_04125.png,Laura nori gerti vandenį.
Datasets/Synthetic_Sentences/images/sentence_02642.png,Greitai Jonas neša žaislą.
Datasets/Synthetic_Sentences/images/sentence_02083.png,Mindaugas nori skaityti receptą.
Datasets/Synthetic_Sentences/images/sentence_02060.png,Vaikas žaidžia upės pakrantėje.
Datasets/Real_Handwriting/images/form_423_sentence_2.png,Gydytojas skaito žurnalą.
Datasets/Real_Handwriting/images/form_338_sentence_5.png,Daina skamba per visą sodą.
Datasets/Real_Handwriting/images/form_217_sentence_3.png,Šeima geria vandenį.
Datasets/Synthetic_Sentences/images/sentence_04855.png,Jurgita renka gėles.
Datasets/Synthetic_Sentences/images/sentence_03026.png,Mantas bando galvoti.
Datasets/Synthetic_Sentences/images/sentence_00463.png,Rasa skaito laišką.
Datasets/Synthetic_Sentences/images/sentence_01451.png,Mokytojas dirba miške.
Datasets/Real_Handwriting/images/form_191_sentence_1.png,Jos žaidžia mieste.
Datasets/Real_Handwriting/images/form_294_sentence_1.png,Eglė bando rašyti.
Datasets/Synthetic_Sentences/images/sentence_02464.png,Kristina valgo košę.
Datasets/Synthetic_Sentences/images/sentence_01408.png,Neringa nori pirkti duoną.
Datasets/Synthetic_Sentences/images/sentence_01188.png,Vakar mokytojas nešė žaislą.
Datasets/Synthetic_Sentences/images/sentence_04511.png,Šiandien Danielius skaito knygą.
Datasets/Synthetic_Sentences/images/sentence_03090.png,Renata valgo duoną.
Datasets/Synthetic_Sentences/images/sentence_04166.png,Studentė nori piešti.
Datasets/Real_Handwriting/images/form_498_sentence_3.png,Ar Eglė dirba ligoninėje?
Datasets/Synthetic_Sentences/images/sentence_00374.png,Tomas valgo daržoves.
Datasets/Synthetic_Sentences/images/sentence_04625.png,Neringa perka kavą.
Datasets/Synthetic_Sentences/images/sentence_02339.png,Tyliai Saulius mokosi upės pakrantėje.
Datasets/Synthetic_Sentences/images/sentence_04199.png,Studentė rašo užduotį.
Datasets/Synthetic_Sentences/images/sentence_02816.png,Renata stengiasi bėgti.
Datasets/Synthetic_Sentences/images/sentence_04685.png,Ar Neringa skaito laišką?
Datasets/Synthetic_Sentences/images/sentence_00821.png,Marija nori rašyti projektą.
Datasets/Synthetic_Sentences/images/sentence_03773.png,Mindaugas žaidžia kavinėje.
Datasets/Synthetic_Sentences/images/sentence_00667.png,Studentė neša gėlę.
Datasets/Real_Handwriting/images/form_128_sentence_1.png,Šiandien moteris keliauoja kartu.
Datasets/Synthetic_Sentences/images/sentence_00809.png,Katė perka arbatą.
Datasets/Real_Handwriting/images/form_369_sentence_4.png,Švelniai Marija rašo žemėlapį.
Datasets/Synthetic_Sentences/images/sentence_01305.png,Šiandien šuo dirba pievoje.
Datasets/Synthetic_Sentences/images/sentence_02501.png,Danielius mėgsta valgyti duoną.
Datasets/Real_Handwriting/images/form_450_sentence_3.png,Studentė skaito žemėlapį.
Datasets/Synthetic_Sentences/images/sentence_04763.png,Rytoj Tomas eis stadione.
Datasets/Synthetic_Sentences/images/sentence_00234.png,Rytoj Ingrida eis sode.
Datasets/Synthetic_Sentences/images/sentence_02372.png,Garsiai Žilvinas ilsisi paplūdimyje.
Datasets/Synthetic_Sentences/images/sentence_02106.png,Gintaras stengiasi šokti.
Datasets/Real_Handwriting/images/form_455_sentence_5.png,Oras šiandien labai gražus ir šiltas.
Datasets/Real_Handwriting/images/form_280_sentence_5.png,Universiteto studentai žaidžia šachmatais laisvalaikiu.
Datasets/Synthetic_Sentences/images/sentence_04766.png,Katė nori pirkti duoną.
Datasets/Synthetic_Sentences/images/sentence_00035.png,Drąsiai Ingrida dirba stadione.
Datasets/Real_Handwriting/images/form_295_sentence_5.png,Jonas į darbą važiuoja dviračiu.
Datasets/Real_Handwriting/images/form_080_sentence_3.png,Aš lėtai sportuoja.
Datasets/Synthetic_Sentences/images/sentence_00297.png,Šuo mokosi namuose.
Datasets/Synthetic_Sentences/images/sentence_02130.png,Studentė lankosi mokykloje.
Datasets/Synthetic_Sentences/images/sentence_00280.png,Mindaugas mėgsta skaityti žemėlapį.
Datasets/Synthetic_Sentences/images/sentence_00042.png,Švelniai studentė skaito receptą.
Datasets/Real_Handwriting/images/form_462_sentence_3.png,Kristina mėgsta šokti duoną.
Datasets/Synthetic_Sentences/images/sentence_00267.png,Žilvinas nori pirkti kavą.
Datasets/Synthetic_Sentences/images/sentence_03857.png,Mokytojas stengiasi ilsėtis.
Datasets/Synthetic_Sentences/images/sentence_00560.png,Šiandien Ingrida skaito knygą.
Datasets/Synthetic_Sentences/images/sentence_00849.png,Šiandien Jurgita perka gėlę.
Datasets/Synthetic_Sentences/images/sentence_00577.png,Ar Tomas nori valgyti?
Datasets/Real_Handwriting/images/form_418_sentence_3.png,Studentas perka knygą.
Datasets/Synthetic_Sentences/images/sentence_03239.png,Berniukas mėgsta mokytis.
Datasets/Synthetic_Sentences/images/sentence_00801.png,Šuo nori skaityti istoriją.
Datasets/Real_Handwriting/images/form_324_sentence_4.png,Žmogus lankosi ligoninėje.
Datasets/Synthetic_Sentences/images/sentence_04249.png,Neringa renka gėles.
Datasets/Real_Handwriting/images/form_378_sentence_3.png,Mantas mėgsta žaisti.
Datasets/Real_Handwriting/images/form_376_sentence_1.png,Rytoj studentas skaitys istoriją.
Datasets/Synthetic_Sentences/images/sentence_02383.png,Jonas nori važiuoti.
Datasets/Synthetic_Sentences/images/sentence_02417.png,Šiandien Kristina dirba miške.
Datasets/Real_Handwriting/images/form_470_sentence_4.png,Ar šuo mokosi mieste?
Datasets/Real_Handwriting/images/form_061_sentence_2.png,Mes sportuoja sode.
Datasets/Synthetic_Sentences/images/sentence_01462.png,Šiandien Laura dirba mokykloje.
Datasets/Synthetic_Sentences/images/sentence_01478.png,Vakar berniukas dirbo kaime.
Datasets/Real_Handwriting/images/form_094_sentence_3.png,Šiandien jis dirba visada.
Datasets/Synthetic_Sentences/images/sentence_01997.png,Šiandien Petras mokosi miške.
Datasets/Synthetic_Sentences/images/sentence_02910.png,Rūpestingai vaikas skaito žurnalą.
Datasets/Synthetic_Sentences/images/sentence_01035.png,Žilvinas žaidžia paplūdimyje.
Datasets/Synthetic_Sentences/images/sentence_01178.png,Mokytoja mėgsta skaityti žemėlapį.
Datasets/Real_Handwriting/images/form_010_sentence_2.png,Šiandien vaikai ilsisi greitai.
Datasets/Synthetic_Sentences/images/sentence_02207.png,Studentė žaidžia upės pakrantėje.
Datasets/Synthetic_Sentences/images/sentence_04408.png,Rūpestingai katė neša laišką.
Datasets/Synthetic_Sentences/images/sentence_01717.png,Vakar Žilvinas dirbo kavinėje.
Datasets/Synthetic_Sentences/images/sentence_03810.png,Mindaugas mėgsta skaityti žurnalą.
Datasets/Synthetic_Sentences/images/sentence_03311.png,Gydytojas stengiasi bėgti.
Datasets/Synthetic_Sentences/images/sentence_00992.png,Danielius skaito laišką.
Datasets/Synthetic_Sentences/images/sentence_03415.png,Mantas nori valgyti košę.
Datasets/Real_Handwriting/images/form_317_sentence_4.png,Mokytoja žaidžia darbe.
Datasets/Synthetic_Sentences/images/sentence_04805.png,Gintaras nori valgyti sriubą.
Datasets/Synthetic_Sentences/images/sentence_02962.png,Studentas geria pieną.
Datasets/Synthetic_Sentences/images/sentence_04784.png,Studentas mėgsta valgyti sriubą.
Datasets/Synthetic_Sentences/images/sentence_04500.png,Lėtai Mindaugas ilsisi miške.
Datasets/Synthetic_Sentences/images/sentence_04186.png,Šiandien Danielius dirba mieste.
Datasets/Real_Handwriting/images/form_185_sentence_2.png,Mes dirba žemėlapį stotyje.
Datasets/Real_Handwriting/images/form_100_sentence_5.png,Ji dainuoja namuose.
Datasets/Synthetic_Sentences/images/sentence_00749.png,Vaikas sportuoja bibliotekoje.
Datasets/Real_Handwriting/images/form_279_sentence_4.png,Ar mokytoja mėgsta kalbėti?
Datasets/Synthetic_Sentences/images/sentence_03689.png,Katė dirba darbe.
Datasets/Synthetic_Sentences/images/sentence_02643.png,Berniukas mokosi kavinėje.
Datasets/Synthetic_Sentences/images/sentence_04351.png,Vakar Renata nešė gėlę.
Datasets/Real_Handwriting/images/form_437_sentence_2.png,Rytoj Žilvinas eis kavinėje.
Datasets/Synthetic_Sentences/images/sentence_03849.png,Šiandien gydytojas mokosi darbe.
Datasets/Synthetic_Sentences/images/sentence_02986.png,Mokytoja mėgsta valgyti duoną.
Datasets/Synthetic_Sentences/images/sentence_03848.png,Mokytoja nori gerti arbatą.
Datasets/Synthetic_Sentences/images/sentence_01292.png,Mokytojas valgo sriubą.
Datasets/Synthetic_Sentences/images/sentence_04858.png,Studentas mėgsta groti.
Datasets/Synthetic_Sentences/images/sentence_04614.png,Šiandien Mindaugas dirba paplūdimyje.
Datasets/Synthetic_Sentences/images/sentence_01883.png,Mielai šuo dirba sode.
Datasets/Synthetic_Sentences/images/sentence_04260.png,Mokytoja neša knygą.
Datasets/Synthetic_Sentences/images/sentence_04747.png,Vaikas stengiasi groti.
Datasets/Real_Handwriting/images/form_424_sentence_3.png,Mergaitė geria pieną.
Datasets/Real_Handwriting/images/form_271_sentence_3.png,Šiandien Jurgita mokosi upės pakrantėje.
Datasets/Synthetic_Sentences/images/sentence_04153.png,Studentė bando mokytis.
Datasets/Synthetic_Sentences/images/sentence_02149.png,Švelniai Saulius skaito laišką.
Datasets/Real_Handwriting/images/form_409_sentence_3.png,Kristina nori žaisti žemėlapį.
Datasets/Real_Handwriting/images/form_025_sentence_5.png,Vyrai retai mąsto.
Datasets/Real_Handwriting/images/form_143_sentence_4.png,Jūs mokosi ir mokosi.
Datasets/Synthetic_Sentences/images/sentence_04521.png,Šuo sportuoja upės pakrantėje.
Datasets/Real_Handwriting/images/form_141_sentence_1.png,Tu geria stadione.
Datasets/Real_Handwriting/images/form_260_sentence_3.png,Studentė mėgsta groti.
Datasets/Synthetic_Sentences/images/sentence_01536.png,Lėtai Danielius skaito receptą.
Datasets/Synthetic_Sentences/images/sentence_04971.png,Šiandien Jurgita perka kavą.
Datasets/Real_Handwriting/images/form_209_sentence_3.png,Gydytojas geria vandenį.
Datasets/Synthetic_Sentences/images/sentence_01577.png,Ramiai šuo rašo laišką.
Datasets/Synthetic_Sentences/images/sentence_02479.png,Gydytojas skaito žurnalą.
Datasets/Synthetic_Sentences/images/sentence_03585.png,Ar vaikas mokosi kalnuose?
Datasets/Synthetic_Sentences/images/sentence_04332.png,Mergaitė perka arbatą.
Datasets/Real_Handwriting/images/form_015_sentence_1.png,Jis ramiai rašo.
Datasets/Real_Handwriting/images/form_283_sentence_1.png,Ar Saulius skaito receptą?
Datasets/Real_Handwriting/images/form_053_sentence_4.png,Studentas skuba vandenį mieste.
Datasets/Synthetic_Sentences/images/sentence_01277.png,Ar Saulius dirba stadione?
Datasets/Real_Handwriting/images/form_408_sentence_1.png,Jonas neša knygą.
Datasets/Synthetic_Sentences/images/sentence_03093.png,Ar Renata dirba darbe?
Datasets/Synthetic_Sentences/images/sentence_04337.png,Mantas nori skaityti receptą.
Datasets/Synthetic_Sentences/images/sentence_02012.png,Vakar šuo dirbo ligoninėje.
Datasets/Synthetic_Sentences/images/sentence_03080.png,Gintaras nori pirkti dovaną.
Datasets/Synthetic_Sentences/images/sentence_01263.png,Vakar mokytoja dirbo mieste.
Datasets/Synthetic_Sentences/images/sentence_04140.png,Saulius nori pirkti duoną.
Datasets/Synthetic_Sentences/images/sentence_02267.png,Vakar Danielius nešė žaislą.
Datasets/Synthetic_Sentences/images/sentence_03154.png,Mokytojas sportuoja kaime.
Datasets/Real_Handwriting/images/form_170_sentence_1.png,Ar mokytojai šoka?
Datasets/Synthetic_Sentences/images/sentence_03521.png,Rytoj Kristina skaitys istoriją.
Datasets/Synthetic_Sentences/images/sentence_01515.png,Vakar Petras skaitė žemėlapį.
Datasets/Synthetic_Sentences/images/sentence_00857.png,Žilvinas dirba mokykloje.
Datasets/Real_Handwriting/images/form_474_sentence_1.png,Švelniai Rasa sportuoja mokykloje.
Datasets/Real_Handwriting/images/form_242_sentence_4.png,Garsiai vaikas dirba bibliotekoje.
Datasets/Real_Handwriting/images/form_013_sentence_1.png,Šuo valgo projektą.
Datasets/Synthetic_Sentences/images/sentence_00604.png,Mantas perka arbatą.
Datasets/Synthetic_Sentences/images/sentence_04965.png,"Liepa lapoja, o vaikai žaidžia."
Datasets/Synthetic_Sentences/images/sentence_02783.png,Katė lankosi bibliotekoje.
Datasets/Synthetic_Sentences/images/sentence_01396.png,Petras neša laišką.
Datasets/Real_Handwriting/images/form_396_sentence_2.png,Eglė būna namuose.
Datasets/Synthetic_Sentences/images/sentence_03564.png,Mokytoja neša gėlę.
Datasets/Real_Handwriting/images/form_351_sentence_3.png,Tomas groja muzikos kūrinį.
Datasets/Synthetic_Sentences/images/sentence_01904.png,Rytoj Danielius eis upės pakrantėje.
Datasets/Synthetic_Sentences/images/sentence_01276.png,Gintaras geria pieną.
Datasets/Real_Handwriting/images/form_247_sentence_3.png,Ar Jurgita mokosi kalnuose?
Datasets/Real_Handwriting/images/form_400_sentence_1.png,Paukštis perka knygą.
Datasets/Real_Handwriting/images/form_041_sentence_2.png,Moterys keliauoja kaime ir ligoninėje.
Datasets/Synthetic_Sentences/images/sentence_04164.png,Šiandien Jonas ilsisi stadione.
Datasets/Synthetic_Sentences/images/sentence_03828.png,Ar Laura dirba namuose?
Datasets/Real_Handwriting/images/form_476_sentence_5.png,Naktį žvaigždės šviečia ryškiausiai.
Datasets/Synthetic_Sentences/images/sentence_00602.png,Mokytoja ilsisi namuose.
Datasets/Real_Handwriting/images/form_187_sentence_5.png,Vaikas dainuoja bibliotekoje ir namuose.
Datasets/Real_Handwriting/images/form_406_sentence_2.png,Kruopščiai šeima dirba namuose.
Datasets/Synthetic_Sentences/images/sentence_02038.png,Mindaugas nori pirkti dovaną.
Datasets/Real_Handwriting/images/form_490_sentence_2.png,Mielai Rasa perka žaislą.
Datasets/Synthetic_Sentences/images/sentence_03737.png,Šiandien Kristina dirba stadione.
Datasets/Real_Handwriting/images/form_444_sentence_1.png,Danielius renka obuolius.
Datasets/Synthetic_Sentences/images/sentence_00763.png,Kristina neša knygą.
Datasets/Synthetic_Sentences/images/sentence_00375.png,Rūpestingai Renata perka gėlę.
Datasets/Synthetic_Sentences/images/sentence_04330.png,Žilvinas rašo žemėlapį.
Datasets/Real_Handwriting/images/form_452_sentence_1.png,Ar šuo dirba kavinėje?
Datasets/Synthetic_Sentences/images/sentence_02029.png,Ar Saulius dirba kaime?
Datasets/Synthetic_Sentences/images/sentence_02268.png,Berniukas mėgsta pirkti kavą.
Datasets/Synthetic_Sentences/images/sentence_03227.png,Žilvinas mėgsta pirkti arbatą.
Datasets/Real_Handwriting/images/form_093_sentence_5.png,Mes tyliai kalba.
Datasets/Synthetic_Sentences/images/sentence_00988.png,Šiandien studentė skaito receptą.
Datasets/Real_Handwriting/images/form_370_sentence_2.png,Ar Jonas skaito laišką?
Datasets/Synthetic_Sentences/images/sentence_01688.png,Atidžiai Rasa neša knygą.
Datasets/Real_Handwriting/images/form_189_sentence_2.png,Mergaitės eina laišką stotyje.
Datasets/Synthetic_Sentences/images/sentence_00340.png,Ar Neringa nori ilsėtis?
Datasets/Real_Handwriting/images/form_219_sentence_3.png,Šiandien Rasa perka arbatą.
Datasets/Synthetic_Sentences/images/sentence_04054.png,Žilvinas mėgsta skaityti žurnalą.
Datasets/Synthetic_Sentences/images/sentence_03952.png,Šuo rašo laišką.
Datasets/Synthetic_Sentences/images/sentence_03492.png,Ramiai berniukas mokosi namuose.
Datasets/Synthetic_Sentences/images/sentence_00569.png,Drąsiai Gintaras rašo projektą.
Datasets/Synthetic_Sentences/images/sentence_00365.png,Rūpestingai vaikas rašo laišką.
Datasets/Real_Handwriting/images/form_477_sentence_3.png,Jonas renka grybus.
Datasets/Synthetic_Sentences/images/sentence_03385.png,Gintaras mokosi ligoninėje.
Datasets/Real_Handwriting/images/form_366_sentence_2.png,Gintaras nori sportuoti gėlę.
Datasets/Synthetic_Sentences/images/sentence_01084.png,Laura mokosi kalnuose.
Datasets/Real_Handwriting/images/form_363_sentence_4.png,Mokytoja nori mokytis paveikslą.
Datasets/Synthetic_Sentences/images/sentence_01080.png,Lėtai Gintaras mokosi stadione.
Datasets/Synthetic_Sentences/images/sentence_04263.png,Jonas žaidžia kavinėje.
Datasets/Synthetic_Sentences/images/sentence_00419.png,Ar šuo skaito istoriją?
Datasets/Synthetic_Sentences/images/sentence_02856.png,Džiaugsmingai Gintaras skaito istoriją.
Datasets/Synthetic_Sentences/images/sentence_02209.png,Rytoj Ingrida eis stotyje.
Datasets/Synthetic_Sentences/images/sentence_00193.png,Petras nori rašyti istoriją.
Datasets/Synthetic_Sentences/images/sentence_04510.png,Laura stengiasi ilsėtis.
Datasets/Synthetic_Sentences/images/sentence_02752.png,Rasa nori valgyti daržoves.
Datasets/Real_Handwriting/images/form_221_sentence_4.png,Renata geria vandenį.
Datasets/Synthetic_Sentences/images/sentence_04893.png,Renata rašo projektą.
Datasets/Synthetic_Sentences/images/sentence_02975.png,Šiandien studentė dirba namuose.
Datasets/Synthetic_Sentences/images/sentence_04594.png,Šiandien mokytojas ilsisi kalnuose.
Datasets/Real_Handwriting/images/form_138_sentence_1.png,Vaikas bijo piešti darbą.
Datasets/Synthetic_Sentences/images/sentence_04638.png,Mokytojas nori žaisti.
Datasets/Synthetic_Sentences/images/sentence_01465.png,Rytoj mergaitė eis kalnuose.
Datasets/Synthetic_Sentences/images/sentence_00226.png,Rasa neša krepšį.
Datasets/Synthetic_Sentences/images/sentence_01639.png,Berniukas renka gėles.
Datasets/Real_Handwriting/images/form_022_sentence_2.png,Ramiai vaikas keliauoja mokyklą.
Datasets/Synthetic_Sentences/images/sentence_03947.png,Vaikas perka dovaną.
Datasets/Synthetic_Sentences/images/sentence_00899.png,Džiaugsmingai Gintaras skaito žemėlapį.
Datasets/Synthetic_Sentences/images/sentence_03674.png,Ar Kristina mėgsta valgyti?
Datasets/Real_Handwriting/images/form_486_sentence_5.png,Žuvėdros skraido žemai virš bangų.
Datasets/Synthetic_Sentences/images/sentence_02508.png,Rasa lankosi ežero pakrantėje.
Datasets/Synthetic_Sentences/images/sentence_03614.png,Renata žaidžia upės pakrantėje.
Datasets/Synthetic_Sentences/images/sentence_04134.png,Rūpestingai Mindaugas ilsisi kaime.
Datasets/Synthetic_Sentences/images/sentence_03119.png,Rūpestingai Gintaras dirba ligoninėje.
Datasets/Synthetic_Sentences/images/sentence_02639.png,Kristina nori pirkti žaislą.
Datasets/Synthetic_Sentences/images/sentence_03654.png,Laura nori rašyti receptą.
Datasets/Synthetic_Sentences/images/sentence_02547.png,Marija rašo užduotį.
Datasets/Real_Handwriting/images/form_326_sentence_5.png,Hibiskusas žydi ryškiomis rožinėmis žiedais.
Datasets/Synthetic_Sentences/images/sentence_01237.png,Tomas nori eiti.
Datasets/Synthetic_Sentences/images/sentence_03046.png,Eglė sportuoja darbe.
Datasets/Synthetic_Sentences/images/sentence_03069.png,Šiandien Mindaugas mokosi miške.
Datasets/Synthetic_Sentences/images/sentence_01090.png,Rasa nori plaukti.
Datasets/Synthetic_Sentences/images/sentence_00085.png,Šiandien katė dirba upės pakrantėje.
Datasets/Synthetic_Sentences/images/sentence_00057.png,Saulius perka knygą.
Datasets/Real_Handwriting/images/form_374_sentence_3.png,Jonas žaidžia miške.
Datasets/Real_Handwriting/images/form_272_sentence_2.png,Kruopščiai Danielius perka arbatą.
Datasets/Real_Handwriting/images/form_204_sentence_2.png,Švelniai mergaitė mokosi namuose.
Datasets/Real_Handwriting/images/form_094_sentence_1.png,Mokytojas mėgsta keliauti knygą.
Datasets/Synthetic_Sentences/images/sentence_02252.png,Švelniai šuo ilsisi namuose.
Datasets/Real_Handwriting/images/form_102_sentence_2.png,Studentas mėgsta sportuoti arbatą.
Datasets/Real_Handwriting/images/form_145_sentence_1.png,Jie pradeda skaityti.
Datasets/Synthetic_Sentences/images/sentence_04438.png,Ar studentė nori valgyti?
Datasets/Synthetic_Sentences/images/sentence_04585.png,Mergaitė nori rašyti užduotį.
Datasets/Synthetic_Sentences/images/sentence_04359.png,Mergaitė nori skaityti žurnalą.
Datasets/Synthetic_Sentences/images/sentence_00113.png,Jonas mėgsta pirkti duoną.
Datasets/Real_Handwriting/images/form_047_sentence_3.png,Ar vyras mąsto?
Datasets/Synthetic_Sentences/images/sentence_01800.png,Tomas sportuoja ežero pakrantėje.
Datasets/Synthetic_Sentences/images/sentence_02043.png,Ar katė skaito laišką?
Datasets/Synthetic_Sentences/images/sentence_00951.png,Ar mokytoja mokosi stotyje?
Datasets/Real_Handwriting/images/form_498_sentence_1.png,Gydytojas dirba mieste.
Datasets/Real_Handwriting/images/form_436_sentence_4.png,Ar Petras dirba ligoninėje?
Datasets/Synthetic_Sentences/images/sentence_04843.png,Ingrida renka obuolius.
Datasets/Real_Handwriting/images/form_086_sentence_4.png,Tu mielai eina.
Datasets/Synthetic_Sentences/images/sentence_02694.png,Ar gydytojas skaito receptą?
Datasets/Real_Handwriting/images/form_043_sentence_4.png,Paukštis nemėgsta skaityti.
Datasets/Synthetic_Sentences/images/sentence_04780.png,Rytoj vaikas skaitys žurnalą.
Datasets/Synthetic_Sentences/images/sentence_04175.png,Šiandien Petras perka kavą.
Datasets/Synthetic_Sentences/images/sentence_02861.png,Šiandien Gintaras dirba darbe.
Datasets/Real_Handwriting/images/form_447_sentence_1.png,Lėtai mokytoja dirba bibliotekoje.
Datasets/Synthetic_Sentences/images/sentence_04681.png,Jonas lankosi mokykloje.
Datasets/Synthetic_Sentences/images/sentence_03440.png,Saulius skaito receptą.
Datasets/Synthetic_Sentences/images/sentence_03230.png,Jonas nori plaukti.
Datasets/Synthetic_Sentences/images/sentence_02679.png,Vakar Marija nešė laišką.
Datasets/Synthetic_Sentences/images/sentence_02466.png,Šuo renka gėles.
Datasets/Synthetic_Sentences/images/sentence_02155.png,Gydytojas rašo projektą.
Datasets/Synthetic_Sentences/images/sentence_00049.png,Džiaugsmingai Jonas valgo obuolį.
Datasets/Real_Handwriting/images/form_013_sentence_2.png,Katė piešia ir piešia.
Datasets/Synthetic_Sentences/images/sentence_01724.png,Studentė nori pirkti kavą.
Datasets/Synthetic_Sentences/images/sentence_02776.png,Kristina nori rašyti užduotį.
Datasets/Real_Handwriting/images/form_352_sentence_3.png,Rasa pradeda bėgti.
Datasets/Real_Handwriting/images/form_079_sentence_1.png,Vyras mėgsta skaityti receptą.
Datasets/Real_Handwriting/images/form_488_sentence_3.png,Ar Laura nori žaisti?
Datasets/Real_Handwriting/images/form_231_sentence_1.png,Mindaugas rašo receptą.
Datasets/Synthetic_Sentences/images/sentence_00200.png,Šiandien Eglė mokosi kalnuose.
Datasets/Real_Handwriting/images/form_275_sentence_1.png,Vakar Mantas dirbo kaime.
Datasets/Synthetic_Sentences/images/sentence_00052.png,Renata nori valgyti.
Datasets/Synthetic_Sentences/images/sentence_02524.png,Kruopščiai studentė perka dovaną.
Datasets/Synthetic_Sentences/images/sentence_03141.png,Studentė renka gėles.
Datasets/Synthetic_Sentences/images/sentence_04733.png,Mindaugas mokosi ežero pakrantėje.
Datasets/Synthetic_Sentences/images/sentence_01283.png,Jonas mėgsta valgyti duoną.
Datasets/Synthetic_Sentences/images/sentence_01887.png,Petras mėgsta groti.
Datasets/Synthetic_Sentences/images/sentence_01477.png,Drąsiai Mindaugas mokosi miške.
Datasets/Synthetic_Sentences/images/sentence_03649.png,Jurga ir Žilvinas keliavo per kalnus visą savaitę.
Datasets/Synthetic_Sentences/images/sentence_02730.png,Marija sportuoja namuose.
Datasets/Synthetic_Sentences/images/sentence_00612.png,Jurgita ilsisi stadione.
Datasets/Real_Handwriting/images/form_275_sentence_5.png,Cukrų ir cinamoną dedame į pyragą.
Datasets/Real_Handwriting/images/form_323_sentence_5.png,Žaibas nušvietė tamsų dangų audros metu.
Datasets/Real_Handwriting/images/form_141_sentence_3.png,Šiandien paukštis miega labai.
Datasets/Synthetic_Sentences/images/sentence_00222.png,Rytoj Marija skaitys laišką.
Datasets/Synthetic_Sentences/images/sentence_02381.png,Ar mokytoja skaito žemėlapį?
Datasets/Synthetic_Sentences/images/sentence_03020.png,Šiandien Kristina perka gėlę.
Datasets/Real_Handwriting/images/form_318_sentence_3.png,Tyliai mokytoja dirba stotyje.
Datasets/Real_Handwriting/images/form_198_sentence_5.png,Ar tu žiūri?
Datasets/Synthetic_Sentences/images/sentence_01750.png,Saulius nori gerti.
Datasets/Synthetic_Sentences/images/sentence_04506.png,Eglė stengiasi eiti.
Datasets/Synthetic_Sentences/images/sentence_01436.png,Vakar berniukas skaitė receptą.
Datasets/Synthetic_Sentences/images/sentence_04481.png,Greitai šuo dirba kaime.
Datasets/Real_Handwriting/images/form_181_sentence_3.png,Šiandien gydytojai mokosi gerai.
Datasets/Synthetic_Sentences/images/sentence_01117.png,Šiandien Danielius skaito receptą.
Datasets/Synthetic_Sentences/images/sentence_03538.png,Ar vaikas dirba namuose?
Datasets/Synthetic_Sentences/images/sentence_00692.png,Ar Mantas mėgsta mokytis?
Datasets/Real_Handwriting/images/form_228_sentence_4.png,Žmogus dirba sode.
Datasets/Real_Handwriting/images/form_436_sentence_1.png,Greitai Laura skaito istoriją.
Datasets/Synthetic_Sentences/images/sentence_04558.png,Mantas skaito receptą.
Datasets/Real_Handwriting/images/form_090_sentence_3.png,Jūs dirba egzaminą kalnuose.
Datasets/Synthetic_Sentences/images/sentence_04696.png,Rytoj Jurgita skaitys laišką.
Datasets/Synthetic_Sentences/images/sentence_02922.png,Vakar Tomas nešė knygą.
Datasets/Synthetic_Sentences/images/sentence_00090.png,Ar katė nori groti?
Datasets/Real_Handwriting/images/form_360_sentence_2.png,Ar Kristina nori piešti?
Datasets/Real_Handwriting/images/form_274_sentence_4.png,Rytoj Kristina skaitys knygą.
Datasets/Synthetic_Sentences/images/sentence_01236.png,Lėtai studentas valgo vaisius.
Datasets/Real_Handwriting/images/form_301_sentence_4.png,Vaikas skaito laišką.
Datasets/Synthetic_Sentences/images/sentence_03525.png,Mindaugas rašo laišką.
Datasets/Synthetic_Sentences/images/sentence_04559.png,Katė nori skaityti knygą.
Datasets/Synthetic_Sentences/images/sentence_04136.png,Neringa nori gerti pieną.
Datasets/Synthetic_Sentences/images/sentence_04412.png,Vakarinė saulė nusidažė oranžiniais ir rožiniais tonais.
Datasets/Real_Handwriting/images/form_113_sentence_1.png,Vyras ilsisi prie ežero.
Datasets/Synthetic_Sentences/images/sentence_04228.png,Lėtai Žilvinas rašo žemėlapį.
Datasets/Real_Handwriting/images/form_242_sentence_1.png,Jonas rašo projektą.
Datasets/Synthetic_Sentences/images/sentence_03184.png,Eglė renka akmenis.
Datasets/Synthetic_Sentences/images/sentence_00205.png,Ar vaikas nori dainuoti?
Datasets/Real_Handwriting/images/form_122_sentence_3.png,Mergaitės piešia stotyje ir paplūdimyje.
Datasets/Synthetic_Sentences/images/sentence_03490.png,Švelniai Jonas valgo vaisius.
Datasets/Real_Handwriting/images/form_094_sentence_4.png,Jie labai kartu miega.
Datasets/Real_Handwriting/images/form_331_sentence_2.png,Mindaugas nori statyti.
Datasets/Real_Handwriting/images/form_455_sentence_4.png,Žirgas groja dainą.
Datasets/Synthetic_Sentences/images/sentence_00356.png,Rasa mėgsta gerti kavą.
Datasets/Synthetic_Sentences/images/sentence_04720.png,Ar Mindaugas mokosi kaime?
Datasets/Synthetic_Sentences/images/sentence_01691.png,Berniukas žaidžia kalnuose.
Datasets/Real_Handwriting/images/form_413_sentence_3.png,Šiandien Saulius perka gėlę.
Datasets/Real_Handwriting/images/form_486_sentence_3.png,Paukštis perka kavą.
Datasets/Real_Handwriting/images/form_147_sentence_3.png,Draugas nori miegoti žaidimą.
Datasets/Real_Handwriting/images/form_133_sentence_5.png,Ar vyrai skuba?
Datasets/Synthetic_Sentences/images/sentence_02749.png,Kristina rašo laišką.
Datasets/Real_Handwriting/images/form_298_sentence_4.png,Paukštis geria pieną.
Datasets/Synthetic_Sentences/images/sentence_01895.png,Vaikas renka gėles.
Datasets/Synthetic_Sentences/images/sentence_02273.png,Mantas mėgsta pirkti gėlę.
Datasets/Synthetic_Sentences/images/sentence_03194.png,Berniukas nori valgyti daržoves.
Datasets/Real_Handwriting/images/form_003_sentence_2.png,Mergaitė labai atidžiai verkia.
Datasets/Synthetic_Sentences/images/sentence_02436.png,Šiandien katė skaito receptą.
Datasets/Synthetic_Sentences/images/sentence_03809.png,Mantas geria arbatą.
Datasets/Synthetic_Sentences/images/sentence_03468.png,Eglė mėgsta valgyti sriubą.
Datasets/Synthetic_Sentences/images/sentence_01522.png,Ingrida mėgsta valgyti obuolį.
Datasets/Synthetic_Sentences/images/sentence_02483.png,Mielai Tomas neša gėlę.
Datasets/Synthetic_Sentences/images/sentence_01686.png,Rasa lankosi upės pakrantėje.
Datasets/Real_Handwriting/images/form_210_sentence_5.png,Kavinėje kvepėjo kava ir cinamonu.
Datasets/Synthetic_Sentences/images/sentence_03380.png,Gintaras bando galvoti.
Datasets/Synthetic_Sentences/images/sentence_01308.png,Kruopščiai Neringa valgo duoną.
Datasets/Synthetic_Sentences/images/sentence_03870.png,Saulius mėgsta rašyti.
Datasets/Real_Handwriting/images/form_156_sentence_4.png,Blogai moterys dainuoja žemėlapį.
Datasets/Synthetic_Sentences/images/sentence_02771.png,Šiandien šuo perka knygą.
Datasets/Synthetic_Sentences/images/sentence_00470.png,Jonas žaidžia mokykloje.
Datasets/Synthetic_Sentences/images/sentence_03516.png,Šiandien Renata dirba mokykloje.
Datasets/Real_Handwriting/images/form_149_sentence_1.png,Gydytojas sportuoja kalnuose ir ligoninėje.
Datasets/Real_Handwriting/images/form_254_sentence_2.png,Šiandien Renata dirba kaime.
Datasets/Real_Handwriting/images/form_450_sentence_4.png,Kristina mėgsta tvarkytis.
Datasets/Synthetic_Sentences/images/sentence_02920.png,Gydytojas mėgsta skaityti žurnalą.
Datasets/Real_Handwriting/images/form_357_sentence_5.png,Žiema atneša sniegą ir šaltį.
Datasets/Synthetic_Sentences/images/sentence_00937.png,Drąsiai Renata skaito žurnalą.
Datasets/Synthetic_Sentences/images/sentence_03216.png,Studentas nori skaityti istoriją.
Datasets/Real_Handwriting/images/form_287_sentence_4.png,Studentas pradeda rašyti.
Datasets/Synthetic_Sentences/images/sentence_04944.png,Ramiai Ingrida rašo receptą.
Datasets/Synthetic_Sentences/images/sentence_00397.png,Renata ilsisi parke.
Datasets/Real_Handwriting/images/form_463_sentence_5.png,Cukrų ir cinamoną dedame į pyragą.
Datasets/Real_Handwriting/images/form_202_sentence_5.png,Piešia studentas spalvingą paveikslą.
Datasets/Synthetic_Sentences/images/sentence_03526.png,Rytoj Saulius eis stotyje.
Datasets/Real_Handwriting/images/form_436_sentence_2.png,Šiandien Žilvinas dirba ligoninėje.
Datasets/Real_Handwriting/images/form_495_sentence_3.png,Kristina nori piešti dovaną.
Datasets/Synthetic_Sentences/images/sentence_04933.png,Eglė dirba miške.
Datasets/Synthetic_Sentences/images/sentence_03226.png,Berniukas rašo laišką.
Datasets/Real_Handwriting/images/form_025_sentence_1.png,Katė galvoja kalnuose ir mokykloje.
Datasets/Synthetic_Sentences/images/sentence_02375.png,Katė mėgsta skaityti istoriją.
Datasets/Synthetic_Sentences/images/sentence_00498.png,Gydytojas pradeda žaisti.
Datasets/Synthetic_Sentences/images/sentence_03889.png,Atidžiai Gintaras valgo duoną.
Datasets/Synthetic_Sentences/images/sentence_04084.png,Šiandien Eglė mokosi ligoninėje.
Datasets/Synthetic_Sentences/images/sentence_01859.png,Mindaugas neša knygą.
Datasets/Synthetic_Sentences/images/sentence_00509.png,Studentė mėgsta skaityti žurnalą.
Datasets/Synthetic_Sentences/images/sentence_01972.png,Šuo neša žaislą.
Datasets/Synthetic_Sentences/images/sentence_03677.png,Šiandien Gintaras mokosi mokykloje.
Datasets/Synthetic_Sentences/images/sentence_01141.png,Studentė žaidžia bibliotekoje.
Datasets/Real_Handwriting/images/form_107_sentence_3.png,Mokytojai nemėgsta šokti maistą.
Datasets/Real_Handwriting/images/form_074_sentence_4.png,Jūs verkia laišką.
Datasets/Synthetic_Sentences/images/sentence_01384.png,Drąsiai studentė ilsisi miške.
Datasets/Synthetic_Sentences/images/sentence_02971.png,Danielius nori bėgti.
Datasets/Synthetic_Sentences/images/sentence_01221.png,Vakar mergaitė skaitė receptą.
Datasets/Synthetic_Sentences/images/sentence_03887.png,Jonas mėgsta valgyti duoną.
Datasets/Synthetic_Sentences/images/sentence_04266.png,Ar Žilvinas skaito laišką?
Datasets/Real_Handwriting/images/form_297_sentence_4.png,Vakar Marija skaitė istoriją.
Datasets/Synthetic_Sentences/images/sentence_01558.png,Marija nori pirkti gėlę.
Datasets/Real_Handwriting/images/form_305_sentence_3.png,Renata geria kavą.
Datasets/Real_Handwriting/images/form_217_sentence_4.png,Greitai Danielius skaito žemėlapį.
Datasets/Synthetic_Sentences/images/sentence_02003.png,Jonas žaidžia ežero pakrantėje.
Datasets/Synthetic_Sentences/images/sentence_01569.png,Gydytojas nori rašyti projektą.
Datasets/Synthetic_Sentences/images/sentence_04609.png,Eglė mėgsta gerti sultis.
Datasets/Synthetic_Sentences/images/sentence_03682.png,Šiandien Tomas dirba kavinėje.
Datasets/Real_Handwriting/images/form_239_sentence_2.png,Ar Tomas dirba darbe?
Datasets/Real_Handwriting/images/form_346_sentence_4.png,Ar Rasa skaito žemėlapį?
Datasets/Real_Handwriting/images/form_394_sentence_4.png,Šuo groja dainą.
Datasets/Real_Handwriting/images/form_103_sentence_1.png,Mes ilsisi kalnuose ir ligoninėje.
Datasets/Real_Handwriting/images/form_085_sentence_1.png,Vyras mėgsta skaityti.
Datasets/Real_Handwriting/images/form_399_sentence_2.png,Ingrida pradeda tvarkytis.
Datasets/Real_Handwriting/images/form_161_sentence_5.png,Šiandien jos žaidžia greitai.
Datasets/Synthetic_Sentences/images/sentence_00162.png,Gydytojas mėgsta valgyti duoną.
Datasets/Synthetic_Sentences/images/sentence_00434.png,Ar Renata nori eiti?
Datasets/Synthetic_Sentences/images/sentence_00445.png,Neringa nori rašyti projektą.
Datasets/Synthetic_Sentences/images/sentence_02516.png,Šiandien Laura dirba paplūdimyje.
Datasets/Synthetic_Sentences/images/sentence_00332.png,Petras sportuoja pievoje.
Datasets/Synthetic_Sentences/images/sentence_00985.png,Vakar vaikas dirbo kalnuose.
Datasets/Real_Handwriting/images/form_396_sentence_5.png,Jonas į darbą važiuoja dviračiu.
Datasets/Real_Handwriting/images/form_494_sentence_2.png,Tyliai vaikas ilsisi bibliotekoje.
Datasets/Real_Handwriting/images/form_125_sentence_4.png,Ar mergaitės galvoja?
Datasets/Synthetic_Sentences/images/sentence_03518.png,Mergaitė gyvena bibliotekoje.
Datasets/Synthetic_Sentences/images/sentence_02954.png,Mokytojas sportuoja darbe.
Datasets/Synthetic_Sentences/images/sentence_00787.png,Vakar mergaitė dirbo ežero pakrantėje.
Datasets/Synthetic_Sentences/images/sentence_01238.png,Rasa sportuoja upės pakrantėje.
Datasets/Synthetic_Sentences/images/sentence_04078.png,Vakar Saulius dirbo miške.
Datasets/Real_Handwriting/images/form_096_sentence_4.png,Mergaitė juokiasi knygą stotyje.
Datasets/Synthetic_Sentences/images/sentence_04672.png,Studentas renka obuolius.
Datasets/Synthetic_Sentences/images/sentence_02740.png,Tomas mėgsta gerti arbatą.
Datasets/Synthetic_Sentences/images/sentence_01456.png,Mielai Neringa ilsisi kaime.
Datasets/Synthetic_Sentences/images/sentence_00752.png,Vakar vaikas skaitė istoriją.
Datasets/Real_Handwriting/images/form_428_sentence_1.png,Šiandien Neringa ilsisi pievoje.
Datasets/Synthetic_Sentences/images/sentence_02985.png,Mergaitė nori važiuoti.
Datasets/Synthetic_Sentences/images/sentence_02324.png,Gintaras nori rašyti laišką.
Datasets/Synthetic_Sentences/images/sentence_03964.png,Eglė rašo užduotį.
Datasets/Real_Handwriting/images/form_170_sentence_4.png,Ar jie klauso?
Datasets/Real_Handwriting/images/form_193_sentence_5.png,Tu šypsosi ir šypsosi.
Datasets/Real_Handwriting/images/form_297_sentence_1.png,Rytoj Renata skaitys žemėlapį.
Datasets/Synthetic_Sentences/images/sentence_00459.png,Ar studentė mėgsta galvoti?
Datasets/Real_Handwriting/images/form_040_sentence_1.png,Mergaitės smagiai verkia.
Datasets/Real_Handwriting/images/form_166_sentence_2.png,Jūs labai kartu verkia.
Datasets/Synthetic_Sentences/images/sentence_00653.png,Ar Rasa skaito knygą?
Datasets/Real_Handwriting/images/form_400_sentence_5.png,Filmas buvo labai įdomus ir jaudinantis.
Datasets/Synthetic_Sentences/images/sentence_03377.png,Ar Gintaras skaito istoriją?
Datasets/Synthetic_Sentences/images/sentence_04523.png,Žilvinas mėgsta skaityti istoriją.
Datasets/Synthetic_Sentences/images/sentence_00430.png,Mergaitė mėgsta skaityti žemėlapį.
Datasets/Synthetic_Sentences/images/sentence_03177.png,Vakar mokytojas skaitė žemėlapį.
Datasets/Real_Handwriting/images/form_289_sentence_5.png,Cukrų ir cinamoną dedame į pyragą.
Datasets/Synthetic_Sentences/images/sentence_00838.png,Vakar šuo nešė dovaną.
Datasets/Synthetic_Sentences/images/sentence_04993.png,Ar Kristina mėgsta šokti?
Datasets/Synthetic_Sentences/images/sentence_00223.png,Jonas gyvena bibliotekoje.
Datasets/Synthetic_Sentences/images/sentence_04225.png,Eglė geria pieną.
Datasets/Real_Handwriting/images/form_271_sentence_4.png,Paukštis bando važiuoti.
Datasets/Synthetic_Sentences/images/sentence_00457.png,Renata gyvena upės pakrantėje.
Datasets/Synthetic_Sentences/images/sentence_03304.png,Šiandien Petras skaito receptą.
Datasets/Synthetic_Sentences/images/sentence_01129.png,Mielai Renata neša dovaną.
Datasets/Synthetic_Sentences/images/sentence_00242.png,Eglė bando sportuoti.
Datasets/Synthetic_Sentences/images/sentence_02462.png,Laura žaidžia bibliotekoje.
Datasets/Real_Handwriting/images/form_176_sentence_4.png,Studentai dirba sode.
Datasets/Synthetic_Sentences/images/sentence_00156.png,Ar Tomas mėgsta keliauti?
Datasets/Real_Handwriting/images/form_114_sentence_5.png,Moterys piešia vaisius.
Datasets/Synthetic_Sentences/images/sentence_00831.png,Ar Ingrida dirba bibliotekoje?
Datasets/Synthetic_Sentences/images/sentence_00016.png,Danielius mėgsta skaityti žemėlapį.
Datasets/Synthetic_Sentences/images/sentence_04796.png,Mielai berniukas perka kavą.
Datasets/Synthetic_Sentences/images/sentence_04092.png,Drąsiai Jurgita mokosi pievoje.
Datasets/Synthetic_Sentences/images/sentence_04367.png,Studentė nori gerti kavą.
Datasets/Real_Handwriting/images/form_402_sentence_5.png,Anas vyras atneša arbatos.
Datasets/Real_Handwriting/images/form_143_sentence_5.png,Tyliai studentas bėga vaisius.
Datasets/Real_Handwriting/images/form_096_sentence_1.png,Šuo nemėgsta ilsėtis laišką.
Datasets/Synthetic_Sentences/images/sentence_03943.png,Vakar Gintaras nešė laišką.
Datasets/Synthetic_Sentences/images/sentence_02499.png,Kruopščiai Petras ilsisi paplūdimyje.
Datasets/Synthetic_Sentences/images/sentence_04181.png,Gydytojas mėgsta skaityti žurnalą.
Datasets/Synthetic_Sentences/images/sentence_00154.png,Ar Eglė mokosi ligoninėje?
Datasets/Real_Handwriting/images/form_390_sentence_4.png,Ar katė dirba namuose?
Datasets/Real_Handwriting/images/form_346_sentence_5.png,Žiema atneša sniegą ir šaltį.
Datasets/Synthetic_Sentences/images/sentence_01077.png,Ingrida nori pirkti dovaną.
Datasets/Real_Handwriting/images/form_007_sentence_5.png,Labai tu kalba receptą.
Datasets/Synthetic_Sentences/images/sentence_04880.png,Danielius mėgsta pirkti duoną.
Datasets/Synthetic_Sentences/images/sentence_04857.png,Neringa žaidžia sode.
Datasets/Real_Handwriting/images/form_509_sentence_3.png,Vakar Tomas dirbo namuose.
Datasets/Synthetic_Sentences/images/sentence_01681.png,Vakar mokytoja skaitė žemėlapį.
Datasets/Synthetic_Sentences/images/sentence_01299.png,Jurgita rašo projektą.
Datasets/Real_Handwriting/images/form_064_sentence_2.png,Mokytojai juokiasi ir juokiasi.
Datasets/Synthetic_Sentences/images/sentence_04211.png,Džiaugsmingai gydytojas valgo vaisius.
Datasets/Synthetic_Sentences/images/sentence_04749.png,Gydytojas mėgsta pirkti knygą.
Datasets/Real_Handwriting/images/form_281_sentence_3.png,Tomas būna ligoninėje.
Datasets/Synthetic_Sentences/images/sentence_03935.png,Mergaitė nori gerti arbatą.
Datasets/Synthetic_Sentences/images/sentence_01086.png,Vakar Kristina dirbo mokykloje.
Datasets/Real_Handwriting/images/form_276_sentence_3.png,Švelniai Renata valgo vaisius.
Datasets/Synthetic_Sentences/images/sentence_02720.png,Šiandien Kristina skaito receptą.
Datasets/Real_Handwriting/images/form_074_sentence_5.png,Katė geria ir geria.
Datasets/Synthetic_Sentences/images/sentence_00251.png,Rytoj Žilvinas skaitys žemėlapį.
Datasets/Synthetic_Sentences/images/sentence_00748.png,Vakar Mindaugas nešė laišką.
Datasets/Synthetic_Sentences/images/sentence_01534.png,Danielius nori skaityti knygą.
Datasets/Synthetic_Sentences/images/sentence_01618.png,Petras nori gerti kavą.
Datasets/Real_Handwriting/images/form_258_sentence_4.png,Vakar Renata dirbo kaime.
Datasets/Synthetic_Sentences/images/sentence_00715.png,Šiandien studentė ilsisi ligoninėje.
Datasets/Real_Handwriting/images/form_285_sentence_2.png,Rasa stato bokštą.
Datasets/Synthetic_Sentences/images/sentence_04083.png,Šiandien Danielius perka kavą.
Datasets/Synthetic_Sentences/images/sentence_01553.png,Mantas nori ilsėtis.
Datasets/Synthetic_Sentences/images/sentence_02840.png,Danielius valgo košę.
Datasets/Real_Handwriting/images/form_189_sentence_4.png,Mergaitės piešia paplūdimyje ir bibliotekoje.
Datasets/Synthetic_Sentences/images/sentence_00746.png,Šuo mėgsta valgyti vaisius.
Datasets/Synthetic_Sentences/images/sentence_02169.png,Tyliai Danielius ilsisi parke.
Datasets/Real_Handwriting/images/form_203_sentence_3.png,Ar katė dirba stotyje?
Datasets/Real_Handwriting/images/form_160_sentence_5.png,Katė bijo ilsėtis.
Datasets/Synthetic_Sentences/images/sentence_00395.png,Rasa mokosi kaime.
Datasets/Synthetic_Sentences/images/sentence_00295.png,Mergaitė nori pirkti kavą.
Datasets/Synthetic_Sentences/images/sentence_04656.png,Mantas nori dirbti.
Datasets/Synthetic_Sentences/images/sentence_03688.png,Garsiai Mantas dirba sode.
Datasets/Synthetic_Sentences/images/sentence_00895.png,Vakar Mindaugas skaitė žemėlapį.
Datasets/Synthetic_Sentences/images/sentence_04529.png,Petras neša dovaną.
Datasets/Real_Handwriting/images/form_223_sentence_3.png,Šuo valgo košę.
Datasets/Synthetic_Sentences/images/sentence_00116.png,Saulius dirba ligoninėje.
Datasets/Real_Handwriting/images/form_359_sentence_3.png,Mokytojas būna bibliotekoje.
Datasets/Synthetic_Sentences/images/sentence_04160.png,Žilvinas nori plaukti.
Datasets/Real_Handwriting/images/form_319_sentence_2.png,Ramiai katė perka žaislą.
Datasets/Synthetic_Sentences/images/sentence_01518.png,Mergaitė skaito žurnalą.
Datasets/Synthetic_Sentences/images/sentence_01892.png,Petras skaito žemėlapį.
Datasets/Synthetic_Sentences/images/sentence_02204.png,Katė neša knygą.
Datasets/Real_Handwriting/images/form_457_sentence_2.png,Šiandien Ingrida dirba kavinėje.
Datasets/Synthetic_Sentences/images/sentence_04530.png,Gintaras žaidžia mokykloje.
Datasets/Synthetic_Sentences/images/sentence_01222.png,Vaikas rašo projektą.
Datasets/Real_Handwriting/images/form_278_sentence_5.png,Kartu keliaujame per kalnų taką.
Datasets/Real_Handwriting/images/form_321_sentence_5.png,Cukrų ir cinamoną dedame į pyragą.
Datasets/Real_Handwriting/images/form_441_sentence_1.png,Šiandien studentė skaito žurnalą.
Datasets/Synthetic_Sentences/images/sentence_01661.png,Saulius skaito knygą.
Datasets/Real_Handwriting/images/form_161_sentence_1.png,Jūs žaidžia mokykloje.
Datasets/Synthetic_Sentences/images/sentence_01973.png,Studentas valgo sriubą.
Datasets/Synthetic_Sentences/images/sentence_01760.png,Jurgita nori pirkti knygą.
Datasets/Synthetic_Sentences/images/sentence_01158.png,Eglė rašo laišką.
Datasets/Synthetic_Sentences/images/sentence_04623.png,Atidžiai Gintaras neša gėlę.
Datasets/Synthetic_Sentences/images/sentence_03933.png,Rytoj Kristina eis kavinėje.
Datasets/Synthetic_Sentences/images/sentence_04073.png,Tomas rašo receptą.
Datasets/Real_Handwriting/images/form_416_sentence_5.png,Vaikai atbėga iš aikštės.
Datasets/Synthetic_Sentences/images/sentence_01600.png,Ar Jurgita dirba ligoninėje?
Datasets/Synthetic_Sentences/images/sentence_02669.png,Marija skaito istoriją.
Datasets/Real_Handwriting/images/form_337_sentence_4.png,Studentas groja simfoniją.
Datasets/Synthetic_Sentences/images/sentence_03705.png,Ar Mantas dirba sode?
Datasets/Synthetic_Sentences/images/sentence_00528.png,Jonas mėgsta gerti pieną.
Datasets/Real_Handwriting/images/form_257_sentence_5.png,Filharmonijoje groja nuostabus orkestras.
Datasets/Synthetic_Sentences/images/sentence_00024.png,Saulius valgo vaisius.
Datasets/Real_Handwriting/images/form_123_sentence_1.png,Šiandien mergaitės ilsisi ramiai.
Datasets/Synthetic_Sentences/images/sentence_00107.png,Tyliai Laura perka žaislą.
Datasets/Synthetic_Sentences/images/sentence_04659.png,Katė pradeda žaisti.
Datasets/Synthetic_Sentences/images/sentence_00224.png,Saulius mėgsta valgyti obuolį.
Datasets/Synthetic_Sentences/images/sentence_03234.png,Šiandien Ingrida perka gėlę.
Datasets/Synthetic_Sentences/images/sentence_02114.png,Tomas nori gerti kavą.
Datasets/Synthetic_Sentences/images/sentence_01481.png,Šiandien mokytoja ilsisi parke.
Datasets/Real_Handwriting/images/form_138_sentence_2.png,Vyrai labai labai bėga.
Datasets/Synthetic_Sentences/images/sentence_01208.png,Petras nori skaityti žemėlapį.
Datasets/Synthetic_Sentences/images/sentence_01413.png,Šuo perka žaislą.
Datasets/Synthetic_Sentences/images/sentence_04679.png,Studentas perka žaislą.
Datasets/Synthetic_Sentences/images/sentence_04730.png,Lėtai studentas neša krepšį.
Datasets/Synthetic_Sentences/images/sentence_00462.png,Tomas nori gerti pieną.
Datasets/Real_Handwriting/images/form_389_sentence_1.png,Vakar paukštis nešė knygą.
Datasets/Real_Handwriting/images/form_141_sentence_4.png,Šiandien šuo mąsto kruopščiai.
Datasets/Synthetic_Sentences/images/sentence_02829.png,Mergaitė rašo receptą.
Datasets/Real_Handwriting/images/form_278_sentence_2.png,Mindaugas sportuoja ligoninėje.
Datasets/Synthetic_Sentences/images/sentence_01356.png,Rūpestingai mokytojas skaito žemėlapį.
Datasets/Synthetic_Sentences/images/sentence_03296.png,Jurgita skaito knygą.
Datasets/Synthetic_Sentences/images/sentence_02404.png,Studentė skaito laišką.
Datasets/Real_Handwriting/images/form_022_sentence_3.png,Studentai mąsto kaime ir prie ežero.
Datasets/Real_Handwriting/images/form_492_sentence_5.png,Vasarą važiuojame prie jūros.
Datasets/Synthetic_Sentences/images/sentence_01479.png,Renata pradeda ilsėtis.
Datasets/Synthetic_Sentences/images/sentence_02946.png,Vaikas perka gėlę.
Datasets/Synthetic_Sentences/images/sentence_04447.png,Vakar mokytoja nešė knygą.
Datasets/Synthetic_Sentences/images/sentence_00811.png,Žilvinas lankosi darbe.
Datasets/Real_Handwriting/images/form_386_sentence_2.png,Vakar Eglė nešė gėlę.
Datasets/Synthetic_Sentences/images/sentence_00039.png,Švelniai Marija mokosi stotyje.
Datasets/Synthetic_Sentences/images/sentence_03560.png,Tomas sportuoja ligoninėje.
Datasets/Synthetic_Sentences/images/sentence_01690.png,Ar studentė mokosi kaime?
Datasets/Synthetic_Sentences/images/sentence_02826.png,Studentė nori gerti vandenį.
Datasets/Synthetic_Sentences/images/sentence_00178.png,Marija mokosi ežero pakrantėje.
Datasets/Real_Handwriting/images/form_015_sentence_4.png,Vyrai šoka filmą kaime.
Datasets/Real_Handwriting/images/form_125_sentence_1.png,Vyras nori piešti.
Datasets/Real_Handwriting/images/form_040_sentence_4.png,Draugas nemėgsta sportuoti istoriją.
Datasets/Real_Handwriting/images/form_129_sentence_2.png,Paukštis šypsosi žaidimą darbe.
Datasets/Real_Handwriting/images/form_362_sentence_2.png,Tyliai šuo sportuoja darbe.
Datasets/Synthetic_Sentences/images/sentence_03641.png,Mielai Ingrida mokosi miške.
Datasets/Synthetic_Sentences/images/sentence_01967.png,Danielius geria sultis.
Datasets/Real_Handwriting/images/form_032_sentence_4.png,Jos valgo žemėlapį kalnuose.
Datasets/Synthetic_Sentences/images/sentence_04605.png,Laura dirba upės pakrantėje.
Datasets/Synthetic_Sentences/images/sentence_02376.png,Ar Marija mokosi miške?
Datasets/Real_Handwriting/images/form_222_sentence_5.png,Cecilija čiuožia ant ledo.
Datasets/Synthetic_Sentences/images/sentence_03021.png,Rytoj Žilvinas eis namuose.
Datasets/Synthetic_Sentences/images/sentence_04820.png,Eglė nori skaityti istoriją.
Datasets/Real_Handwriting/images/form_402_sentence_4.png,Vakar žirgas nešė laišką.
Datasets/Synthetic_Sentences/images/sentence_04781.png,Rytoj Jonas skaitys žurnalą.
Datasets/Synthetic_Sentences/images/sentence_04778.png,Jurgita gyvena kavinėje.
Datasets/Real_Handwriting/images/form_485_sentence_1.png,Rūpestingai Petras perka arbatą.
Datasets/Synthetic_Sentences/images/sentence_02710.png,Mielai Rasa perka dovaną.
Datasets/Synthetic_Sentences/images/sentence_00727.png,Studentas renka gėles.
Datasets/Synthetic_Sentences/images/sentence_04631.png,Laura perka gėlę.
Datasets/Synthetic_Sentences/images/sentence_04704.png,Šiandien Žilvinas skaito knygą.
Datasets/Real_Handwriting/images/form_242_sentence_3.png,Mantas lankosi stotyje.
Datasets/Synthetic_Sentences/images/sentence_01131.png,Garsiai mokytojas mokosi namuose.
Datasets/Synthetic_Sentences/images/sentence_03169.png,Vakar Laura skaitė laišką.
Datasets/Real_Handwriting/images/form_015_sentence_5.png,Mes mielai mokosi.
Datasets/Real_Handwriting/images/form_104_sentence_2.png,Mes pradeda ilsėtis istoriją.
Datasets/Synthetic_Sentences/images/sentence_04769.png,Rūpestingai Neringa dirba ligoninėje.
Datasets/Real_Handwriting/images/form_502_sentence_2.png,Mindaugas mėgsta valgyti dovaną.
Datasets/Synthetic_Sentences/images/sentence_04754.png,Studentas skaito žemėlapį.
Datasets/Synthetic_Sentences/images/sentence_04089.png,Studentas nori mokytis.
Datasets/Real_Handwriting/images/form_238_sentence_3.png,Rūpestingai Mindaugas mokosi sode.
Datasets/Synthetic_Sentences/images/sentence_01182.png,Vaikas žaidžia mokykloje.
Datasets/Synthetic_Sentences/images/sentence_04807.png,Tyliai Renata ilsisi pievoje.
Datasets/Real_Handwriting/images/form_371_sentence_4.png,Danielius lankosi kaime.
Datasets/Synthetic_Sentences/images/sentence_02527.png,Šiandien Rasa ilsisi namuose.
Datasets/Synthetic_Sentences/images/sentence_03958.png,Studentas lankosi kavinėje.
Datasets/Synthetic_Sentences/images/sentence_01183.png,Rytoj šuo eis stotyje.
Datasets/Synthetic_Sentences/images/sentence_02121.png,Neringa mėgsta pirkti žaislą.
Datasets/Synthetic_Sentences/images/sentence_00878.png,Rytoj Kristina eis stotyje.
Datasets/Real_Handwriting/images/form_435_sentence_1.png,Ingrida ilsisi stadione.
Datasets/Synthetic_Sentences/images/sentence_00832.png,Šiandien Saulius dirba kavinėje.
Datasets/Real_Handwriting/images/form_274_sentence_5.png,Kavinėje kvepėjo kava ir cinamonu.
Datasets/Real_Handwriting/images/form_501_sentence_1.png,Mantas lankosi namuose.
Datasets/Synthetic_Sentences/images/sentence_04588.png,Džiaugsmingai Ingrida valgo daržoves.
Datasets/Synthetic_Sentences/images/sentence_02419.png,Gintaras gyvena kavinėje.
Datasets/Synthetic_Sentences/images/sentence_03010.png,Marija skaito laišką.
Datasets/Synthetic_Sentences/images/sentence_01915.png,Drąsiai Eglė perka dovaną.
Datasets/Synthetic_Sentences/images/sentence_04978.png,Rytoj Mantas eis ežero pakrantėje.
Datasets/Synthetic_Sentences/images/sentence_02078.png,Vakar studentas nešė laišką.
Datasets/Synthetic_Sentences/images/sentence_03034.png,Laura nori rašyti laišką.
Datasets/Real_Handwriting/images/form_277_sentence_5.png,Šuo išbėgo į kiemą ir pradėjo loti.
Datasets/Synthetic_Sentences/images/sentence_03722.png,Berniukas gyvena upės pakrantėje.
Datasets/Synthetic_Sentences/images/sentence_00281.png,Kristina nori rašyti laišką.
Datasets/Real_Handwriting/images/form_129_sentence_3.png,Aš stengiasi piešti kavą.
Datasets/Synthetic_Sentences/images/sentence_02908.png,Rytoj Laura skaitys receptą.
Datasets/Synthetic_Sentences/images/sentence_03170.png,Marija skaito laišką.
Datasets/Real_Handwriting/images/form_073_sentence_2.png,Mergaitės lėtai galvoja.
Datasets/Synthetic_Sentences/images/sentence_03854.png,Rytoj Gintaras skaitys receptą.
Datasets/Real_Handwriting/images/form_415_sentence_5.png,Žirgai bėga laisvai per žalią lauką.
Datasets/Real_Handwriting/images/form_433_sentence_5.png,Kavinėje kvepėjo kava ir cinamonu.
Datasets/Real_Handwriting/images/form_407_sentence_3.png,Lėtai Laura mokosi stadione.
Datasets/Synthetic_Sentences/images/sentence_04385.png,Laura lankosi stotyje.
Datasets/Synthetic_Sentences/images/sentence_04390.png,Mielai Gintaras ilsisi darbe.
Datasets/Synthetic_Sentences/images/sentence_04821.png,Greitai Rasa mokosi stotyje.
Datasets/Real_Handwriting/images/form_154_sentence_2.png,Ar gydytojai dirba?
Datasets/Synthetic_Sentences/images/sentence_02219.png,Marija ilsisi upės pakrantėje.
Datasets/Real_Handwriting/images/form_447_sentence_4.png,Vaikas skaito žurnalą.
Datasets/Synthetic_Sentences/images/sentence_03910.png,Petras bando galvoti.
Datasets/Real_Handwriting/images/form_304_sentence_1.png,Danielius dirba mokykloje.
Datasets/Real_Handwriting/images/form_142_sentence_4.png,Katė žiūri egzaminą miške.
Datasets/Synthetic_Sentences/images/sentence_02262.png,Ingrida mėgsta kalbėti.
Datasets/Synthetic_Sentences/images/sentence_02033.png,Ar Renata mėgsta važiuoti?
Datasets/Real_Handwriting/images/form_139_sentence_2.png,Rytoj vaikas klauso žemėlapį.
Datasets/Synthetic_Sentences/images/sentence_04884.png,Danielius nori skaityti knygą.
Datasets/Real_Handwriting/images/form_288_sentence_4.png,Rūpestingai Kristina skaito receptą.
Datasets/Real_Handwriting/images/form_037_sentence_3.png,Tyliai tu dirba užduotį.
Datasets/Real_Handwriting/images/form_460_sentence_5.png,Nuo kalno matosi nuostabus vaizas.
Datasets/Synthetic_Sentences/images/sentence_03172.png,Mokytojas mėgsta bėgti.
Datasets/Synthetic_Sentences/images/sentence_02581.png,Ar mokytoja nori bėgti?
Datasets/Synthetic_Sentences/images/sentence_02956.png,Ar Laura mokosi kalnuose?
Datasets/Synthetic_Sentences/images/sentence_00813.png,Rasa žaidžia parke.
Datasets/Synthetic_Sentences/images/sentence_02432.png,Kristina bando piešti.
Datasets/Synthetic_Sentences/images/sentence_04919.png,Šuo mokosi kavinėje.
Datasets/Real_Handwriting/images/form_503_sentence_3.png,Vakar Jurgita dirbo stotyje.
Datasets/Synthetic_Sentences/images/sentence_01839.png,Vakar šuo dirbo ligoninėje.
Datasets/Synthetic_Sentences/images/sentence_02429.png,Ar Rasa mokosi stadione?
Datasets/Synthetic_Sentences/images/sentence_03738.png,Jurgita gyvena stadione.
Datasets/Synthetic_Sentences/images/sentence_00936.png,Studentė nori ilsėtis.
Datasets/Synthetic_Sentences/images/sentence_04554.png,Renata mėgsta eiti.
Datasets/Real_Handwriting/images/form_069_sentence_5.png,Mokytojas garsiai bėga.
Datasets/Real_Handwriting/images/form_296_sentence_2.png,Berniukas mėgsta gerti duoną.
Datasets/Real_Handwriting/images/form_169_sentence_2.png,Šiandien mokytojai sportuoja kartu.
Datasets/Synthetic_Sentences/images/sentence_00799.png,Marija geria kavą.
Datasets/Synthetic_Sentences/images/sentence_02459.png,Šuo stengiasi sportuoti.
Datasets/Synthetic_Sentences/images/sentence_00731.png,Mokytojas nori gerti pieną.
Datasets/Synthetic_Sentences/images/sentence_00152.png,Rytoj gydytojas skaitys žemėlapį.
Datasets/Synthetic_Sentences/images/sentence_02865.png,Mokytoja lankosi parke.
Datasets/Synthetic_Sentences/images/sentence_02201.png,Gintaras nori skaityti receptą.
Datasets/Real_Handwriting/images/form_045_sentence_3.png,Moteris nori sportuoti vaisius.
Datasets/Synthetic_Sentences/images/sentence_02118.png,Šiandien Laura mokosi pievoje.
Datasets/Real_Handwriting/images/form_494_sentence_4.png,Greitai vaikas perka žaislą.
Datasets/Real_Handwriting/images/form_084_sentence_5.png,Tu labai kartu skuba.
Datasets/Synthetic_Sentences/images/sentence_00694.png,Katė bando plaukti.
Datasets/Real_Handwriting/images/form_158_sentence_2.png,Ar vyras keliauoja?
Datasets/Synthetic_Sentences/images/sentence_00307.png,Jonas perka dovaną.
Datasets/Synthetic_Sentences/images/sentence_03932.png,Ar Kristina skaito žurnalą?
Datasets/Synthetic_Sentences/images/sentence_01368.png,Mokytoja gyvena kavinėje.
Datasets/Synthetic_Sentences/images/sentence_03941.png,Mergaitė valgo obuolį.
Datasets/Synthetic_Sentences/images/sentence_04874.png,Rytoj katė skaitys žurnalą.
Datasets/Real_Handwriting/images/form_418_sentence_2.png,Ar Laura skaito knygą?
Datasets/Synthetic_Sentences/images/sentence_02054.png,Saulius perka knygą.
Datasets/Synthetic_Sentences/images/sentence_03318.png,Švelniai Ingrida skaito receptą.
Datasets/Synthetic_Sentences/images/sentence_04418.png,Ar šuo skaito laišką?
Datasets/Synthetic_Sentences/images/sentence_03621.png,Danielius mėgsta gerti sultis.
Datasets/Synthetic_Sentences/images/sentence_02947.png,Šiandien katė dirba miške.
Datasets/Synthetic_Sentences/images/sentence_01650.png,Garsiai berniukas neša laišką.
Datasets/Real_Handwriting/images/form_049_sentence_1.png,Mergaitė gerai tvarkosi.
Datasets/Synthetic_Sentences/images/sentence_04482.png,Ar mergaitė mėgsta tvarkytis?
Datasets/Real_Handwriting/images/form_508_sentence_3.png,Šiandien Saulius dirba kalnuose.
Datasets/Synthetic_Sentences/images/sentence_01924.png,Saulius perka gėlę.
Datasets/Synthetic_Sentences/images/sentence_00673.png,Ingrida sportuoja mokykloje.
Datasets/Real_Handwriting/images/form_507_sentence_5.png,Odė orkestro muzika yra labai gili.
Datasets/Synthetic_Sentences/images/sentence_01025.png,Garsiai studentė perka dovaną.
Datasets/Synthetic_Sentences/images/sentence_01828.png,Mokytojas perka arbatą.
Datasets/Synthetic_Sentences/images/sentence_02504.png,Mokytojas lankosi kalnuose.
Datasets/Synthetic_Sentences/images/sentence_04386.png,Šiandien Saulius skaito žemėlapį.
Datasets/Real_Handwriting/images/form_473_sentence_4.png,Studentė būna pievoje.
Datasets/Synthetic_Sentences/images/sentence_03609.png,Katė renka gėles.
Datasets/Synthetic_Sentences/images/sentence_04917.png,Šuo nori gerti.
Datasets/Real_Handwriting/images/form_195_sentence_3.png,Aš geria kaime ir namuose.
Datasets/Real_Handwriting/images/form_349_sentence_2.png,Šiandien Danielius perka žaislą.
Datasets/Synthetic_Sentences/images/sentence_01302.png,Petras ilsisi paplūdimyje.
Datasets/Real_Handwriting/images/form_251_sentence_3.png,Ar studentė mėgsta groti?
Datasets/Real_Handwriting/images/form_150_sentence_1.png,Šiandien aš klauso kartu.
Datasets/Real_Handwriting/images/form_225_sentence_5.png,Studentas skaito storą knygą.
Datasets/Synthetic_Sentences/images/sentence_00453.png,Laura mėgsta bėgti.
Datasets/Synthetic_Sentences/images/sentence_04117.png,Berniukas nori gerti arbatą.
Datasets/Synthetic_Sentences/images/sentence_03275.png,Jurgita ilsisi pievoje.
Datasets/Real_Handwriting/images/form_464_sentence_3.png,Gintaras valgo daržoves.
Datasets/Synthetic_Sentences/images/sentence_02167.png,Studentas mėgsta valgyti sriubą.
Datasets/Synthetic_Sentences/images/sentence_00978.png,Greitai Danielius dirba pievoje.
Datasets/Synthetic_Sentences/images/sentence_04645.png,Kristina skaito istoriją.
Datasets/Synthetic_Sentences/images/sentence_04639.png,Gydytojas mėgsta valgyti vaisius.
Datasets/Synthetic_Sentences/images/sentence_01181.png,Atidžiai berniukas neša gėlę.
Datasets/Synthetic_Sentences/images/sentence_03535.png,Kristina mėgsta valgyti vaisius.
Datasets/Real_Handwriting/images/form_184_sentence_2.png,Studentas labai ramiai skuba.
Datasets/Synthetic_Sentences/images/sentence_03766.png,Renata stengiasi keliauti.
Datasets/Synthetic_Sentences/images/sentence_04759.png,Vakar Tomas skaitė žurnalą.
Datasets/Synthetic_Sentences/images/sentence_04823.png,Mindaugas perka kavą.
Datasets/Real_Handwriting/images/form_284_sentence_2.png,Šiandien Rasa perka arbatą.
Datasets/Real_Handwriting/images/form_118_sentence_2.png,Moterys tyliai piešia.
Datasets/Real_Handwriting/images/form_248_sentence_1.png,Šeima lankosi mieste.
Datasets/Real_Handwriting/images/form_391_sentence_1.png,Renata nori važiuoti.
Datasets/Synthetic_Sentences/images/sentence_01326.png,Šiandien Eglė mokosi sode.
Datasets/Real_Handwriting/images/form_239_sentence_4.png,Šiandien berniukas perka žaislą.
Datasets/Synthetic_Sentences/images/sentence_00187.png,Vakar Laura dirbo kavinėje.
Datasets/Synthetic_Sentences/images/sentence_00101.png,Gintaras sportuoja kalnuose.
Datasets/Synthetic_Sentences/images/sentence_04923.png,Ar Petras nori mokytis?
Datasets/Real_Handwriting/images/form_365_sentence_5.png,Cukrų ir cinamoną dedame į pyragą.
Datasets/Synthetic_Sentences/images/sentence_02305.png,Vakar mokytoja skaitė istoriją.
Datasets/Real_Handwriting/images/form_197_sentence_4.png,Mes mėgsta gerti.
Datasets/Synthetic_Sentences/images/sentence_02545.png,Laura sportuoja pievoje.
Datasets/Synthetic_Sentences/images/sentence_02767.png,Petras rašo žemėlapį.
Datasets/Real_Handwriting/images/form_192_sentence_3.png,Studentai dabar galvoja.
Datasets/Real_Handwriting/images/form_055_sentence_4.png,Ji piešia miške ir kalnuose.
Datasets/Real_Handwriting/images/form_272_sentence_4.png,Ramiai mokytoja ilsisi upės pakrantėje.
Datasets/Synthetic_Sentences/images/sentence_02159.png,Petras nori rašyti receptą.
Datasets/Synthetic_Sentences/images/sentence_01256.png,Šiandien gydytojas mokosi sode.
Datasets/Synthetic_Sentences/images/sentence_02359.png,Mokytoja mėgsta skaityti.
Datasets/Real_Handwriting/images/form_037_sentence_4.png,Ji sportuoja kaime.
Datasets/Real_Handwriting/images/form_192_sentence_5.png,Moterys labai vakar verkia.
Datasets/Synthetic_Sentences/images/sentence_02123.png,Rytoj Neringa skaitys žurnalą.
Datasets/Real_Handwriting/images/form_489_sentence_2.png,Garsiai Tomas sportuoja paplūdimyje.
Datasets/Real_Handwriting/images/form_277_sentence_1.png,Ar Petras skaito žemėlapį?
Datasets/Synthetic_Sentences/images/sentence_02156.png,Ar šuo mėgsta dainuoti?
Datasets/Synthetic_Sentences/images/sentence_02408.png,Katė bando ilsėtis.
Datasets/Synthetic_Sentences/images/sentence_04951.png,Vaikas nori kalbėti.
Datasets/Real_Handwriting/images/form_160_sentence_3.png,Draugai tvarkosi miške.
Datasets/Synthetic_Sentences/images/sentence_01211.png,Žilvinas nori rašyti žemėlapį.
Datasets/Synthetic_Sentences/images/sentence_01420.png,Studentas mokosi paplūdimyje.
Datasets/Real_Handwriting/images/form_380_sentence_4.png,Jonas skaito knygą.
Datasets/Real_Handwriting/images/form_126_sentence_3.png,Katė rašo užduotį bibliotekoje.
Datasets/Synthetic_Sentences/images/sentence_02867.png,Greitai Mantas skaito receptą.
Datasets/Synthetic_Sentences/images/sentence_03723.png,Mokytojas ilsisi bibliotekoje.
Datasets/Synthetic_Sentences/images/sentence_02358.png,Berniukas nori rašyti žemėlapį.
Datasets/Synthetic_Sentences/images/sentence_01351.png,Lėtai Rasa mokosi ligoninėje.
Datasets/Synthetic_Sentences/images/sentence_00716.png,Mielai mokytojas mokosi sode.
Datasets/Synthetic_Sentences/images/sentence_03224.png,Rūpestingai Jonas mokosi stadione.
Datasets/Synthetic_Sentences/images/sentence_04915.png,Gintaras mėgsta valgyti duoną.
Datasets/Real_Handwriting/images/form_472_sentence_2.png,Žirgas valgo duoną.
Datasets/Synthetic_Sentences/images/sentence_04929.png,Šuo dirba stotyje.
Datasets/Real_Handwriting/images/form_353_sentence_3.png,Jurgita ilsisi ligoninėje.
Datasets/Synthetic_Sentences/images/sentence_00112.png,Jonas ilsisi ežero pakrantėje.
Datasets/Synthetic_Sentences/images/sentence_01287.png,Garsiai Petras dirba stotyje.
Datasets/Real_Handwriting/images/form_021_sentence_2.png,Niekada mergaitės žaidžia vandenį.
Datasets/Synthetic_Sentences/images/sentence_02924.png,Ar Jonas mokosi stotyje?
Datasets/Synthetic_Sentences/images/sentence_02969.png,Vakar šuo dirbo kalnuose.
Datasets/Synthetic_Sentences/images/sentence_04294.png,Jurgita mėgsta pirkti žaislą.
Datasets/Synthetic_Sentences/images/sentence_04773.png,Eglė mėgsta valgyti duoną.
Datasets/Synthetic_Sentences/images/sentence_02097.png,Saulius ilsisi bibliotekoje.
Datasets/Synthetic_Sentences/images/sentence_04077.png,Tyliai Gintaras perka arbatą.
Datasets/Real_Handwriting/images/form_393_sentence_4.png,Mielai katė skaito laišką.
Datasets/Synthetic_Sentences/images/sentence_02663.png,Vakar vaikas skaitė žurnalą.
Datasets/Synthetic_Sentences/images/sentence_04745.png,Studentas mėgsta skaityti receptą.
Datasets/Real_Handwriting/images/form_144_sentence_1.png,Jis nemėgsta rašyti.
Datasets/Synthetic_Sentences/images/sentence_01862.png,Mielai Kristina neša gėlę.
Datasets/Synthetic_Sentences/images/sentence_02323.png,Šuo mėgsta skaityti žurnalą.
Datasets/Synthetic_Sentences/images/sentence_04550.png,Ar Mindaugas dirba bibliotekoje?
Datasets/Real_Handwriting/images/form_166_sentence_3.png,Vakar gydytojas kalba maistą.
Datasets/Synthetic_Sentences/images/sentence_03299.png,Rūpestingai Gintaras mokosi stadione.
Datasets/Synthetic_Sentences/images/sentence_02290.png,Šiandien mergaitė dirba mokykloje.
Datasets/Real_Handwriting/images/form_452_sentence_2.png,Vaikas lankosi pievoje.
Datasets/Real_Handwriting/images/form_025_sentence_4.png,Šuo kalba stotyje ir paplūdimyje.
Datasets/Synthetic_Sentences/images/sentence_00997.png,Šuo nori pirkti gėlę.
Datasets/Synthetic_Sentences/images/sentence_04344.png,Mokytoja pradeda ilsėtis.
Datasets/Synthetic_Sentences/images/sentence_02528.png,Ar mokytoja dirba pievoje?
Datasets/Synthetic_Sentences/images/sentence_03876.png,Mokytoja neša gėlę.
Datasets/Synthetic_Sentences/images/sentence_03301.png,Šiandien Marija skaito receptą.
Datasets/Synthetic_Sentences/images/sentence_03934.png,Studentė stengiasi piešti.
Datasets/Synthetic_Sentences/images/sentence_03592.png,Šiandien Petras ilsisi pievoje.
Datasets/Real_Handwriting/images/form_435_sentence_3.png,Ar paukštis skaito istoriją?
Datasets/Real_Handwriting/images/form_240_sentence_5.png,Cecilija čiuožia ant ledo.
Datasets/Real_Handwriting/images/form_390_sentence_3.png,Vakar Žilvinas nešė krepšį.
Datasets/Synthetic_Sentences/images/sentence_00723.png,Greitai Saulius dirba darbe.
Datasets/Synthetic_Sentences/images/sentence_02251.png,Studentas geria vandenį.
Datasets/Synthetic_Sentences/images/sentence_02389.png,Švelniai mokytojas rašo užduotį.
Datasets/Synthetic_Sentences/images/sentence_03434.png,Tomas mėgsta gerti.
Datasets/Synthetic_Sentences/images/sentence_00765.png,Šiandien Mantas dirba kalnuose.
Datasets/Synthetic_Sentences/images/sentence_03561.png,Šiandien Tomas mokosi miške.
Datasets/Synthetic_Sentences/images/sentence_02629.png,Danielius mėgsta pirkti duoną.
Datasets/Real_Handwriting/images/form_382_sentence_2.png,Ar Ingrida skaito žurnalą?
Datasets/Synthetic_Sentences/images/sentence_03015.png,Rasa geria kavą.
Datasets/Synthetic_Sentences/images/sentence_02253.png,Laura rašo receptą.
Datasets/Synthetic_Sentences/images/sentence_00658.png,Tomas dirba namuose.
Datasets/Synthetic_Sentences/images/sentence_04817.png,Žilvinas mėgsta gerti pieną.
Datasets/Synthetic_Sentences/images/sentence_02515.png,Drąsiai šuo skaito receptą.
Datasets/Synthetic_Sentences/images/sentence_00351.png,Vakar studentė dirbo upės pakrantėje.
Datasets/Real_Handwriting/images/form_419_sentence_1.png,Laura renka akmenis.
Datasets/Synthetic_Sentences/images/sentence_00676.png,Rytoj studentė skaitys žurnalą.
Datasets/Synthetic_Sentences/images/sentence_02250.png,Šiandien Rasa ilsisi kaime.
Datasets/Synthetic_Sentences/images/sentence_00350.png,Tyliai Ingrida mokosi mieste.
Datasets/Real_Handwriting/images/form_121_sentence_3.png,Studentas visada tvarkosi.
Datasets/Synthetic_Sentences/images/sentence_00168.png,Eglė perka žaislą.
Datasets/Synthetic_Sentences/images/sentence_04261.png,Mantas mokosi mieste.
Datasets/Real_Handwriting/images/form_179_sentence_2.png,Vaikas sportuoja kaime ir sode.
Datasets/Real_Handwriting/images/form_460_sentence_2.png,Šiandien šuo mokosi parke.
Datasets/Synthetic_Sentences/images/sentence_04459.png,Mantas mėgsta gerti sultis.
Datasets/Real_Handwriting/images/form_334_sentence_1.png,Mielai studentas sportuoja kalnuose.
Datasets/Synthetic_Sentences/images/sentence_04326.png,Švelniai studentas perka duoną.
Datasets/Synthetic_Sentences/images/sentence_04383.png,Vakar Žilvinas dirbo darbe.
Datasets/Synthetic_Sentences/images/sentence_03896.png,Rasa mėgsta gerti sultis.
Datasets/Synthetic_Sentences/images/sentence_01344.png,Studentė stengiasi groti.
Datasets/Synthetic_Sentences/images/sentence_02591.png,Studentas mėgsta skaityti.
Datasets/Synthetic_Sentences/images/sentence_02878.png,Šiandien mergaitė skaito žemėlapį.
Datasets/Synthetic_Sentences/images/sentence_03203.png,Džiaugsmingai Mantas skaito žurnalą.
Datasets/Real_Handwriting/images/form_131_sentence_2.png,Kartu mes kalba darbą.
Datasets/Synthetic_Sentences/images/sentence_03373.png,Jonas nori valgyti daržoves.
Datasets/Real_Handwriting/images/form_052_sentence_1.png,Mergaitės skuba miške.
Datasets/Synthetic_Sentences/images/sentence_01929.png,Renata bando žaisti.
Datasets/Synthetic_Sentences/images/sentence_03444.png,Greitai katė neša laišką.
Datasets/Real_Handwriting/images/form_503_sentence_1.png,Vakar studentas dirbo sode.
Datasets/Real_Handwriting/images/form_438_sentence_3.png,Žirgas rašo istoriją.
Datasets/Synthetic_Sentences/images/sentence_04959.png,Šiandien Danielius mokosi bibliotekoje.
Datasets/Real_Handwriting/images/form_167_sentence_1.png,Mokytojas miega namuose ir mokykloje.
Datasets/Real_Handwriting/images/form_088_sentence_4.png,Aš sportuoja bibliotekoje ir darbe.
Datasets/Synthetic_Sentences/images/sentence_00070.png,Petras ilsisi parke.
Datasets/Synthetic_Sentences/images/sentence_04393.png,Mindaugas nori valgyti vaisius.
Datasets/Synthetic_Sentences/images/sentence_02961.png,Renata lankosi upės pakrantėje.
Datasets/Synthetic_Sentences/images/sentence_03264.png,Vakar Rasa dirbo paplūdimyje.
Datasets/Synthetic_Sentences/images/sentence_00959.png,Renata skaito istoriją.
Datasets/Real_Handwriting/images/form_340_sentence_2.png,Šiandien Petras mokosi bibliotekoje.
Datasets/Synthetic_Sentences/images/sentence_00439.png,Šiandien Jurgita ilsisi mieste.
Datasets/Synthetic_Sentences/images/sentence_01771.png,Berniukas lankosi miške.
Datasets/Synthetic_Sentences/images/sentence_00334.png,Eglė ilsisi ligoninėje.
Datasets/Real_Handwriting/images/form_136_sentence_3.png,Gerai mokytojai žiūri užduotį.
Datasets/Synthetic_Sentences/images/sentence_00646.png,Mindaugas nori skaityti istoriją.
Datasets/Synthetic_Sentences/images/sentence_02493.png,Šiandien Mantas ilsisi sode.
Datasets/Synthetic_Sentences/images/sentence_02732.png,Danielius nori skaityti laišką.
Datasets/Synthetic_Sentences/images/sentence_02812.png,Ar mergaitė mėgsta dainuoti?
Datasets/Real_Handwriting/images/form_195_sentence_2.png,Paukštis eina istoriją.
Datasets/Synthetic_Sentences/images/sentence_03482.png,Ar mokytojas mokosi kavinėje?
Datasets/Real_Handwriting/images/form_495_sentence_5.png,"Šiandien šalta, bet sausa."
Datasets/Synthetic_Sentences/images/sentence_00134.png,Vakar berniukas nešė laišką.
Datasets/Synthetic_Sentences/images/sentence_01369.png,Ar berniukas dirba mieste?
Datasets/Synthetic_Sentences/images/sentence_00386.png,Šiandien Mantas mokosi darbe.
Datasets/Synthetic_Sentences/images/sentence_04800.png,Renata žaidžia stotyje.
Datasets/Real_Handwriting/images/form_247_sentence_2.png,Ar Petras skaito istoriją?
Datasets/Synthetic_Sentences/images/sentence_04362.png,Marija nori skaityti žurnalą.
Datasets/Synthetic_Sentences/images/sentence_00029.png,Jonas dirba sode.
Datasets/Real_Handwriting/images/form_472_sentence_5.png,Ypač skanūs obuoliai auga sode.
Datasets/Real_Handwriting/images/form_417_sentence_1.png,Studentė stengiasi šokti.
Datasets/Synthetic_Sentences/images/sentence_04433.png,Neringa perka knygą.
Datasets/Synthetic_Sentences/images/sentence_01620.png,Šiandien Petras dirba pievoje.
Datasets/Real_Handwriting/images/form_227_sentence_1.png,Paukštis neša krepšį.
Datasets/Synthetic_Sentences/images/sentence_00308.png,Šiandien šuo ilsisi stadione.
Datasets/Synthetic_Sentences/images/sentence_03820.png,Tyliai berniukas perka kavą.
Datasets/Real_Handwriting/images/form_241_sentence_2.png,Vaikas žaidžia pievoje.
Datasets/Synthetic_Sentences/images/sentence_03002.png,Gintaras bando keliauti.
Datasets/Synthetic_Sentences/images/sentence_01239.png,Ar vaikas dirba mokykloje?
Datasets/Synthetic_Sentences/images/sentence_03116.png,Marija valgo vaisius.
Datasets/Real_Handwriting/images/form_132_sentence_4.png,Mokytojas labai geria.
Datasets/Synthetic_Sentences/images/sentence_00139.png,Vaikas geria vandenį.
Datasets/Synthetic_Sentences/images/sentence_01597.png,Žilvinas lankosi miške.
Datasets/Synthetic_Sentences/images/sentence_04634.png,Šiandien Ingrida dirba stotyje.
Datasets/Synthetic_Sentences/images/sentence_04085.png,Ar Jurgita skaito istoriją?
Datasets/Real_Handwriting/images/form_347_sentence_3.png,Greitai Neringa ilsisi mokykloje.
Datasets/Synthetic_Sentences/images/sentence_04238.png,Ingrida žaidžia paplūdimyje.
Datasets/Real_Handwriting/images/form_100_sentence_1.png,Ar jos valgo?
Datasets/Real_Handwriting/images/form_020_sentence_5.png,Vyrai bėga ir bėga.
Datasets/Synthetic_Sentences/images/sentence_01850.png,Laura perka duoną.
Datasets/Synthetic_Sentences/images/sentence_01310.png,Šiandien katė dirba stadione.
Datasets/Real_Handwriting/images/form_363_sentence_1.png,Vakar žirgas skaitė žemėlapį.
Datasets/Real_Handwriting/images/form_098_sentence_2.png,Draugas dirba ir dirba.
Datasets/Real_Handwriting/images/form_401_sentence_1.png,Ar Jurgita dirba bibliotekoje?
Datasets/Synthetic_Sentences/images/sentence_03882.png,Žilvinas mėgsta gerti pieną.
Datasets/Synthetic_Sentences/images/sentence_02777.png,Mokytoja nori gerti sultis.
Datasets/Synthetic_Sentences/images/sentence_04107.png,Eglė nori pirkti dovaną.
Datasets/Synthetic_Sentences/images/sentence_03895.png,Šuo renka obuolius.
Datasets/Synthetic_Sentences/images/sentence_02606.png,Ar studentė skaito knygą?
Datasets/Synthetic_Sentences/images/sentence_01671.png,Danielius nori gerti sultis.
Datasets/Synthetic_Sentences/images/sentence_04525.png,Eglė pradeda rašyti.
Datasets/Synthetic_Sentences/images/sentence_02187.png,Vaikas nori skaityti istoriją.
Datasets/Synthetic_Sentences/images/sentence_04883.png,Jonas stengiasi piešti.
Datasets/Real_Handwriting/images/form_061_sentence_1.png,Smagiai jis miega egzaminą.
Datasets/Synthetic_Sentences/images/sentence_03672.png,Mama myli mažus vaikus.
Datasets/Synthetic_Sentences/images/sentence_00114.png,Kruopščiai Mantas mokosi miške.
Datasets/Real_Handwriting/images/form_058_sentence_2.png,Mergaitė bijo šokti.
Datasets/Real_Handwriting/images/form_392_sentence_3.png,Mindaugas lankosi namuose.
Datasets/Synthetic_Sentences/images/sentence_01111.png,Ar Tomas mokosi mokykloje?
Datasets/Synthetic_Sentences/images/sentence_01268.png,Lėtai mergaitė rašo laišką.
Datasets/Real_Handwriting/images/form_468_sentence_5.png,Aš atsargiai atidarau ąžuolinę dėžę.
Datasets/Synthetic_Sentences/images/sentence_00189.png,Rytoj mokytojas eis mieste.
Datasets/Synthetic_Sentences/images/sentence_00440.png,Rasa mėgsta gerti kavą.
Datasets/Real_Handwriting/images/form_002_sentence_4.png,Draugas nemėgsta keliauti receptą.
Datasets/Real_Handwriting/images/form_309_sentence_5.png,Ją labai džiugino jaukūs namai.
Datasets/Synthetic_Sentences/images/sentence_04305.png,Renata nori skaityti žemėlapį.
Datasets/Real_Handwriting/images/form_412_sentence_2.png,Berniukas bando groti.
Datasets/Real_Handwriting/images/form_502_sentence_3.png,Mindaugas groja muzikos kūrinį.
Datasets/Real_Handwriting/images/form_246_sentence_3.png,Žilvinas ilsisi bibliotekoje.
Datasets/Real_Handwriting/images/form_314_sentence_5.png,Zigmas žiūri žaibą per langą.
Datasets/Synthetic_Sentences/images/sentence_04281.png,Atidžiai Saulius neša žaislą.
Datasets/Synthetic_Sentences/images/sentence_04987.png,Katė lankosi sode.
Datasets/Real_Handwriting/images/form_431_sentence_4.png,Jurgita nori valgyti arbatą.
Datasets/Synthetic_Sentences/images/sentence_03358.png,Žaibas nušvietė tamsų dangų audros metu.
Datasets/Real_Handwriting/images/form_474_sentence_5.png,"Šiandien šalta, bet sausa."
Datasets/Synthetic_Sentences/images/sentence_02401.png,Mokytoja bando bėgti.
Datasets/Synthetic_Sentences/images/sentence_00739.png,Šiandien Marija ilsisi namuose.
Datasets/Real_Handwriting/images/form_425_sentence_2.png,Drąsiai Eglė mokosi paplūdimyje.
Datasets/Synthetic_Sentences/images/sentence_02990.png,Mokytoja pradeda dirbti.
Datasets/Real_Handwriting/images/form_328_sentence_5.png,Tvarka namuose labai svarbi.
Datasets/Real_Handwriting/images/form_380_sentence_1.png,Studentė gyvena kalnuose.
Datasets/Real_Handwriting/images/form_507_sentence_1.png,Jurgita skaito receptą.
Datasets/Synthetic_Sentences/images/sentence_00546.png,Šuo rašo laišką.
Datasets/Synthetic_Sentences/images/sentence_04789.png,Mindaugas mėgsta skaityti istoriją.
Datasets/Synthetic_Sentences/images/sentence_00266.png,Ar Marija mėgsta šokti?
Datasets/Synthetic_Sentences/images/sentence_04772.png,Mergaitė nori pirkti knygą.
Datasets/Real_Handwriting/images/form_421_sentence_2.png,Ar Marija mokosi paplūdimyje?
Datasets/Real_Handwriting/images/form_457_sentence_3.png,Saulius geria arbatą.
Datasets/Synthetic_Sentences/images/sentence_04828.png,Mindaugas gyvena pievoje.
Datasets/Real_Handwriting/images/form_002_sentence_5.png,Vakar vaikas bėga paveikslą.
Datasets/Synthetic_Sentences/images/sentence_04327.png,Šiandien katė dirba kalnuose.
Datasets/Synthetic_Sentences/images/sentence_01092.png,Gydytojas nori rašyti.
Datasets/Real_Handwriting/images/form_425_sentence_3.png,Lėtai Danielius ilsisi kaime.
Datasets/Real_Handwriting/images/form_449_sentence_4.png,Atidžiai Petras mokosi stotyje.
Datasets/Real_Handwriting/images/form_357_sentence_3.png,Šeima žaidžia bibliotekoje.
Datasets/Synthetic_Sentences/images/sentence_03513.png,Šuo sportuoja darbe.
Datasets/Synthetic_Sentences/images/sentence_01935.png,Vaikas mokosi miške.
Datasets/Real_Handwriting/images/form_165_sentence_2.png,Ar mes žaidžia?
Datasets/Real_Handwriting/images/form_232_sentence_4.png,Šeima ilsisi miške.
Datasets/Synthetic_Sentences/images/sentence_04826.png,Šiandien mokytojas dirba bibliotekoje.
Datasets/Real_Handwriting/images/form_224_sentence_1.png,Rūpestingai Tomas rašo užduotį.
Datasets/Real_Handwriting/images/form_340_sentence_1.png,Šiandien Mindaugas ilsisi namuose.
Datasets/Synthetic_Sentences/images/sentence_01774.png,Šiandien gydytojas mokosi darbe.
Datasets/Synthetic_Sentences/images/sentence_03616.png,Ar šuo dirba stotyje?
Datasets/Synthetic_Sentences/images/sentence_01648.png,Ar Neringa mokosi darbe?
Datasets/Real_Handwriting/images/form_177_sentence_4.png,Jis skuba ir skuba.
Datasets/Synthetic_Sentences/images/sentence_02723.png,Berniukas perka žaislą.
Datasets/Real_Handwriting/images/form_350_sentence_5.png,Šuo išbėgo į kiemą ir pradėjo loti.
Datasets/Synthetic_Sentences/images/sentence_04737.png,Garsiai Neringa valgo daržoves.
Datasets/Synthetic_Sentences/images/sentence_02143.png,Gydytojas mėgsta važiuoti.
Datasets/Synthetic_Sentences/images/sentence_03406.png,Švelniai mokytojas neša knygą.
Datasets/Synthetic_Sentences/images/sentence_01782.png,Šiandien Tomas ilsisi stotyje.
Datasets/Real_Handwriting/images/form_324_sentence_1.png,Mokytoja mokosi sode.
Datasets/Real_Handwriting/images/form_232_sentence_1.png,Mantas nori šokti.
Datasets/Synthetic_Sentences/images/sentence_01467.png,Studentė skaito knygą.
Datasets/Synthetic_Sentences/images/sentence_04657.png,Mokytojas lankosi parke.
Datasets/Real_Handwriting/images/form_013_sentence_5.png,Vyras keliauoja filmą.
Datasets/Synthetic_Sentences/images/sentence_04518.png,Laura bando tvarkytis.
Datasets/Real_Handwriting/images/form_501_sentence_5.png,Zigmas žiūri žaibą per langą.
Datasets/Synthetic_Sentences/images/sentence_02803.png,Saulius mėgsta galvoti.
Datasets/Synthetic_Sentences/images/sentence_03505.png,Šiandien Tomas ilsisi kaime.
Datasets/Synthetic_Sentences/images/sentence_00953.png,Renata mokosi kavinėje.
Datasets/Synthetic_Sentences/images/sentence_02898.png,Ar studentė nori eiti?
Datasets/Real_Handwriting/images/form_133_sentence_4.png,Šuo nemėgsta skubėti.
Datasets/Real_Handwriting/images/form_441_sentence_4.png,Ar vaikas skaito žurnalą?
Datasets/Synthetic_Sentences/images/sentence_01733.png,Švelniai Jonas neša dovaną.
Datasets/Real_Handwriting/images/form_362_sentence_1.png,Ar studentė mokosi upės pakrantėje?
Datasets/Real_Handwriting/images/form_387_sentence_3.png,Žirgas perka duoną.
Datasets/Synthetic_Sentences/images/sentence_01056.png,Žilvinas nori valgyti daržoves.
Datasets/Synthetic_Sentences/images/sentence_01137.png,Rūpestingai studentė perka duoną.
Datasets/Real_Handwriting/images/form_150_sentence_4.png,Mokytojas sportuoja kalnuose ir kalnuose.
Datasets/Synthetic_Sentences/images/sentence_01843.png,Rasa nori pirkti gėlę.
Datasets/Real_Handwriting/images/form_429_sentence_1.png,Ar paukštis mėgsta dainuoti?
Datasets/Real_Handwriting/images/form_005_sentence_1.png,Gydytojas tvarkosi paveikslą.
Datasets/Synthetic_Sentences/images/sentence_04825.png,Vakar Danielius nešė gėlę.
Datasets/Synthetic_Sentences/images/sentence_03625.png,Kruopščiai Danielius skaito knygą.
Datasets/Synthetic_Sentences/images/sentence_04854.png,Žuvėdros skraido žemai virš bangų.
Datasets/Synthetic_Sentences/images/sentence_02827.png,Šiandien Kristina perka gėlę.
Datasets/Synthetic_Sentences/images/sentence_02222.png,Kristina nori gerti pieną.
Datasets/Synthetic_Sentences/images/sentence_02108.png,Ar berniukas mėgsta dirbti?
Datasets/Real_Handwriting/images/form_490_sentence_1.png,Laura skaito žemėlapį.
Datasets/Real_Handwriting/images/form_166_sentence_1.png,Jis labai šiandien juokiasi.
Datasets/Synthetic_Sentences/images/sentence_01186.png,Džiaugsmingai Gintaras dirba parke.
Datasets/Synthetic_Sentences/images/sentence_02843.png,Mokytoja nori valgyti obuolį.
Datasets/Real_Handwriting/images/form_229_sentence_1.png,Džiaugsmingai studentė sportuoja stadione.
Datasets/Synthetic_Sentences/images/sentence_00339.png,Mokytoja rašo receptą.
Datasets/Synthetic_Sentences/images/sentence_03298.png,Ingrida ilsisi stadione.
Datasets/Synthetic_Sentences/images/sentence_02173.png,Šiandien Jonas ilsisi ligoninėje.
Datasets/Synthetic_Sentences/images/sentence_02158.png,Ingrida nori važiuoti.
Datasets/Synthetic_Sentences/images/sentence_02170.png,Šiandien Mantas dirba bibliotekoje.
Datasets/Synthetic_Sentences/images/sentence_04890.png,Katė nori bėgti.
Datasets/Synthetic_Sentences/images/sentence_01497.png,Vaikas mėgsta gerti pieną.
Datasets/Synthetic_Sentences/images/sentence_04428.png,Gintaras mėgsta skaityti žemėlapį.
Datasets/Real_Handwriting/images/form_123_sentence_3.png,Moteris bijo keliauti.
Datasets/Synthetic_Sentences/images/sentence_00235.png,Šiandien Eglė perka žaislą.
Datasets/Synthetic_Sentences/images/sentence_04947.png,Drąsiai mergaitė skaito receptą.
Datasets/Synthetic_Sentences/images/sentence_00625.png,Ar Saulius mokosi darbe?
Datasets/Synthetic_Sentences/images/sentence_03691.png,Žilvinas nori gerti vandenį.
Datasets/Synthetic_Sentences/images/sentence_02603.png,Ar katė mėgsta rašyti?
Datasets/Synthetic_Sentences/images/sentence_01058.png,Berniukas mėgsta pirkti knygą.
Datasets/Real_Handwriting/images/form_452_sentence_3.png,Rytoj Danielius eis stadione.
Datasets/Synthetic_Sentences/images/sentence_03014.png,Renata skaito laišką.
Datasets/Synthetic_Sentences/images/sentence_04182.png,Gydytojas nori skaityti žurnalą.
Datasets/Synthetic_Sentences/images/sentence_03972.png,Marija nori skaityti knygą.
Datasets/Synthetic_Sentences/images/sentence_02180.png,Drąsiai Tomas valgo vaisius.
Datasets/Real_Handwriting/images/form_367_sentence_1.png,Saulius perka kavą.
Datasets/Synthetic_Sentences/images/sentence_03302.png,Šiandien Neringa mokosi kalnuose.
Datasets/Synthetic_Sentences/images/sentence_01288.png,Ar mokytojas dirba bibliotekoje?
Datasets/Synthetic_Sentences/images/sentence_02957.png,Vakar Marija skaitė laišką.
Datasets/Real_Handwriting/images/form_305_sentence_5.png,Nuostabus gamtos vaizdas atsiveria nuo kalno.
Datasets/Real_Handwriting/images/form_191_sentence_2.png,Gydytojai klauso ir klauso.
Datasets/Real_Handwriting/images/form_263_sentence_4.png,Rasa groja muzikos kūrinį.
Datasets/Real_Handwriting/images/form_016_sentence_2.png,Vyrai galvoja maistą stotyje.
Datasets/Synthetic_Sentences/images/sentence_02852.png,Rytoj mokytoja skaitys žurnalą.
Datasets/Synthetic_Sentences/images/sentence_02042.png,Ar Eglė dirba miške?
Datasets/Synthetic_Sentences/images/sentence_03176.png,Šiandien Žilvinas mokosi kaime.
Datasets/Synthetic_Sentences/images/sentence_01708.png,Šiandien Jurgita ilsisi kaime.
Datasets/Real_Handwriting/images/form_075_sentence_3.png,Šiandien mokytojas piešia rytoj.
Datasets/Synthetic_Sentences/images/sentence_03886.png,Petras nori valgyti sriubą.
Datasets/Real_Handwriting/images/form_185_sentence_5.png,Tu pradeda kalbėti vaisius.
Datasets/Synthetic_Sentences/images/sentence_01013.png,Ramiai mokytoja perka duoną.
Datasets/Synthetic_Sentences/images/sentence_01991.png,Mokytojas geria sultis.
Datasets/Real_Handwriting/images/form_041_sentence_1.png,Draugas retai keliauoja.
Datasets/Synthetic_Sentences/images/sentence_03402.png,Studentė perka kavą.
Datasets/Synthetic_Sentences/images/sentence_04811.png,Rytoj gydytojas skaitys žurnalą.
Datasets/Synthetic_Sentences/images/sentence_01054.png,Studentas nori skaityti žurnalą.
Datasets/Synthetic_Sentences/images/sentence_04935.png,Greitai Jonas ilsisi sode.
Datasets/Real_Handwriting/images/form_449_sentence_3.png,Marija bando plaukti.
Datasets/Real_Handwriting/images/form_079_sentence_2.png,Šiandien vyrai skaito kartu.
Datasets/Real_Handwriting/images/form_385_sentence_3.png,Studentė dirba namuose.
Datasets/Real_Handwriting/images/form_024_sentence_3.png,Draugai klauso ir klauso.
Datasets/Synthetic_Sentences/images/sentence_01822.png,Mindaugas nori rašyti žemėlapį.
Datasets/Real_Handwriting/images/form_432_sentence_3.png,Mergaitė bando valgyti.
Datasets/Synthetic_Sentences/images/sentence_02161.png,Vaikas nori pirkti arbatą.
Datasets/Synthetic_Sentences/images/sentence_02994.png,Rytoj Rasa eis kaime.
Datasets/Synthetic_Sentences/images/sentence_02200.png,Rasa valgo daržoves.
Datasets/Synthetic_Sentences/images/sentence_02341.png,Rasa nori rašyti projektą.
Datasets/Synthetic_Sentences/images/sentence_02590.png,Mergaitė sportuoja namuose.
Datasets/Synthetic_Sentences/images/sentence_04592.png,Kristina mėgsta skaityti knygą.
Datasets/Synthetic_Sentences/images/sentence_02214.png,Mielai Rasa neša knygą.
Datasets/Synthetic_Sentences/images/sentence_03099.png,Tomas skaito istoriją.
Datasets/Synthetic_Sentences/images/sentence_01146.png,Vakar Žilvinas dirbo stotyje.
Datasets/Real_Handwriting/images/form_349_sentence_1.png,Ar Kristina mokosi darbe?
Datasets/Real_Handwriting/images/form_471_sentence_1.png,Jurgita nori dainuoti.
Datasets/Synthetic_Sentences/images/sentence_01163.png,Rasa gyvena stotyje.
Datasets/Synthetic_Sentences/images/sentence_03714.png,Mindaugas pradeda šokti.
Datasets/Real_Handwriting/images/form_393_sentence_1.png,Mergaitė mėgsta gerti.
Datasets/Synthetic_Sentences/images/sentence_02153.png,Katė stengiasi skaityti.
Datasets/Real_Handwriting/images/form_089_sentence_5.png,Mergaitės geria stadione.
Datasets/Synthetic_Sentences/images/sentence_00447.png,Ar Gintaras mėgsta dainuoti?
Datasets/Synthetic_Sentences/images/sentence_01560.png,Marija mėgsta skaityti laišką.
Datasets/Synthetic_Sentences/images/sentence_00703.png,Renata dirba ežero pakrantėje.
Datasets/Synthetic_Sentences/images/sentence_03528.png,Neringa pradeda dirbti.
Datasets/Synthetic_Sentences/images/sentence_03425.png,Šiandien studentas skaito istoriją.
Datasets/Synthetic_Sentences/images/sentence_02415.png,Ar Žilvinas nori plaukti?
Datasets/Synthetic_Sentences/images/sentence_00915.png,Šiandien Renata ilsisi kalnuose.
Datasets/Real_Handwriting/images/form_056_sentence_3.png,Draugai dainuoja namuose ir stotyje.
Datasets/Synthetic_Sentences/images/sentence_03918.png,Studentas nori valgyti obuolį.
Datasets/Real_Handwriting/images/form_470_sentence_1.png,Gydytojas būna kaime.
Datasets/Real_Handwriting/images/form_192_sentence_4.png,Mes geria kavinėje ir kalnuose.
Datasets/Real_Handwriting/images/form_299_sentence_2.png,Džiaugsmingai Neringa perka gėlę.
Datasets/Synthetic_Sentences/images/sentence_04520.png,Džiaugsmingai studentas neša krepšį.
Datasets/Synthetic_Sentences/images/sentence_00072.png,Saulius bando sportuoti.
Datasets/Real_Handwriting/images/form_258_sentence_1.png,Vakar gydytojas dirbo paplūdimyje.
Datasets/Synthetic_Sentences/images/sentence_03994.png,Jurgita perka gėlę.
Datasets/Synthetic_Sentences/images/sentence_01683.png,Ar katė dirba kavinėje?
Datasets/Synthetic_Sentences/images/sentence_02411.png,Ar Saulius nori dainuoti?
Datasets/Real_Handwriting/images/form_467_sentence_5.png,Obelys žydi baltais žiedais pavasarį.
Datasets/Synthetic_Sentences/images/sentence_04050.png,Mokytojas valgo daržoves.
Datasets/Synthetic_Sentences/images/sentence_04003.png,Danielius ilsisi mokykloje.
Datasets/Synthetic_Sentences/images/sentence_04795.png,Vakar Petras nešė žaislą.
Datasets/Synthetic_Sentences/images/sentence_04954.png,Šiandien vaikas skaito istoriją.
Datasets/Real_Handwriting/images/form_112_sentence_5.png,Vyrai dažnai verkia.
Datasets/Synthetic_Sentences/images/sentence_03252.png,Eglė nori pirkti knygą.
Datasets/Real_Handwriting/images/form_157_sentence_2.png,Ji kalba paplūdimyje.
Datasets/Synthetic_Sentences/images/sentence_00437.png,Katė skaito istoriją.
Datasets/Synthetic_Sentences/images/sentence_00856.png,Kristina dirba stadione.
Datasets/Real_Handwriting/images/form_203_sentence_2.png,Šeima renka obuolius.
Datasets/Synthetic_Sentences/images/sentence_00066.png,Studentė sportuoja parke.
Datasets/Synthetic_Sentences/images/sentence_03394.png,Vakar Jonas dirbo miške.
Datasets/Real_Handwriting/images/form_332_sentence_5.png,Cecilija čiuožia ant ledo.
Datasets/Synthetic_Sentences/images/sentence_02896.png,Vaikas nori valgyti vaisius.
Datasets/Synthetic_Sentences/images/sentence_01793.png,Ar Petras nori piešti?
Datasets/Synthetic_Sentences/images/sentence_00657.png,Šiandien mokytojas ilsisi sode.
Datasets/Synthetic_Sentences/images/sentence_01136.png,Studentas mėgsta skaityti žemėlapį.
Datasets/Synthetic_Sentences/images/sentence_04722.png,Šiandien katė dirba kavinėje.
Datasets/Synthetic_Sentences/images/sentence_00806.png,Berniukas ilsisi stotyje.
Datasets/Synthetic_Sentences/images/sentence_02090.png,Šiandien gydytojas dirba upės pakrantėje.
Datasets/Real_Handwriting/images/form_236_sentence_3.png,Danielius dirba stadione.
Datasets/Synthetic_Sentences/images/sentence_03716.png,Rytoj studentas skaitys žurnalą.
Datasets/Synthetic_Sentences/images/sentence_00331.png,Rytoj Renata skaitys žurnalą.
Datasets/Synthetic_Sentences/images/sentence_04015.png,Renata ilsisi sode.
Datasets/Real_Handwriting/images/form_331_sentence_4.png,Ar paukštis mėgsta dainuoti?
Datasets/Synthetic_Sentences/images/sentence_00014.png,Studentė mėgsta pirkti arbatą.
Datasets/Synthetic_Sentences/images/sentence_03023.png,Šuo sportuoja upės pakrantėje.
Datasets/Synthetic_Sentences/images/sentence_02362.png,Žilvinas nori pirkti arbatą.
Datasets/Synthetic_Sentences/images/sentence_01739.png,Marija mėgsta valgyti duoną.
Datasets/Synthetic_Sentences/images/sentence_03626.png,Šiandien gydytojas mokosi sode.
Datasets/Synthetic_Sentences/images/sentence_04787.png,Tomas bando piešti.
Datasets/Real_Handwriting/images/form_318_sentence_5.png,Cukrų ir cinamoną dedame į pyragą.
Datasets/Synthetic_Sentences/images/sentence_02431.png,Šiandien studentė ilsisi mieste.
Datasets/Synthetic_Sentences/images/sentence_03016.png,Kristina mėgsta pirkti knygą.
Datasets/Synthetic_Sentences/images/sentence_01295.png,Vakar šuo skaitė knygą.
Datasets/Real_Handwriting/images/form_328_sentence_2.png,Tyliai Danielius neša krepšį.
Datasets/Synthetic_Sentences/images/sentence_02402.png,Rytoj Danielius skaitys knygą.
Datasets/Synthetic_Sentences/images/sentence_01380.png,Vakar gydytojas skaitė knygą.
Datasets/Synthetic_Sentences/images/sentence_01028.png,Ar Eglė mėgsta piešti?
Datasets/Real_Handwriting/images/form_023_sentence_4.png,Jie skuba miške ir stadione.
Datasets/Synthetic_Sentences/images/sentence_02137.png,Rasa neša gėlę.
Datasets/Real_Handwriting/images/form_339_sentence_2.png,Mindaugas sportuoja darbe.
Datasets/Real_Handwriting/images/form_346_sentence_1.png,Gintaras sportuoja mieste.
Datasets/Real_Handwriting/images/form_128_sentence_4.png,Ji dainuoja ir dainuoja.
Datasets/Real_Handwriting/images/form_448_sentence_4.png,Šiandien Kristina ilsisi kaime.
Datasets/Real_Handwriting/images/form_146_sentence_5.png,Jie bėga paveikslą.
Datasets/Real_Handwriting/images/form_466_sentence_3.png,Jurgita valgo obuolį.
Datasets/Synthetic_Sentences/images/sentence_03060.png,Ar Mantas mokosi bibliotekoje?
Datasets/Synthetic_Sentences/images/sentence_01767.png,Saulius nori valgyti obuolį.
Datasets/Real_Handwriting/images/form_002_sentence_2.png,Moteris mąsto egzaminą.
Datasets/Synthetic_Sentences/images/sentence_04913.png,Kristina pradeda tvarkytis.
Datasets/Synthetic_Sentences/images/sentence_02698.png,Neringa neša žaislą.
Datasets/Synthetic_Sentences/images/sentence_03527.png,Berniukas mėgsta skaityti žemėlapį.
Datasets/Synthetic_Sentences/images/sentence_02537.png,Šiandien Saulius skaito laišką.
Datasets/Real_Handwriting/images/form_399_sentence_1.png,Mokytojas mėgsta eiti.
Datasets/Real_Handwriting/images/form_509_sentence_5.png,Cukrų ir cinamoną dedame į pyragą.
Datasets/Real_Handwriting/images/form_019_sentence_2.png,Draugai juokiasi miške.
Datasets/Synthetic_Sentences/images/sentence_00502.png,Studentė perka gėlę.
Datasets/Synthetic_Sentences/images/sentence_02799.png,Šiandien studentė mokosi bibliotekoje.
Datasets/Real_Handwriting/images/form_316_sentence_5.png,Kavinėje kvepėjo kava ir cinamonu.
Datasets/Real_Handwriting/images/form_432_sentence_4.png,Kristina nori žaisti.
Datasets/Synthetic_Sentences/images/sentence_02129.png,Kristina mėgsta gerti sultis.
Datasets/Synthetic_Sentences/images/sentence_01024.png,Studentė ilsisi mokykloje.
Datasets/Synthetic_Sentences/images/sentence_04462.png,Įdomus žurnalas guli ant stalo.
Datasets/Synthetic_Sentences/images/sentence_01464.png,Šiandien Žilvinas ilsisi bibliotekoje.
Datasets/Synthetic_Sentences/images/sentence_04419.png,Lėtai Kristina mokosi kavinėje.
Datasets/Real_Handwriting/images/form_144_sentence_5.png,Jie galvoja maistą.
Datasets/Synthetic_Sentences/images/sentence_02075.png,Katė dirba mieste.
Datasets/Real_Handwriting/images/form_347_sentence_2.png,Greitai Saulius dirba pievoje.
Datasets/Real_Handwriting/images/form_067_sentence_5.png,Smagiai vaikas šoka žemėlapį.
Datasets/Synthetic_Sentences/images/sentence_04596.png,Studentas valgo duoną.
Datasets/Real_Handwriting/images/form_455_sentence_3.png,Ingrida gyvena parke.
Datasets/Synthetic_Sentences/images/sentence_01881.png,Šiandien Mindaugas dirba upės pakrantėje.
Datasets/Real_Handwriting/images/form_466_sentence_1.png,Mindaugas valgo duoną.
Datasets/Synthetic_Sentences/images/sentence_03785.png,Marija nori valgyti obuolį.
Datasets/Synthetic_Sentences/images/sentence_03109.png,Mokytoja nori gerti vandenį.
Datasets/Synthetic_Sentences/images/sentence_04394.png,Eglė valgo obuolį.
Datasets/Synthetic_Sentences/images/sentence_02035.png,Mielai Eglė rašo žemėlapį.
Datasets/Synthetic_Sentences/images/sentence_03755.png,Kristina mokosi stotyje.
Datasets/Synthetic_Sentences/images/sentence_03718.png,Jonas sportuoja mokykloje.
Datasets/Synthetic_Sentences/images/sentence_00405.png,Mantas renka gėles.
Datasets/Synthetic_Sentences/images/sentence_02229.png,Studentė nori rašyti laišką.
Datasets/Synthetic_Sentences/images/sentence_04169.png,Petras mėgsta valgyti obuolį.
Datasets/Synthetic_Sentences/images/sentence_04041.png,Rūpestingai Gintaras valgo vaisius.
Datasets/Synthetic_Sentences/images/sentence_00571.png,Eglė renka obuolius.
Datasets/Synthetic_Sentences/images/sentence_02329.png,Berniukas lankosi paplūdimyje.
Datasets/Synthetic_Sentences/images/sentence_03165.png,Šiandien Neringa perka duoną.
Datasets/Synthetic_Sentences/images/sentence_02737.png,Laura pradeda groti.
Datasets/Synthetic_Sentences/images/sentence_01673.png,Vakar Rasa nešė žaislą.
Datasets/Real_Handwriting/images/form_122_sentence_5.png,Tyliai vaikai galvoja kavą.
Datasets/Synthetic_Sentences/images/sentence_03449.png,Mielai mergaitė perka gėlę.
Datasets/Synthetic_Sentences/images/sentence_03836.png,Neringa mėgsta skaityti žurnalą.
Datasets/Real_Handwriting/images/form_077_sentence_1.png,Ar jos bėga?
Datasets/Real_Handwriting/images/form_205_sentence_5.png,Ona išeina iš namų ankstyvą rytą.
Datasets/Synthetic_Sentences/images/sentence_03819.png,Gydytojas perka dovaną.
Datasets/Real_Handwriting/images/form_201_sentence_2.png,Žirgas gyvena ligoninėje.
Datasets/Synthetic_Sentences/images/sentence_01593.png,Mokytojas bando groti.
Datasets/Synthetic_Sentences/images/sentence_00047.png,Kristina renka vaisius.
Datasets/Synthetic_Sentences/images/sentence_03378.png,Berniukas gyvena stadione.
Datasets/Real_Handwriting/images/form_039_sentence_3.png,Gydytojas geria žemėlapį.
Datasets/Synthetic_Sentences/images/sentence_02409.png,Garsiai Gintaras perka arbatą.
Datasets/Synthetic_Sentences/images/sentence_01981.png,Garsiai Eglė mokosi darbe.
Datasets/Real_Handwriting/images/form_507_sentence_2.png,Žirgas lankosi mokykloje.
Datasets/Synthetic_Sentences/images/sentence_03903.png,Šiandien studentė dirba kalnuose.
Datasets/Synthetic_Sentences/images/sentence_04429.png,Rytoj Petras eis bibliotekoje.
Datasets/Synthetic_Sentences/images/sentence_04206.png,Gintaras nori pirkti knygą.
Datasets/Real_Handwriting/images/form_442_sentence_3.png,Gintaras bando keliauti.
Datasets/Real_Handwriting/images/form_336_sentence_3.png,Žmogus valgo vaisius.
Datasets/Synthetic_Sentences/images/sentence_03351.png,Ar gydytojas mokosi kalnuose?
Datasets/Synthetic_Sentences/images/sentence_01511.png,Studentas gyvena kavinėje.
Datasets/Real_Handwriting/images/form_073_sentence_1.png,Moterys nori sportuoti vandenį.
Datasets/Real_Handwriting/images/form_366_sentence_1.png,Rytoj Kristina eis paplūdimyje.
Datasets/Synthetic_Sentences/images/sentence_03611.png,Vaikas nori skaityti laišką.
Datasets/Synthetic_Sentences/images/sentence_01860.png,Greitai Petras valgo sriubą.
Datasets/Real_Handwriting/images/form_465_sentence_3.png,Šiandien Jonas skaito knygą.
Datasets/Synthetic_Sentences/images/sentence_00086.png,Saulius renka grybus.
Datasets/Synthetic_Sentences/images/sentence_04729.png,Šiandien Eglė mokosi pievoje.
Datasets/Synthetic_Sentences/images/sentence_00972.png,Vaikas rašo projektą.
Datasets/Synthetic_Sentences/images/sentence_00812.png,Ar Ingrida nori sportuoti?
Datasets/Synthetic_Sentences/images/sentence_02520.png,Rytoj mokytoja skaitys žemėlapį.
Datasets/Real_Handwriting/images/form_303_sentence_5.png,Ežeras ežiukui atrodo labai didelis.
Datasets/Synthetic_Sentences/images/sentence_03003.png,Danielius lankosi mokykloje.
Datasets/Synthetic_Sentences/images/sentence_00572.png,Šuo pradeda žaisti.
Datasets/Synthetic_Sentences/images/sentence_02806.png,Džiaugsmingai mokytojas perka duoną.
Datasets/Synthetic_Sentences/images/sentence_01762.png,Kruopščiai Kristina perka dovaną.
Datasets/Synthetic_Sentences/images/sentence_00520.png,Neringa mėgsta gerti pieną.
Datasets/Real_Handwriting/images/form_299_sentence_3.png,Žmogus geria kavą.
Datasets/Synthetic_Sentences/images/sentence_03970.png,Lėtai vaikas valgo košę.
Datasets/Synthetic_Sentences/images/sentence_03279.png,Ingrida nori gerti arbatą.
Datasets/Real_Handwriting/images/form_431_sentence_1.png,Eglė sportuoja sode.
Datasets/Synthetic_Sentences/images/sentence_01162.png,Daktaras dirba didelėje ligoninėje.
Datasets/Real_Handwriting/images/form_262_sentence_3.png,Petras žaidžia parke.
Datasets/Synthetic_Sentences/images/sentence_00744.png,Ar katė mėgsta gerti?
Datasets/Real_Handwriting/images/form_007_sentence_2.png,Mergaitės skuba ir skuba.
Datasets/Real_Handwriting/images/form_481_sentence_2.png,Studentas mėgsta ilsėtis.
Datasets/Synthetic_Sentences/images/sentence_00309.png,Mielai Žilvinas dirba paplūdimyje.
Datasets/Synthetic_Sentences/images/sentence_01835.png,Tyliai šuo mokosi sode.
Datasets/Real_Handwriting/images/form_407_sentence_4.png,Gydytojas stato suolą.
Datasets/Synthetic_Sentences/images/sentence_00244.png,Mergaitė neša žaislą.
Datasets/Synthetic_Sentences/images/sentence_01023.png,Petras mokosi upės pakrantėje.
Datasets/Real_Handwriting/images/form_112_sentence_3.png,Jis smagiai skaito.
Datasets/Synthetic_Sentences/images/sentence_00561.png,Ar Žilvinas skaito žemėlapį?
Datasets/Synthetic_Sentences/images/sentence_01044.png,Šiandien Gintaras skaito istoriją.
Datasets/Synthetic_Sentences/images/sentence_00423.png,Vakar Žilvinas dirbo ežero pakrantėje.
Datasets/Real_Handwriting/images/form_197_sentence_5.png,Jis nori valgyti.
Datasets/Synthetic_Sentences/images/sentence_03615.png,Rytoj Petras eis miške.
Datasets/Synthetic_Sentences/images/sentence_04038.png,Garsiai Mindaugas skaito laišką.
Datasets/Synthetic_Sentences/images/sentence_03740.png,Mergaitė nori pirkti knygą.
Datasets/Synthetic_Sentences/images/sentence_01958.png,Šiandien Danielius skaito knygą.
Datasets/Synthetic_Sentences/images/sentence_01987.png,Petras sportuoja pievoje.
Datasets/Synthetic_Sentences/images/sentence_04255.png,Jonas mėgsta valgyti vaisius.
Datasets/Synthetic_Sentences/images/sentence_00762.png,Šiandien Kristina mokosi upės pakrantėje.
Datasets/Synthetic_Sentences/images/sentence_04727.png,Šiandien Gintaras perka arbatą.
Datasets/Real_Handwriting/images/form_493_sentence_4.png,Jonas rašo projektą.
Datasets/Real_Handwriting/images/form_476_sentence_2.png,Gydytojas rašo receptą.
Datasets/Real_Handwriting/images/form_068_sentence_2.png,Mokytojas kalba namuose ir parke.
Datasets/Synthetic_Sentences/images/sentence_02728.png,Jonas nori skaityti žemėlapį.
Datasets/Synthetic_Sentences/images/sentence_01764.png,Šiandien studentė perka žaislą.
Datasets/Synthetic_Sentences/images/sentence_03187.png,Mantas stengiasi skaityti.
Datasets/Real_Handwriting/images/form_087_sentence_5.png,Jis piešia ir piešia.
Datasets/Synthetic_Sentences/images/sentence_04889.png,Ramiai Danielius dirba darbe.
Datasets/Synthetic_Sentences/images/sentence_04671.png,Tyliai studentė mokosi kaime.
Datasets/Real_Handwriting/images/form_455_sentence_1.png,Rasa neša knygą.
Datasets/Synthetic_Sentences/images/sentence_02384.png,Garsiai Gintaras skaito istoriją.
Datasets/Synthetic_Sentences/images/sentence_03255.png,Šiandien vaikas skaito knygą.
Datasets/Real_Handwriting/images/form_321_sentence_2.png,Paukštis dirba stadione.
Datasets/Synthetic_Sentences/images/sentence_01607.png,Lėtai šuo dirba ežero pakrantėje.
Datasets/Real_Handwriting/images/form_260_sentence_1.png,Žirgas žaidžia ežero pakrantėje.
Datasets/Synthetic_Sentences/images/sentence_04101.png,Vakar mokytojas nešė žaislą.
Datasets/Real_Handwriting/images/form_203_sentence_4.png,Mantas nori eiti žaislą.
Datasets/Synthetic_Sentences/images/sentence_00558.png,Petras nori skaityti istoriją.
Datasets/Synthetic_Sentences/images/sentence_03405.png,Tyliai mokytojas dirba ligoninėje.
Datasets/Synthetic_Sentences/images/sentence_03455.png,Neringa pradeda keliauti.
Datasets/Synthetic_Sentences/images/sentence_04566.png,Vakar Saulius nešė žaislą.
Datasets/Synthetic_Sentences/images/sentence_04914.png,Petras dirba namuose.
Datasets/Synthetic_Sentences/images/sentence_03762.png,Ar Rasa mėgsta kalbėti?
Datasets/Synthetic_Sentences/images/sentence_02006.png,Kruopščiai berniukas skaito knygą.
Datasets/Real_Handwriting/images/form_436_sentence_5.png,Universiteto studentai žaidžia šachmatais laisvalaikiu.
Datasets/Synthetic_Sentences/images/sentence_04151.png,Berniukas nori rašyti užduotį.
Datasets/Synthetic_Sentences/images/sentence_01697.png,Mindaugas nori pirkti arbatą.
Datasets/Synthetic_Sentences/images/sentence_04013.png,Berniukas lankosi kaime.
Datasets/Synthetic_Sentences/images/sentence_01735.png,Tyliai katė dirba stadione.
Datasets/Real_Handwriting/images/form_190_sentence_3.png,Jie pradeda galvoti.
Datasets/Synthetic_Sentences/images/sentence_02925.png,Laura neša dovaną.
Datasets/Synthetic_Sentences/images/sentence_01716.png,Ramiai katė skaito istoriją.
Datasets/Real_Handwriting/images/form_295_sentence_4.png,Lėtai Neringa skaito receptą.
Datasets/Real_Handwriting/images/form_202_sentence_1.png,Rytoj Neringa eis stadione.
Datasets/Synthetic_Sentences/images/sentence_03277.png,Saulius skaito istoriją.
Datasets/Real_Handwriting/images/form_009_sentence_2.png,Gydytojai nori keliauti dainą.
Datasets/Real_Handwriting/images/form_435_sentence_4.png,Vakar Mindaugas skaitė žemėlapį.
Datasets/Synthetic_Sentences/images/sentence_00535.png,Mantas mokosi darbe.
Datasets/Synthetic_Sentences/images/sentence_00077.png,Laura nori rašyti receptą.
Datasets/Real_Handwriting/images/form_495_sentence_1.png,Vakar Jonas nešė dovaną.
Datasets/Real_Handwriting/images/form_155_sentence_2.png,Draugai sportuoja ir sportuoja.
Datasets/Real_Handwriting/images/form_264_sentence_2.png,Atidžiai šeima mokosi sode.
Datasets/Real_Handwriting/images/form_118_sentence_5.png,Mergaitė pradeda eiti filmą.
Datasets/Synthetic_Sentences/images/sentence_00237.png,Žilvinas mokosi paplūdimyje.
Datasets/Synthetic_Sentences/images/sentence_00695.png,Ar Neringa nori groti?
Datasets/Synthetic_Sentences/images/sentence_04237.png,Ramiai mokytoja ilsisi stotyje.
Datasets/Real_Handwriting/images/form_188_sentence_2.png,Draugas kalba egzaminą stotyje.
Datasets/Real_Handwriting/images/form_360_sentence_3.png,Ar Jurgita mokosi darbe?
Datasets/Synthetic_Sentences/images/sentence_00432.png,Rytoj Saulius skaitys žemėlapį.
Datasets/Synthetic_Sentences/images/sentence_00458.png,Šiandien studentas dirba sode.
Datasets/Real_Handwriting/images/form_479_sentence_2.png,Gintaras ilsisi pievoje.
Datasets/Real_Handwriting/images/form_074_sentence_3.png,Draugas mąsto mokyklą.
Datasets/Synthetic_Sentences/images/sentence_03082.png,Ramiai Kristina perka kavą.
Datasets/Real_Handwriting/images/form_246_sentence_5.png,Brolis bėga per baltą sniegą.
Datasets/Real_Handwriting/images/form_479_sentence_4.png,Žilvinas perka gėlę.
Datasets/Synthetic_Sentences/images/sentence_02017.png,Šuo išbėgo į kiemą ir pradėjo loti.
Datasets/Synthetic_Sentences/images/sentence_03536.png,Rūpestingai Kristina rašo istoriją.
Datasets/Synthetic_Sentences/images/sentence_01501.png,Vakar studentas nešė žaislą.
Datasets/Synthetic_Sentences/images/sentence_00357.png,Mielai Danielius dirba sode.
Datasets/Synthetic_Sentences/images/sentence_03067.png,Šiandien Mantas mokosi mieste.
Datasets/Synthetic_Sentences/images/sentence_03140.png,Ar Ingrida skaito laišką?
Datasets/Synthetic_Sentences/images/sentence_01435.png,Gintaras mėgsta skaityti receptą.
Datasets/Synthetic_Sentences/images/sentence_04907.png,Jonas skaito receptą.
Datasets/Synthetic_Sentences/images/sentence_00775.png,Vaikas pradeda dainuoti.
Datasets/Synthetic_Sentences/images/sentence_04195.png,Rytoj šuo eis mokykloje.
Datasets/Real_Handwriting/images/form_477_sentence_5.png,Cecilija čiuožia ant ledo.
Datasets/Real_Handwriting/images/form_358_sentence_3.png,Studentė skaito receptą.
Datasets/Synthetic_Sentences/images/sentence_02069.png,Katė mokosi stadione.
Datasets/Synthetic_Sentences/images/sentence_04541.png,Futbolininkas šokinėja per kliūtis.
Datasets/Synthetic_Sentences/images/sentence_01657.png,Šiandien Jonas mokosi mokykloje.
Datasets/Synthetic_Sentences/images/sentence_02813.png,Saulius nori skaityti žurnalą.
Datasets/Synthetic_Sentences/images/sentence_04660.png,Ar Gintaras dirba miške?
Datasets/Real_Handwriting/images/form_179_sentence_3.png,Jis geria sode ir stotyje.
Datasets/Synthetic_Sentences/images/sentence_00276.png,Rasa pradeda sportuoti.
Datasets/Real_Handwriting/images/form_508_sentence_5.png,Tėtis treniruoja vaikus kiekvieną savaitę.
Datasets/Synthetic_Sentences/images/sentence_00125.png,Gydytojas nori pirkti kavą.
Datasets/Synthetic_Sentences/images/sentence_03044.png,Mantas mėgsta pirkti žaislą.
Datasets/Synthetic_Sentences/images/sentence_04916.png,Šuo pradeda gerti.
Datasets/Synthetic_Sentences/images/sentence_03712.png,Renata mėgsta pirkti gėlę.
Datasets/Synthetic_Sentences/images/sentence_01730.png,Gydytojas ilsisi kaime.
Datasets/Real_Handwriting/images/form_393_sentence_2.png,Ramiai Jurgita mokosi stadione.
Datasets/Synthetic_Sentences/images/sentence_01665.png,Studentas bando kalbėti.
Datasets/Synthetic_Sentences/images/sentence_03126.png,Ar Tomas skaito laišką?
Datasets/Real_Handwriting/images/form_305_sentence_2.png,Mokytojas žaidžia miške.
Datasets/Synthetic_Sentences/images/sentence_01891.png,Vakar Danielius skaitė žurnalą.
Datasets/Synthetic_Sentences/images/sentence_00063.png,Mokytojas mėgsta valgyti košę.
Datasets/Synthetic_Sentences/images/sentence_02805.png,Katė geria sultis.
Datasets/Synthetic_Sentences/images/sentence_01166.png,Ar Neringa skaito laišką?
Datasets/Synthetic_Sentences/images/sentence_04348.png,Šiandien gydytojas ilsisi pievoje.
Datasets/Real_Handwriting/images/form_019_sentence_3.png,Šuo baigia galvoti.
Datasets/Real_Handwriting/images/form_019_sentence_4.png,Moterys sportuoja užduotį.
Datasets/Real_Handwriting/images/form_378_sentence_1.png,Petras sportuoja ligoninėje.
Datasets/Synthetic_Sentences/images/sentence_01255.png,Šiandien mergaitė mokosi mokykloje.
Datasets/Synthetic_Sentences/images/sentence_02906.png,Ar vaikas mėgsta groti?
Datasets/Synthetic_Sentences/images/sentence_02923.png,Petras geria arbatą.
Datasets/Real_Handwriting/images/form_159_sentence_2.png,Draugai dainuoja knygą prie ežero.
Datasets/Real_Handwriting/images/form_151_sentence_5.png,Ar studentas eina?
Datasets/Synthetic_Sentences/images/sentence_03748.png,Tyliai Žilvinas dirba upės pakrantėje.
Datasets/Synthetic_Sentences/images/sentence_04421.png,Ar Jurgita mėgsta piešti?
Datasets/Synthetic_Sentences/images/sentence_01430.png,Ar gydytojas dirba pievoje?
Datasets/Real_Handwriting/images/form_142_sentence_2.png,Mokytojas kalba ir kalba.
Datasets/Synthetic_Sentences/images/sentence_02585.png,Žilvinas nori mokytis.
Datasets/Real_Handwriting/images/form_373_sentence_5.png,Cecilija čiuožia ant ledo.
Datasets/Synthetic_Sentences/images/sentence_00875.png,Rytoj Laura eis bibliotekoje.
Datasets/Real_Handwriting/images/form_070_sentence_4.png,Studentas baigia keliauti receptą.
Datasets/Synthetic_Sentences/images/sentence_00180.png,Eglė valgo duoną.
Datasets/Synthetic_Sentences/images/sentence_03047.png,Studentė ilsisi sode.
Datasets/Synthetic_Sentences/images/sentence_00547.png,Kruopščiai mokytoja mokosi pievoje.
Datasets/Synthetic_Sentences/images/sentence_00975.png,Katė ilsisi paplūdimyje.
Datasets/Real_Handwriting/images/form_006_sentence_4.png,Tu nemėgsta skubėti.
Datasets/Synthetic_Sentences/images/sentence_01338.png,Kristina geria arbatą.
Datasets/Synthetic_Sentences/images/sentence_03989.png,Šiandien Marija dirba pievoje.
Datasets/Synthetic_Sentences/images/sentence_02122.png,Gydytojas stengiasi eiti.
Datasets/Real_Handwriting/images/form_247_sentence_5.png,Filmas buvo labai įdomus ir jaudinantis.
Datasets/Real_Handwriting/images/form_076_sentence_2.png,Ji tvarkosi darbe ir ligoninėje.
Datasets/Synthetic_Sentences/images/sentence_00253.png,Studentas renka daržoves.
Datasets/Real_Handwriting/images/form_010_sentence_1.png,Vyras šoka dainą.
Datasets/Synthetic_Sentences/images/sentence_01253.png,Tomas rašo laišką.
Datasets/Synthetic_Sentences/images/sentence_02240.png,Žilvinas nori pirkti gėlę.
Datasets/Real_Handwriting/images/form_002_sentence_1.png,Šiandien ji šypsosi ramiai.
Datasets/Synthetic_Sentences/images/sentence_01926.png,Ar mergaitė mėgsta tvarkytis?
Datasets/Real_Handwriting/images/form_309_sentence_4.png,Garsiai berniukas rašo žemėlapį.
Datasets/Real_Handwriting/images/form_065_sentence_5.png,Ar studentai ilsisi?
Datasets/Synthetic_Sentences/images/sentence_03173.png,Garsiai Jonas mokosi mokykloje.
Datasets/Synthetic_Sentences/images/sentence_03058.png,Mergaitė mėgsta gerti pieną.
Datasets/Real_Handwriting/images/form_272_sentence_3.png,Šiandien Kristina ilsisi kalnuose.
Datasets/Synthetic_Sentences/images/sentence_04946.png,Ar šuo mėgsta skaityti?
Datasets/Synthetic_Sentences/images/sentence_01427.png,Vaikas lankosi mokykloje.
Datasets/Real_Handwriting/images/form_254_sentence_1.png,Rytoj Žilvinas skaitys žemėlapį.
Datasets/Synthetic_Sentences/images/sentence_03864.png,Rytoj Ingrida eis bibliotekoje.
Datasets/Real_Handwriting/images/form_127_sentence_3.png,Aš šypsosi bibliotekoje ir kaime.
Datasets/Synthetic_Sentences/images/sentence_04703.png,Mindaugas mėgsta valgyti duoną.
Datasets/Synthetic_Sentences/images/sentence_03930.png,Ar šuo mokosi namuose?
Datasets/Synthetic_Sentences/images/sentence_00228.png,Vaikas pradeda šokti.
Datasets/Synthetic_Sentences/images/sentence_01487.png,Šiandien Marija perka knygą.
Datasets/Synthetic_Sentences/images/sentence_01079.png,Saulius mėgsta gerti.
Datasets/Real_Handwriting/images/form_149_sentence_2.png,Ar vyrai keliauoja?
Datasets/Real_Handwriting/images/form_044_sentence_3.png,Moteris eina ir eina.
Datasets/Real_Handwriting/images/form_412_sentence_1.png,Šiandien studentė perka kavą.
Datasets/Synthetic_Sentences/images/sentence_03106.png,Studentas nori pirkti dovaną.
Datasets/Synthetic_Sentences/images/sentence_01036.png,Garsiai Mindaugas rašo istoriją.
Datasets/Synthetic_Sentences/images/sentence_00536.png,Vakar Eglė dirbo bibliotekoje.
Datasets/Real_Handwriting/images/form_273_sentence_5.png,Žaibas nušvietė tamsų dangų audros metu.
Datasets/Synthetic_Sentences/images/sentence_04982.png,Renata geria pieną.
Datasets/Real_Handwriting/images/form_066_sentence_1.png,Mergaitė baigia bėgti namus.
Datasets/Synthetic_Sentences/images/sentence_00660.png,Jonas nori skaityti receptą.
Datasets/Synthetic_Sentences/images/sentence_04052.png,Renata nori gerti sultis.
Datasets/Synthetic_Sentences/images/sentence_03793.png,Šiandien Jurgita ilsisi darbe.
Datasets/Synthetic_Sentences/images/sentence_02794.png,Mindaugas mėgsta pirkti gėlę.
Datasets/Synthetic_Sentences/images/sentence_00922.png,Greitai Marija dirba namuose.
Datasets/Synthetic_Sentences/images/sentence_03068.png,Šiandien Tomas ilsisi namuose.
Datasets/Synthetic_Sentences/images/sentence_01617.png,Studentė stengiasi dainuoti.
Datasets/Real_Handwriting/images/form_388_sentence_4.png,Šiandien Laura dirba darbe.
Datasets/Synthetic_Sentences/images/sentence_00441.png,Kristina mokosi stadione.
Datasets/Real_Handwriting/images/form_372_sentence_1.png,Drąsiai Eglė mokosi stotyje.
Datasets/Real_Handwriting/images/form_088_sentence_3.png,Mokytojai labai vakar keliauoja.
Datasets/Synthetic_Sentences/images/sentence_01526.png,Šiandien berniukas dirba miške.
Datasets/Real_Handwriting/images/form_193_sentence_1.png,Mokytojai nori kalbėti projektą.
Datasets/Real_Handwriting/images/form_218_sentence_1.png,Rūpestingai studentas mokosi ligoninėje.
Datasets/Synthetic_Sentences/images/sentence_00230.png,Ar Tomas skaito žemėlapį?
Datasets/Synthetic_Sentences/images/sentence_00291.png,Greitai Eglė dirba kaime.
Datasets/Synthetic_Sentences/images/sentence_00211.png,Laura stengiasi gerti.
Datasets/Synthetic_Sentences/images/sentence_01274.png,Švelniai Petras rašo žemėlapį.
Datasets/Synthetic_Sentences/images/sentence_01180.png,Neringa nori pirkti duoną.
Datasets/Synthetic_Sentences/images/sentence_01107.png,Neringa nori pirkti arbatą.
Datasets/Synthetic_Sentences/images/sentence_00674.png,Švelniai studentas mokosi bibliotekoje.
Datasets/Synthetic_Sentences/images/sentence_02734.png,Mindaugas nori valgyti košę.
Datasets/Real_Handwriting/images/form_053_sentence_1.png,Šuo baigia mokytis.
Datasets/Synthetic_Sentences/images/sentence_03946.png,Mantas bando dirbti.
Datasets/Real_Handwriting/images/form_252_sentence_4.png,Žirgas mokosi ligoninėje.
Datasets/Synthetic_Sentences/images/sentence_03838.png,Katė nori gerti kavą.
Datasets/Synthetic_Sentences/images/sentence_01563.png,Lėtai Ingrida ilsisi kaime.
Datasets/Real_Handwriting/images/form_180_sentence_1.png,Ramiai ji dainuoja žemėlapį.
Datasets/Synthetic_Sentences/images/sentence_00282.png,Mindaugas žaidžia mokykloje.
Datasets/Real_Handwriting/images/form_162_sentence_1.png,Ar jos skuba?
Datasets/Synthetic_Sentences/images/sentence_00283.png,Ar Jonas nori skaityti?
Datasets/Real_Handwriting/images/form_300_sentence_4.png,Žmogus stato tvorą.
Datasets/Real_Handwriting/images/form_240_sentence_4.png,Kruopščiai Jurgita perka knygą.
Datasets/Synthetic_Sentences/images/sentence_04628.png,Šiandien Mindaugas perka arbatą.
Datasets/Synthetic_Sentences/images/sentence_02230.png,Mergaitė nori rašyti žemėlapį.
Datasets/Synthetic_Sentences/images/sentence_00743.png,Ingrida nori valgyti vaisius.
Datasets/Synthetic_Sentences/images/sentence_00250.png,Danielius geria sultis.
Datasets/Real_Handwriting/images/form_198_sentence_4.png,Mokytojas žaidžia dainą stotyje.
Datasets/Synthetic_Sentences/images/sentence_02472.png,Rytoj Mantas eis kavinėje.
Datasets/Real_Handwriting/images/form_267_sentence_1.png,Šeima groja dainą.
Datasets/Synthetic_Sentences/images/sentence_02406.png,Neringa renka vaisius.
Datasets/Synthetic_Sentences/images/sentence_03160.png,Ar mokytoja skaito receptą?
Datasets/Real_Handwriting/images/form_273_sentence_3.png,Mantas nori keliauti.
Datasets/Synthetic_Sentences/images/sentence_01112.png,Ramiai gydytojas skaito istoriją.
Datasets/Real_Handwriting/images/form_188_sentence_3.png,Mergaitė valgo ir valgo.
Datasets/Real_Handwriting/images/form_110_sentence_3.png,Šiandien ji tvarkosi dažnai.
Datasets/Real_Handwriting/images/form_131_sentence_3.png,Ji nemėgsta rašyti maistą.
Datasets/Real_Handwriting/images/form_035_sentence_4.png,Mokytojai piešia kavą.
Datasets/Real_Handwriting/images/form_279_sentence_5.png,Universiteto studentai žaidžia šachmatais laisvalaikiu.
Datasets/Synthetic_Sentences/images/sentence_01474.png,Saulius mėgsta rašyti.
Datasets/Synthetic_Sentences/images/sentence_01441.png,Žilvinas mėgsta skaityti žurnalą.
Datasets/Synthetic_Sentences/images/sentence_02079.png,Mielai Neringa ilsisi sode.
Datasets/Synthetic_Sentences/images/sentence_03411.png,Atidžiai Eglė perka duoną.
Datasets/Synthetic_Sentences/images/sentence_01897.png,Marija nori skaityti receptą.
Datasets/Synthetic_Sentences/images/sentence_01008.png,Gydytojas nori pirkti dovaną.
Datasets/Real_Handwriting/images/form_030_sentence_3.png,Mergaitė galvoja ir galvoja.
Datasets/Synthetic_Sentences/images/sentence_02131.png,Tyliai šuo dirba stotyje.
Datasets/Synthetic_Sentences/images/sentence_03603.png,Rasa skaito žemėlapį.
Datasets/Real_Handwriting/images/form_048_sentence_2.png,Jūs bėga stotyje ir prie ežero.
Datasets/Synthetic_Sentences/images/sentence_00263.png,Katė nori gerti kavą.
Datasets/Synthetic_Sentences/images/sentence_01538.png,Studentė nori pirkti dovaną.
Datasets/Synthetic_Sentences/images/sentence_02738.png,Ar Jonas mėgsta valgyti?
Datasets/Synthetic_Sentences/images/sentence_00733.png,Šiandien Danielius mokosi mokykloje.
Datasets/Synthetic_Sentences/images/sentence_01284.png,Šiandien šuo skaito laišką.
Datasets/Real_Handwriting/images/form_306_sentence_5.png,Herojus niekada nepraranda drąsos.
Datasets/Real_Handwriting/images/form_199_sentence_2.png,Mokytojas bijo skaityti vaisius.
Datasets/Synthetic_Sentences/images/sentence_03388.png,Renata nori valgyti duoną.
Datasets/Real_Handwriting/images/form_479_sentence_1.png,Kruopščiai Eglė skaito žurnalą.
Datasets/Synthetic_Sentences/images/sentence_00585.png,Ramiai Kristina valgo vaisius.
Datasets/Real_Handwriting/images/form_319_sentence_3.png,Vakar Žilvinas nešė krepšį.
Datasets/Synthetic_Sentences/images/sentence_02884.png,Mergaitė lankosi stotyje.
Datasets/Synthetic_Sentences/images/sentence_02184.png,Šiandien Jurgita perka duoną.
Datasets/Synthetic_Sentences/images/sentence_00952.png,Rasa nori valgyti sriubą.
Datasets/Synthetic_Sentences/images/sentence_03412.png,Rytoj katė skaitys žemėlapį.
Datasets/Synthetic_Sentences/images/sentence_02470.png,Ingrida valgo sriubą.
Datasets/Synthetic_Sentences/images/sentence_03530.png,Mokytoja žaidžia darbe.
Datasets/Synthetic_Sentences/images/sentence_02711.png,Vakar studentė dirbo namuose.
Datasets/Real_Handwriting/images/form_269_sentence_1.png,Mielai Rasa neša žaislą.
Datasets/Synthetic_Sentences/images/sentence_02190.png,Vakar Renata nešė knygą.
Datasets/Real_Handwriting/images/form_029_sentence_1.png,Ar mergaitė eina?
Datasets/Synthetic_Sentences/images/sentence_03386.png,Mokytojas pradeda eiti.
Datasets/Synthetic_Sentences/images/sentence_04665.png,Kruopščiai šuo neša žaislą.
Datasets/Real_Handwriting/images/form_293_sentence_5.png,Cecilija čiuožia ant ledo.
Datasets/Synthetic_Sentences/images/sentence_01346.png,Eglė nori skaityti žemėlapį.
Datasets/Real_Handwriting/images/form_131_sentence_5.png,Mokytojai juokiasi ir juokiasi.
Datasets/Synthetic_Sentences/images/sentence_04310.png,Šiandien Ingrida perka dovaną.
Datasets/Synthetic_Sentences/images/sentence_04480.png,Kruopščiai Mantas mokosi ligoninėje.
Datasets/Real_Handwriting/images/form_175_sentence_2.png,Ar mokytojas keliauoja?
Datasets/Synthetic_Sentences/images/sentence_03426.png,Drąsiai Ingrida rašo užduotį.
Datasets/Real_Handwriting/images/form_316_sentence_2.png,Drąsiai Jonas dirba darbe.
Datasets/Synthetic_Sentences/images/sentence_00525.png,Mokytoja geria vandenį.
Datasets/Synthetic_Sentences/images/sentence_02005.png,Garsiai mokytojas neša laišką.
Datasets/Synthetic_Sentences/images/sentence_04640.png,Gintaras valgo sriubą.
Datasets/Synthetic_Sentences/images/sentence_01419.png,Ar mokytojas mokosi ežero pakrantėje?
Datasets/Real_Handwriting/images/form_192_sentence_1.png,Mergaitė skuba namus.
Datasets/Real_Handwriting/images/form_032_sentence_5.png,Mergaitės tvarkosi sode.
Datasets/Synthetic_Sentences/images/sentence_00704.png,Ingrida dirba parke.
Datasets/Synthetic_Sentences/images/sentence_02062.png,Neringa stengiasi dirbti.
Datasets/Synthetic_Sentences/images/sentence_02853.png,Neringa mėgsta gerti vandenį.
Datasets/Real_Handwriting/images/form_451_sentence_1.png,Šuo perka dovaną.
Datasets/Real_Handwriting/images/form_255_sentence_5.png,Hanah sheji skaito hinduistų filosofiją.
Datasets/Synthetic_Sentences/images/sentence_02889.png,Mergaitė ilsisi namuose.
Datasets/Synthetic_Sentences/images/sentence_00381.png,Rytoj studentė eis parke.
Datasets/Synthetic_Sentences/images/sentence_00271.png,Jurgita perka duoną.
Datasets/Synthetic_Sentences/images/sentence_01470.png,Greitai Rasa rašo projektą.
Datasets/Synthetic_Sentences/images/sentence_02522.png,Mokytoja nori rašyti istoriją.
Datasets/Synthetic_Sentences/images/sentence_04651.png,Vakar Saulius skaitė receptą.
Datasets/Synthetic_Sentences/images/sentence_02731.png,Mokytojas žaidžia upės pakrantėje.
Datasets/Synthetic_Sentences/images/sentence_03859.png,Žilvinas nori pirkti kavą.
Datasets/Real_Handwriting/images/form_081_sentence_3.png,Gydytojas juokiasi ir juokiasi.
Datasets/Real_Handwriting/images/form_034_sentence_4.png,Kartu studentai ilsisi užduotį.
Datasets/Synthetic_Sentences/images/sentence_03322.png,Kristina nori gerti kavą.
Datasets/Synthetic_Sentences/images/sentence_03827.png,Vakar mergaitė skaitė žurnalą.
Datasets/Synthetic_Sentences/images/sentence_02116.png,Laura mėgsta skaityti laišką.
Datasets/Synthetic_Sentences/images/sentence_00215.png,Gydytojas stengiasi važiuoti.
Datasets/Synthetic_Sentences/images/sentence_01873.png,Šiandien Jonas skaito žurnalą.
Datasets/Synthetic_Sentences/images/sentence_02583.png,Mindaugas mėgsta valgyti košę.
Datasets/Synthetic_Sentences/images/sentence_01411.png,Katė dirba darbe.
Datasets/Synthetic_Sentences/images/sentence_00412.png,Jurgita pradeda mokytis.
Datasets/Synthetic_Sentences/images/sentence_02320.png,Šiandien Rasa dirba parke.
Datasets/Synthetic_Sentences/images/sentence_00207.png,Jonas nori gerti kavą.
Datasets/Synthetic_Sentences/images/sentence_02987.png,Šiandien vaikas mokosi parke.
Datasets/Synthetic_Sentences/images/sentence_02596.png,Rasa stengiasi valgyti.
Datasets/Real_Handwriting/images/form_143_sentence_1.png,Vaikas nori gerti.
Datasets/Synthetic_Sentences/images/sentence_03929.png,Neringa stengiasi piešti.
Datasets/Synthetic_Sentences/images/sentence_02652.png,Tomas bando rašyti.
Datasets/Synthetic_Sentences/images/sentence_02662.png,Laura mėgsta rašyti.
Datasets/Real_Handwriting/images/form_504_sentence_2.png,Ramiai gydytojas perka kavą.
Datasets/Real_Handwriting/images/form_067_sentence_4.png,Ar gydytojai keliauoja?
Datasets/Real_Handwriting/images/form_462_sentence_1.png,Ar Saulius mėgsta statyti?
Datasets/Real_Handwriting/images/form_236_sentence_1.png,Mokytoja dirba upės pakrantėje.
Datasets/Real_Handwriting/images/form_135_sentence_1.png,Ar draugai skuba?
Datasets/Synthetic_Sentences/images/sentence_03599.png,Mindaugas mėgsta gerti pieną.
Datasets/Synthetic_Sentences/images/sentence_02801.png,Rytoj mokytoja eis kavinėje.
Datasets/Real_Handwriting/images/form_404_sentence_5.png,Cukrų ir cinamoną dedame į pyragą.
Datasets/Synthetic_Sentences/images/sentence_01975.png,Mindaugas valgo daržoves.
Datasets/Real_Handwriting/images/form_084_sentence_3.png,Ramiai vyras mokosi žaidimą.
Datasets/Synthetic_Sentences/images/sentence_03770.png,Mokytojas valgo sriubą.
Datasets/Real_Handwriting/images/form_045_sentence_4.png,Tu geria stadione.
Datasets/Synthetic_Sentences/images/sentence_01453.png,Ar Renata nori tvarkytis?
Datasets/Synthetic_Sentences/images/sentence_04230.png,Gydytojas sportuoja bibliotekoje.
Datasets/Synthetic_Sentences/images/sentence_02140.png,Šuo nori skaityti žemėlapį.
Datasets/Synthetic_Sentences/images/sentence_01901.png,Švelniai Gintaras mokosi sode.
Datasets/Synthetic_Sentences/images/sentence_03293.png,Mindaugas bando žaisti.
Datasets/Synthetic_Sentences/images/sentence_01863.png,Švelniai šuo dirba kavinėje.
Datasets/Synthetic_Sentences/images/sentence_03734.png,Džiaugsmingai šuo ilsisi pievoje.
Datasets/Real_Handwriting/images/form_121_sentence_2.png,Paukštis klauso kavą stotyje.
Datasets/Real_Handwriting/images/form_510_sentence_1.png,Mantas valgo košę.
Datasets/Synthetic_Sentences/images/sentence_03581.png,Vakar Mantas dirbo darbe.
Datasets/Synthetic_Sentences/images/sentence_04545.png,Rasa mokosi ežero pakrantėje.
Datasets/Real_Handwriting/images/form_233_sentence_2.png,Šiandien Danielius perka dovaną.
Datasets/Synthetic_Sentences/images/sentence_04279.png,Berniukas mėgsta pirkti dovaną.
Datasets/Synthetic_Sentences/images/sentence_00771.png,Petras mėgsta gerti arbatą.
Datasets/Real_Handwriting/images/form_011_sentence_5.png,Niekada mokytojas žiūri istoriją.
Datasets/Synthetic_Sentences/images/sentence_00592.png,Greitai Petras mokosi kalnuose.
Datasets/Synthetic_Sentences/images/sentence_03500.png,Lėtai Gintaras dirba kavinėje.
Datasets/Real_Handwriting/images/form_335_sentence_2.png,Marija būna miške.
Datasets/Synthetic_Sentences/images/sentence_01153.png,Ar Jonas mėgsta tvarkytis?
Datasets/Synthetic_Sentences/images/sentence_00852.png,Ar studentė skaito istoriją?
Datasets/Real_Handwriting/images/form_250_sentence_5.png,Universiteto studentai žaidžia šachmatais laisvalaikiu.
Datasets/Real_Handwriting/images/form_134_sentence_5.png,Mes rašo ir rašo.
Datasets/Synthetic_Sentences/images/sentence_02887.png,Petras mokosi upės pakrantėje.
Datasets/Real_Handwriting/images/form_032_sentence_1.png,Vaikai galvoja žaidimą.
Datasets/Real_Handwriting/images/form_246_sentence_2.png,Šiandien Žilvinas dirba ežero pakrantėje.
Datasets/Synthetic_Sentences/images/sentence_01198.png,Mokytojas bando valgyti.
Datasets/Real_Handwriting/images/form_298_sentence_5.png,Žirgai bėga laisvai per žalią lauką.
Datasets/Synthetic_Sentences/images/sentence_00262.png,Ar Žilvinas mėgsta skaityti?
Datasets/Synthetic_Sentences/images/sentence_02601.png,Šiandien šuo dirba kaime.
Datasets/Synthetic_Sentences/images/sentence_01431.png,Jonas žaidžia namuose.
Datasets/Synthetic_Sentences/images/sentence_03382.png,Džiaugsmingai Gintaras dirba pievoje.
Datasets/Real_Handwriting/images/form_023_sentence_2.png,Mergaitė miega mokyklą sode.
Datasets/Synthetic_Sentences/images/sentence_03756.png,Vakar šuo skaitė istoriją.
Datasets/Real_Handwriting/images/form_289_sentence_1.png,Mantas stato namą.
Datasets/Synthetic_Sentences/images/sentence_03872.png,Kristina mėgsta gerti pieną.
Datasets/Real_Handwriting/images/form_351_sentence_1.png,Garsiai žmogus ilsisi sode.
Datasets/Synthetic_Sentences/images/sentence_02134.png,Šiandien gydytojas perka knygą.
Datasets/Synthetic_Sentences/images/sentence_03512.png,Mokytojas perka gėlę.
Datasets/Synthetic_Sentences/images/sentence_01076.png,Ar Saulius mokosi kavinėje?
Datasets/Real_Handwriting/images/form_119_sentence_4.png,Draugas tvarkosi prie ežero ir kaime.
Datasets/Real_Handwriting/images/form_352_sentence_5.png,Čiulba paukščiai ankstų rytą.
Datasets/Synthetic_Sentences/images/sentence_01913.png,Kavinėje kvepėjo kava ir cinamonu.
Datasets/Synthetic_Sentences/images/sentence_02141.png,Mokytoja mėgsta valgyti.
Datasets/Synthetic_Sentences/images/sentence_04708.png,Studentas nori pirkti gėlę.
Datasets/Synthetic_Sentences/images/sentence_03823.png,Džiaugsmingai Petras rašo laišką.
Datasets/Synthetic_Sentences/images/sentence_00099.png,Vaikas stengiasi sportuoti.
Datasets/Real_Handwriting/images/form_377_sentence_2.png,Šiandien Petras dirba darbe.
Datasets/Real_Handwriting/images/form_387_sentence_4.png,Eglė nori groti.
Datasets/Synthetic_Sentences/images/sentence_02478.png,Ar Mantas mėgsta važiuoti?
Datasets/Synthetic_Sentences/images/sentence_00588.png,Gintaras sportuoja darbe.
Datasets/Synthetic_Sentences/images/sentence_01588.png,Mindaugas nori skaityti istoriją.
Datasets/Synthetic_Sentences/images/sentence_00019.png,Renata sportuoja ežero pakrantėje.
Datasets/Real_Handwriting/images/form_320_sentence_1.png,Džiaugsmingai Ingrida dirba kaime.
Datasets/Synthetic_Sentences/images/sentence_03499.png,Rytoj Rasa skaitys receptą.
Datasets/Real_Handwriting/images/form_417_sentence_2.png,Rytoj Danielius eis sode.
Datasets/Synthetic_Sentences/images/sentence_04859.png,Ar mokytojas dirba mieste?
Datasets/Synthetic_Sentences/images/sentence_00091.png,Rytoj Gintaras skaitys žurnalą.
Datasets/Synthetic_Sentences/images/sentence_03812.png,Rytoj Laura skaitys žurnalą.
Datasets/Synthetic_Sentences/images/sentence_03270.png,Kruopščiai Marija skaito laišką.
Datasets/Real_Handwriting/images/form_187_sentence_1.png,Vaikas labai niekada miega.
Datasets/Synthetic_Sentences/images/sentence_01366.png,Ar Ingrida nori mokytis?
Datasets/Synthetic_Sentences/images/sentence_00828.png,Ar studentė mėgsta galvoti?
Datasets/Synthetic_Sentences/images/sentence_00989.png,Neringa nori skaityti žurnalą.
Datasets/Real_Handwriting/images/form_096_sentence_3.png,Mergaitės bėga ir bėga.
Datasets/Real_Handwriting/images/form_398_sentence_5.png,Cecilija čiuožia ant ledo.
Datasets/Synthetic_Sentences/images/sentence_01099.png,Mokytoja stengiasi ilsėtis.
Datasets/Real_Handwriting/images/form_177_sentence_2.png,Jūs eina stotyje ir darbe.
Datasets/Real_Handwriting/images/form_364_sentence_4.png,Jurgita ilsisi paplūdimyje.
Datasets/Synthetic_Sentences/images/sentence_00255.png,Ar Žilvinas dirba kalnuose?
Datasets/Synthetic_Sentences/images/sentence_03643.png,Ar gydytojas mokosi pievoje?
Datasets/Real_Handwriting/images/form_379_sentence_2.png,Garsiai mokytojas neša knygą.
Datasets/Synthetic_Sentences/images/sentence_02410.png,Šiandien studentė dirba pievoje.
Datasets/Synthetic_Sentences/images/sentence_00377.png,Mokytoja valgo vaisius.
Datasets/Real_Handwriting/images/form_449_sentence_5.png,Cecilija čiuožia ant ledo.
Datasets/Real_Handwriting/images/form_464_sentence_2.png,Ar vaikas skaito knygą?
Datasets/Synthetic_Sentences/images/sentence_04853.png,Studentė neša knygą.
Datasets/Synthetic_Sentences/images/sentence_01651.png,Šiandien Laura perka žaislą.
Datasets/Synthetic_Sentences/images/sentence_03534.png,Kristina mokosi ežero pakrantėje.
Datasets/Synthetic_Sentences/images/sentence_04887.png,Kristina žaidžia mokykloje.
Datasets/Real_Handwriting/images/form_454_sentence_4.png,Ingrida stengiasi ilsėtis.
Datasets/Synthetic_Sentences/images/sentence_02336.png,Šiandien Gintaras ilsisi pievoje.
Datasets/Real_Handwriting/images/form_056_sentence_4.png,Mielai vaikas dainuoja receptą.
Datasets/Synthetic_Sentences/images/sentence_03196.png,Mokytojas mėgsta gerti arbatą.
Datasets/Synthetic_Sentences/images/sentence_00686.png,Mergaitė mėgsta skaityti receptą.
Datasets/Synthetic_Sentences/images/sentence_04792.png,Mielai Mantas mokosi upės pakrantėje.
Datasets/Synthetic_Sentences/images/sentence_04516.png,Tomas neša dovaną.
Datasets/Synthetic_Sentences/images/sentence_02301.png,Šiandien berniukas dirba ligoninėje.
Datasets/Real_Handwriting/images/form_336_sentence_4.png,Šiandien Eglė perka knygą.
Datasets/Synthetic_Sentences/images/sentence_00031.png,Šiandien Kristina perka dovaną.
Datasets/Synthetic_Sentences/images/sentence_03312.png,Gydytojas mėgsta pirkti knygą.
Datasets/Synthetic_Sentences/images/sentence_03254.png,Tyliai Gintaras rašo receptą.
Datasets/Synthetic_Sentences/images/sentence_04802.png,Eglė skaito knygą.
Datasets/Real_Handwriting/images/form_223_sentence_4.png,Ar paukštis mėgsta sportuoti?
Datasets/Real_Handwriting/images/form_322_sentence_3.png,Ingrida sportuoja mieste.
Datasets/Synthetic_Sentences/images/sentence_04150.png,Eglė dirba ežero pakrantėje.
Datasets/Synthetic_Sentences/images/sentence_04818.png,Mergaitė geria pieną.
Datasets/Real_Handwriting/images/form_370_sentence_4.png,Ar Renata mėgsta galvoti?
Datasets/Synthetic_Sentences/images/sentence_02807.png,Laura skaito laišką.
Datasets/Synthetic_Sentences/images/sentence_00883.png,Eglė dirba stadione.
Datasets/Synthetic_Sentences/images/sentence_03209.png,Berniukas mėgsta gerti kavą.
Datasets/Synthetic_Sentences/images/sentence_01358.png,Kruopščiai Neringa perka arbatą.
Datasets/Real_Handwriting/images/form_156_sentence_2.png,Jos skuba laišką darbe.
Datasets/Real_Handwriting/images/form_420_sentence_5.png,Brolis bėga per baltą sniegą.
Datasets/Synthetic_Sentences/images/sentence_00487.png,Mindaugas dirba kalnuose.
Datasets/Real_Handwriting/images/form_229_sentence_5.png,Cukrų ir cinamoną dedame į pyragą.
Datasets/Synthetic_Sentences/images/sentence_04234.png,Mantas mėgsta skaityti žurnalą.
Datasets/Synthetic_Sentences/images/sentence_04636.png,Rytoj Eglė skaitys knygą.
Datasets/Synthetic_Sentences/images/sentence_02980.png,Vakar Jonas dirbo stotyje.
Datasets/Synthetic_Sentences/images/sentence_04173.png,Studentė skaito knygą.
Datasets/Synthetic_Sentences/images/sentence_04522.png,Garsiai Renata mokosi namuose.
Datasets/Real_Handwriting/images/form_064_sentence_1.png,Vyrai valgo kaime ir stadione.
Datasets/Synthetic_Sentences/images/sentence_02420.png,Jonas mėgsta skaityti istoriją.
Datasets/Real_Handwriting/images/form_318_sentence_4.png,Gydytojas lankosi bibliotekoje.
Datasets/Synthetic_Sentences/images/sentence_04034.png,Šiandien Saulius perka duoną.
Datasets/Synthetic_Sentences/images/sentence_02912.png,Šiandien katė dirba kavinėje.
Datasets/Synthetic_Sentences/images/sentence_01874.png,Gydytojas pradeda žaisti.
Datasets/Synthetic_Sentences/images/sentence_00974.png,Mindaugas sportuoja darbe.
Datasets/Synthetic_Sentences/images/sentence_01535.png,Rytoj Marija eis upės pakrantėje.
Datasets/Synthetic_Sentences/images/sentence_02645.png,Jonas mėgsta pirkti gėlę.
Datasets/Real_Handwriting/images/form_389_sentence_2.png,Šiandien studentas dirba paplūdimyje.
Datasets/Synthetic_Sentences/images/sentence_00082.png,Šiandien mokytojas dirba kalnuose.
Datasets/Synthetic_Sentences/images/sentence_02633.png,Eglė nori skaityti laišką.
Datasets/Synthetic_Sentences/images/sentence_04591.png,Tyliai mergaitė ilsisi sode.
Datasets/Synthetic_Sentences/images/sentence_02461.png,Tomas gyvena sode.
Datasets/Synthetic_Sentences/images/sentence_00456.png,Šiandien Petras perka gėlę.
Datasets/Real_Handwriting/images/form_428_sentence_5.png,Mėnulis šviečia per debesį.
Datasets/Real_Handwriting/images/form_343_sentence_1.png,Neringa ilsisi ligoninėje.
Datasets/Synthetic_Sentences/images/sentence_04004.png,Rytoj Danielius skaitys žemėlapį.
Datasets/Synthetic_Sentences/images/sentence_04847.png,Laura ilsisi paplūdimyje.
Datasets/Synthetic_Sentences/images/sentence_04619.png,Vakar studentas nešė knygą.
Datasets/Real_Handwriting/images/form_254_sentence_5.png,Universiteto studentai žaidžia šachmatais laisvalaikiu.
Datasets/Synthetic_Sentences/images/sentence_02667.png,Atidžiai Mantas mokosi upės pakrantėje.
Datasets/Synthetic_Sentences/images/sentence_02800.png,Ramiai studentė mokosi mieste.
Datasets/Real_Handwriting/images/form_259_sentence_4.png,Saulius nori groti.
Datasets/Synthetic_Sentences/images/sentence_02243.png,Katė perka kavą.
Datasets/Synthetic_Sentences/images/sentence_03662.png,Šiandien Tomas perka kavą.
Datasets/Synthetic_Sentences/images/sentence_00955.png,Ar Mantas dirba bibliotekoje?
Datasets/Real_Handwriting/images/form_291_sentence_5.png,"Gieda paukščiai, kol saulė leidžiasi."
Datasets/Synthetic_Sentences/images/sentence_03086.png,Mokytojas pradeda šokti.
Datasets/Synthetic_Sentences/images/sentence_03486.png,Šiandien Rasa ilsisi paplūdimyje.
Datasets/Real_Handwriting/images/form_218_sentence_2.png,Jonas pradeda ilsėtis.
Datasets/Synthetic_Sentences/images/sentence_04241.png,Eglė nori valgyti vaisius.
Datasets/Synthetic_Sentences/images/sentence_04670.png,Ar Marija mėgsta eiti?
Datasets/Real_Handwriting/images/form_080_sentence_1.png,Šiandien draugas miega vakar.
Datasets/Synthetic_Sentences/images/sentence_00872.png,Atidžiai Eglė dirba parke.
Datasets/Real_Handwriting/images/form_184_sentence_3.png,Ar gydytojas žaidžia?
Datasets/Synthetic_Sentences/images/sentence_04740.png,Eglė mėgsta gerti arbatą.
Datasets/Synthetic_Sentences/images/sentence_03595.png,Studentė nori skaityti žemėlapį.
Datasets/Real_Handwriting/images/form_471_sentence_3.png,Rūpestingai berniukas sportuoja namuose.
Datasets/Synthetic_Sentences/images/sentence_02587.png,Saulius dirba pievoje.
Datasets/Real_Handwriting/images/form_315_sentence_1.png,Ar žirgas skaito laišką?
Datasets/Synthetic_Sentences/images/sentence_01032.png,Jurgita neša gėlę.
Datasets/Synthetic_Sentences/images/sentence_02761.png,Ar Tomas nori eiti?
Datasets/Real_Handwriting/images/form_215_sentence_1.png,Paukštis bando galvoti.
Datasets/Synthetic_Sentences/images/sentence_03437.png,Gydytojas mėgsta groti.
Datasets/Synthetic_Sentences/images/sentence_03238.png,Šiandien Gintaras perka gėlę.
Datasets/Synthetic_Sentences/images/sentence_00303.png,Tomas neša knygą.
Datasets/Synthetic_Sentences/images/sentence_00798.png,Mindaugas mėgsta pirkti knygą.
Datasets/Synthetic_Sentences/images/sentence_02357.png,Mergaitė dirba stadione.
Datasets/Synthetic_Sentences/images/sentence_00557.png,Petras žaidžia miške.
Datasets/Synthetic_Sentences/images/sentence_02868.png,Berniukas mėgsta pirkti žaislą.
Datasets/Synthetic_Sentences/images/sentence_03250.png,Kristina nori gerti arbatą.
Datasets/Synthetic_Sentences/images/sentence_03884.png,Tyliai mokytojas valgo sriubą.
Datasets/Real_Handwriting/images/form_352_sentence_4.png,Rytoj Mantas skaitys receptą.
Datasets/Synthetic_Sentences/images/sentence_02851.png,Renata mėgsta pirkti dovaną.
Datasets/Synthetic_Sentences/images/sentence_01009.png,Mantas lankosi parke.
Datasets/Synthetic_Sentences/images/sentence_01207.png,Mantas mėgsta valgyti vaisius.
Datasets/Synthetic_Sentences/images/sentence_04535.png,Eglė nori pirkti arbatą.
Datasets/Real_Handwriting/images/form_200_sentence_3.png,Gydytojai sportuoja darbe ir sode.
Datasets/Synthetic_Sentences/images/sentence_00639.png,Mielai Mantas skaito knygą.
Datasets/Real_Handwriting/images/form_155_sentence_3.png,Mergaitė žiūri paveikslą kavinėje.
Datasets/Synthetic_Sentences/images/sentence_02212.png,"Vaikas verkia, nes pametė žaislą."
Datasets/Real_Handwriting/images/form_358_sentence_2.png,Džiaugsmingai mergaitė skaito knygą.
Datasets/Synthetic_Sentences/images/sentence_00729.png,Šiandien Mantas skaito istoriją.
Datasets/Synthetic_Sentences/images/sentence_04366.png,Ar Ingrida mėgsta rašyti?
Datasets/Synthetic_Sentences/images/sentence_02258.png,Lėtai mergaitė valgo daržoves.
Datasets/Synthetic_Sentences/images/sentence_01142.png,Gintaras mėgsta pirkti žaislą.
Datasets/Synthetic_Sentences/images/sentence_04017.png,Saulius valgo duoną.
Datasets/Synthetic_Sentences/images/sentence_04023.png,Mantas ilsisi mokykloje.
Datasets/Synthetic_Sentences/images/sentence_01689.png,Studentas mėgsta pirkti kavą.
Datasets/Synthetic_Sentences/images/sentence_04776.png,Lėtai mokytojas ilsisi mokykloje.
Datasets/Real_Handwriting/images/form_416_sentence_2.png,Šiandien katė skaito žurnalą.
Datasets/Real_Handwriting/images/form_310_sentence_4.png,Ar Mindaugas dirba upės pakrantėje?
Datasets/Real_Handwriting/images/form_497_sentence_5.png,Čiulba paukščiai ankstų rytą.
Datasets/Synthetic_Sentences/images/sentence_04797.png,Drąsiai Ingrida ilsisi miške.
Datasets/Synthetic_Sentences/images/sentence_00120.png,Studentė mėgsta skaityti knygą.
Datasets/Synthetic_Sentences/images/sentence_04082.png,Žilvinas nori pirkti žaislą.
Datasets/Synthetic_Sentences/images/sentence_04711.png,Petras nori valgyti daržoves.
Datasets/Real_Handwriting/images/form_198_sentence_1.png,Katė rytoj piešia.
Datasets/Real_Handwriting/images/form_244_sentence_5.png,Cukrų ir cinamoną dedame į pyragą.
Datasets/Real_Handwriting/images/form_229_sentence_3.png,Ar Ingrida skaito žurnalą?
Datasets/Synthetic_Sentences/images/sentence_03495.png,Mantas žaidžia stotyje.
Datasets/Synthetic_Sentences/images/sentence_03788.png,Šiandien Gintaras ilsisi mokykloje.
Datasets/Synthetic_Sentences/images/sentence_01118.png,Gydytojas bando plaukti.
Datasets/Synthetic_Sentences/images/sentence_04721.png,Žilvinas rašo projektą.
Datasets/Real_Handwriting/images/form_054_sentence_1.png,Jūs klauso projektą.
Datasets/Real_Handwriting/images/form_168_sentence_3.png,Ar mergaitė sportuoja?
Datasets/Real_Handwriting/images/form_069_sentence_3.png,Studentai tvarkosi ir tvarkosi.
Datasets/Synthetic_Sentences/images/sentence_00293.png,Renata mėgsta valgyti duoną.
Datasets/Real_Handwriting/images/form_118_sentence_1.png,Aš labai blogai kalba.
Datasets/Synthetic_Sentences/images/sentence_01836.png,Laura ilsisi upės pakrantėje.
Datasets/Synthetic_Sentences/images/sentence_04782.png,Ar Neringa mėgsta eiti?
Datasets/Synthetic_Sentences/images/sentence_02306.png,Šiandien Tomas ilsisi parke.
Datasets/Real_Handwriting/images/form_080_sentence_5.png,Mergaitės šypsosi mieste.
Datasets/Synthetic_Sentences/images/sentence_00903.png,Studentė nori plaukti.
Datasets/Synthetic_Sentences/images/sentence_04302.png,Jurgita mėgsta gerti vandenį.
Datasets/Real_Handwriting/images/form_468_sentence_4.png,Šiandien Gintaras mokosi mieste.
Datasets/Synthetic_Sentences/images/sentence_03995.png,Mokytojas perka duoną.
Datasets/Synthetic_Sentences/images/sentence_04992.png,Laura bando gerti.
Datasets/Real_Handwriting/images/form_364_sentence_5.png,Kartu keliaujame per kalnų taką.
Datasets/Synthetic_Sentences/images/sentence_01280.png,Mielai Kristina valgo duoną.
Datasets/Synthetic_Sentences/images/sentence_00662.png,Jurgita mokosi upės pakrantėje.
Datasets/Synthetic_Sentences/images/sentence_00379.png,Šiandien vaikas perka duoną.
Datasets/Real_Handwriting/images/form_164_sentence_1.png,Šiandien moteris sportuoja lėtai.
Datasets/Real_Handwriting/images/form_257_sentence_3.png,Ar Danielius nori gerti?
Datasets/Real_Handwriting/images/form_208_sentence_4.png,Šiandien Rasa skaito laišką.
Datasets/Synthetic_Sentences/images/sentence_04771.png,Ingrida renka grybus.
Datasets/Synthetic_Sentences/images/sentence_00613.png,Rūpestingai Gintaras valgo daržoves.
Datasets/Real_Handwriting/images/form_199_sentence_4.png,Jos atidžiai skaito.
Datasets/Synthetic_Sentences/images/sentence_00130.png,Greitai mokytoja mokosi sode.
Datasets/Real_Handwriting/images/form_006_sentence_1.png,Katė skaito ir skaito.
Datasets/Synthetic_Sentences/images/sentence_04080.png,Berniukas mėgsta skaityti istoriją.
Datasets/Synthetic_Sentences/images/sentence_00656.png,Vakar Gintaras dirbo kavinėje.
Datasets/Synthetic_Sentences/images/sentence_00631.png,Rytoj Rasa eis sode.
Datasets/Synthetic_Sentences/images/sentence_04925.png,Katė sportuoja pievoje.
Datasets/Real_Handwriting/images/form_293_sentence_2.png,Lėtai Mantas rašo laišką.
Datasets/Real_Handwriting/images/form_378_sentence_2.png,Saulius mėgsta tvarkytis arbatą.
Datasets/Synthetic_Sentences/images/sentence_04201.png,Tomas lankosi upės pakrantėje.
Datasets/Real_Handwriting/images/form_205_sentence_4.png,Tyliai Jonas mokosi darbe.
Datasets/Real_Handwriting/images/form_312_sentence_5.png,Zigmas žiūri žaibą per langą.
Datasets/Synthetic_Sentences/images/sentence_04063.png,Šuo nori rašyti receptą.
Datasets/Synthetic_Sentences/images/sentence_02091.png,Rasa mėgsta skaityti istoriją.
Datasets/Real_Handwriting/images/form_106_sentence_4.png,Dabar jie ilsisi projektą.
Datasets/Synthetic_Sentences/images/sentence_03979.png,Ar Eglė dirba upės pakrantėje?
Datasets/Synthetic_Sentences/images/sentence_02110.png,Vaikas bando eiti.
Datasets/Real_Handwriting/images/form_302_sentence_4.png,Šiandien Jurgita skaito žemėlapį.
Datasets/Synthetic_Sentences/images/sentence_02668.png,Vaikas skaito knygą.
Datasets/Synthetic_Sentences/images/sentence_02189.png,Mielai mokytoja neša laišką.
Datasets/Synthetic_Sentences/images/sentence_04512.png,Džiaugsmingai katė skaito knygą.
Datasets/Synthetic_Sentences/images/sentence_01006.png,Šiandien Laura perka žaislą.
Datasets/Real_Handwriting/images/form_061_sentence_5.png,Tu sportuoja namuose ir bibliotekoje.
Datasets/Synthetic_Sentences/images/sentence_02773.png,Berniukas mėgsta valgyti košę.
Datasets/Synthetic_Sentences/images/sentence_00619.png,Ingrida mėgsta gerti sultis.
Datasets/Synthetic_Sentences/images/sentence_00914.png,Ar Mantas skaito žurnalą?
Datasets/Real_Handwriting/images/form_181_sentence_2.png,Mergaitės nori gerti dainą.
Datasets/Real_Handwriting/images/form_207_sentence_5.png,Ežeras ežiukui atrodo labai didelis.
Datasets/Real_Handwriting/images/form_125_sentence_3.png,Mergaitė tvarkosi stadione ir ligoninėje.
Datasets/Synthetic_Sentences/images/sentence_02951.png,Kruopščiai studentė skaito žemėlapį.
Datasets/Synthetic_Sentences/images/sentence_04985.png,Studentė nori valgyti obuolį.
Datasets/Real_Handwriting/images/form_178_sentence_5.png,Katė labai lėtai žiūri.
Datasets/Synthetic_Sentences/images/sentence_00225.png,Šuo žaidžia pievoje.
Datasets/Synthetic_Sentences/images/sentence_03458.png,Ar Mantas mėgsta sportuoti?
Datasets/Synthetic_Sentences/images/sentence_00555.png,Studentas ilsisi sode.
Datasets/Synthetic_Sentences/images/sentence_03686.png,Drąsiai Žilvinas rašo užduotį.
Datasets/Real_Handwriting/images/form_083_sentence_4.png,Tu miega egzaminą.
Datasets/Synthetic_Sentences/images/sentence_01159.png,Greitai vaikas ilsisi ligoninėje.
Datasets/Real_Handwriting/images/form_137_sentence_5.png,Rytoj mokytojai galvoja daržoves.
Datasets/Real_Handwriting/images/form_111_sentence_4.png,Vaikas žiūri ir žiūri.
Datasets/Real_Handwriting/images/form_405_sentence_5.png,Cecilija čiuožia ant ledo.
Datasets/Real_Handwriting/images/form_090_sentence_5.png,Draugai kalba darbe ir prie ežero.
Datasets/Real_Handwriting/images/form_302_sentence_2.png,Vakar Marija nešė žaislą.
Datasets/Synthetic_Sentences/images/sentence_00683.png,Mielai Jonas valgo vaisius.
Datasets/Synthetic_Sentences/images/sentence_01319.png,Ar Mindaugas skaito receptą?
Datasets/Synthetic_Sentences/images/sentence_01564.png,Gydytojas neša žaislą.
Datasets/Synthetic_Sentences/images/sentence_00724.png,Žilvinas stengiasi groti.
Datasets/Real_Handwriting/images/form_362_sentence_3.png,Šiandien Petras perka knygą.
Datasets/Real_Handwriting/images/form_179_sentence_1.png,Mergaitės labai garsiai skuba.
Datasets/Real_Handwriting/images/form_127_sentence_4.png,Jūs bijo šokti kavą.
Datasets/Synthetic_Sentences/images/sentence_02172.png,Gydytojas ilsisi darbe.
Datasets/Synthetic_Sentences/images/sentence_00958.png,Saulius nori gerti sultis.
Datasets/Synthetic_Sentences/images/sentence_02809.png,Lėtai Jonas rašo žemėlapį.
Datasets/Real_Handwriting/images/form_043_sentence_2.png,Vaikas labai kruopščiai sportuoja.
Datasets/Synthetic_Sentences/images/sentence_01109.png,Šuo gyvena stadione.
Datasets/Real_Handwriting/images/form_425_sentence_1.png,Ar Marija mokosi parke?
Datasets/Synthetic_Sentences/images/sentence_03508.png,Rūpestingai Jurgita dirba bibliotekoje.
Datasets/Synthetic_Sentences/images/sentence_01974.png,Ar Tomas mėgsta dirbti?
Datasets/Synthetic_Sentences/images/sentence_00648.png,Rytoj gydytojas skaitys receptą.
Datasets/Synthetic_Sentences/images/sentence_00869.png,Šiandien Rasa mokosi darbe.
Datasets/Real_Handwriting/images/form_418_sentence_5.png,Universiteto studentai žaidžia šachmatais laisvalaikiu.
Datasets/Synthetic_Sentences/images/sentence_02693.png,Rūpestingai Gintaras skaito žemėlapį.
Datasets/Real_Handwriting/images/form_204_sentence_5.png,Universiteto studentai žaidžia šachmatais laisvalaikiu.
Datasets/Real_Handwriting/images/form_213_sentence_1.png,Eglė valgo daržoves.
Datasets/Real_Handwriting/images/form_104_sentence_5.png,Šiandien katė bėga kartu.
Datasets/Real_Handwriting/images/form_280_sentence_3.png,Katė nori statyti arbatą.
Datasets/Synthetic_Sentences/images/sentence_03879.png,Žilvinas skaito receptą.
Datasets/Synthetic_Sentences/images/sentence_03321.png,Švelniai Petras dirba upės pakrantėje.
Datasets/Synthetic_Sentences/images/sentence_02300.png,Rasa rašo projektą.
Datasets/Real_Handwriting/images/form_446_sentence_4.png,Katė perka arbatą.
Datasets/Synthetic_Sentences/images/sentence_00324.png,Studentė geria arbatą.
Datasets/Real_Handwriting/images/form_024_sentence_1.png,Šiandien mes miega smagiai.
Datasets/Real_Handwriting/images/form_290_sentence_3.png,Paukštis groja dainą.
Datasets/Synthetic_Sentences/images/sentence_02002.png,Marija žaidžia kaime.
Datasets/Synthetic_Sentences/images/sentence_01894.png,Renata bando šokti.
Datasets/Synthetic_Sentences/images/sentence_01475.png,Petras mėgsta skaityti knygą.
Datasets/Synthetic_Sentences/images/sentence_01297.png,Šiandien katė dirba miške.
Datasets/Synthetic_Sentences/images/sentence_00342.png,Drąsiai Danielius mokosi namuose.
Datasets/Synthetic_Sentences/images/sentence_01014.png,Ar Danielius dirba parke?
Datasets/Synthetic_Sentences/images/sentence_03483.png,Šiandien Mindaugas ilsisi kaime.
Datasets/Synthetic_Sentences/images/sentence_01106.png,Lėtai Žilvinas rašo projektą.
Datasets/Synthetic_Sentences/images/sentence_01838.png,Gintaras ilsisi bibliotekoje.
Datasets/Synthetic_Sentences/images/sentence_02571.png,Gintaras geria vandenį.
Datasets/Synthetic_Sentences/images/sentence_00868.png,Ar šuo mėgsta plaukti?
Datasets/Synthetic_Sentences/images/sentence_03830.png,Tomas sportuoja stadione.
Datasets/Synthetic_Sentences/images/sentence_03647.png,Vakar Žilvinas skaitė žurnalą.
Datasets/Synthetic_Sentences/images/sentence_03570.png,Šiandien Neringa dirba ligoninėje.
Datasets/Synthetic_Sentences/images/sentence_03566.png,Ar studentė nori dainuoti?
Datasets/Synthetic_Sentences/images/sentence_02274.png,Vakar Mindaugas nešė laišką.
Datasets/Synthetic_Sentences/images/sentence_02680.png,Gintaras žaidžia stotyje.
Datasets/Synthetic_Sentences/images/sentence_01500.png,Atidžiai Gintaras mokosi mieste.
Datasets/Synthetic_Sentences/images/sentence_04601.png,Džiaugsmingai Mindaugas valgo sriubą.
Datasets/Synthetic_Sentences/images/sentence_01282.png,Rytoj gydytojas eis mokykloje.
Datasets/Real_Handwriting/images/form_042_sentence_4.png,Mes ramiai klauso.
Datasets/Real_Handwriting/images/form_038_sentence_1.png,Jūs žiūri ir žiūri.
Datasets/Synthetic_Sentences/images/sentence_03409.png,Ar katė dirba pievoje?
Datasets/Synthetic_Sentences/images/sentence_04719.png,Petras nori dirbti.
Datasets/Real_Handwriting/images/form_070_sentence_2.png,Moteris sportuoja ir sportuoja.
Datasets/Real_Handwriting/images/form_238_sentence_4.png,Ar katė dirba stotyje?
Datasets/Synthetic_Sentences/images/sentence_00626.png,Tyliai Marija rašo laišką.
Datasets/Real_Handwriting/images/form_406_sentence_1.png,Gintaras lankosi kaime.
Datasets/Synthetic_Sentences/images/sentence_00279.png,Berniukas lankosi ežero pakrantėje.
Datasets/Real_Handwriting/images/form_223_sentence_5.png,Kavinėje kvepėjo kava ir cinamonu.
Datasets/Synthetic_Sentences/images/sentence_03582.png,Ar Neringa nori ilsėtis?
Datasets/Synthetic_Sentences/images/sentence_03728.png,Petras nori gerti pieną.
Datasets/Synthetic_Sentences/images/sentence_01275.png,Ar studentas dirba mokykloje?
Datasets/Real_Handwriting/images/form_164_sentence_5.png,Ar studentas galvoja?
Datasets/Real_Handwriting/images/form_381_sentence_1.png,Ingrida žaidžia kalnuose.
Datasets/Real_Handwriting/images/form_280_sentence_4.png,Kruopščiai mergaitė mokosi mokykloje.
Datasets/Synthetic_Sentences/images/sentence_01113.png,Šuo seka šeimininką visur.
Datasets/Synthetic_Sentences/images/sentence_03803.png,Berniukas renka gėles.
Datasets/Synthetic_Sentences/images/sentence_02905.png,Jonas bando šokti.
Datasets/Synthetic_Sentences/images/sentence_02211.png,Mokytoja rašo projektą.
Datasets/Synthetic_Sentences/images/sentence_03305.png,Danielius mokosi darbe.
Datasets/Real_Handwriting/images/form_492_sentence_4.png,Ar Mantas mėgsta važiuoti?
Datasets/Synthetic_Sentences/images/sentence_03443.png,Renata mėgsta skaityti istoriją.
Datasets/Synthetic_Sentences/images/sentence_02086.png,Drąsiai Marija mokosi kavinėje.
Datasets/Real_Handwriting/images/form_491_sentence_2.png,Ar Kristina mokosi parke?
Datasets/Real_Handwriting/images/form_133_sentence_1.png,Dabar moterys klauso filmą.
Datasets/Synthetic_Sentences/images/sentence_01154.png,Šuo sportuoja mokykloje.
Datasets/Synthetic_Sentences/images/sentence_01152.png,Gintaras neša gėlę.
Datasets/Real_Handwriting/images/form_290_sentence_4.png,Petras gyvena pievoje.
Datasets/Synthetic_Sentences/images/sentence_01041.png,Ar Laura skaito žurnalą?
Datasets/Real_Handwriting/images/form_236_sentence_4.png,Vakar Marija dirbo ligoninėje.
Datasets/Synthetic_Sentences/images/sentence_00573.png,Kristina gyvena upės pakrantėje.
Datasets/Synthetic_Sentences/images/sentence_01986.png,Mantas nori skaityti knygą.
Datasets/Synthetic_Sentences/images/sentence_02413.png,Mindaugas rašo žemėlapį.
Datasets/Real_Handwriting/images/form_251_sentence_5.png,Universiteto studentai žaidžia šachmatais laisvalaikiu.
Datasets/Synthetic_Sentences/images/sentence_03961.png,Ar studentė skaito laišką?
Datasets/Synthetic_Sentences/images/sentence_01744.png,Žilvinas lankosi bibliotekoje.
Datasets/Real_Handwriting/images/form_407_sentence_2.png,Rasa stato suolą.
Datasets/Real_Handwriting/images/form_009_sentence_1.png,Šuo keliauoja ir keliauoja.
Datasets/Synthetic_Sentences/images/sentence_00013.png,Marija nori gerti kavą.
Datasets/Real_Handwriting/images/form_053_sentence_5.png,Paukštis dirba žemėlapį bibliotekoje.
Datasets/Synthetic_Sentences/images/sentence_00927.png,Jonas skaito žemėlapį.
Datasets/Synthetic_Sentences/images/sentence_04587.png,Rytoj Petras skaitys laišką.
Datasets/Synthetic_Sentences/images/sentence_03417.png,Danielius perka gėlę.
Datasets/Real_Handwriting/images/form_434_sentence_1.png,Ar mergaitė skaito laišką?
Datasets/Synthetic_Sentences/images/sentence_00759.png,Vakar Laura dirbo kalnuose.
Datasets/Synthetic_Sentences/images/sentence_02315.png,Petras nori rašyti projektą.
Datasets/Real_Handwriting/images/form_392_sentence_4.png,Ingrida neša žaislą.
Datasets/Synthetic_Sentences/images/sentence_03966.png,Kristina nori kalbėti.
Datasets/Synthetic_Sentences/images/sentence_01890.png,Gintaras nori pirkti dovaną.
Datasets/Real_Handwriting/images/form_085_sentence_2.png,Vaikai klauso mokyklą mieste.
Datasets/Synthetic_Sentences/images/sentence_04866.png,Eglė mėgsta gerti kavą.
Datasets/Synthetic_Sentences/images/sentence_04849.png,Mokytojas lankosi kaime.
Datasets/Synthetic_Sentences/images/sentence_00970.png,Renata nori gerti vandenį.
Datasets/Synthetic_Sentences/images/sentence_04783.png,Danielius sportuoja stadione.
Datasets/Real_Handwriting/images/form_230_sentence_3.png,Ar studentas nori galvoti?
Datasets/Synthetic_Sentences/images/sentence_04920.png,Jonas stengiasi dainuoti.
Datasets/Real_Handwriting/images/form_101_sentence_2.png,Retai moterys šypsosi žemėlapį.
Datasets/Synthetic_Sentences/images/sentence_03220.png,Rūpestingai mokytojas ilsisi miške.
Datasets/Synthetic_Sentences/images/sentence_01069.png,Ingrida stengiasi mokytis.
Datasets/Real_Handwriting/images/form_219_sentence_4.png,Šiandien mokytojas mokosi ežero pakrantėje.
Datasets/Real_Handwriting/images/form_081_sentence_5.png,Draugas blogai bėga.
Datasets/Real_Handwriting/images/form_330_sentence_3.png,Rytoj vaikas eis mokykloje.
Datasets/Synthetic_Sentences/images/sentence_03794.png,Vakar berniukas nešė knygą.
Datasets/Synthetic_Sentences/images/sentence_03917.png,Draugas davė dovaną per gimtadienį.
Datasets/Synthetic_Sentences/images/sentence_02150.png,Gintaras nori skaityti laišką.
Datasets/Synthetic_Sentences/images/sentence_03200.png,Studentė bando valgyti.
Datasets/Synthetic_Sentences/images/sentence_03856.png,Tyliai Mindaugas neša laišką.
Datasets/Real_Handwriting/images/form_066_sentence_3.png,Retai moterys keliauoja daržoves.
Datasets/Synthetic_Sentences/images/sentence_01018.png,Ar Laura dirba darbe?
Datasets/Synthetic_Sentences/images/sentence_02331.png,Šiandien Jurgita dirba namuose.
Datasets/Synthetic_Sentences/images/sentence_04483.png,Kruopščiai Laura dirba bibliotekoje.
Datasets/Synthetic_Sentences/images/sentence_04365.png,Kristina mėgsta gerti pieną.
Datasets/Real_Handwriting/images/form_439_sentence_3.png,Katė būna stotyje.
Datasets/Synthetic_Sentences/images/sentence_00618.png,Vakar Tomas dirbo darbe.
Datasets/Real_Handwriting/images/form_313_sentence_3.png,Vakar gydytojas dirbo mokykloje.
Datasets/Synthetic_Sentences/images/sentence_00888.png,Šiandien Jonas ilsisi bibliotekoje.
Datasets/Synthetic_Sentences/images/sentence_04324.png,Švelniai Ingrida skaito istoriją.
Datasets/Synthetic_Sentences/images/sentence_01272.png,Vakar vaikas dirbo kalnuose.
Datasets/Real_Handwriting/images/form_241_sentence_5.png,Anas vyras atneša arbatos.
Datasets/Synthetic_Sentences/images/sentence_02135.png,Danielius pradeda piešti.
Datasets/Synthetic_Sentences/images/sentence_02004.png,Gintaras lankosi namuose.
Datasets/Real_Handwriting/images/form_095_sentence_4.png,Paukštis žiūri žaidimą.
Datasets/Synthetic_Sentences/images/sentence_01999.png,Marija rašo žemėlapį.
Datasets/Synthetic_Sentences/images/sentence_01852.png,Ar Petras dirba stadione?
Datasets/Real_Handwriting/images/form_294_sentence_4.png,Garsiai katė perka knygą.
Datasets/Real_Handwriting/images/form_124_sentence_2.png,Dabar jos verkia muziką.
Datasets/Synthetic_Sentences/images/sentence_01442.png,Rytoj šuo skaitys istoriją.
Datasets/Real_Handwriting/images/form_369_sentence_2.png,Ar Tomas nori ilsėtis?
Datasets/Synthetic_Sentences/images/sentence_03286.png,Šiandien studentas mokosi kalnuose.
Datasets/Synthetic_Sentences/images/sentence_02984.png,Šuo žaidžia pievoje.
Datasets/Synthetic_Sentences/images/sentence_01928.png,Jurgita žaidžia ežero pakrantėje.
Datasets/Synthetic_Sentences/images/sentence_02614.png,Ingrida nori ilsėtis.
Datasets/Real_Handwriting/images/form_207_sentence_1.png,Marija stato namą.
Datasets/Real_Handwriting/images/form_309_sentence_3.png,Ar Mindaugas dirba pievoje?
Datasets/Real_Handwriting/images/form_013_sentence_4.png,Gydytojai pradeda miegoti vaisius.
Datasets/Synthetic_Sentences/images/sentence_02681.png,Rytoj katė skaitys receptą.
Datasets/Synthetic_Sentences/images/sentence_01505.png,Jurgita rašo receptą.
Datasets/Synthetic_Sentences/images/sentence_01486.png,Gintaras perka dovaną.
Datasets/Synthetic_Sentences/images/sentence_01844.png,Katė nori rašyti užduotį.
Datasets/Synthetic_Sentences/images/sentence_01040.png,Kristina bando valgyti.
Datasets/Real_Handwriting/images/form_244_sentence_3.png,Katė stato bokštą.
Datasets/Real_Handwriting/images/form_081_sentence_4.png,Paukštis žiūri mokykloje ir bibliotekoje.
Datasets/Real_Handwriting/images/form_297_sentence_2.png,Gintaras gyvena parke.
Datasets/Synthetic_Sentences/images/sentence_01701.png,Žilvinas perka arbatą.
Datasets/Real_Handwriting/images/form_049_sentence_2.png,Ramiai gydytojas dirba filmą.
Datasets/Synthetic_Sentences/images/sentence_00720.png,Gintaras mėgsta skaityti žurnalą.
Datasets/Synthetic_Sentences/images/sentence_01489.png,Danielius lankosi mieste.
Datasets/Synthetic_Sentences/images/sentence_01165.png,Petras geria vandenį.
Datasets/Real_Handwriting/images/form_018_sentence_3.png,Vyrai nemėgsta bėgti.
Datasets/Real_Handwriting/images/form_108_sentence_3.png,Ji rašo stadione ir stotyje.
Datasets/Real_Handwriting/images/form_344_sentence_5.png,Universiteto studentai žaidžia šachmatais laisvalaikiu.
Datasets/Real_Handwriting/images/form_164_sentence_4.png,Gydytojai labai garsiai šypsosi.
Datasets/Real_Handwriting/images/form_154_sentence_4.png,Ar jos dainuoja?
Datasets/Synthetic_Sentences/images/sentence_01934.png,Ar Jonas dirba mokykloje?
Datasets/Synthetic_Sentences/images/sentence_04895.png,Šiandien Tomas mokosi kavinėje.
Datasets/Synthetic_Sentences/images/sentence_03697.png,Lėtai Gintaras rašo istoriją.
Datasets/Synthetic_Sentences/images/sentence_00884.png,Jonas nori rašyti laišką.
Datasets/Synthetic_Sentences/images/sentence_01110.png,Gintaras nori gerti arbatą.
Datasets/Synthetic_Sentences/images/sentence_01758.png,Vakar Petras skaitė žemėlapį.
Datasets/Synthetic_Sentences/images/sentence_03874.png,Neringa nori skaityti laišką.
Datasets/Real_Handwriting/images/form_075_sentence_2.png,Jis mąsto sode.
Datasets/Synthetic_Sentences/images/sentence_03206.png,Saulius rašo užduotį.
Datasets/Synthetic_Sentences/images/sentence_03357.png,Ar Danielius skaito žemėlapį?
Datasets/Synthetic_Sentences/images/sentence_02913.png,Mantas nori tvarkytis.
Datasets/Synthetic_Sentences/images/sentence_04902.png,Lėtai šuo mokosi kavinėje.
Datasets/Synthetic_Sentences/images/sentence_01029.png,Šiandien Žilvinas mokosi stadione.
Datasets/Synthetic_Sentences/images/sentence_02138.png,Gintaras žaidžia ežero pakrantėje.
Datasets/Synthetic_Sentences/images/sentence_04224.png,Danielius mėgsta valgyti obuolį.
Datasets/Synthetic_Sentences/images/sentence_04452.png,Ar Petras mėgsta groti?
Datasets/Synthetic_Sentences/images/sentence_00318.png,Petras pradeda eiti.
Datasets/Synthetic_Sentences/images/sentence_02213.png,Vakar katė nešė žaislą.
Datasets/Synthetic_Sentences/images/sentence_04586.png,Vaikas skaito knygą.
Datasets/Synthetic_Sentences/images/sentence_04469.png,Ar Tomas mokosi parke?
Datasets/Real_Handwriting/images/form_012_sentence_1.png,Vaikai ilsisi ir ilsisi.
Datasets/Synthetic_Sentences/images/sentence_02830.png,Ar studentas dirba ligoninėje?
Datasets/Real_Handwriting/images/form_367_sentence_5.png,Universiteto studentai žaidžia šachmatais laisvalaikiu.
Datasets/Synthetic_Sentences/images/sentence_00231.png,Ingrida gyvena mieste.
Datasets/Real_Handwriting/images/form_087_sentence_3.png,Jūs valgo paveikslą.
Datasets/Synthetic_Sentences/images/sentence_03130.png,Rytoj mokytoja skaitys žurnalą.
Datasets/Synthetic_Sentences/images/sentence_02500.png,Drąsiai Ingrida valgo daržoves.
Datasets/Real_Handwriting/images/form_356_sentence_1.png,Studentas valgo obuolį.
Datasets/Real_Handwriting/images/form_363_sentence_5.png,Cecilija čiuožia ant ledo.
Datasets/Synthetic_Sentences/images/sentence_01667.png,Eglė skaito žurnalą.
Datasets/Synthetic_Sentences/images/sentence_04064.png,Saulius bando dirbti.
Datasets/Synthetic_Sentences/images/sentence_01091.png,Kristina gyvena upės pakrantėje.
Datasets/Real_Handwriting/images/form_109_sentence_4.png,Ar studentas eina?
Datasets/Synthetic_Sentences/images/sentence_04499.png,Jurgita mėgsta galvoti.
Datasets/Synthetic_Sentences/images/sentence_00778.png,Jurgita nori valgyti košę.
Datasets/Real_Handwriting/images/form_082_sentence_2.png,Mergaitė nemėgsta kalbėti muziką.
Datasets/Synthetic_Sentences/images/sentence_00712.png,Petras mėgsta skaityti žemėlapį.
Datasets/Synthetic_Sentences/images/sentence_01649.png,Mergaitė mėgsta skaityti laišką.
Datasets/Synthetic_Sentences/images/sentence_00745.png,Renata pradeda tvarkytis.
Datasets/Real_Handwriting/images/form_114_sentence_3.png,Ji stengiasi dirbti.
Datasets/Synthetic_Sentences/images/sentence_02512.png,Garsiai Danielius valgo obuolį.
Datasets/Real_Handwriting/images/form_150_sentence_3.png,Ji rašo ir rašo.
Datasets/Synthetic_Sentences/images/sentence_04339.png,Mokytojas neša dovaną.
Datasets/Synthetic_Sentences/images/sentence_04955.png,Mokytoja žaidžia stotyje.
Datasets/Synthetic_Sentences/images/sentence_04610.png,Ingrida mėgsta valgyti košę.
Datasets/Synthetic_Sentences/images/sentence_01301.png,Kristina nori skaityti žemėlapį.
Datasets/Real_Handwriting/images/form_443_sentence_2.png,Lėtai Tomas valgo košę.
Datasets/Synthetic_Sentences/images/sentence_02369.png,Vaikas mėgsta gerti arbatą.
Datasets/Synthetic_Sentences/images/sentence_01367.png,Marija gyvena ežero pakrantėje.
Datasets/Synthetic_Sentences/images/sentence_00164.png,Vakar Jurgita nešė krepšį.
Datasets/Synthetic_Sentences/images/sentence_00320.png,Katė geria arbatą.
Datasets/Real_Handwriting/images/form_177_sentence_5.png,Gydytojas baigia kalbėti paveikslą.
Datasets/Real_Handwriting/images/form_040_sentence_5.png,Studentas šoka miške.
Datasets/Synthetic_Sentences/images/sentence_02443.png,Rytoj Jurgita skaitys laišką.
Datasets/Synthetic_Sentences/images/sentence_04006.png,Vaikas nori valgyti sriubą.
Datasets/Synthetic_Sentences/images/sentence_03113.png,Atidžiai Kristina rašo žemėlapį.
Datasets/Real_Handwriting/images/form_288_sentence_2.png,Šiandien Neringa mokosi ligoninėje.
Datasets/Real_Handwriting/images/form_206_sentence_3.png,Gintaras mėgsta ilsėtis.
Datasets/Synthetic_Sentences/images/sentence_02950.png,Šiandien Mindaugas ilsisi kalnuose.
Datasets/Synthetic_Sentences/images/sentence_01210.png,Ar vaikas mėgsta galvoti?
Datasets/Synthetic_Sentences/images/sentence_03829.png,Gydytojas skaito receptą.
Datasets/Synthetic_Sentences/images/sentence_02682.png,Tomas nori rašyti receptą.
Datasets/Synthetic_Sentences/images/sentence_02574.png,Renata perka kavą.
Datasets/Real_Handwriting/images/form_053_sentence_2.png,Draugas labai retai miega.
Datasets/Synthetic_Sentences/images/sentence_02133.png,Katė nori ilsėtis.
Datasets/Synthetic_Sentences/images/sentence_01262.png,Marija mėgsta skaityti receptą.
Datasets/Real_Handwriting/images/form_140_sentence_4.png,Vaikas žaidžia ir žaidžia.
Datasets/Synthetic_Sentences/images/sentence_04794.png,Vaikas dirba stadione.
Datasets/Synthetic_Sentences/images/sentence_01624.png,Berniukas mėgsta mokytis.
Datasets/Synthetic_Sentences/images/sentence_01596.png,Mokytojas pradeda kalbėti.
Datasets/Synthetic_Sentences/images/sentence_03454.png,Petras ilsisi kalnuose.
Datasets/Synthetic_Sentences/images/sentence_02044.png,Ar Saulius dirba kavinėje?
Datasets/Real_Handwriting/images/form_440_sentence_1.png,Ramiai Laura perka žaislą.
Datasets/Synthetic_Sentences/images/sentence_01067.png,Jurgita perka dovaną.
Datasets/Synthetic_Sentences/images/sentence_01104.png,Ar katė dirba upės pakrantėje?
Datasets/Synthetic_Sentences/images/sentence_01765.png,Mielai berniukas rašo receptą.
Datasets/Real_Handwriting/images/form_482_sentence_5.png,Senoji bibliotekininkė žino visų knygų vietas.
Datasets/Synthetic_Sentences/images/sentence_04519.png,Laura rašo užduotį.
Datasets/Synthetic_Sentences/images/sentence_01468.png,Greitai Laura mokosi ligoninėje.
Datasets/Synthetic_Sentences/images/sentence_02598.png,Ar Saulius skaito žemėlapį?
Datasets/Synthetic_Sentences/images/sentence_00637.png,Berniukas geria vandenį.
Datasets/Synthetic_Sentences/images/sentence_01065.png,Laura dirba kavinėje.
Datasets/Synthetic_Sentences/images/sentence_04106.png,Žilvinas mokosi darbe.
Datasets/Real_Handwriting/images/form_393_sentence_5.png,Šuo išbėgo į kiemą ir pradėjo loti.
Datasets/Synthetic_Sentences/images/sentence_04957.png,Švelniai Rasa skaito istoriją.
Datasets/Synthetic_Sentences/images/sentence_00410.png,Saulius pradeda žaisti.
Datasets/Synthetic_Sentences/images/sentence_01170.png,Vaikas rašo istoriją.
Datasets/Synthetic_Sentences/images/sentence_04485.png,Ar Eglė mokosi kavinėje?
Datasets/Real_Handwriting/images/form_048_sentence_4.png,Mes dabar galvoja.
Datasets/Synthetic_Sentences/images/sentence_04056.png,Šiandien Jurgita mokosi ežero pakrantėje.
Datasets/Synthetic_Sentences/images/sentence_03397.png,Katė stengiasi sportuoti.
Datasets/Synthetic_Sentences/images/sentence_04931.png,Studentė mėgsta valgyti duoną.
Datasets/Real_Handwriting/images/form_480_sentence_2.png,Šeima žaidžia ežero pakrantėje.
Datasets/Real_Handwriting/images/form_398_sentence_2.png,Rytoj Gintaras eis darbe.
Datasets/Synthetic_Sentences/images/sentence_03395.png,Marija rašo receptą.
Datasets/Synthetic_Sentences/images/sentence_01568.png,Rūpestingai Jonas ilsisi paplūdimyje.
Datasets/Synthetic_Sentences/images/sentence_00681.png,Saulius mėgsta pirkti knygą.
Datasets/Synthetic_Sentences/images/sentence_04057.png,Vakar studentė nešė knygą.
Datasets/Real_Handwriting/images/form_303_sentence_4.png,Šiandien žmogus mokosi namuose.
Datasets/Real_Handwriting/images/form_304_sentence_2.png,Švelniai Tomas neša gėlę.
Datasets/Real_Handwriting/images/form_428_sentence_4.png,Rytoj gydytojas skaitys knygą.
Datasets/Synthetic_Sentences/images/sentence_01976.png,Elnias eina per mišką tyliai.
Datasets/Synthetic_Sentences/images/sentence_00780.png,Ar berniukas mokosi darbe?
Datasets/Real_Handwriting/images/form_140_sentence_1.png,Ar aš dainuoja?
Datasets/Synthetic_Sentences/images/sentence_00644.png,Mantas mėgsta gerti sultis.
Datasets/Synthetic_Sentences/images/sentence_04444.png,Drąsiai Neringa ilsisi namuose.
Datasets/Synthetic_Sentences/images/sentence_00477.png,Šiandien Ingrida perka knygą.
Datasets/Real_Handwriting/images/form_368_sentence_1.png,Lėtai Laura dirba miške.
Datasets/Synthetic_Sentences/images/sentence_04465.png,Lėtai Petras mokosi mokykloje.
Datasets/Real_Handwriting/images/form_034_sentence_1.png,Jis miega stotyje ir prie ežero.
Datasets/Real_Handwriting/images/form_085_sentence_5.png,Gerai mes šypsosi egzaminą.
Datasets/Synthetic_Sentences/images/sentence_01687.png,Šiandien Gintaras mokosi upės pakrantėje.
Datasets/Synthetic_Sentences/images/sentence_04837.png,Ramiai mergaitė rašo receptą.
Datasets/Real_Handwriting/images/form_249_sentence_2.png,Džiaugsmingai Jonas sportuoja kavinėje.
Datasets/Synthetic_Sentences/images/sentence_02572.png,Mielai Eglė dirba upės pakrantėje.
Datasets/Synthetic_Sentences/images/sentence_02534.png,Tomas mėgsta pirkti dovaną.
Datasets/Synthetic_Sentences/images/sentence_01417.png,Ar Laura mėgsta važiuoti?
Datasets/Synthetic_Sentences/images/sentence_00239.png,Garsiai gydytojas ilsisi miške.
Datasets/Real_Handwriting/images/form_098_sentence_3.png,Aš bijo miegoti receptą.
Datasets/Real_Handwriting/images/form_329_sentence_4.png,Kruopščiai šuo valgo vaisius.
Datasets/Synthetic_Sentences/images/sentence_03542.png,Mantas pradeda kalbėti.
Datasets/Synthetic_Sentences/images/sentence_03158.png,Vaikas gyvena bibliotekoje.
Datasets/Synthetic_Sentences/images/sentence_01043.png,Ar Gintaras mokosi ligoninėje?
Datasets/Synthetic_Sentences/images/sentence_03043.png,Šuo mėgsta kalbėti.
Datasets/Real_Handwriting/images/form_012_sentence_5.png,Šiandien mokytojas miega atidžiai.
Datasets/Synthetic_Sentences/images/sentence_01790.png,Renata mėgsta valgyti.
Datasets/Real_Handwriting/images/form_102_sentence_4.png,Draugai bijo tvarkytis kavą.
Datasets/Synthetic_Sentences/images/sentence_00986.png,Neringa ilsisi mieste.
Datasets/Synthetic_Sentences/images/sentence_03451.png,Ingrida nori valgyti sriubą.
Datasets/Synthetic_Sentences/images/sentence_00170.png,Mokytojas ilsisi namuose.
Datasets/Real_Handwriting/images/form_044_sentence_4.png,Vyrai nemėgsta mokytis.
Datasets/Synthetic_Sentences/images/sentence_02724.png,Žilvinas rašo projektą.
Datasets/Synthetic_Sentences/images/sentence_01290.png,Šiandien Žilvinas dirba miške.
Datasets/Real_Handwriting/images/form_262_sentence_4.png,Džiaugsmingai Žilvinas skaito istoriją.
Datasets/Synthetic_Sentences/images/sentence_04569.png,Zigmas žiūri žaibą per langą.
Datasets/Synthetic_Sentences/images/sentence_03620.png,Ar Rasa dirba darbe?
Datasets/Real_Handwriting/images/form_390_sentence_5.png,Petras pasivaikščioja prie ežero.
Datasets/Real_Handwriting/images/form_250_sentence_4.png,Rytoj Jonas eis stadione.
Datasets/Synthetic_Sentences/images/sentence_00511.png,Saulius nori rašyti laišką.
Datasets/Synthetic_Sentences/images/sentence_00643.png,Vakar mokytojas nešė krepšį.
Datasets/Real_Handwriting/images/form_250_sentence_2.png,Ingrida nori dirbti.
Datasets/Real_Handwriting/images/form_337_sentence_1.png,Jonas neša krepšį.
Datasets/Synthetic_Sentences/images/sentence_00584.png,Lėtai studentas neša knygą.
Datasets/Synthetic_Sentences/images/sentence_02255.png,Šiandien Mantas dirba miške.
Datasets/Synthetic_Sentences/images/sentence_03337.png,Jonas renka vaisius.
Datasets/Synthetic_Sentences/images/sentence_00206.png,Šiandien Jurgita perka kavą.
Datasets/Synthetic_Sentences/images/sentence_01633.png,Šiandien Renata dirba pievoje.
Datasets/Synthetic_Sentences/images/sentence_03133.png,Jurgita neša knygą.
Datasets/Synthetic_Sentences/images/sentence_00468.png,Renata mėgsta gerti kavą.
Datasets/Synthetic_Sentences/images/sentence_04755.png,Šiandien Kristina dirba mokykloje.
Datasets/Synthetic_Sentences/images/sentence_02289.png,Studentas dirba mokykloje.
Datasets/Synthetic_Sentences/images/sentence_01196.png,Šiandien Gintaras mokosi stadione.
Datasets/Synthetic_Sentences/images/sentence_00553.png,Jurgita skaito žemėlapį.
Datasets/Synthetic_Sentences/images/sentence_00917.png,Vakar Laura nešė gėlę.
Datasets/Real_Handwriting/images/form_132_sentence_3.png,Gydytojas rašo stotyje.
Datasets/Real_Handwriting/images/form_354_sentence_4.png,Ar Tomas mėgsta keliauti?
Datasets/Real_Handwriting/images/form_169_sentence_3.png,Ji nemėgsta ilsėtis darbą.
Datasets/Real_Handwriting/images/form_030_sentence_1.png,Jūs keliauoja miške ir miške.
Datasets/Real_Handwriting/images/form_124_sentence_1.png,Šiandien jie eina blogai.
Datasets/Real_Handwriting/images/form_445_sentence_5.png,Kavinėje kvepėjo kava ir cinamonu.
Datasets/Synthetic_Sentences/images/sentence_02966.png,Studentė geria sultis.
Datasets/Synthetic_Sentences/images/sentence_03150.png,Ar mokytojas skaito receptą?
Datasets/Synthetic_Sentences/images/sentence_04898.png,Mergaitė valgo obuolį.
Datasets/Synthetic_Sentences/images/sentence_01429.png,Šuo žaidžia kalnuose.
Datasets/Synthetic_Sentences/images/sentence_00380.png,Ar Neringa skaito istoriją?
Datasets/Synthetic_Sentences/images/sentence_01658.png,Katė lankosi kaime.
Datasets/Real_Handwriting/images/form_283_sentence_5.png,Čiurlionį menininkai laiko išskirtiniu kūrėju.
Datasets/Synthetic_Sentences/images/sentence_00926.png,Mokytoja mėgsta gerti vandenį.
Datasets/Real_Handwriting/images/form_003_sentence_1.png,Šiandien šuo kalba namus.
Datasets/Real_Handwriting/images/form_388_sentence_3.png,Greitai Petras dirba bibliotekoje.
Datasets/Synthetic_Sentences/images/sentence_04306.png,Ar Saulius skaito žurnalą?
Datasets/Synthetic_Sentences/images/sentence_02403.png,Greitai Renata dirba ligoninėje.
Datasets/Synthetic_Sentences/images/sentence_00484.png,Gintaras mokosi darbe.
Datasets/Real_Handwriting/images/form_051_sentence_3.png,Vaikai dabar rašo.
Datasets/Synthetic_Sentences/images/sentence_01232.png,Mokytojas mėgsta pirkti gėlę.
Datasets/Real_Handwriting/images/form_100_sentence_3.png,Mergaitės žaidžia paplūdimyje.
Datasets/Synthetic_Sentences/images/sentence_03916.png,Tyliai šuo dirba miške.
Datasets/Real_Handwriting/images/form_010_sentence_5.png,Mergaitė žaidžia mieste ir ligoninėje.
Datasets/Synthetic_Sentences/images/sentence_03383.png,Marija skaito žemėlapį.
Datasets/Synthetic_Sentences/images/sentence_03204.png,Saulius ilsisi namuose.
Datasets/Real_Handwriting/images/form_247_sentence_4.png,Petras gyvena ligoninėje.
Datasets/Synthetic_Sentences/images/sentence_00589.png,Danielius mėgsta gerti pieną.
Datasets/Synthetic_Sentences/images/sentence_01599.png,Saulius nori valgyti košę.
Datasets/Synthetic_Sentences/images/sentence_03447.png,Studentas nori gerti arbatą.
Datasets/Real_Handwriting/images/form_434_sentence_3.png,Mergaitė stengiasi eiti.
Datasets/Synthetic_Sentences/images/sentence_00406.png,Rūpestingai Gintaras skaito receptą.
Datasets/Real_Handwriting/images/form_375_sentence_2.png,Gydytojas stato tvorą.
Datasets/Synthetic_Sentences/images/sentence_04824.png,Ar Kristina dirba miške?
Datasets/Synthetic_Sentences/images/sentence_04068.png,Berniukas skaito laišką.
Datasets/Real_Handwriting/images/form_039_sentence_1.png,Vyrai labai mielai tvarkosi.
Datasets/Synthetic_Sentences/images/sentence_01830.png,Atidžiai Tomas mokosi darbe.
Datasets/Synthetic_Sentences/images/sentence_00822.png,Šiandien Renata skaito knygą.
Datasets/Synthetic_Sentences/images/sentence_00424.png,Šiandien Laura mokosi sode.
Datasets/Synthetic_Sentences/images/sentence_03098.png,Ingrida valgo duoną.
Datasets/Real_Handwriting/images/form_037_sentence_2.png,Šiandien katė skuba labai.
Datasets/Real_Handwriting/images/form_113_sentence_3.png,Vyrai tvarkosi paplūdimyje.
Datasets/Synthetic_Sentences/images/sentence_01392.png,Studentė renka obuolius.
Datasets/Synthetic_Sentences/images/sentence_04486.png,Studentas skaito žemėlapį.
Datasets/Real_Handwriting/images/form_261_sentence_5.png,Jaunas studentas juda drąsiai į priekį.
Datasets/Synthetic_Sentences/images/sentence_04152.png,Ingrida nori valgyti daržoves.
Datasets/Real_Handwriting/images/form_242_sentence_5.png,Cukrų ir cinamoną dedame į pyragą.
Datasets/Synthetic_Sentences/images/sentence_00182.png,Saulius lankosi kalnuose.
Datasets/Synthetic_Sentences/images/sentence_04219.png,Ar gydytojas nori piešti?
Datasets/Synthetic_Sentences/images/sentence_01948.png,Ar Jonas mokosi kavinėje?
Datasets/Synthetic_Sentences/images/sentence_04236.png,Šiandien Danielius perka arbatą.
Datasets/Synthetic_Sentences/images/sentence_02542.png,Ar Mantas mokosi kavinėje?
Datasets/Real_Handwriting/images/form_111_sentence_3.png,Paukštis piešia ir piešia.
Datasets/Real_Handwriting/images/form_414_sentence_2.png,Šiandien katė ilsisi kavinėje.
Datasets/Real_Handwriting/images/form_488_sentence_5.png,Daktaras dirba didelėje ligoninėje.
Datasets/Synthetic_Sentences/images/sentence_01052.png,Jurgita geria pieną.
Datasets/Real_Handwriting/images/form_329_sentence_5.png,Žuvėdros skraido žemai virš bangų.
Datasets/Synthetic_Sentences/images/sentence_02833.png,Mielai mokytoja dirba sode.
Datasets/Real_Handwriting/images/form_194_sentence_5.png,Mes valgo kavą sode.
Datasets/Real_Handwriting/images/form_074_sentence_1.png,Ar jis galvoja?
Datasets/Synthetic_Sentences/images/sentence_00532.png,Šiandien studentas mokosi ežero pakrantėje.
Datasets/Real_Handwriting/images/form_019_sentence_5.png,Mokytojai nori ilsėtis žemėlapį.
Datasets/Synthetic_Sentences/images/sentence_01544.png,Ramiai mergaitė dirba paplūdimyje.
Datasets/Synthetic_Sentences/images/sentence_02941.png,Tyliai Eglė skaito žemėlapį.
Datasets/Real_Handwriting/images/form_195_sentence_4.png,Ji atidžiai verkia.
Datasets/Real_Handwriting/images/form_350_sentence_2.png,Žirgas neša knygą.
Datasets/Synthetic_Sentences/images/sentence_04473.png,Mergaitė sportuoja ežero pakrantėje.
Datasets/Real_Handwriting/images/form_036_sentence_5.png,Mergaitė klauso receptą.
Datasets/Synthetic_Sentences/images/sentence_01763.png,Garsiai Jurgita rašo projektą.
Datasets/Synthetic_Sentences/images/sentence_02458.png,Ar Jurgita mėgsta sportuoti?
Datasets/Synthetic_Sentences/images/sentence_00877.png,Mergaitė perka kavą.
Datasets/Synthetic_Sentences/images/sentence_03826.png,Marija pradeda rašyti.
Datasets/Synthetic_Sentences/images/sentence_02792.png,Atidžiai šuo perka gėlę.
Datasets/Synthetic_Sentences/images/sentence_03474.png,Šiandien Kristina mokosi namuose.
Datasets/Synthetic_Sentences/images/sentence_03404.png,Jonas stengiasi plaukti.
Datasets/Synthetic_Sentences/images/sentence_01668.png,Džiaugsmingai Renata ilsisi upės pakrantėje.
Datasets/Synthetic_Sentences/images/sentence_04994.png,Mantas valgo sriubą.
Datasets/Synthetic_Sentences/images/sentence_03384.png,Vaikas ilsisi bibliotekoje.
Datasets/Real_Handwriting/images/form_137_sentence_2.png,Mokytojai žaidžia laišką sode.
Datasets/Synthetic_Sentences/images/sentence_02514.png,Mantas neša žaislą.
Datasets/Synthetic_Sentences/images/sentence_01097.png,Drąsiai Rasa mokosi stotyje.
Datasets/Real_Handwriting/images/form_392_sentence_1.png,Tyliai Mantas valgo košę.
Datasets/Real_Handwriting/images/form_156_sentence_5.png,Vaikai sportuoja ligoninėje.
Datasets/Synthetic_Sentences/images/sentence_03636.png,Kristina mokosi miške.
Datasets/Synthetic_Sentences/images/sentence_03202.png,Jonas nori rašyti projektą.
Datasets/Synthetic_Sentences/images/sentence_02154.png,Tomas sportuoja upės pakrantėje.
Datasets/Synthetic_Sentences/images/sentence_03767.png,Švelniai Laura skaito laišką.
Datasets/Synthetic_Sentences/images/sentence_04435.png,Renata gyvena pievoje.
Datasets/Synthetic_Sentences/images/sentence_02101.png,Drąsiai Gintaras ilsisi paplūdimyje.
Datasets/Real_Handwriting/images/form_440_sentence_3.png,Šeima mėgsta važiuoti kavą.
Datasets/Synthetic_Sentences/images/sentence_04653.png,Neringa nori gerti kavą.
Datasets/Synthetic_Sentences/images/sentence_04060.png,Danielius valgo daržoves.
Datasets/Synthetic_Sentences/images/sentence_01176.png,Neringa lankosi darbe.
Datasets/Real_Handwriting/images/form_049_sentence_3.png,Paukštis baigia valgyti.
Datasets/Synthetic_Sentences/images/sentence_01425.png,Šuo mėgsta valgyti daržoves.
Datasets/Synthetic_Sentences/images/sentence_04496.png,Ramiai mokytojas skaito istoriją.
Datasets/Real_Handwriting/images/form_390_sentence_1.png,Šiandien Danielius skaito receptą.
Datasets/Synthetic_Sentences/images/sentence_02770.png,Jonas mėgsta pirkti gėlę.
Datasets/Synthetic_Sentences/images/sentence_02195.png,Renata mėgsta pirkti arbatą.
Datasets/Real_Handwriting/images/form_295_sentence_2.png,Kristina būna namuose.
Datasets/Synthetic_Sentences/images/sentence_00360.png,Šiandien studentas perka knygą.
Datasets/Synthetic_Sentences/images/sentence_01168.png,Šiandien Jurgita perka knygą.
Datasets/Synthetic_Sentences/images/sentence_01574.png,Danielius perka duoną.
Datasets/Synthetic_Sentences/images/sentence_01155.png,Ar mokytoja nori eiti?
Datasets/Synthetic_Sentences/images/sentence_04921.png,Studentė nori valgyti obuolį.
Datasets/Synthetic_Sentences/images/sentence_03300.png,Renata ilsisi sode.
Datasets/Real_Handwriting/images/form_481_sentence_4.png,Greitai mergaitė ilsisi parke.
Datasets/Real_Handwriting/images/form_253_sentence_3.png,Ar Mantas mokosi mieste?
Datasets/Synthetic_Sentences/images/sentence_03155.png,Mielai Mindaugas rašo projektą.
Datasets/Synthetic_Sentences/images/sentence_02695.png,Rytoj Petras eis paplūdimyje.
Datasets/Real_Handwriting/images/form_359_sentence_4.png,Rytoj Eglė eis mieste.
Datasets/Real_Handwriting/images/form_225_sentence_3.png,Neringa geria sultis.
Datasets/Synthetic_Sentences/images/sentence_03571.png,Gydytojas nori valgyti sriubą.
Datasets/Synthetic_Sentences/images/sentence_03473.png,Mindaugas lankosi pievoje.
Datasets/Synthetic_Sentences/images/sentence_04213.png,Gintaras mėgsta skaityti laišką.
Datasets/Real_Handwriting/images/form_381_sentence_2.png,Ar Mindaugas dirba stotyje?
Datasets/Real_Handwriting/images/form_103_sentence_3.png,Ar draugas miega?
Datasets/Synthetic_Sentences/images/sentence_02277.png,Rytoj Kristina skaitys žemėlapį.
Datasets/Real_Handwriting/images/form_482_sentence_3.png,Studentas groja melodiją.
Datasets/Real_Handwriting/images/form_508_sentence_1.png,Kristina bando gerti.
Datasets/Real_Handwriting/images/form_405_sentence_2.png,Studentė mokosi pievoje.
Datasets/Synthetic_Sentences/images/sentence_03166.png,Rūpestingai Ingrida skaito knygą.
Datasets/Real_Handwriting/images/form_107_sentence_4.png,Moterys klauso ir klauso.
Datasets/Synthetic_Sentences/images/sentence_00980.png,Šiandien katė skaito žurnalą.
Datasets/Synthetic_Sentences/images/sentence_04141.png,Šiandien Tomas mokosi bibliotekoje.
Datasets/Real_Handwriting/images/form_330_sentence_1.png,Vakar Ingrida nešė dovaną.
Datasets/Real_Handwriting/images/form_268_sentence_5.png,Žuvėdros skraido žemai virš bangų.
Datasets/Synthetic_Sentences/images/sentence_04325.png,Vakar berniukas dirbo sode.
Datasets/Synthetic_Sentences/images/sentence_04200.png,Šiandien Rasa dirba darbe.
Datasets/Synthetic_Sentences/images/sentence_00065.png,Gydytojas lankosi kaime.
Datasets/Real_Handwriting/images/form_189_sentence_5.png,Šiandien moterys dainuoja tyliai.
Datasets/Synthetic_Sentences/images/sentence_00688.png,Vakar Neringa dirbo mieste.
Datasets/Real_Handwriting/images/form_159_sentence_3.png,Vaikai greitai skaito.
Datasets/Synthetic_Sentences/images/sentence_04603.png,Gintaras nori skaityti žemėlapį.
Datasets/Real_Handwriting/images/form_454_sentence_2.png,Danielius mėgsta gerti duoną.
Datasets/Synthetic_Sentences/images/sentence_02689.png,Žilvinas perka duoną.
Datasets/Real_Handwriting/images/form_132_sentence_1.png,Mokytojas mielai keliauoja.
Datasets/Synthetic_Sentences/images/sentence_04297.png,Studentė gyvena mokykloje.
Datasets/Synthetic_Sentences/images/sentence_00433.png,Ar Rasa nori piešti?
Datasets/Synthetic_Sentences/images/sentence_03915.png,Vakar Jurgita dirbo parke.
Datasets/Synthetic_Sentences/images/sentence_02627.png,Rasa neša dovaną.
Datasets/Synthetic_Sentences/images/sentence_04081.png,Šiandien Žilvinas perka žaislą.
Datasets/Synthetic_Sentences/images/sentence_04058.png,Reginos ranka rašo greitai.
Datasets/Synthetic_Sentences/images/sentence_00578.png,Ar studentė mokosi pievoje?
Datasets/Synthetic_Sentences/images/sentence_02474.png,Vaikas neša dovaną.
Datasets/Synthetic_Sentences/images/sentence_01785.png,Saulius ilsisi stotyje.
Datasets/Synthetic_Sentences/images/sentence_04673.png,Vakar Neringa skaitė laišką.
Datasets/Real_Handwriting/images/form_301_sentence_3.png,Marija perka arbatą.
Datasets/Real_Handwriting/images/form_209_sentence_5.png,Danielius dažnai dalyvauja varžybose.
Datasets/Real_Handwriting/images/form_373_sentence_1.png,Vakar Tomas nešė knygą.
Datasets/Synthetic_Sentences/images/sentence_01703.png,Rasa mėgsta skaityti receptą.
Datasets/Synthetic_Sentences/images/sentence_00382.png,Vaikas nori pirkti duoną.
Datasets/Synthetic_Sentences/images/sentence_00973.png,Ar Renata skaito knygą?
Datasets/Synthetic_Sentences/images/sentence_00609.png,Ar Jurgita mėgsta ilsėtis?
Datasets/Synthetic_Sentences/images/sentence_01072.png,Šiandien Renata skaito žemėlapį.
Datasets/Real_Handwriting/images/form_168_sentence_2.png,Mokytojas pradeda tvarkytis muziką.
Datasets/Synthetic_Sentences/images/sentence_02031.png,Greitai Petras neša laišką.
Datasets/Synthetic_Sentences/images/sentence_00966.png,Gintaras mėgsta keliauti.
Datasets/Synthetic_Sentences/images/sentence_00473.png,Jonas stengiasi mokytis.
Datasets/Synthetic_Sentences/images/sentence_03978.png,Neringa bando tvarkytis.
Datasets/Real_Handwriting/images/form_232_sentence_2.png,Ar studentė skaito žemėlapį?
Datasets/Real_Handwriting/images/form_317_sentence_1.png,Lėtai Neringa ilsisi mokykloje.
Datasets/Synthetic_Sentences/images/sentence_02810.png,Saulius mokosi namuose.
Datasets/Synthetic_Sentences/images/sentence_02858.png,Drąsiai Jonas skaito žemėlapį.
Datasets/Synthetic_Sentences/images/sentence_01640.png,Vaikas nori gerti arbatą.
Datasets/Synthetic_Sentences/images/sentence_04449.png,Laura mėgsta valgyti sriubą.
Datasets/Real_Handwriting/images/form_337_sentence_3.png,Šuo perka gėlę.
Datasets/Synthetic_Sentences/images/sentence_04069.png,Petras stengiasi ilsėtis.
Datasets/Real_Handwriting/images/form_373_sentence_4.png,Šiandien Danielius ilsisi stadione.
Datasets/Real_Handwriting/images/form_367_sentence_4.png,Šuo bando groti.
Datasets/Synthetic_Sentences/images/sentence_04860.png,Lėtai Rasa skaito knygą.
Datasets/Synthetic_Sentences/images/sentence_01807.png,Atidžiai Kristina ilsisi miške.
Datasets/Synthetic_Sentences/images/sentence_03556.png,Šiandien Petras perka dovaną.
Datasets/Synthetic_Sentences/images/sentence_00711.png,Šiandien mergaitė mokosi mieste.
Datasets/Synthetic_Sentences/images/sentence_02899.png,Mindaugas nori rašyti žemėlapį.
Datasets/Synthetic_Sentences/images/sentence_03777.png,Ar Neringa mėgsta mokytis?
Datasets/Synthetic_Sentences/images/sentence_04604.png,Gydytojas pradeda sportuoti.
Datasets/Synthetic_Sentences/images/sentence_03131.png,Ar Renata nori gerti?
Datasets/Synthetic_Sentences/images/sentence_00526.png,Petras sportuoja kaime.
Datasets/Synthetic_Sentences/images/sentence_04259.png,Rytoj studentas skaitys laišką.
Datasets/Synthetic_Sentences/images/sentence_00963.png,Jonas nori rašyti laišką.
Datasets/Synthetic_Sentences/images/sentence_04271.png,Ingrida mėgsta valgyti obuolį.
Datasets/Real_Handwriting/images/form_182_sentence_1.png,Šiandien moterys skaito dabar.
Datasets/Synthetic_Sentences/images/sentence_02421.png,Tyliai Jurgita skaito laišką.
Datasets/Real_Handwriting/images/form_213_sentence_4.png,Ingrida dirba ligoninėje.
Datasets/Real_Handwriting/images/form_507_sentence_4.png,Ar Kristina mokosi mokykloje?
Datasets/Synthetic_Sentences/images/sentence_03408.png,Greitai Jurgita skaito laišką.
Datasets/Synthetic_Sentences/images/sentence_04382.png,Jonas nori pirkti kavą.
Datasets/Synthetic_Sentences/images/sentence_04695.png,Studentas nori valgyti daržoves.
Datasets/Synthetic_Sentences/images/sentence_01953.png,Renata geria sultis.
Datasets/Real_Handwriting/images/form_107_sentence_1.png,Draugas labai lėtai eina.
Datasets/Real_Handwriting/images/form_475_sentence_1.png,Vakar Žilvinas skaitė istoriją.
Datasets/Real_Handwriting/images/form_326_sentence_3.png,Tyliai šuo rašo laišką.
Datasets/Real_Handwriting/images/form_033_sentence_1.png,Draugas nori rašyti paveikslą.
Datasets/Real_Handwriting/images/form_014_sentence_3.png,Ar ji tvarkosi?
Datasets/Synthetic_Sentences/images/sentence_02892.png,Ingrida nori skaityti laišką.
Datasets/Synthetic_Sentences/images/sentence_02477.png,Mantas sportuoja kaime.
Datasets/Real_Handwriting/images/form_365_sentence_2.png,Rūpestingai Kristina ilsisi bibliotekoje.
Datasets/Synthetic_Sentences/images/sentence_03121.png,Ar Marija skaito istoriją?
Datasets/Synthetic_Sentences/images/sentence_03960.png,Ar Ingrida mėgsta šokti?
Datasets/Synthetic_Sentences/images/sentence_01342.png,Jonas nori valgyti duoną.
Datasets/Synthetic_Sentences/images/sentence_04606.png,Ar Eglė mėgsta skaityti?
Datasets/Synthetic_Sentences/images/sentence_00209.png,Šuo žaidžia stotyje.
Datasets/Synthetic_Sentences/images/sentence_01943.png,Saulius sportuoja miške.
Datasets/Synthetic_Sentences/images/sentence_01195.png,Studentas bando ilsėtis.
Datasets/Real_Handwriting/images/form_251_sentence_2.png,Renata neša dovaną.
Datasets/Real_Handwriting/images/form_276_sentence_1.png,Žilvinas geria vandenį.
Datasets/Synthetic_Sentences/images/sentence_03667.png,Mindaugas bando sportuoti.
Datasets/Synthetic_Sentences/images/sentence_02445.png,Kristina neša krepšį.
Datasets/Synthetic_Sentences/images/sentence_04928.png,Džiaugsmingai Mindaugas neša gėlę.
Datasets/Real_Handwriting/images/form_245_sentence_3.png,Greitai Saulius valgo vaisius.
Datasets/Real_Handwriting/images/form_120_sentence_4.png,Ar mokytojas klauso?
Datasets/Synthetic_Sentences/images/sentence_03214.png,Rasa gyvena bibliotekoje.
Datasets/Synthetic_Sentences/images/sentence_02217.png,Vakar Mindaugas dirbo pievoje.
Datasets/Real_Handwriting/images/form_017_sentence_5.png,Šiandien moterys eina labai.
Datasets/Synthetic_Sentences/images/sentence_02263.png,Lėtai Žilvinas dirba mokykloje.
Datasets/Synthetic_Sentences/images/sentence_04669.png,Ar Rasa nori galvoti?
Datasets/Synthetic_Sentences/images/sentence_01404.png,Mergaitė sportuoja miške.
Datasets/Synthetic_Sentences/images/sentence_01125.png,Drąsiai Jonas valgo sriubą.
Datasets/Real_Handwriting/images/form_302_sentence_5.png,Cukrų ir cinamoną dedame į pyragą.
Datasets/Synthetic_Sentences/images/sentence_01089.png,Ar Žilvinas mėgsta plaukti?
Datasets/Synthetic_Sentences/images/sentence_01940.png,Vakar Renata dirbo ežero pakrantėje.
Datasets/Synthetic_Sentences/images/sentence_00757.png,Ingrida mokosi ežero pakrantėje.
Datasets/Real_Handwriting/images/form_423_sentence_4.png,Atidžiai Tomas mokosi mokykloje.
Datasets/Synthetic_Sentences/images/sentence_01363.png,Studentas nori skaityti žemėlapį.
Datasets/Synthetic_Sentences/images/sentence_02259.png,Mindaugas mėgsta gerti sultis.
Datasets/Synthetic_Sentences/images/sentence_03923.png,Jurgita nori šokti.
Datasets/Real_Handwriting/images/form_241_sentence_3.png,Vaikas mėgsta žaisti.
Datasets/Real_Handwriting/images/form_496_sentence_4.png,Studentas stato tvorą.
Datasets/Real_Handwriting/images/form_349_sentence_5.png,Cecilija čiuožia ant ledo.
Datasets/Real_Handwriting/images/form_136_sentence_5.png,Visada vyrai valgo arbatą.
Datasets/Synthetic_Sentences/images/sentence_03317.png,Tomas neša žaislą.
Datasets/Real_Handwriting/images/form_364_sentence_2.png,Ar žmogus mėgsta galvoti?
Datasets/Synthetic_Sentences/images/sentence_02973.png,Ingrida rašo laišką.
Datasets/Real_Handwriting/images/form_165_sentence_5.png,Mes rytoj dainuoja.
Datasets/Synthetic_Sentences/images/sentence_02048.png,Kristina mėgsta gerti vandenį.
Datasets/Synthetic_Sentences/images/sentence_02584.png,Ar vaikas mėgsta dirbti?
Datasets/Synthetic_Sentences/images/sentence_02400.png,Ar Jonas dirba sode?
Datasets/Synthetic_Sentences/images/sentence_03151.png,Šuo mėgsta kalbėti.
Datasets/Synthetic_Sentences/images/sentence_00983.png,Šiandien mergaitė skaito laišką.
Datasets/Real_Handwriting/images/form_403_sentence_1.png,Saulius mėgsta važiuoti dovaną.
Datasets/Synthetic_Sentences/images/sentence_00243.png,Vakar Rasa dirbo parke.
Datasets/Synthetic_Sentences/images/sentence_04277.png,Rūpestingai gydytojas mokosi kavinėje.
Datasets/Synthetic_Sentences/images/sentence_00184.png,Mielai Jonas mokosi bibliotekoje.
Datasets/Synthetic_Sentences/images/sentence_02657.png,Ar mokytojas skaito istoriją?
Datasets/Synthetic_Sentences/images/sentence_00776.png,Studentė nori gerti arbatą.
Datasets/Synthetic_Sentences/images/sentence_04229.png,Švelniai Saulius valgo vaisius.
Datasets/Synthetic_Sentences/images/sentence_00264.png,Mielai vaikas ilsisi mokykloje.
Datasets/Synthetic_Sentences/images/sentence_04475.png,Jonas skaito receptą.
Datasets/Synthetic_Sentences/images/sentence_02099.png,Ar Petras skaito knygą?
Datasets/Synthetic_Sentences/images/sentence_04112.png,Marija sportuoja ežero pakrantėje.
Datasets/Synthetic_Sentences/images/sentence_00911.png,Jonas nori groti.
Datasets/Real_Handwriting/images/form_306_sentence_4.png,Džiaugsmingai Mantas sportuoja darbe.
Datasets/Real_Handwriting/images/form_062_sentence_3.png,Šuo labai kartu piešia.
Datasets/Synthetic_Sentences/images/sentence_01833.png,Kruopščiai Neringa mokosi darbe.
Datasets/Synthetic_Sentences/images/sentence_01388.png,Laura sportuoja upės pakrantėje.
Datasets/Real_Handwriting/images/form_011_sentence_3.png,Šuo šoka sode ir prie ežero.
Datasets/Real_Handwriting/images/form_151_sentence_3.png,Vyrai mokosi arbatą.
Datasets/Real_Handwriting/images/form_143_sentence_2.png,Šiandien jie miega šiandien.
Datasets/Synthetic_Sentences/images/sentence_04877.png,Rasa geria vandenį.
Datasets/Synthetic_Sentences/images/sentence_00919.png,Lėtai gydytojas skaito žurnalą.
Datasets/Synthetic_Sentences/images/sentence_01105.png,Ar gydytojas mokosi stadione?
Datasets/Synthetic_Sentences/images/sentence_04677.png,Šiandien Marija ilsisi ežero pakrantėje.
Datasets/Synthetic_Sentences/images/sentence_03056.png,Ar Eglė mokosi kavinėje?
Datasets/Synthetic_Sentences/images/sentence_01547.png,Ar Mantas nori dirbti?
Datasets/Synthetic_Sentences/images/sentence_00661.png,Ar studentas skaito žurnalą?
Datasets/Synthetic_Sentences/images/sentence_02009.png,Vakar gydytojas nešė krepšį.
Datasets/Real_Handwriting/images/form_243_sentence_4.png,Ingrida nori skaityti žemėlapį.
Datasets/Real_Handwriting/images/form_270_sentence_3.png,Švelniai Laura perka arbatą.
Datasets/Synthetic_Sentences/images/sentence_02165.png,Gintaras nori valgyti duoną.
Datasets/Real_Handwriting/images/form_359_sentence_2.png,Katė dirba stotyje.
Datasets/Real_Handwriting/images/form_102_sentence_1.png,Moteris nori kalbėti.
Datasets/Synthetic_Sentences/images/sentence_03017.png,Studentė perka arbatą.
Datasets/Synthetic_Sentences/images/sentence_03623.png,Šiandien Renata ilsisi darbe.
Datasets/Synthetic_Sentences/images/sentence_00446.png,Vakar Saulius skaitė knygą.
Datasets/Synthetic_Sentences/images/sentence_02965.png,Petras stengiasi keliauti.
Datasets/Synthetic_Sentences/images/sentence_00129.png,Ar Ingrida mokosi ežero pakrantėje?
Datasets/Synthetic_Sentences/images/sentence_04267.png,Mindaugas renka obuolius.
Datasets/Real_Handwriting/images/form_200_sentence_2.png,Vaikai mąsto kaime ir miške.
Datasets/Synthetic_Sentences/images/sentence_02715.png,Mergaitė neša krepšį.
Datasets/Synthetic_Sentences/images/sentence_04941.png,Ar berniukas skaito receptą?
Datasets/Synthetic_Sentences/images/sentence_03529.png,Mokytoja mėgsta pirkti kavą.
Datasets/Real_Handwriting/images/form_226_sentence_1.png,Vakar Gintaras dirbo namuose.
Datasets/Synthetic_Sentences/images/sentence_04621.png,Drąsiai Ingrida ilsisi ežero pakrantėje.
Datasets/Real_Handwriting/images/form_258_sentence_3.png,Žmogus stato bokštą.
Datasets/Real_Handwriting/images/form_439_sentence_4.png,Petras stengiasi gerti.
Datasets/Real_Handwriting/images/form_007_sentence_1.png,Mielai tu mąsto istoriją.
Datasets/Synthetic_Sentences/images/sentence_03573.png,Mokytojas renka gėles.
Datasets/Synthetic_Sentences/images/sentence_02197.png,Žilvinas pradeda keliauti.
Datasets/Synthetic_Sentences/images/sentence_01916.png,Švelniai Laura perka duoną.
Datasets/Real_Handwriting/images/form_255_sentence_1.png,Atidžiai Gintaras ilsisi kalnuose.
Datasets/Real_Handwriting/images/form_424_sentence_4.png,Jonas gyvena bibliotekoje.
Datasets/Synthetic_Sentences/images/sentence_01698.png,Rūpestingai mokytoja neša krepšį.
Datasets/Synthetic_Sentences/images/sentence_01851.png,Šiandien šuo dirba kavinėje.
Datasets/Real_Handwriting/images/form_423_sentence_5.png,Kavinėje kvepėjo kava ir cinamonu.
Datasets/Synthetic_Sentences/images/sentence_04298.png,Studentas bando groti.
Datasets/Synthetic_Sentences/images/sentence_00475.png,Renata nori skaityti knygą.
Datasets/Real_Handwriting/images/form_383_sentence_5.png,Daina skamba per visą sodą.
Datasets/Synthetic_Sentences/images/sentence_03475.png,Gintaras nori gerti kavą.
Datasets/Synthetic_Sentences/images/sentence_00361.png,Šiandien Ingrida mokosi namuose.
Datasets/Synthetic_Sentences/images/sentence_03741.png,Vaikas mėgsta valgyti duoną.
Datasets/Synthetic_Sentences/images/sentence_02744.png,Mokytoja bando dirbti.
Datasets/Real_Handwriting/images/form_007_sentence_4.png,Ar draugas rašo?
Datasets/Synthetic_Sentences/images/sentence_03761.png,Marija nori rašyti receptą.
Datasets/Synthetic_Sentences/images/sentence_02863.png,Mantas mokosi bibliotekoje.
Datasets/Synthetic_Sentences/images/sentence_01114.png,Žilvinas žaidžia kalnuose.
Datasets/Real_Handwriting/images/form_022_sentence_5.png,Jūs labai smagiai rašo.
Datasets/Synthetic_Sentences/images/sentence_00583.png,Šiandien šuo mokosi namuose.
Datasets/Synthetic_Sentences/images/sentence_02533.png,Laura nori valgyti duoną.
Datasets/Synthetic_Sentences/images/sentence_02582.png,Džiaugsmingai Jonas perka kavą.
Datasets/Synthetic_Sentences/images/sentence_02654.png,Tomas perka žaislą.
Datasets/Synthetic_Sentences/images/sentence_02670.png,Rūpestingai Laura dirba stadione.
Datasets/Synthetic_Sentences/images/sentence_04633.png,Ar Danielius skaito laišką?
Datasets/Synthetic_Sentences/images/sentence_00580.png,Renata gyvena mieste.
Datasets/Synthetic_Sentences/images/sentence_04448.png,Šiandien Renata skaito knygą.
Datasets/Real_Handwriting/images/form_009_sentence_5.png,Draugai rašo parke ir stotyje.
Datasets/Synthetic_Sentences/images/sentence_02612.png,Žilvinas dirba mieste.
Datasets/Synthetic_Sentences/images/sentence_01539.png,Kruopščiai gydytojas ilsisi kaime.
Datasets/Synthetic_Sentences/images/sentence_00246.png,Šiandien Marija perka gėlę.
Datasets/Synthetic_Sentences/images/sentence_02850.png,Tyliai Renata valgo daržoves.
Datasets/Synthetic_Sentences/images/sentence_02811.png,Vakar Marija skaitė istoriją.
Datasets/Synthetic_Sentences/images/sentence_03739.png,Šiandien Jonas perka dovaną.
Datasets/Synthetic_Sentences/images/sentence_03629.png,Vakar Danielius nešė knygą.
Datasets/Synthetic_Sentences/images/sentence_03340.png,Petras mėgsta valgyti sriubą.
Datasets/Synthetic_Sentences/images/sentence_02791.png,Studentas neša krepšį.
Datasets/Synthetic_Sentences/images/sentence_00967.png,Vakar Marija nešė žaislą.
Datasets/Synthetic_Sentences/images/sentence_01779.png,Šiandien Eglė mokosi kaime.
Datasets/Real_Handwriting/images/form_464_sentence_5.png,Kavinėje kvepėjo kava ir cinamonu.
Datasets/Synthetic_Sentences/images/sentence_02396.png,Žilvinas bando dirbti.
Datasets/Synthetic_Sentences/images/sentence_02637.png,Neringa dirba kalnuose.
Datasets/Synthetic_Sentences/images/sentence_00734.png,Greitai Neringa dirba mieste.
Datasets/Synthetic_Sentences/images/sentence_03846.png,Petras perka kavą.
Datasets/Synthetic_Sentences/images/sentence_00675.png,Mindaugas nori gerti kavą.
Datasets/Synthetic_Sentences/images/sentence_02904.png,Katė mėgsta pirkti knygą.
Datasets/Synthetic_Sentences/images/sentence_00411.png,Mergaitė nori keliauti.
Datasets/Synthetic_Sentences/images/sentence_04757.png,Vakar gydytojas dirbo darbe.
Datasets/Synthetic_Sentences/images/sentence_02798.png,Marija mėgsta plaukti.
Datasets/Synthetic_Sentences/images/sentence_00404.png,Ar mokytoja mokosi mokykloje?
Datasets/Synthetic_Sentences/images/sentence_00943.png,Ramiai Tomas rašo užduotį.
Datasets/Synthetic_Sentences/images/sentence_04706.png,Studentė nori skaityti laišką.
Datasets/Real_Handwriting/images/form_408_sentence_3.png,Greitai Marija dirba paplūdimyje.
Datasets/Synthetic_Sentences/images/sentence_04738.png,Jurgita nori skaityti knygą.
Datasets/Synthetic_Sentences/images/sentence_00786.png,Neringa stengiasi groti.
Datasets/Synthetic_Sentences/images/sentence_04047.png,Vaikas lankosi ežero pakrantėje.
Datasets/Synthetic_Sentences/images/sentence_01787.png,Petras geria sultis.
Datasets/Synthetic_Sentences/images/sentence_04571.png,Šuo mėgsta skaityti receptą.
Datasets/Real_Handwriting/images/form_023_sentence_5.png,Mokytojai verkia kaime ir prie ežero.
Datasets/Synthetic_Sentences/images/sentence_01230.png,Ar berniukas dirba sode?
Datasets/Synthetic_Sentences/images/sentence_03019.png,Šiandien Neringa mokosi darbe.
Datasets/Synthetic_Sentences/images/sentence_02234.png,Rūpestingai Danielius ilsisi mokykloje.
Datasets/Real_Handwriting/images/form_400_sentence_3.png,Neringa sportuoja sode.
Datasets/Synthetic_Sentences/images/sentence_00233.png,Šuo mėgsta valgyti vaisius.
Datasets/Synthetic_Sentences/images/sentence_03088.png,Ingrida mėgsta bėgti.
Datasets/Real_Handwriting/images/form_450_sentence_2.png,Ar vaikas nori šokti?
Datasets/Synthetic_Sentences/images/sentence_01020.png,Ar vaikas skaito žurnalą?
Datasets/Synthetic_Sentences/images/sentence_02847.png,Studentas ilsisi sode.
Datasets/Real_Handwriting/images/form_305_sentence_4.png,Rytoj Jonas eis miške.
Datasets/Synthetic_Sentences/images/sentence_04850.png,Vakar Žilvinas nešė krepšį.
Datasets/Synthetic_Sentences/images/sentence_00213.png,Rūpestingai Žilvinas perka žaislą.
Datasets/Synthetic_Sentences/images/sentence_01455.png,Rasa stengiasi šokti.
Datasets/Synthetic_Sentences/images/sentence_03645.png,Gintaras mėgsta pirkti knygą.
Datasets/Synthetic_Sentences/images/sentence_02103.png,Studentas bando piešti.
Datasets/Real_Handwriting/images/form_279_sentence_2.png,Šiandien Renata skaito žemėlapį.
Datasets/Real_Handwriting/images/form_071_sentence_1.png,Jie labai kartu miega.
Datasets/Real_Handwriting/images/form_017_sentence_1.png,Rytoj vyrai geria istoriją.
Datasets/Real_Handwriting/images/form_035_sentence_5.png,Gydytojai miega stadione ir parke.
Datasets/Real_Handwriting/images/form_467_sentence_1.png,Šiandien Ingrida skaito žemėlapį.
Datasets/Real_Handwriting/images/form_076_sentence_4.png,Šiandien gydytojas mokosi kruopščiai.
Datasets/Real_Handwriting/images/form_136_sentence_2.png,Greitai jie skuba knygą.
Datasets/Synthetic_Sentences/images/sentence_01842.png,Atidžiai mokytoja ilsisi sode.
Datasets/Synthetic_Sentences/images/sentence_04312.png,Rytoj vaikas eis kaime.
Datasets/Synthetic_Sentences/images/sentence_04528.png,Mindaugas mėgsta dainuoti.
Datasets/Synthetic_Sentences/images/sentence_02714.png,Lėtai vaikas rašo žemėlapį.
Datasets/Synthetic_Sentences/images/sentence_03439.png,Tomas mokosi ežero pakrantėje.
Datasets/Real_Handwriting/images/form_030_sentence_5.png,Ji mąsto filmą namuose.
Datasets/Synthetic_Sentences/images/sentence_01562.png,Ar Danielius dirba namuose?
Datasets/Synthetic_Sentences/images/sentence_04888.png,Renata pradeda plaukti.
Datasets/Synthetic_Sentences/images/sentence_00827.png,Katė stengiasi gerti.
Datasets/Real_Handwriting/images/form_509_sentence_4.png,Ar Ingrida dirba pievoje?
Datasets/Synthetic_Sentences/images/sentence_00512.png,Saulius skaito receptą.
Datasets/Synthetic_Sentences/images/sentence_02566.png,Berniukas renka obuolius.
Datasets/Real_Handwriting/images/form_312_sentence_1.png,Žirgas pradeda dainuoti.
Datasets/Synthetic_Sentences/images/sentence_00495.png,Mielai Rasa perka duoną.
Datasets/Synthetic_Sentences/images/sentence_03062.png,Greitai Eglė neša krepšį.
Datasets/Synthetic_Sentences/images/sentence_04846.png,Jonas valgo vaisius.
Datasets/Synthetic_Sentences/images/sentence_03420.png,Laura skaito receptą.
Datasets/Synthetic_Sentences/images/sentence_02249.png,Mindaugas nori eiti.
Datasets/Real_Handwriting/images/form_151_sentence_2.png,Katė žiūri kaime.
Datasets/Synthetic_Sentences/images/sentence_01422.png,Ar Rasa nori dirbti?
Datasets/Real_Handwriting/images/form_053_sentence_3.png,Blogai jūs juokiasi maistą.
Datasets/Synthetic_Sentences/images/sentence_01426.png,Mokytojas mokiniams paaiškina matematiką.
Datasets/Synthetic_Sentences/images/sentence_03593.png,Ar Renata nori bėgti?
Datasets/Synthetic_Sentences/images/sentence_01900.png,Ar Mindaugas dirba ligoninėje?
Datasets/Real_Handwriting/images/form_445_sentence_1.png,Vakar šeima nešė knygą.
Datasets/Real_Handwriting/images/form_038_sentence_4.png,Šiandien mes bėga rytoj.
Datasets/Real_Handwriting/images/form_337_sentence_5.png,Žaibas nušvietė tamsų dangų audros metu.
Datasets/Real_Handwriting/images/form_263_sentence_2.png,Ar šuo dirba ežero pakrantėje?
Datasets/Synthetic_Sentences/images/sentence_04538.png,Šiandien mokytoja perka knygą.
Datasets/Real_Handwriting/images/form_163_sentence_5.png,Šiandien jie tvarkosi tyliai.
Datasets/Synthetic_Sentences/images/sentence_01223.png,Mantas nori tvarkytis.
Datasets/Synthetic_Sentences/images/sentence_03831.png,Petras bando gerti.
Datasets/Real_Handwriting/images/form_126_sentence_4.png,Vyrai pradeda šokti darbą.
Datasets/Real_Handwriting/images/form_501_sentence_2.png,Šiandien paukštis mokosi upės pakrantėje.
Datasets/Synthetic_Sentences/images/sentence_00286.png,Žilvinas sportuoja stadione.
Datasets/Synthetic_Sentences/images/sentence_02936.png,Rytoj studentė eis kalnuose.
Datasets/Synthetic_Sentences/images/sentence_02859.png,Danielius mėgsta plaukti.
Datasets/Real_Handwriting/images/form_453_sentence_4.png,Greitai Danielius ilsisi parke.
Datasets/Real_Handwriting/images/form_028_sentence_2.png,Šiandien gydytojas eina blogai.
Datasets/Synthetic_Sentences/images/sentence_03077.png,Šiandien mergaitė perka knygą.
Datasets/Synthetic_Sentences/images/sentence_02577.png,Mindaugas mėgsta skaityti žemėlapį.
Datasets/Synthetic_Sentences/images/sentence_03936.png,Vakar Rasa dirbo kaime.
Datasets/Synthetic_Sentences/images/sentence_04717.png,Džiaugsmingai Saulius neša gėlę.
Datasets/Synthetic_Sentences/images/sentence_03825.png,Ar Laura mėgsta keliauti?
Datasets/Real_Handwriting/images/form_445_sentence_4.png,Rytoj mergaitė skaitys žurnalą.
Datasets/Real_Handwriting/images/form_500_sentence_1.png,Mokytoja rašo istoriją.
Datasets/Synthetic_Sentences/images/sentence_03589.png,Lėtai Gintaras ilsisi miške.
Datasets/Synthetic_Sentences/images/sentence_02651.png,Neringa nori valgyti duoną.
Datasets/Synthetic_Sentences/images/sentence_02020.png,Ar mokytojas nori dainuoti?
Datasets/Synthetic_Sentences/images/sentence_02070.png,Jonas nori skaityti receptą.
Datasets/Synthetic_Sentences/images/sentence_00214.png,Mokytoja nori gerti sultis.
Datasets/Synthetic_Sentences/images/sentence_00296.png,Gintaras pradeda keliauti.
Datasets/Synthetic_Sentences/images/sentence_00908.png,Šiandien Eglė ilsisi stadione.
Datasets/Real_Handwriting/images/form_396_sentence_1.png,Ar berniukas mokosi namuose?
Datasets/Synthetic_Sentences/images/sentence_00149.png,Gintaras mėgsta pirkti žaislą.
Datasets/Synthetic_Sentences/images/sentence_02434.png,Marija sportuoja paplūdimyje.
Datasets/Real_Handwriting/images/form_152_sentence_5.png,Vaikai mėgsta piešti.
Datasets/Synthetic_Sentences/images/sentence_01234.png,Rytoj Gintaras skaitys laišką.
Datasets/Synthetic_Sentences/images/sentence_03025.png,Katė nori pirkti gėlę.
Datasets/Real_Handwriting/images/form_233_sentence_1.png,Šuo dirba sode.
Datasets/Synthetic_Sentences/images/sentence_02900.png,Laura mėgsta važiuoti.
Datasets/Real_Handwriting/images/form_333_sentence_4.png,Greitai Danielius perka duoną.
Datasets/Synthetic_Sentences/images/sentence_02747.png,Eglė valgo sriubą.
Datasets/Synthetic_Sentences/images/sentence_00916.png,Vaikas nori sportuoti.
Datasets/Synthetic_Sentences/images/sentence_00882.png,Ar Marija mokosi kaime?
Datasets/Real_Handwriting/images/form_504_sentence_3.png,Rasa valgo sriubą.
Datasets/Synthetic_Sentences/images/sentence_03950.png,Garsiai Marija rašo užduotį.
Datasets/Synthetic_Sentences/images/sentence_02999.png,Vakar šuo nešė krepšį.
Datasets/Real_Handwriting/images/form_205_sentence_1.png,Ar šeima mėgsta ilsėtis?
Datasets/Synthetic_Sentences/images/sentence_02193.png,Mokytojas mėgsta valgyti košę.
Datasets/Synthetic_Sentences/images/sentence_04950.png,Laura nori pirkti duoną.
Datasets/Real_Handwriting/images/form_402_sentence_1.png,Šiandien studentė ilsisi miške.
Datasets/Synthetic_Sentences/images/sentence_00378.png,Kristina nori gerti arbatą.
Datasets/Real_Handwriting/images/form_229_sentence_2.png,Žirgas sportuoja darbe.
Datasets/Synthetic_Sentences/images/sentence_02690.png,Danielius perka kavą.
Datasets/Real_Handwriting/images/form_353_sentence_1.png,Danielius ilsisi ežero pakrantėje.
Datasets/Synthetic_Sentences/images/sentence_01251.png,Studentas dirba upės pakrantėje.
Datasets/Real_Handwriting/images/form_197_sentence_3.png,Moteris mėgsta sportuoti istoriją.
Datasets/Synthetic_Sentences/images/sentence_04061.png,Drąsiai Mindaugas skaito knygą.
Datasets/Real_Handwriting/images/form_194_sentence_1.png,Jie bėga ir bėga.
Datasets/Real_Handwriting/images/form_480_sentence_3.png,Katė ilsisi ligoninėje.
Datasets/Synthetic_Sentences/images/sentence_04871.png,Atidžiai vaikas neša žaislą.
Datasets/Synthetic_Sentences/images/sentence_00358.png,Žilvinas stengiasi žaisti.
Datasets/Synthetic_Sentences/images/sentence_02757.png,Gintaras gyvena kaime.
Datasets/Real_Handwriting/images/form_365_sentence_3.png,Mielai mergaitė neša knygą.
Datasets/Real_Handwriting/images/form_093_sentence_4.png,Jūs labai vakar dirba.
Datasets/Synthetic_Sentences/images/sentence_00710.png,Katė bando važiuoti.
Datasets/Synthetic_Sentences/images/sentence_03433.png,Ar Ingrida nori gerti?
Datasets/Real_Handwriting/images/form_219_sentence_5.png,Universiteto studentai žaidžia šachmatais laisvalaikiu.
Datasets/Real_Handwriting/images/form_386_sentence_3.png,Vakar berniukas dirbo kaime.
Datasets/Synthetic_Sentences/images/sentence_04976.png,Žilvinas nori rašyti žemėlapį.
Datasets/Real_Handwriting/images/form_359_sentence_1.png,Jurgita būna kavinėje.
Datasets/Synthetic_Sentences/images/sentence_04492.png,Studentas skaito laišką.
Datasets/Real_Handwriting/images/form_459_sentence_4.png,Šiandien Tomas ilsisi ligoninėje.
Datasets/Synthetic_Sentences/images/sentence_02592.png,Jurgita pradeda bėgti.
Datasets/Synthetic_Sentences/images/sentence_03033.png,Ar Eglė nori žaisti?
Datasets/Synthetic_Sentences/images/sentence_02488.png,Atidžiai šuo ilsisi upės pakrantėje.
Datasets/Synthetic_Sentences/images/sentence_01246.png,Lėtai Gintaras ilsisi mieste.
Datasets/Real_Handwriting/images/form_293_sentence_1.png,Garsiai berniukas rašo užduotį.
Datasets/Synthetic_Sentences/images/sentence_00198.png,Šiandien Mindaugas perka knygą.
Datasets/Synthetic_Sentences/images/sentence_01482.png,Jurgita mėgsta pirkti duoną.
Datasets/Synthetic_Sentences/images/sentence_02385.png,Tomas tvarko savo kambarį.
Datasets/Real_Handwriting/images/form_411_sentence_4.png,Ar katė mokosi mokykloje?
Datasets/Synthetic_Sentences/images/sentence_01906.png,Katė pradeda važiuoti.
Datasets/Synthetic_Sentences/images/sentence_01200.png,Rytoj Rasa skaitys žemėlapį.
Datasets/Synthetic_Sentences/images/sentence_00144.png,Mergaitė ilsisi kaime.
Datasets/Synthetic_Sentences/images/sentence_03179.png,Rytoj Žilvinas skaitys receptą.
Datasets/Synthetic_Sentences/images/sentence_03245.png,Vakar mergaitė nešė žaislą.
Datasets/Synthetic_Sentences/images/sentence_02525.png,Šiandien Žilvinas ilsisi sode.
Datasets/Synthetic_Sentences/images/sentence_01355.png,Mokytojas perka kavą.
Datasets/Synthetic_Sentences/images/sentence_02626.png,Mielai mokytojas rašo laišką.
Datasets/Synthetic_Sentences/images/sentence_01527.png,Gintaras renka grybus.
Datasets/Synthetic_Sentences/images/sentence_04010.png,Saulius gyvena stadione.
Datasets/Synthetic_Sentences/images/sentence_04576.png,Petras neša gėlę.
Datasets/Real_Handwriting/images/form_031_sentence_1.png,Ar vyras bėga?
Datasets/Synthetic_Sentences/images/sentence_04248.png,Ar Jurgita skaito žemėlapį?
Datasets/Synthetic_Sentences/images/sentence_01471.png,Neringa mokosi ežero pakrantėje.
Datasets/Synthetic_Sentences/images/sentence_04864.png,Berniukas gyvena stadione.
Datasets/Synthetic_Sentences/images/sentence_04996.png,Laura pradeda gerti.
Datasets/Synthetic_Sentences/images/sentence_03634.png,Vakar Neringa skaitė žemėlapį.
Datasets/Synthetic_Sentences/images/sentence_03914.png,Vakar Renata skaitė žemėlapį.
Datasets/Real_Handwriting/images/form_404_sentence_2.png,Gintaras groja simfoniją.
Datasets/Synthetic_Sentences/images/sentence_01549.png,Katė dirba kalnuose.
Datasets/Real_Handwriting/images/form_055_sentence_2.png,Ramiai mes ilsisi vandenį.
Datasets/Synthetic_Sentences/images/sentence_01524.png,Petras skaito laišką.
Datasets/Synthetic_Sentences/images/sentence_04791.png,Atidžiai Gintaras skaito laišką.
Datasets/Real_Handwriting/images/form_012_sentence_3.png,Šuo mėgsta keliauti.
Datasets/Synthetic_Sentences/images/sentence_02955.png,Švelniai Eglė neša krepšį.
Datasets/Synthetic_Sentences/images/sentence_04180.png,Rytoj Marija eis mokykloje.
Datasets/Synthetic_Sentences/images/sentence_04148.png,Džiaugsmingai Mantas neša laišką.
Datasets/Synthetic_Sentences/images/sentence_03639.png,Vakar Jonas dirbo stadione.
Datasets/Real_Handwriting/images/form_347_sentence_5.png,Cecilija čiuožia ant ledo.
Datasets/Synthetic_Sentences/images/sentence_01250.png,Mokytojas dirba paplūdimyje.
Datasets/Synthetic_Sentences/images/sentence_04443.png,Žilvinas nori rašyti žemėlapį.
Datasets/Synthetic_Sentences/images/sentence_03297.png,Gydytojas gyvena stadione.
Datasets/Synthetic_Sentences/images/sentence_01519.png,Vakar Mindaugas skaitė receptą.
Datasets/Real_Handwriting/images/form_172_sentence_5.png,Ar moterys tvarkosi?
Datasets/Real_Handwriting/images/form_212_sentence_3.png,Šiandien šuo ilsisi pievoje.
Datasets/Synthetic_Sentences/images/sentence_04647.png,Mielai Laura neša žaislą.
Datasets/Synthetic_Sentences/images/sentence_02040.png,Garsiai Jurgita skaito istoriją.
Datasets/Real_Handwriting/images/form_181_sentence_4.png,Jie bėga kaime.
Datasets/Real_Handwriting/images/form_300_sentence_2.png,Mantas nori valgyti dovaną.
Datasets/Real_Handwriting/images/form_028_sentence_3.png,Ar jūs miega?
Datasets/Synthetic_Sentences/images/sentence_01693.png,Tyliai mokytojas rašo žemėlapį.
Datasets/Real_Handwriting/images/form_458_sentence_1.png,Greitai Rasa sportuoja sode.
Datasets/Synthetic_Sentences/images/sentence_04948.png,Drąsiai Kristina valgo obuolį.
Datasets/Synthetic_Sentences/images/sentence_02475.png,Ar Mantas mėgsta piešti?
Datasets/Synthetic_Sentences/images/sentence_00941.png,Jurgita pradeda piešti.
Datasets/Synthetic_Sentences/images/sentence_04746.png,Marija lankosi upės pakrantėje.
Datasets/Real_Handwriting/images/form_259_sentence_3.png,Katė stengiasi šokti.
Datasets/Synthetic_Sentences/images/sentence_02875.png,Renata mokosi mokykloje.
Datasets/Real_Handwriting/images/form_373_sentence_2.png,Šiandien Kristina ilsisi namuose.
Datasets/Synthetic_Sentences/images/sentence_03821.png,Mielai Eglė neša gėlę.
Datasets/Synthetic_Sentences/images/sentence_01418.png,Vakar Žilvinas nešė knygą.
Datasets/Synthetic_Sentences/images/sentence_04600.png,Mielai Mindaugas skaito laišką.
Datasets/Real_Handwriting/images/form_454_sentence_1.png,Garsiai katė sportuoja ligoninėje.
Datasets/Synthetic_Sentences/images/sentence_02100.png,Šiandien Renata skaito receptą.
Datasets/Real_Handwriting/images/form_299_sentence_1.png,Ar mergaitė dirba miške?
Datasets/Synthetic_Sentences/images/sentence_00791.png,Berniukas nori gerti pieną.
Datasets/Real_Handwriting/images/form_062_sentence_5.png,Gydytojai skaito žaidimą.
Datasets/Synthetic_Sentences/images/sentence_00529.png,Rytoj šuo eis paplūdimyje.
Datasets/Real_Handwriting/images/form_395_sentence_1.png,Neringa mokosi mieste.
Datasets/Synthetic_Sentences/images/sentence_01030.png,Šiandien Saulius perka arbatą.
Datasets/Real_Handwriting/images/form_311_sentence_2.png,Jurgita bando keliauti.
Datasets/Real_Handwriting/images/form_083_sentence_3.png,Ar mes dirba?
Datasets/Synthetic_Sentences/images/sentence_04121.png,Mokytojas lankosi kalnuose.
Datasets/Synthetic_Sentences/images/sentence_00523.png,Šiandien Danielius mokosi parke.
Datasets/Synthetic_Sentences/images/sentence_01184.png,Mielai mergaitė rašo istoriją.
Datasets/Synthetic_Sentences/images/sentence_02505.png,Ar mokytojas dirba kavinėje?
Datasets/Synthetic_Sentences/images/sentence_04505.png,Šiandien Jonas perka dovaną.
Datasets/Real_Handwriting/images/form_034_sentence_5.png,Vyrai sportuoja parke ir sode.
Datasets/Synthetic_Sentences/images/sentence_02517.png,Petras nori pirkti gėlę.
Datasets/Synthetic_Sentences/images/sentence_01684.png,Žilvinas skaito laišką.
Datasets/Real_Handwriting/images/form_467_sentence_3.png,Vakar gydytojas nešė žaislą.
Datasets/Synthetic_Sentences/images/sentence_02834.png,Marija nori sportuoti.
Datasets/Synthetic_Sentences/images/sentence_00784.png,Marija mėgsta pirkti duoną.
Datasets/Synthetic_Sentences/images/sentence_03675.png,Šuo mėgsta gerti kavą.
Datasets/Synthetic_Sentences/images/sentence_02869.png,Marija pradeda žaisti.
Datasets/Synthetic_Sentences/images/sentence_04026.png,Šiandien Ingrida skaito knygą.
Datasets/Synthetic_Sentences/images/sentence_00389.png,Renata rašo istoriją.
Datasets/Synthetic_Sentences/images/sentence_03628.png,Jurgita nori pirkti kavą.
Datasets/Synthetic_Sentences/images/sentence_04886.png,Kruopščiai gydytojas rašo projektą.
Datasets/Real_Handwriting/images/form_234_sentence_3.png,Mindaugas nori ilsėtis dainą.
Datasets/Real_Handwriting/images/form_500_sentence_3.png,Berniukas žaidžia darbe.
Datasets/Synthetic_Sentences/images/sentence_03746.png,Rūpestingai vaikas ilsisi kaime.
Datasets/Synthetic_Sentences/images/sentence_01533.png,Petras geria vandenį.
Datasets/Synthetic_Sentences/images/sentence_04405.png,Šiandien studentė dirba darbe.
Datasets/Real_Handwriting/images/form_316_sentence_1.png,Ar vaikas mokosi upės pakrantėje?
Datasets/Synthetic_Sentences/images/sentence_01130.png,Šiandien Eglė perka arbatą.
Datasets/Synthetic_Sentences/images/sentence_03745.png,Rytoj Petras skaitys laišką.
Datasets/Real_Handwriting/images/form_007_sentence_3.png,Tu mąsto sode ir darbe.
Datasets/Synthetic_Sentences/images/sentence_00651.png,Kruopščiai Eglė ilsisi pievoje.
Datasets/Synthetic_Sentences/images/sentence_03460.png,Laura bando plaukti.
Datasets/Real_Handwriting/images/form_509_sentence_1.png,Žmogus rašo laišką.
Datasets/Synthetic_Sentences/images/sentence_01776.png,Mantas sportuoja sode.
Datasets/Synthetic_Sentences/images/sentence_01899.png,Mokytojas dirba sode.
Datasets/Real_Handwriting/images/form_042_sentence_1.png,Ar jūs verkia?
Datasets/Real_Handwriting/images/form_483_sentence_2.png,Paukštis nori tvarkytis žemėlapį.
Datasets/Synthetic_Sentences/images/sentence_01412.png,Jonas ilsisi upės pakrantėje.
Datasets/Real_Handwriting/images/form_256_sentence_1.png,Ar Marija mokosi upės pakrantėje?
Datasets/Real_Handwriting/images/form_124_sentence_4.png,Jis mėgsta žaisti vandenį.
Datasets/Real_Handwriting/images/form_259_sentence_5.png,Kavinėje kvepėjo kava ir cinamonu.
Datasets/Real_Handwriting/images/form_091_sentence_3.png,Moteris geria kavą mieste.
Datasets/Real_Handwriting/images/form_401_sentence_4.png,Ar Rasa mėgsta dirbti?
Datasets/Synthetic_Sentences/images/sentence_01202.png,Šiandien Renata dirba stotyje.
Datasets/Synthetic_Sentences/images/sentence_02363.png,Garsiai Danielius neša gėlę.
Datasets/Real_Handwriting/images/form_493_sentence_2.png,Šuo perka žaislą.
Datasets/Real_Handwriting/images/form_482_sentence_4.png,Mantas stato namą.
Datasets/Real_Handwriting/images/form_221_sentence_3.png,Žmogus dirba miške.
Datasets/Synthetic_Sentences/images/sentence_02729.png,Šiandien Kristina mokosi upės pakrantėje.
Datasets/Real_Handwriting/images/form_287_sentence_5.png,Žuvėdros skraido žemai virš bangų.
Datasets/Synthetic_Sentences/images/sentence_03360.png,Rūpestingai Neringa rašo laišką.
Datasets/Synthetic_Sentences/images/sentence_04952.png,Greitai Kristina rašo receptą.
Datasets/Real_Handwriting/images/form_124_sentence_3.png,Vyras ilsisi kavą mokykloje.
Datasets/Synthetic_Sentences/images/sentence_02797.png,Šuo nori skaityti knygą.
Datasets/Synthetic_Sentences/images/sentence_01472.png,Kristina rašo žemėlapį.
Datasets/Synthetic_Sentences/images/sentence_03892.png,Petras bando galvoti.
Datasets/Synthetic_Sentences/images/sentence_02635.png,Šuo nori skaityti knygą.
Datasets/Synthetic_Sentences/images/sentence_02188.png,Ar gydytojas dirba stotyje?
Datasets/Real_Handwriting/images/form_489_sentence_4.png,Vaikas mėgsta eiti.
Datasets/Real_Handwriting/images/form_172_sentence_3.png,Gydytojai pradeda dainuoti namus.
Datasets/Synthetic_Sentences/images/sentence_00938.png,Ingrida nori skaityti knygą.
Datasets/Synthetic_Sentences/images/sentence_02285.png,Marija žaidžia sode.
Datasets/Synthetic_Sentences/images/sentence_01766.png,Studentas bando dirbti.
Datasets/Synthetic_Sentences/images/sentence_04939.png,Vakar studentė skaitė žemėlapį.
Datasets/Synthetic_Sentences/images/sentence_01148.png,Mantas stengiasi rašyti.
Datasets/Real_Handwriting/images/form_095_sentence_5.png,Tyliai aš kalba arbatą.
Datasets/Synthetic_Sentences/images/sentence_02672.png,Atidžiai Gintaras dirba darbe.
Datasets/Synthetic_Sentences/images/sentence_04313.png,Studentė nori pirkti knygą.
Datasets/Real_Handwriting/images/form_419_sentence_3.png,Ar paukštis mokosi ežero pakrantėje?
Datasets/Real_Handwriting/images/form_451_sentence_2.png,Šiandien mergaitė skaito žemėlapį.
Datasets/Real_Handwriting/images/form_065_sentence_2.png,Draugas garsiai miega.
Datasets/Synthetic_Sentences/images/sentence_02119.png,Jonas skaito žurnalą.
Datasets/Synthetic_Sentences/images/sentence_00855.png,Šiandien Žilvinas perka gėlę.
Datasets/Real_Handwriting/images/form_060_sentence_4.png,Jūs mąsto vandenį.
Datasets/Real_Handwriting/images/form_037_sentence_5.png,Katė labai dabar mąsto.
Datasets/Synthetic_Sentences/images/sentence_01747.png,Mantas nori rašyti žemėlapį.
Datasets/Real_Handwriting/images/form_344_sentence_2.png,Mergaitė perka kavą.
Datasets/Synthetic_Sentences/images/sentence_01734.png,Gydytojas sportuoja kaime.
Datasets/Synthetic_Sentences/images/sentence_04788.png,Studentė nori skaityti laišką.
Datasets/Synthetic_Sentences/images/sentence_04934.png,Marija gyvena miške.
Datasets/Synthetic_Sentences/images/sentence_02392.png,Ar Kristina nori ilsėtis?
Datasets/Synthetic_Sentences/images/sentence_03798.png,Šiandien Ingrida dirba parke.
Datasets/Real_Handwriting/images/form_430_sentence_2.png,Garsiai berniukas dirba stotyje.
Datasets/Real_Handwriting/images/form_018_sentence_1.png,Šiandien moterys sportuoja lėtai.
Datasets/Real_Handwriting/images/form_361_sentence_5.png,Kavinėje kvepėjo kava ir cinamonu.
Datasets/Synthetic_Sentences/images/sentence_00576.png,Vakar mokytojas skaitė istoriją.
Datasets/Synthetic_Sentences/images/sentence_04903.png,Ar studentas mėgsta mokytis?
Datasets/Synthetic_Sentences/images/sentence_04274.png,Šiandien Petras dirba darbe.
Datasets/Real_Handwriting/images/form_323_sentence_4.png,Rytoj vaikas eis stotyje.
Datasets/Synthetic_Sentences/images/sentence_01016.png,Gintaras skaito receptą.
Datasets/Real_Handwriting/images/form_331_sentence_5.png,Kavinėje kvepėjo kava ir cinamonu.
Datasets/Synthetic_Sentences/images/sentence_04728.png,Vakar Petras skaitė receptą.
Datasets/Real_Handwriting/images/form_398_sentence_1.png,Žilvinas geria arbatą.
Datasets/Real_Handwriting/images/form_130_sentence_2.png,Vyras atidžiai verkia.
Datasets/Synthetic_Sentences/images/sentence_03735.png,Ar Rasa mėgsta žaisti?
Datasets/Synthetic_Sentences/images/sentence_00427.png,Petras nori gerti arbatą.
Datasets/Synthetic_Sentences/images/sentence_01449.png,Renata nori piešti.
Datasets/Synthetic_Sentences/images/sentence_02485.png,Studentė sportuoja kavinėje.
Datasets/Synthetic_Sentences/images/sentence_01606.png,Mergaitė nori gerti arbatą.
Datasets/Synthetic_Sentences/images/sentence_01869.png,Tomas rašo užduotį.
Datasets/Real_Handwriting/images/form_266_sentence_1.png,Ar mokytojas skaito istoriją?
Datasets/Synthetic_Sentences/images/sentence_02932.png,Švelniai Mindaugas neša knygą.
Datasets/Synthetic_Sentences/images/sentence_02380.png,Eglė nori rašyti laišką.
Datasets/Synthetic_Sentences/images/sentence_00564.png,Vakar Danielius skaitė receptą.
Datasets/Real_Handwriting/images/form_120_sentence_2.png,Vaikas žaidžia ir žaidžia.
Datasets/Synthetic_Sentences/images/sentence_00617.png,Katė perka žaislą.
Datasets/Synthetic_Sentences/images/sentence_01696.png,Renata perka duoną.
Datasets/Real_Handwriting/images/form_502_sentence_4.png,Jonas stengiasi keliauti.
Datasets/Real_Handwriting/images/form_261_sentence_2.png,Gydytojas nori skaityti.
Datasets/Synthetic_Sentences/images/sentence_04197.png,Studentas valgo košę.
Datasets/Synthetic_Sentences/images/sentence_04157.png,Tomas gyvena miške.
Datasets/Real_Handwriting/images/form_333_sentence_1.png,Mantas dirba stadione.
Datasets/Synthetic_Sentences/images/sentence_00516.png,Jonas renka gėles.
Datasets/Synthetic_Sentences/images/sentence_00478.png,Gydytojas nori skaityti laišką.
Datasets/Synthetic_Sentences/images/sentence_00581.png,Žilvinas rašo projektą.
Datasets/Real_Handwriting/images/form_468_sentence_3.png,Rasa bando žaisti.
Datasets/Synthetic_Sentences/images/sentence_03949.png,Renata mėgsta pirkti žaislą.
Datasets/Synthetic_Sentences/images/sentence_04320.png,Mokytoja nori gerti kavą.
Datasets/Synthetic_Sentences/images/sentence_01931.png,Vakar Kristina skaitė žemėlapį.
Datasets/Real_Handwriting/images/form_500_sentence_5.png,Cukrų ir cinamoną dedame į pyragą.
Datasets/Synthetic_Sentences/images/sentence_01144.png,Ar Ingrida nori plaukti?
Datasets/Synthetic_Sentences/images/sentence_01720.png,Danielius gyvena sode.
Datasets/Real_Handwriting/images/form_461_sentence_2.png,Petras valgo vaisius.
Datasets/Synthetic_Sentences/images/sentence_00889.png,Marija geria vandenį.
Datasets/Synthetic_Sentences/images/sentence_02713.png,Mantas stengiasi rašyti.
Datasets/Synthetic_Sentences/images/sentence_04970.png,Mokytojas mokosi mieste.
Datasets/Synthetic_Sentences/images/sentence_04269.png,Šiandien Neringa mokosi mokykloje.
Datasets/Synthetic_Sentences/images/sentence_04300.png,Eglė lankosi namuose.
Datasets/Synthetic_Sentences/images/sentence_01070.png,Ar katė mokosi upės pakrantėje?
Datasets/Real_Handwriting/images/form_348_sentence_2.png,Katė sportuoja ežero pakrantėje.
Datasets/Synthetic_Sentences/images/sentence_00685.png,Rasa sportuoja pievoje.
Datasets/Synthetic_Sentences/images/sentence_00482.png,Mindaugas mėgsta gerti sultis.
Datasets/Synthetic_Sentences/images/sentence_03221.png,Jurgita žaidžia upės pakrantėje.
Datasets/Real_Handwriting/images/form_356_sentence_5.png,Cukrų ir cinamoną dedame į pyragą.
Datasets/Real_Handwriting/images/form_386_sentence_4.png,Ar Neringa nori dainuoti?
Datasets/Real_Handwriting/images/form_300_sentence_3.png,Ar šeima skaito receptą?
Datasets/Synthetic_Sentences/images/sentence_00124.png,Kristina mėgsta dainuoti.
Datasets/Synthetic_Sentences/images/sentence_03588.png,Vaikas mokosi parke.
Datasets/Synthetic_Sentences/images/sentence_00097.png,Mielai studentė rašo laišką.
Datasets/Synthetic_Sentences/images/sentence_04342.png,Rasa mėgsta pirkti dovaną.
Datasets/Real_Handwriting/images/form_183_sentence_3.png,Ji mielai rašo.
Datasets/Synthetic_Sentences/images/sentence_01625.png,Studentas mėgsta ilsėtis.
Datasets/Real_Handwriting/images/form_234_sentence_4.png,Ar Tomas dirba mieste?
Datasets/Synthetic_Sentences/images/sentence_02487.png,Ar gydytojas dirba namuose?
Datasets/Synthetic_Sentences/images/sentence_02008.png,Greitai Jonas valgo vaisius.
Datasets/Synthetic_Sentences/images/sentence_04779.png,Garsiai Rasa skaito receptą.
Datasets/Real_Handwriting/images/form_324_sentence_5.png,Kavinėje kvepėjo kava ir cinamonu.
Datasets/Real_Handwriting/images/form_264_sentence_1.png,Ingrida nori dainuoti.
Datasets/Real_Handwriting/images/form_229_sentence_4.png,Petras renka grybus.
Datasets/Synthetic_Sentences/images/sentence_01603.png,Berniukas neša gėlę.
Datasets/Real_Handwriting/images/form_414_sentence_3.png,Rasa mėgsta dainuoti.
Datasets/Synthetic_Sentences/images/sentence_04198.png,Šiandien Petras perka kavą.
Datasets/Synthetic_Sentences/images/sentence_02857.png,Berniukas nori valgyti daržoves.
Datasets/Real_Handwriting/images/form_438_sentence_2.png,Laura ilsisi paplūdimyje.
Datasets/Real_Handwriting/images/form_323_sentence_3.png,Drąsiai žirgas perka knygą.
Datasets/Synthetic_Sentences/images/sentence_04892.png,Kruopščiai Žilvinas rašo projektą.
Datasets/Real_Handwriting/images/form_271_sentence_1.png,Gydytojas mokosi upės pakrantėje.
Datasets/Real_Handwriting/images/form_503_sentence_2.png,Ar Eglė nori groti?
Datasets/Synthetic_Sentences/images/sentence_04273.png,Danielius mėgsta pirkti dovaną.
Datasets/Real_Handwriting/images/form_338_sentence_1.png,Žilvinas sportuoja stotyje.
Datasets/Real_Handwriting/images/form_483_sentence_1.png,Tyliai katė perka kavą.
Datasets/Synthetic_Sentences/images/sentence_00766.png,Ingrida stengiasi kalbėti.
Datasets/Synthetic_Sentences/images/sentence_02802.png,Petras ilsisi sode.
Datasets/Synthetic_Sentences/images/sentence_04622.png,Jurgita nori valgyti vaisius.
Datasets/Real_Handwriting/images/form_304_sentence_3.png,Mielai Rasa sportuoja stadione.
Datasets/Synthetic_Sentences/images/sentence_02959.png,Eglė gyvena kavinėje.
Datasets/Real_Handwriting/images/form_369_sentence_1.png,Neringa nori sportuoti gėlę.
Datasets/Synthetic_Sentences/images/sentence_00481.png,Garsiai Mindaugas rašo receptą.
Datasets/Real_Handwriting/images/form_429_sentence_3.png,Džiaugsmingai Gintaras rašo projektą.
Datasets/Real_Handwriting/images/form_395_sentence_5.png,Cecilija čiuožia ant ledo.
Datasets/Synthetic_Sentences/images/sentence_00718.png,Garsiai Žilvinas perka duoną.
Datasets/Synthetic_Sentences/images/sentence_04836.png,Kristina mėgsta piešti.
Datasets/Synthetic_Sentences/images/sentence_03144.png,Rytoj Marija eis stadione.
Datasets/Real_Handwriting/images/form_055_sentence_5.png,Studentai šypsosi prie ežero ir kaime.
Datasets/Synthetic_Sentences/images/sentence_04374.png,Vakar Mindaugas dirbo mokykloje.
Datasets/Real_Handwriting/images/form_160_sentence_2.png,Jūs geria bibliotekoje ir parke.
Datasets/Synthetic_Sentences/images/sentence_02181.png,Šiandien Mindaugas dirba kavinėje.
Datasets/Synthetic_Sentences/images/sentence_03850.png,Garsiai gydytojas mokosi darbe.
Datasets/Synthetic_Sentences/images/sentence_01050.png,Gintaras renka obuolius.
Datasets/Synthetic_Sentences/images/sentence_04025.png,Rūpestingai Danielius neša laišką.
Datasets/Synthetic_Sentences/images/sentence_03617.png,Vakar mokytojas dirbo kalnuose.
Datasets/Synthetic_Sentences/images/sentence_00961.png,Rytoj Gintaras eis parke.
Datasets/Synthetic_Sentences/images/sentence_03906.png,Ar Rasa mėgsta galvoti?
Datasets/Real_Handwriting/images/form_067_sentence_1.png,Jie labai kartu kalba.
Datasets/Synthetic_Sentences/images/sentence_01669.png,Katė geria pieną.
Datasets/Synthetic_Sentences/images/sentence_01565.png,Vakar katė dirbo mieste.
Datasets/Real_Handwriting/images/form_506_sentence_3.png,Katė stato bokštą.
Datasets/Real_Handwriting/images/form_294_sentence_2.png,Paukštis skaito laišką.
Datasets/Real_Handwriting/images/form_446_sentence_3.png,Šiandien Gintaras skaito žurnalą.
Datasets/Synthetic_Sentences/images/sentence_03149.png,Šiandien gydytojas perka gėlę.
Datasets/Real_Handwriting/images/form_282_sentence_4.png,Vakar Jonas dirbo paplūdimyje.
Datasets/Synthetic_Sentences/images/sentence_02876.png,Greitai Jonas ilsisi kaime.
Datasets/Synthetic_Sentences/images/sentence_01271.png,Mielai Petras mokosi kalnuose.
Datasets/Synthetic_Sentences/images/sentence_02595.png,Ar Danielius dirba bibliotekoje?
Datasets/Real_Handwriting/images/form_068_sentence_3.png,Šiandien gydytojas juokiasi niekada.
Datasets/Real_Handwriting/images/form_198_sentence_2.png,Jos bijo piešti receptą.
Datasets/Synthetic_Sentences/images/sentence_03861.png,Tomas rašo žemėlapį.
Datasets/Real_Handwriting/images/form_476_sentence_1.png,Paukštis perka dovaną.
Datasets/Synthetic_Sentences/images/sentence_02238.png,Tomas mėgsta valgyti sriubą.
Datasets/Synthetic_Sentences/images/sentence_03868.png,Jonas mėgsta valgyti duoną.
Datasets/Synthetic_Sentences/images/sentence_00562.png,Šiandien Eglė skaito knygą.
Datasets/Synthetic_Sentences/images/sentence_04105.png,Mokytojas mėgsta valgyti košę.
Datasets/Real_Handwriting/images/form_442_sentence_4.png,Danielius žaidžia darbe.
Datasets/Synthetic_Sentences/images/sentence_02416.png,Rūpestingai Renata valgo obuolį.
Datasets/Real_Handwriting/images/form_332_sentence_1.png,Vaikas valgo vaisius.
Datasets/Synthetic_Sentences/images/sentence_03572.png,Jurgita pradeda važiuoti.
Datasets/Synthetic_Sentences/images/sentence_02621.png,Katė renka daržoves.
Datasets/Real_Handwriting/images/form_033_sentence_2.png,Šiandien jie geria kartu.
Datasets/Synthetic_Sentences/images/sentence_00036.png,Rasa stengiasi tvarkytis.
Datasets/Synthetic_Sentences/images/sentence_00265.png,Šiandien Tomas perka žaislą.
Datasets/Real_Handwriting/images/form_293_sentence_3.png,Šiandien vaikas skaito žemėlapį.
Datasets/Synthetic_Sentences/images/sentence_04014.png,Vakar Saulius nešė žaislą.
Datasets/Real_Handwriting/images/form_207_sentence_2.png,Studentas stato suolą.
Datasets/Synthetic_Sentences/images/sentence_02176.png,Ar mokytojas nori mokytis?
Datasets/Real_Handwriting/images/form_303_sentence_1.png,Drąsiai Renata perka gėlę.
Datasets/Synthetic_Sentences/images/sentence_02471.png,Šiandien berniukas mokosi mokykloje.
Datasets/Synthetic_Sentences/images/sentence_03568.png,Rūpestingai Laura dirba kalnuose.
Datasets/Synthetic_Sentences/images/sentence_03315.png,Žilvinas valgo vaisius.
Datasets/Real_Handwriting/images/form_139_sentence_5.png,Mes skuba daržoves stotyje.
Datasets/Synthetic_Sentences/images/sentence_00607.png,Eglė stengiasi sportuoti.
Datasets/Synthetic_Sentences/images/sentence_04427.png,Tomas valgo vaisius.
Datasets/Synthetic_Sentences/images/sentence_01725.png,Vakar Laura skaitė istoriją.
Datasets/Synthetic_Sentences/images/sentence_04873.png,Saulius nori gerti sultis.
Datasets/Synthetic_Sentences/images/sentence_02348.png,Gintaras mėgsta šokti.
Datasets/Synthetic_Sentences/images/sentence_04532.png,Jurgita nori valgyti košę.
Datasets/Synthetic_Sentences/images/sentence_04343.png,Šiandien Neringa perka gėlę.
Datasets/Real_Handwriting/images/form_391_sentence_5.png,Jaunas studentas juda drąsiai į priekį.
Datasets/Synthetic_Sentences/images/sentence_00896.png,Marija sportuoja namuose.
Datasets/Synthetic_Sentences/images/sentence_04491.png,Šiandien studentas perka gėlę.
Datasets/Synthetic_Sentences/images/sentence_04349.png,Šiandien Mantas ilsisi miške.
Datasets/Real_Handwriting/images/form_307_sentence_4.png,Kristina renka vaisius.
Datasets/Synthetic_Sentences/images/sentence_04301.png,Studentas lankosi pievoje.
Datasets/Synthetic_Sentences/images/sentence_01073.png,Saulius pradeda šokti.
Datasets/Real_Handwriting/images/form_180_sentence_3.png,Mokytojas bijo skubėti.
Datasets/Real_Handwriting/images/form_068_sentence_4.png,Paukštis stengiasi keliauti.
Datasets/Real_Handwriting/images/form_158_sentence_4.png,Gydytojas žiūri receptą kalnuose.
Datasets/Synthetic_Sentences/images/sentence_03073.png,Rasa stengiasi rašyti.
Datasets/Real_Handwriting/images/form_210_sentence_1.png,Tyliai Marija perka žaislą.
Datasets/Synthetic_Sentences/images/sentence_03596.png,Drąsiai gydytojas dirba paplūdimyje.
Datasets/Synthetic_Sentences/images/sentence_04842.png,Katė nori valgyti košę.
Datasets/Synthetic_Sentences/images/sentence_02536.png,Ingrida skaito receptą.
Datasets/Synthetic_Sentences/images/sentence_03371.png,Šiandien berniukas mokosi stotyje.
Datasets/Real_Handwriting/images/form_426_sentence_2.png,Žmogus žaidžia paplūdimyje.
Datasets/Real_Handwriting/images/form_328_sentence_4.png,Eglė gyvena namuose.
Datasets/Synthetic_Sentences/images/sentence_01737.png,Gintaras ilsisi darbe.
Datasets/Real_Handwriting/images/form_379_sentence_5.png,Kavinėje kvepėjo kava ir cinamonu.
Datasets/Synthetic_Sentences/images/sentence_01447.png,Jurgita rašo žemėlapį.
Datasets/Synthetic_Sentences/images/sentence_01454.png,Švelniai Neringa valgo daržoves.
Datasets/Real_Handwriting/images/form_224_sentence_3.png,Saulius lankosi stadione.
Datasets/Synthetic_Sentences/images/sentence_01393.png,Petras sportuoja kavinėje.
Datasets/Synthetic_Sentences/images/sentence_04202.png,Kruopščiai Gintaras ilsisi stadione.
Datasets/Real_Handwriting/images/form_213_sentence_2.png,Laura gyvena ligoninėje.
Datasets/Synthetic_Sentences/images/sentence_02387.png,Greitai Danielius skaito knygą.
Datasets/Synthetic_Sentences/images/sentence_02293.png,Studentė nori rašyti žemėlapį.
Datasets/Synthetic_Sentences/images/sentence_03726.png,Saulius neša knygą.
Datasets/Synthetic_Sentences/images/sentence_00465.png,Vakar gydytojas skaitė receptą.
Datasets/Synthetic_Sentences/images/sentence_01437.png,Rytoj studentas skaitys žurnalą.
Datasets/Real_Handwriting/images/form_069_sentence_1.png,Studentas labai gerai tvarkosi.
Datasets/Synthetic_Sentences/images/sentence_02210.png,Petras žaidžia ligoninėje.
Datasets/Synthetic_Sentences/images/sentence_04222.png,Garsiai Marija mokosi ligoninėje.
Datasets/Synthetic_Sentences/images/sentence_03780.png,Renata nori pirkti duoną.
Datasets/Real_Handwriting/images/form_216_sentence_1.png,Neringa nori kalbėti knygą.
Datasets/Synthetic_Sentences/images/sentence_00544.png,Garsiai Renata perka gėlę.
Datasets/Synthetic_Sentences/images/sentence_04417.png,Studentas mėgsta gerti.
Datasets/Synthetic_Sentences/images/sentence_04494.png,Ingrida lankosi parke.
Datasets/Synthetic_Sentences/images/sentence_02616.png,Greitai studentė rašo projektą.
Datasets/Synthetic_Sentences/images/sentence_01361.png,Švelniai studentė mokosi paplūdimyje.
Datasets/Real_Handwriting/images/form_169_sentence_4.png,Ar moteris mąsto?
Datasets/Synthetic_Sentences/images/sentence_04209.png,Saulius dirba ligoninėje.
Datasets/Real_Handwriting/images/form_489_sentence_3.png,Vakar Mantas nešė dovaną.
Datasets/Synthetic_Sentences/images/sentence_00901.png,Lėtai mokytojas rašo istoriją.
Datasets/Real_Handwriting/images/form_070_sentence_3.png,Studentai verkia ir verkia.
Datasets/Synthetic_Sentences/images/sentence_02064.png,Neringa mėgsta pirkti knygą.
Datasets/Synthetic_Sentences/images/sentence_04388.png,Saulius nori rašyti.
Datasets/Synthetic_Sentences/images/sentence_03953.png,Eglė sportuoja bibliotekoje.
Datasets/Real_Handwriting/images/form_391_sentence_3.png,Studentė gyvena pievoje.
Datasets/Synthetic_Sentences/images/sentence_02885.png,Rytoj studentė skaitys žemėlapį.
Datasets/Synthetic_Sentences/images/sentence_02879.png,Danielius dirba mieste.
Datasets/Synthetic_Sentences/images/sentence_03022.png,Rytoj studentė skaitys žurnalą.
Datasets/Synthetic_Sentences/images/sentence_02938.png,Eglė stengiasi plaukti.
Datasets/Synthetic_Sentences/images/sentence_04328.png,Jurgita žaidžia darbe.
Datasets/Synthetic_Sentences/images/sentence_00954.png,Vakar mokytojas dirbo bibliotekoje.
Datasets/Real_Handwriting/images/form_216_sentence_5.png,Cecilija čiuožia ant ledo.
Datasets/Synthetic_Sentences/images/sentence_01876.png,Ar Danielius nori sportuoti?
Datasets/Real_Handwriting/images/form_355_sentence_3.png,Mindaugas neša knygą.
Datasets/Real_Handwriting/images/form_298_sentence_1.png,Ar studentas skaito laišką?
Datasets/Synthetic_Sentences/images/sentence_03463.png,Studentas neša žaislą.
Datasets/Synthetic_Sentences/images/sentence_00108.png,Džiaugsmingai Petras ilsisi ežero pakrantėje.
Datasets/Real_Handwriting/images/form_084_sentence_2.png,Draugas žiūri užduotį.
Datasets/Synthetic_Sentences/images/sentence_03258.png,Šuo mėgsta pirkti arbatą.
Datasets/Synthetic_Sentences/images/sentence_02244.png,Šiandien Laura perka dovaną.
Datasets/Real_Handwriting/images/form_075_sentence_4.png,Jūs baigia skubėti.
Datasets/Synthetic_Sentences/images/sentence_04283.png,Rytoj katė eis mokykloje.
Datasets/Real_Handwriting/images/form_108_sentence_4.png,Mes stengiasi eiti muziką.
Datasets/Real_Handwriting/images/form_133_sentence_3.png,Paukštis ilsisi mokykloje.
Datasets/Synthetic_Sentences/images/sentence_00632.png,Rytoj Žilvinas eis bibliotekoje.
Datasets/Synthetic_Sentences/images/sentence_01756.png,Tomas nori rašyti istoriją.
Datasets/Synthetic_Sentences/images/sentence_04573.png,Ar Ingrida dirba kalnuose?
Datasets/Synthetic_Sentences/images/sentence_03865.png,Ar vaikas nori gerti?
Datasets/Synthetic_Sentences/images/sentence_04770.png,Studentas mokosi miške.
Datasets/Real_Handwriting/images/form_307_sentence_5.png,Cukrų ir cinamoną dedame į pyragą.
Datasets/Real_Handwriting/images/form_106_sentence_2.png,Studentai labai atidžiai bėga.
Datasets/Synthetic_Sentences/images/sentence_03472.png,Mokytoja stengiasi kalbėti.
Datasets/Real_Handwriting/images/form_020_sentence_4.png,Mes žaidžia mokykloje ir darbe.
Datasets/Synthetic_Sentences/images/sentence_00353.png,Studentė nori gerti arbatą.
Datasets/Synthetic_Sentences/images/sentence_00518.png,Mergaitė nori skaityti žurnalą.
Datasets/Synthetic_Sentences/images/sentence_01120.png,Drąsiai Ingrida rašo projektą.
Datasets/Synthetic_Sentences/images/sentence_02691.png,Ar Rasa skaito knygą?
Datasets/Synthetic_Sentences/images/sentence_04303.png,Danielius neša dovaną.
Datasets/Synthetic_Sentences/images/sentence_03991.png,Ar gydytojas dirba parke?
Datasets/Synthetic_Sentences/images/sentence_02648.png,Mergaitė nori mokytis.
Datasets/Real_Handwriting/images/form_234_sentence_2.png,Mielai Rasa rašo laišką.
Datasets/Synthetic_Sentences/images/sentence_02096.png,Mindaugas lankosi stotyje.
Datasets/Real_Handwriting/images/form_369_sentence_3.png,Šeima groja simfoniją.
Datasets/Real_Handwriting/images/form_479_sentence_5.png,Cukrų ir cinamoną dedame į pyragą.
Datasets/Real_Handwriting/images/form_016_sentence_5.png,Jis mokosi prie ežero.
Datasets/Real_Handwriting/images/form_172_sentence_2.png,Mokytojas klauso ir klauso.
Datasets/Real_Handwriting/images/form_376_sentence_2.png,Mokytoja rašo receptą.
Datasets/Real_Handwriting/images/form_413_sentence_5.png,Šuo išbėgo į kiemą ir pradėjo loti.
Datasets/Real_Handwriting/images/form_316_sentence_3.png,Žilvinas ilsisi kaime.
Datasets/Synthetic_Sentences/images/sentence_04059.png,Mokytoja nori ilsėtis.
Datasets/Real_Handwriting/images/form_183_sentence_1.png,Draugas bijo skubėti knygą.
Datasets/Synthetic_Sentences/images/sentence_03159.png,Rasa mėgsta valgyti daržoves.
Datasets/Synthetic_Sentences/images/sentence_02556.png,Mielai berniukas neša gėlę.
Datasets/Synthetic_Sentences/images/sentence_02047.png,Vakar Ingrida skaitė istoriją.
Datasets/Synthetic_Sentences/images/sentence_03453.png,Danielius geria sultis.
Datasets/Synthetic_Sentences/images/sentence_01257.png,Ar studentė mėgsta keliauti?
Datasets/Real_Handwriting/images/form_488_sentence_4.png,Ar žirgas nori šokti?
Datasets/Real_Handwriting/images/form_134_sentence_3.png,Vyras kalba namus.
Datasets/Synthetic_Sentences/images/sentence_04387.png,Ingrida valgo duoną.
Datasets/Synthetic_Sentences/images/sentence_02886.png,Kruopščiai Rasa valgo obuolį.
Datasets/Synthetic_Sentences/images/sentence_01707.png,Berniukas renka akmenis.
Datasets/Real_Handwriting/images/form_286_sentence_4.png,Berniukas skaito laišką.
Datasets/Real_Handwriting/images/form_025_sentence_2.png,Paukštis nemėgsta žaisti.
Datasets/Synthetic_Sentences/images/sentence_03346.png,Vaikas valgo daržoves.
Datasets/Synthetic_Sentences/images/sentence_00879.png,Vakar Eglė nešė dovaną.
Datasets/Real_Handwriting/images/form_224_sentence_4.png,Marija skaito laišką.
Datasets/Real_Handwriting/images/form_276_sentence_2.png,Ingrida skaito laišką.
Datasets/Real_Handwriting/images/form_010_sentence_3.png,Studentai labai greitai valgo.
Datasets/Synthetic_Sentences/images/sentence_03055.png,Gydytojas nori valgyti obuolį.
Datasets/Synthetic_Sentences/images/sentence_00698.png,Tyliai Jonas perka arbatą.
Datasets/Real_Handwriting/images/form_372_sentence_4.png,Ar Rasa dirba kaime?
Datasets/Synthetic_Sentences/images/sentence_02659.png,Džiaugsmingai mokytojas perka arbatą.
Datasets/Synthetic_Sentences/images/sentence_04793.png,Šiandien katė dirba bibliotekoje.
Datasets/Synthetic_Sentences/images/sentence_01508.png,Vakar Laura nešė žaislą.
Datasets/Synthetic_Sentences/images/sentence_01266.png,Saulius nori gerti kavą.
Datasets/Synthetic_Sentences/images/sentence_04949.png,Danielius stengiasi sportuoti.
Datasets/Synthetic_Sentences/images/sentence_02032.png,Eglė renka obuolius.
Datasets/Synthetic_Sentences/images/sentence_03041.png,Mokytoja skaito receptą.
Datasets/Synthetic_Sentences/images/sentence_02063.png,Vaikas perka gėlę.
Datasets/Synthetic_Sentences/images/sentence_01865.png,Laura sportuoja parke.
Datasets/Synthetic_Sentences/images/sentence_04804.png,Atidžiai Rasa neša knygą.
Datasets/Synthetic_Sentences/images/sentence_03489.png,Danielius renka obuolius.
Datasets/Real_Handwriting/images/form_065_sentence_1.png,Gydytojai stengiasi eiti daržoves.
Datasets/Synthetic_Sentences/images/sentence_04896.png,Studentė bando mokytis.
Datasets/Synthetic_Sentences/images/sentence_03514.png,Šiandien mokytojas mokosi stadione.
Datasets/Synthetic_Sentences/images/sentence_02640.png,Studentė mokosi kavinėje.
Datasets/Real_Handwriting/images/form_271_sentence_5.png,Kavinėje kvepėjo kava ir cinamonu.
Datasets/Synthetic_Sentences/images/sentence_01845.png,Vakar Marija nešė laišką.
Datasets/Synthetic_Sentences/images/sentence_03145.png,Gintaras bando gerti.
Datasets/Synthetic_Sentences/images/sentence_04098.png,Vaikas dirba mieste.
Datasets/Real_Handwriting/images/form_461_sentence_3.png,Mielai mergaitė rašo užduotį.
Datasets/Real_Handwriting/images/form_138_sentence_4.png,Gydytojas rašo stadione.
Datasets/Real_Handwriting/images/form_496_sentence_2.png,Šiandien žmogus skaito laišką.
Datasets/Synthetic_Sentences/images/sentence_02531.png,Laura mėgsta dirbti.
Datasets/Synthetic_Sentences/images/sentence_03005.png,Ar Kristina mėgsta skaityti?
Datasets/Synthetic_Sentences/images/sentence_02147.png,Gintaras mėgsta valgyti daržoves.
Datasets/Synthetic_Sentences/images/sentence_02094.png,Šiandien Jurgita ilsisi namuose.
Datasets/Real_Handwriting/images/form_292_sentence_5.png,Kavinėje kvepėjo kava ir cinamonu.
Datasets/Synthetic_Sentences/images/sentence_03263.png,Vakar Eglė nešė žaislą.
Datasets/Synthetic_Sentences/images/sentence_01382.png,Mokytojas stengiasi bėgti.
Datasets/Synthetic_Sentences/images/sentence_02237.png,Laura renka grybus.
Datasets/Synthetic_Sentences/images/sentence_00818.png,Tyliai Ingrida ilsisi darbe.
Datasets/Synthetic_Sentences/images/sentence_01385.png,Berniukas rašo žemėlapį.
Datasets/Synthetic_Sentences/images/sentence_02929.png,Studentas nori ilsėtis.
Datasets/Synthetic_Sentences/images/sentence_01173.png,Studentė nori valgyti košę.
Datasets/Synthetic_Sentences/images/sentence_02544.png,Šuo lankosi bibliotekoje.
Datasets/Synthetic_Sentences/images/sentence_01461.png,Marija neša knygą.
Datasets/Synthetic_Sentences/images/sentence_04891.png,Tomas bando gerti.
Datasets/Real_Handwriting/images/form_056_sentence_5.png,Moteris žiūri egzaminą.
Datasets/Synthetic_Sentences/images/sentence_03323.png,Vakar katė nešė žaislą.
Datasets/Real_Handwriting/images/form_380_sentence_2.png,Ar žmogus mokosi parke?
Datasets/Synthetic_Sentences/images/sentence_03695.png,Žuvis plaukia giliame ežere.
Datasets/Synthetic_Sentences/images/sentence_04725.png,Eglė nori valgyti obuolį.
Datasets/Synthetic_Sentences/images/sentence_01081.png,Šuo mokosi stotyje.
Datasets/Synthetic_Sentences/images/sentence_03591.png,Šuo bando skaityti.
Datasets/Synthetic_Sentences/images/sentence_01026.png,Jonas bando galvoti.
Datasets/Real_Handwriting/images/form_380_sentence_5.png,Cukrų ir cinamoną dedame į pyragą.
Datasets/Synthetic_Sentences/images/sentence_04076.png,Švelniai Saulius mokosi miške.
Datasets/Real_Handwriting/images/form_168_sentence_5.png,Šuo labai niekada klauso.
Datasets/Synthetic_Sentences/images/sentence_00166.png,Kruopščiai Gintaras rašo užduotį.
Datasets/Real_Handwriting/images/form_361_sentence_4.png,Šiandien Jurgita perka dovaną.
Datasets/Synthetic_Sentences/images/sentence_04005.png,Garsiai vaikas mokosi mokykloje.
Datasets/Real_Handwriting/images/form_280_sentence_1.png,Katė ilsisi pievoje.
Datasets/Real_Handwriting/images/form_123_sentence_5.png,Mokytojai labai rytoj piešia.
Datasets/Synthetic_Sentences/images/sentence_03471.png,Renata nori rašyti receptą.
Datasets/Synthetic_Sentences/images/sentence_02822.png,Mindaugas nori gerti pieną.
Datasets/Real_Handwriting/images/form_030_sentence_4.png,Ar gydytojai ilsisi?
Datasets/Synthetic_Sentences/images/sentence_04233.png,Renata lankosi miške.
Datasets/Real_Handwriting/images/form_421_sentence_3.png,Vakar gydytojas skaitė laišką.
Datasets/Real_Handwriting/images/form_220_sentence_4.png,Jurgita pradeda statyti.
Datasets/Synthetic_Sentences/images/sentence_02115.png,Mokytojas neša dovaną.
Datasets/Real_Handwriting/images/form_112_sentence_2.png,Tu rašo mieste ir paplūdimyje.
Datasets/Synthetic_Sentences/images/sentence_04474.png,Šiandien Žilvinas mokosi kaime.
Datasets/Synthetic_Sentences/images/sentence_00220.png,Brolis bėga per baltą sniegą.
Datasets/Synthetic_Sentences/images/sentence_02347.png,Mokytoja neša laišką.
Datasets/Real_Handwriting/images/form_213_sentence_5.png,Žvejys žvejojo visą naktį prie upės.
Datasets/Synthetic_Sentences/images/sentence_03584.png,Vakar mokytoja dirbo paplūdimyje.
Datasets/Synthetic_Sentences/images/sentence_00118.png,Laura dirba bibliotekoje.
Datasets/Synthetic_Sentences/images/sentence_01788.png,Studentas skaito žemėlapį.
Datasets/Synthetic_Sentences/images/sentence_03781.png,Eglė perka žaislą.
Datasets/Synthetic_Sentences/images/sentence_03450.png,Renata neša laišką.
Datasets/Real_Handwriting/images/form_216_sentence_2.png,Neringa ilsisi stotyje.
Datasets/Synthetic_Sentences/images/sentence_00257.png,Šiandien Marija mokosi ligoninėje.
Datasets/Real_Handwriting/images/form_314_sentence_2.png,Tyliai Mindaugas valgo košę.
Datasets/Synthetic_Sentences/images/sentence_02257.png,Katė geria kavą.
Datasets/Synthetic_Sentences/images/sentence_04280.png,Šiandien Jurgita perka arbatą.
Datasets/Real_Handwriting/images/form_443_sentence_1.png,Šiandien Eglė mokosi namuose.
Datasets/Real_Handwriting/images/form_356_sentence_3.png,Tomas mėgsta valgyti knygą.
Datasets/Synthetic_Sentences/images/sentence_00287.png,Tomas nori galvoti.
Datasets/Real_Handwriting/images/form_071_sentence_5.png,Vyrai verkia ir verkia.
Datasets/Synthetic_Sentences/images/sentence_04701.png,Jonas skaito receptą.
Datasets/Synthetic_Sentences/images/sentence_02028.png,Vakar Mindaugas skaitė žurnalą.
Datasets/Real_Handwriting/images/form_318_sentence_2.png,Kristina stato tvorą.
Datasets/Synthetic_Sentences/images/sentence_02665.png,Jonas mėgsta valgyti vaisius.
Datasets/Synthetic_Sentences/images/sentence_04574.png,Atidžiai Mantas valgo duoną.
Datasets/Real_Handwriting/images/form_273_sentence_2.png,Tyliai Rasa ilsisi kavinėje.
Datasets/Synthetic_Sentences/images/sentence_04599.png,Šiandien Jonas perka gėlę.
Datasets/Synthetic_Sentences/images/sentence_03488.png,Rytoj mokytojas eis miške.
Datasets/Synthetic_Sentences/images/sentence_02815.png,Šiandien Petras ilsisi sode.
Datasets/Synthetic_Sentences/images/sentence_00708.png,Petras mėgsta valgyti sriubą.
Datasets/Synthetic_Sentences/images/sentence_02523.png,Kristina gyvena kavinėje.
Datasets/Real_Handwriting/images/form_128_sentence_3.png,Vaikai nemėgsta kalbėti.
Datasets/Real_Handwriting/images/form_277_sentence_2.png,Šuo geria pieną.
Datasets/Synthetic_Sentences/images/sentence_03920.png,Vakar Jurgita skaitė žemėlapį.
Datasets/Synthetic_Sentences/images/sentence_04109.png,Kruopščiai Mantas valgo obuolį.
Datasets/Synthetic_Sentences/images/sentence_03551.png,Ingrida lankosi miške.
Datasets/Synthetic_Sentences/images/sentence_00629.png,Vakar Mindaugas nešė laišką.
Datasets/Synthetic_Sentences/images/sentence_01445.png,Kristina mėgsta pirkti kavą.
Datasets/Synthetic_Sentences/images/sentence_01203.png,Katė stengiasi galvoti.
Datasets/Synthetic_Sentences/images/sentence_00851.png,Šuo mėgsta gerti kavą.
Datasets/Synthetic_Sentences/images/sentence_03137.png,Tomas mėgsta pirkti knygą.
Datasets/Synthetic_Sentences/images/sentence_02848.png,Vakar Danielius dirbo stadione.
Datasets/Real_Handwriting/images/form_454_sentence_3.png,Kristina stato namą.
Datasets/Synthetic_Sentences/images/sentence_01187.png,Jurgita pradeda dirbti.
Datasets/Real_Handwriting/images/form_417_sentence_3.png,Šiandien šuo dirba ežero pakrantėje.
Datasets/Synthetic_Sentences/images/sentence_00212.png,Mokytoja geria sultis.
Datasets/Synthetic_Sentences/images/sentence_02224.png,Šiandien mokytojas dirba paplūdimyje.
Datasets/Real_Handwriting/images/form_170_sentence_2.png,Mergaitė dirba ligoninėje ir kaime.
Datasets/Synthetic_Sentences/images/sentence_03719.png,Marija nori gerti kavą.
Datasets/Synthetic_Sentences/images/sentence_00833.png,Vakar Danielius dirbo upės pakrantėje.
Datasets/Real_Handwriting/images/form_062_sentence_4.png,Vyras miega maistą.
Datasets/Synthetic_Sentences/images/sentence_04468.png,Rūpestingai Tomas mokosi mokykloje.
Datasets/Synthetic_Sentences/images/sentence_02220.png,Ar Saulius mėgsta skaityti?
Datasets/Synthetic_Sentences/images/sentence_02814.png,Tomas valgo sriubą.
Datasets/Synthetic_Sentences/images/sentence_00534.png,Vakar Petras dirbo bibliotekoje.
Datasets/Synthetic_Sentences/images/sentence_02428.png,Rasa neša gėlę.
Datasets/Real_Handwriting/images/form_250_sentence_3.png,Šiandien Tomas perka žaislą.
Datasets/Synthetic_Sentences/images/sentence_03569.png,Ramiai berniukas rašo žemėlapį.
Datasets/Synthetic_Sentences/images/sentence_01217.png,Katė stengiasi važiuoti.
Datasets/Synthetic_Sentences/images/sentence_00595.png,Ar Žilvinas dirba parke?
Datasets/Synthetic_Sentences/images/sentence_01337.png,Atidžiai Kristina neša krepšį.
Datasets/Real_Handwriting/images/form_227_sentence_4.png,Žilvinas stengiasi plaukti.
Datasets/Synthetic_Sentences/images/sentence_03575.png,Saulius mėgsta gerti kavą.
Datasets/Synthetic_Sentences/images/sentence_00040.png,Mokytojas neša dovaną.
Datasets/Synthetic_Sentences/images/sentence_01394.png,Eglė nori pirkti arbatą.
Datasets/Synthetic_Sentences/images/sentence_00767.png,Saulius mokosi sode.
Datasets/Synthetic_Sentences/images/sentence_00452.png,Jonas mėgsta valgyti vaisius.
Datasets/Synthetic_Sentences/images/sentence_03396.png,Ramiai Laura perka kavą.
Datasets/Synthetic_Sentences/images/sentence_03267.png,Šuo pradeda dirbti.
Datasets/Real_Handwriting/images/form_091_sentence_5.png,Tu blogai eina.
Datasets/Synthetic_Sentences/images/sentence_02288.png,Katė sportuoja stadione.
Datasets/Real_Handwriting/images/form_116_sentence_4.png,Mes rašo stadione ir mieste.
Datasets/Synthetic_Sentences/images/sentence_00435.png,Mokytojas nori rašyti laišką.
Datasets/Synthetic_Sentences/images/sentence_02765.png,Ar Renata dirba parke?
Datasets/Real_Handwriting/images/form_197_sentence_1.png,Jis juokiasi daržoves.
Datasets/Real_Handwriting/images/form_155_sentence_5.png,Šuo dainuoja stotyje.
Datasets/Real_Handwriting/images/form_268_sentence_3.png,Eglė mėgsta važiuoti knygą.
Datasets/Synthetic_Sentences/images/sentence_01993.png,Šiandien šuo perka knygą.
Datasets/Real_Handwriting/images/form_491_sentence_3.png,Ramiai Renata dirba kavinėje.
Datasets/Real_Handwriting/images/form_106_sentence_1.png,Paukštis kalba namus.
Datasets/Real_Handwriting/images/form_058_sentence_3.png,Moteris juokiasi istoriją.
Datasets/Real_Handwriting/images/form_375_sentence_5.png,Cecilija čiuožia ant ledo.
Datasets/Real_Handwriting/images/form_214_sentence_5.png,Grybų miške randa vaikai ir suaugusieji.
Datasets/Synthetic_Sentences/images/sentence_04381.png,Šiandien Renata perka knygą.
Datasets/Real_Handwriting/images/form_191_sentence_3.png,Moteris piešia maistą.
Datasets/Synthetic_Sentences/images/sentence_00634.png,Ar Ingrida skaito žemėlapį?
Datasets/Synthetic_Sentences/images/sentence_03152.png,Šiandien berniukas ilsisi namuose.
Datasets/Real_Handwriting/images/form_438_sentence_5.png,Universiteto studentai žaidžia šachmatais laisvalaikiu.
Datasets/Synthetic_Sentences/images/sentence_04363.png,Mantas nori mokytis.
Datasets/Synthetic_Sentences/images/sentence_03678.png,Neringa mėgsta pirkti kavą.
Datasets/Synthetic_Sentences/images/sentence_04900.png,Katė mėgsta valgyti obuolį.
Datasets/Synthetic_Sentences/images/sentence_02080.png,Marija mėgsta pirkti knygą.
Datasets/Synthetic_Sentences/images/sentence_00565.png,Ar Petras dirba ežero pakrantėje?
Datasets/Synthetic_Sentences/images/sentence_03266.png,Berniukas nori plaukti.
Datasets/Synthetic_Sentences/images/sentence_02808.png,Mantas geria kavą.
Datasets/Synthetic_Sentences/images/sentence_04612.png,Švelniai katė rašo receptą.
Datasets/Synthetic_Sentences/images/sentence_01459.png,Renata neša gėlę.
Datasets/Synthetic_Sentences/images/sentence_04564.png,Šiandien Neringa ilsisi paplūdimyje.
Datasets/Real_Handwriting/images/form_024_sentence_5.png,Mes ramiai žaidžia.
Datasets/Synthetic_Sentences/images/sentence_00559.png,Rytoj studentė eis stotyje.
Datasets/Synthetic_Sentences/images/sentence_01226.png,Greitai Petras ilsisi mokykloje.
Datasets/Synthetic_Sentences/images/sentence_02609.png,Džiaugsmingai Neringa dirba kavinėje.
Datasets/Synthetic_Sentences/images/sentence_03550.png,Rūpestingai studentas dirba bibliotekoje.
Datasets/Synthetic_Sentences/images/sentence_04524.png,Mokytojas gyvena mieste.
Datasets/Real_Handwriting/images/form_206_sentence_4.png,Šiandien šuo mokosi mieste.
Datasets/Real_Handwriting/images/form_050_sentence_5.png,Aš labai ramiai šypsosi.
Datasets/Synthetic_Sentences/images/sentence_01458.png,Mokytojas mėgsta gerti vandenį.
Datasets/Synthetic_Sentences/images/sentence_04189.png,Šiandien Jonas perka gėlę.
Datasets/Synthetic_Sentences/images/sentence_04221.png,Rytoj Mindaugas skaitys istoriją.
Datasets/Synthetic_Sentences/images/sentence_00829.png,Danielius nori rašyti receptą.
Datasets/Synthetic_Sentences/images/sentence_00011.png,Saulius lankosi pievoje.
Datasets/Synthetic_Sentences/images/sentence_01493.png,Danielius mėgsta gerti arbatą.
Datasets/Synthetic_Sentences/images/sentence_03313.png,Katė nori rašyti užduotį.
Datasets/Real_Handwriting/images/form_132_sentence_5.png,Šiandien aš galvoja kruopščiai.
Datasets/Synthetic_Sentences/images/sentence_04756.png,Renata stengiasi mokytis.
Datasets/Synthetic_Sentences/images/sentence_01659.png,Švelniai šuo ilsisi paplūdimyje.
Datasets/Synthetic_Sentences/images/sentence_03104.png,Rytoj Mindaugas eis miške.
Datasets/Synthetic_Sentences/images/sentence_02755.png,Berniukas nori valgyti obuolį.
Datasets/Synthetic_Sentences/images/sentence_02355.png,Šuo mėgsta skaityti.
Datasets/Synthetic_Sentences/images/sentence_00317.png,Marija neša žaislą.
Datasets/Synthetic_Sentences/images/sentence_03653.png,Petras valgo košę.
Datasets/Synthetic_Sentences/images/sentence_01621.png,Neringa nori valgyti.
Datasets/Synthetic_Sentences/images/sentence_00976.png,Petras mėgsta pirkti duoną.
Datasets/Real_Handwriting/images/form_371_sentence_2.png,Studentas žaidžia kalnuose.
Datasets/Real_Handwriting/images/form_022_sentence_1.png,Šiandien mergaitės galvoja kartu.
Datasets/Synthetic_Sentences/images/sentence_02753.png,Greitai Tomas skaito istoriją.
Datasets/Synthetic_Sentences/images/sentence_00027.png,Vakar Mantas skaitė knygą.
Datasets/Synthetic_Sentences/images/sentence_00770.png,Renata nori pirkti duoną.
Datasets/Real_Handwriting/images/form_494_sentence_3.png,Mantas geria vandenį.
Datasets/Real_Handwriting/images/form_212_sentence_4.png,Greitai berniukas skaito receptą.
Datasets/Real_Handwriting/images/form_422_sentence_5.png,Cukrų ir cinamoną dedame į pyragą.
Datasets/Real_Handwriting/images/form_331_sentence_3.png,Šiandien Rasa skaito žurnalą.
Datasets/Synthetic_Sentences/images/sentence_03789.png,Šiandien Kristina perka arbatą.
Datasets/Synthetic_Sentences/images/sentence_01359.png,Ar katė mėgsta plaukti?
Datasets/Synthetic_Sentences/images/sentence_01212.png,Saulius rašo receptą.
Datasets/Real_Handwriting/images/form_480_sentence_4.png,Eglė dirba mokykloje.
Datasets/Real_Handwriting/images/form_465_sentence_4.png,Ar Kristina skaito žemėlapį?
Datasets/Synthetic_Sentences/images/sentence_00556.png,Rytoj Neringa skaitys žurnalą.
Datasets/Real_Handwriting/images/form_051_sentence_5.png,Jos atidžiai skaito.
Datasets/Synthetic_Sentences/images/sentence_04964.png,Šiandien Tomas mokosi darbe.
Datasets/Synthetic_Sentences/images/sentence_02495.png,Šiandien studentas perka arbatą.
Datasets/Synthetic_Sentences/images/sentence_02463.png,Neringa geria pieną.
Datasets/Real_Handwriting/images/form_480_sentence_1.png,Ar Rasa skaito laišką?
Datasets/Synthetic_Sentences/images/sentence_01903.png,Garsiai berniukas mokosi stadione.
Datasets/Real_Handwriting/images/form_014_sentence_4.png,Šuo klauso knygą.
Datasets/Synthetic_Sentences/images/sentence_00274.png,Mindaugas mėgsta plaukti.
Datasets/Synthetic_Sentences/images/sentence_03167.png,Rytoj Eglė eis namuose.
Datasets/Real_Handwriting/images/form_033_sentence_5.png,Šiandien šuo miega gerai.
Datasets/Synthetic_Sentences/images/sentence_02248.png,Mergaitė neša žaislą.
Datasets/Real_Handwriting/images/form_357_sentence_2.png,Neringa žaidžia parke.
Datasets/Synthetic_Sentences/images/sentence_03784.png,Šiandien vaikas perka arbatą.
Datasets/Synthetic_Sentences/images/sentence_00034.png,Ingrida skaito knygą.
Datasets/Synthetic_Sentences/images/sentence_02676.png,Mokytojas nori šokti.
Datasets/Synthetic_Sentences/images/sentence_03045.png,Gydytojas bando gerti.
Datasets/Synthetic_Sentences/images/sentence_04678.png,Rūpestingai Kristina valgo vaisius.
Datasets/Synthetic_Sentences/images/sentence_04131.png,Renata perka gėlę.
Datasets/Synthetic_Sentences/images/sentence_00329.png,Rytoj Neringa skaitys istoriją.
Datasets/Synthetic_Sentences/images/sentence_04758.png,Jonas ilsisi pievoje.
Datasets/Real_Handwriting/images/form_441_sentence_2.png,Šiandien berniukas mokosi parke.
Datasets/Real_Handwriting/images/form_372_sentence_2.png,Ramiai Eglė valgo košę.
Datasets/Real_Handwriting/images/form_306_sentence_1.png,Žirgas sportuoja kavinėje.
Datasets/Synthetic_Sentences/images/sentence_03885.png,Ar Rasa mėgsta kalbėti?
Datasets/Synthetic_Sentences/images/sentence_04879.png,Rytoj Eglė skaitys žurnalą.
Datasets/Synthetic_Sentences/images/sentence_01792.png,Ar Mindaugas skaito receptą?
Datasets/Synthetic_Sentences/images/sentence_04149.png,Gydytojas mėgsta kalbėti.
Datasets/Synthetic_Sentences/images/sentence_02599.png,Rytoj studentas skaitys žurnalą.
Datasets/Synthetic_Sentences/images/sentence_02818.png,Laura perka gėlę.
Datasets/Synthetic_Sentences/images/sentence_00816.png,Gydytojas geria kavą.
Datasets/Synthetic_Sentences/images/sentence_03328.png,Saulius pradeda dirbti.
Datasets/Synthetic_Sentences/images/sentence_03866.png,Mokytojas neša krepšį.
Datasets/Synthetic_Sentences/images/sentence_01244.png,Gydytojas mėgsta rašyti.
Datasets/Real_Handwriting/images/form_302_sentence_3.png,Vakar gydytojas nešė žaislą.
Datasets/Real_Handwriting/images/form_111_sentence_5.png,Aš nori žaisti dainą.
Datasets/Synthetic_Sentences/images/sentence_03153.png,Ar Rasa skaito laišką?
Datasets/Synthetic_Sentences/images/sentence_02360.png,Šiandien Jurgita dirba kalnuose.
Datasets/Real_Handwriting/images/form_060_sentence_2.png,Moteris labai blogai skuba.
Datasets/Synthetic_Sentences/images/sentence_02685.png,Ingrida valgo vaisius.
Datasets/Real_Handwriting/images/form_070_sentence_1.png,Mokytojai bėga paplūdimyje.
Datasets/Synthetic_Sentences/images/sentence_01096.png,Mokytojas nori pirkti duoną.
Datasets/Synthetic_Sentences/images/sentence_04762.png,Gydytojas sportuoja darbe.
Datasets/Synthetic_Sentences/images/sentence_01491.png,Rytoj Jonas eis ligoninėje.
Datasets/Real_Handwriting/images/form_156_sentence_3.png,Studentai šoka istoriją kavinėje.
Datasets/Real_Handwriting/images/form_263_sentence_3.png,Laura bando važiuoti.
Datasets/Synthetic_Sentences/images/sentence_01229.png,Tomas dirba sode.
Datasets/Synthetic_Sentences/images/sentence_02162.png,Mergaitė skaito receptą.
Datasets/Synthetic_Sentences/images/sentence_03064.png,Vaikas gyvena sode.
Datasets/Real_Handwriting/images/form_501_sentence_3.png,Ramiai Petras rašo žemėlapį.
Datasets/Real_Handwriting/images/form_029_sentence_2.png,Mokytojai kalba namus.
Datasets/Synthetic_Sentences/images/sentence_03459.png,Vakar Rasa nešė krepšį.
Datasets/Synthetic_Sentences/images/sentence_04840.png,Šiandien studentas dirba kalnuose.
Datasets/Synthetic_Sentences/images/sentence_00238.png,Vaikas renka vaisius.
Datasets/Synthetic_Sentences/images/sentence_00545.png,Ar Jonas dirba sode?
Datasets/Synthetic_Sentences/images/sentence_02554.png,Marija rašo žemėlapį.
Datasets/Synthetic_Sentences/images/sentence_04661.png,Mindaugas nori gerti arbatą.
Datasets/Synthetic_Sentences/images/sentence_02346.png,Ar berniukas skaito receptą?
Datasets/Real_Handwriting/images/form_384_sentence_5.png,Anas vyras atneša arbatos.
Datasets/Synthetic_Sentences/images/sentence_03963.png,Lėtai Saulius dirba miške.
Datasets/Synthetic_Sentences/images/sentence_02260.png,Berniukas gyvena upės pakrantėje.
Datasets/Real_Handwriting/images/form_351_sentence_2.png,Mindaugas groja muzikos kūrinį.
Datasets/Real_Handwriting/images/form_402_sentence_2.png,Žmogus nori šokti.
Datasets/Synthetic_Sentences/images/sentence_04442.png,Mantas nori skaityti receptą.
Datasets/Synthetic_Sentences/images/sentence_03545.png,Ar Renata nori sportuoti?
Datasets/Real_Handwriting/images/form_148_sentence_3.png,Mergaitė mėgsta mokytis.
Datasets/Synthetic_Sentences/images/sentence_01947.png,Tomas mokosi pievoje.
Datasets/Synthetic_Sentences/images/sentence_00732.png,Gintaras pradeda kalbėti.
Datasets/Real_Handwriting/images/form_119_sentence_3.png,Katė miega ir miega.
Datasets/Synthetic_Sentences/images/sentence_03480.png,Berniukas sportuoja upės pakrantėje.
Datasets/Synthetic_Sentences/images/sentence_02733.png,Tomas renka akmenis.
Datasets/Synthetic_Sentences/images/sentence_00928.png,Studentas lankosi darbe.
Datasets/Synthetic_Sentences/images/sentence_02281.png,Gintaras rašo žemėlapį.
Datasets/Synthetic_Sentences/images/sentence_01652.png,Gydytojas nori pirkti kavą.
Datasets/Synthetic_Sentences/images/sentence_00155.png,Šuo rašo laišką.
Datasets/Synthetic_Sentences/images/sentence_04270.png,Rasa mėgsta pirkti dovaną.
Datasets/Real_Handwriting/images/form_109_sentence_2.png,Vaikai baigia šokti mokyklą.
Datasets/Real_Handwriting/images/form_248_sentence_2.png,Mielai Saulius ilsisi paplūdimyje.
Datasets/Real_Handwriting/images/form_230_sentence_5.png,Cecilija čiuožia ant ledo.
Datasets/Synthetic_Sentences/images/sentence_00443.png,Tomas mėgsta gerti sultis.
Datasets/Synthetic_Sentences/images/sentence_02832.png,Žilvinas lankosi pievoje.
Datasets/Synthetic_Sentences/images/sentence_01941.png,Mielai berniukas neša žaislą.
Datasets/Synthetic_Sentences/images/sentence_01053.png,Studentas stengiasi kalbėti.
Datasets/Synthetic_Sentences/images/sentence_03520.png,Laura perka žaislą.
Datasets/Real_Handwriting/images/form_339_sentence_4.png,Mantas valgo košę.
Datasets/Synthetic_Sentences/images/sentence_00403.png,Žilvinas nori galvoti.
Datasets/Synthetic_Sentences/images/sentence_04664.png,Šiandien Rasa dirba upės pakrantėje.
Datasets/Synthetic_Sentences/images/sentence_03355.png,Rytoj studentas eis miške.
Datasets/Synthetic_Sentences/images/sentence_02467.png,Studentas mėgsta skaityti žurnalą.
Datasets/Synthetic_Sentences/images/sentence_00905.png,Šiandien Mantas mokosi stotyje.
Datasets/Synthetic_Sentences/images/sentence_03729.png,Studentas nori pirkti kavą.
Datasets/Synthetic_Sentences/images/sentence_00321.png,Lėtai Rasa valgo obuolį.
Datasets/Synthetic_Sentences/images/sentence_04046.png,Garsiai Neringa skaito žemėlapį.
Datasets/Real_Handwriting/images/form_145_sentence_5.png,Mes kalba filmą kaime.
Datasets/Real_Handwriting/images/form_178_sentence_2.png,Šuo bijo bėgti.
Datasets/Synthetic_Sentences/images/sentence_01810.png,Laura nori rašyti istoriją.
Datasets/Real_Handwriting/images/form_176_sentence_1.png,Mergaitės kalba stotyje.
Datasets/Synthetic_Sentences/images/sentence_00232.png,Vakar Tomas nešė gėlę.
Datasets/Synthetic_Sentences/images/sentence_02588.png,Neringa gyvena mieste.
Datasets/Synthetic_Sentences/images/sentence_00870.png,Vakar mokytojas nešė gėlę.
Datasets/Synthetic_Sentences/images/sentence_00067.png,Ar gydytojas skaito laišką?
Datasets/Real_Handwriting/images/form_399_sentence_3.png,Vakar Ingrida skaitė žurnalą.
Datasets/Real_Handwriting/images/form_187_sentence_2.png,Tu klauso ir klauso.
Datasets/Synthetic_Sentences/images/sentence_00146.png,Gydytojas mėgsta skaityti žemėlapį.
Datasets/Synthetic_Sentences/images/sentence_03040.png,Mantas mokosi sode.
Datasets/Synthetic_Sentences/images/sentence_04615.png,Jonas renka gėles.
Datasets/Synthetic_Sentences/images/sentence_01235.png,Garsiai Jonas rašo receptą.
Datasets/Synthetic_Sentences/images/sentence_04291.png,Mielai katė skaito laišką.
Datasets/Synthetic_Sentences/images/sentence_02215.png,Rasa skaito žurnalą.
Datasets/Synthetic_Sentences/images/sentence_00359.png,Ar Mindaugas nori piešti?
Datasets/Synthetic_Sentences/images/sentence_03448.png,Šiandien Eglė skaito istoriją.
Datasets/Real_Handwriting/images/form_337_sentence_2.png,Šiandien šeima perka dovaną.
Datasets/Synthetic_Sentences/images/sentence_03143.png,Ingrida ilsisi bibliotekoje.
Datasets/Real_Handwriting/images/form_315_sentence_2.png,Šiandien mergaitė dirba stotyje.
Datasets/Real_Handwriting/images/form_141_sentence_2.png,Mokytojas mokosi ir mokosi.
Datasets/Synthetic_Sentences/images/sentence_03292.png,Saulius perka duoną.
Datasets/Synthetic_Sentences/images/sentence_03655.png,Šiandien studentas mokosi stotyje.
Datasets/Real_Handwriting/images/form_487_sentence_4.png,Lėtai Mantas sportuoja stadione.
Datasets/Synthetic_Sentences/images/sentence_02992.png,Ramiai berniukas ilsisi ligoninėje.
Datasets/Real_Handwriting/images/form_306_sentence_3.png,Studentas dirba kaime.
Datasets/Synthetic_Sentences/images/sentence_03624.png,Šiandien Neringa perka dovaną.
Datasets/Real_Handwriting/images/form_424_sentence_5.png,Cecilija čiuožia ant ledo.
Datasets/Synthetic_Sentences/images/sentence_04396.png,Ramiai katė valgo košę.
Datasets/Synthetic_Sentences/images/sentence_02491.png,Šiandien katė dirba ežero pakrantėje.
Datasets/Real_Handwriting/images/form_255_sentence_3.png,Gydytojas būna parke.
Datasets/Synthetic_Sentences/images/sentence_02447.png,Saulius mėgsta kalbėti.
Datasets/Synthetic_Sentences/images/sentence_03841.png,Greitai Kristina skaito knygą.
Datasets/Synthetic_Sentences/images/sentence_00754.png,Ar Rasa nori galvoti?
Datasets/Real_Handwriting/images/form_496_sentence_1.png,Katė mėgsta sportuoti.
Datasets/Synthetic_Sentences/images/sentence_00216.png,Laura perka kavą.
Datasets/Real_Handwriting/images/form_203_sentence_5.png,Cecilija čiuožia ant ledo.
Datasets/Real_Handwriting/images/form_499_sentence_1.png,Vaikas žaidžia bibliotekoje.
Datasets/Synthetic_Sentences/images/sentence_03054.png,Šiandien Renata dirba paplūdimyje.
Datasets/Synthetic_Sentences/images/sentence_03955.png,Mindaugas mėgsta gerti sultis.
Datasets/Synthetic_Sentences/images/sentence_00174.png,Katė dirba bibliotekoje.
Datasets/Real_Handwriting/images/form_147_sentence_2.png,Ar jūs eina?
Datasets/Real_Handwriting/images/form_485_sentence_3.png,Rytoj Jurgita skaitys receptą.
Datasets/Real_Handwriting/images/form_231_sentence_2.png,Marija lankosi kalnuose.
Datasets/Synthetic_Sentences/images/sentence_00505.png,Studentas mėgsta gerti.
Datasets/Real_Handwriting/images/form_345_sentence_3.png,Rasa sportuoja stotyje.
Datasets/Synthetic_Sentences/images/sentence_00513.png,Mokytoja žaidžia ligoninėje.
Datasets/Real_Handwriting/images/form_355_sentence_5.png,Jonas į darbą važiuoja dviračiu.
Datasets/Real_Handwriting/images/form_471_sentence_4.png,Žmogus sportuoja kaime.
Datasets/Synthetic_Sentences/images/sentence_00012.png,Vaikai atbėga iš aikštės.
Datasets/Synthetic_Sentences/images/sentence_03720.png,Kristina pradeda šokti.
Datasets/Real_Handwriting/images/form_485_sentence_4.png,Studentė groja muzikos kūrinį.
Datasets/Synthetic_Sentences/images/sentence_01631.png,Studentė rašo žemėlapį.
Datasets/Synthetic_Sentences/images/sentence_01261.png,Mantas rašo istoriją.
Datasets/Synthetic_Sentences/images/sentence_02902.png,Rytoj Mantas skaitys žemėlapį.
Datasets/Synthetic_Sentences/images/sentence_02775.png,Rytoj mokytojas eis mieste.
Datasets/Real_Handwriting/images/form_329_sentence_3.png,Eglė neša dovaną.
Datasets/Real_Handwriting/images/form_161_sentence_2.png,Vyrai mėgsta rašyti darbą.
Datasets/Real_Handwriting/images/form_255_sentence_2.png,Jurgita neša krepšį.
Datasets/Synthetic_Sentences/images/sentence_03940.png,Tyliai Jurgita ilsisi ligoninėje.
Datasets/Synthetic_Sentences/images/sentence_00601.png,Tyliai Mantas skaito žurnalą.
Datasets/Synthetic_Sentences/images/sentence_03083.png,Vakar Jurgita skaitė knygą.
Datasets/Synthetic_Sentences/images/sentence_03390.png,Šiandien studentė skaito žurnalą.
Datasets/Synthetic_Sentences/images/sentence_01914.png,Ar Rasa dirba pievoje?
Datasets/Real_Handwriting/images/form_146_sentence_3.png,Ji miega ligoninėje.
Datasets/Real_Handwriting/images/form_098_sentence_5.png,Studentai dirba prie ežero ir ligoninėje.
Datasets/Real_Handwriting/images/form_071_sentence_3.png,Moteris nemėgsta skubėti projektą.
Datasets/Real_Handwriting/images/form_330_sentence_2.png,Vakar Danielius skaitė istoriją.
Datasets/Synthetic_Sentences/images/sentence_01007.png,Ar gydytojas dirba paplūdimyje?
Datasets/Synthetic_Sentences/images/sentence_03414.png,Vakar Laura dirbo ežero pakrantėje.
Datasets/Synthetic_Sentences/images/sentence_00996.png,Šiandien Renata mokosi ežero pakrantėje.
Datasets/Synthetic_Sentences/images/sentence_04969.png,Kristina mėgsta plaukti.
Datasets/Synthetic_Sentences/images/sentence_03260.png,Petras skaito žemėlapį.
Datasets/Synthetic_Sentences/images/sentence_00165.png,Drąsiai Mindaugas ilsisi namuose.
Datasets/Synthetic_Sentences/images/sentence_00789.png,Marija skaito žurnalą.
Datasets/Synthetic_Sentences/images/sentence_01353.png,Mokytojas mėgsta groti.
Datasets/Synthetic_Sentences/images/sentence_02179.png,Petras nori valgyti košę.
Datasets/Synthetic_Sentences/images/sentence_00814.png,Mantas nori pirkti gėlę.
Datasets/Synthetic_Sentences/images/sentence_03085.png,Greitai Rasa perka gėlę.
Datasets/Synthetic_Sentences/images/sentence_03039.png,Katė mėgsta gerti vandenį.
Datasets/Synthetic_Sentences/images/sentence_02982.png,Vakar Mantas skaitė istoriją.
Datasets/Synthetic_Sentences/images/sentence_01612.png,Danielius nori skaityti žurnalą.
Datasets/Real_Handwriting/images/form_412_sentence_3.png,Mantas ilsisi miške.
Datasets/Real_Handwriting/images/form_291_sentence_4.png,Rūpestingai Gintaras rašo receptą.
Datasets/Real_Handwriting/images/form_088_sentence_1.png,Ji piešia ir piešia.
Datasets/Synthetic_Sentences/images/sentence_01374.png,Danielius renka gėles.
Datasets/Real_Handwriting/images/form_341_sentence_5.png,Kavinėje kvepėjo kava ir cinamonu.
Datasets/Synthetic_Sentences/images/sentence_04583.png,Gintaras gyvena namuose.
Datasets/Real_Handwriting/images/form_456_sentence_3.png,Kristina būna darbe.
Datasets/Real_Handwriting/images/form_283_sentence_3.png,Atidžiai Ingrida valgo vaisius.
Datasets/Real_Handwriting/images/form_202_sentence_4.png,Šiandien žirgas dirba namuose.
Datasets/Synthetic_Sentences/images/sentence_00654.png,Studentė renka grybus.
Datasets/Synthetic_Sentences/images/sentence_01521.png,Mindaugas nori skaityti žurnalą.
Datasets/Synthetic_Sentences/images/sentence_01245.png,Jurgita mėgsta skaityti žurnalą.
Datasets/Synthetic_Sentences/images/sentence_03790.png,Vaikas renka grybus.
Datasets/Real_Handwriting/images/form_499_sentence_3.png,Rytoj studentas skaitys knygą.
Datasets/Real_Handwriting/images/form_353_sentence_4.png,Ar Petras mokosi darbe?
Datasets/Real_Handwriting/images/form_428_sentence_3.png,Švelniai katė rašo receptą.
Datasets/Real_Handwriting/images/form_231_sentence_5.png,Daktaras dirba didelėje ligoninėje.
Datasets/Synthetic_Sentences/images/sentence_02845.png,Petras gyvena sode.
Datasets/Real_Handwriting/images/form_184_sentence_5.png,Šiandien draugai kalba kartu.
Datasets/Real_Handwriting/images/form_105_sentence_5.png,Šiandien mergaitės juokiasi atidžiai.
Datasets/Real_Handwriting/images/form_200_sentence_4.png,Gydytojas piešia miške.
Datasets/Synthetic_Sentences/images/sentence_01806.png,Ar gydytojas skaito laišką?
Datasets/Synthetic_Sentences/images/sentence_04932.png,Katė ilsisi sode.
Datasets/Synthetic_Sentences/images/sentence_01949.png,Kristina perka žaislą.
Datasets/Real_Handwriting/images/form_028_sentence_5.png,Gerai šuo miega receptą.
Datasets/Synthetic_Sentences/images/sentence_02597.png,Mindaugas renka obuolius.
Datasets/Synthetic_Sentences/images/sentence_00157.png,Šuo nori pirkti gėlę.
Datasets/Real_Handwriting/images/form_182_sentence_4.png,Jūs labai greitai kalba.
Datasets/Synthetic_Sentences/images/sentence_02333.png,Jonas skaito receptą.
Datasets/Real_Handwriting/images/form_148_sentence_2.png,Jūs nemėgsta valgyti egzaminą.
Datasets/Real_Handwriting/images/form_496_sentence_3.png,Žirgas nori eiti duoną.
Datasets/Real_Handwriting/images/form_200_sentence_5.png,Ar jie verkia?
Datasets/Synthetic_Sentences/images/sentence_01139.png,Gydytojas mokosi stotyje.
Datasets/Synthetic_Sentences/images/sentence_03038.png,Rytoj šuo eis mokykloje.
Datasets/Synthetic_Sentences/images/sentence_03057.png,Ingrida dirba darbe.
Datasets/Synthetic_Sentences/images/sentence_03350.png,Vakar mokytoja skaitė receptą.
Datasets/Real_Handwriting/images/form_339_sentence_1.png,Žirgas stengiasi bėgti.
Datasets/Real_Handwriting/images/form_441_sentence_5.png,Universiteto studentai žaidžia šachmatais laisvalaikiu.
Datasets/Synthetic_Sentences/images/sentence_02067.png,Vakar Kristina skaitė receptą.
Datasets/Synthetic_Sentences/images/sentence_02656.png,Lėtai šuo neša dovaną.
Datasets/Synthetic_Sentences/images/sentence_02068.png,Gydytojas valgo vaisius.
Datasets/Synthetic_Sentences/images/sentence_01907.png,Šiandien Jurgita mokosi mieste.
Datasets/Real_Handwriting/images/form_214_sentence_3.png,Saulius geria kavą.
Datasets/Real_Handwriting/images/form_444_sentence_2.png,Ar Petras mėgsta groti?
Datasets/Synthetic_Sentences/images/sentence_03759.png,Neringa rašo receptą.
Datasets/Synthetic_Sentences/images/sentence_02166.png,Švelniai gydytojas ilsisi kalnuose.
Datasets/Synthetic_Sentences/images/sentence_02576.png,Ar mokytojas mokosi stadione?
Datasets/Synthetic_Sentences/images/sentence_01579.png,Raudona rožė žydi sode.
Datasets/Real_Handwriting/images/form_432_sentence_5.png,Čiulba paukščiai ankstų rytą.
Datasets/Synthetic_Sentences/images/sentence_04555.png,Renata skaito laišką.
Datasets/Synthetic_Sentences/images/sentence_04726.png,Berniukas perka duoną.
Datasets/Synthetic_Sentences/images/sentence_03161.png,Ar vaikas nori žaisti?
Datasets/Real_Handwriting/images/form_508_sentence_4.png,Tomas būna ligoninėje.
Datasets/Synthetic_Sentences/images/sentence_00068.png,Gintaras bando bėgti.
Datasets/Real_Handwriting/images/form_217_sentence_1.png,Atidžiai Ingrida mokosi paplūdimyje.
Datasets/Synthetic_Sentences/images/sentence_02426.png,Ruduo atneša spalvotus lapus.
Datasets/Synthetic_Sentences/images/sentence_03107.png,Mantas perka gėlę.
Datasets/Synthetic_Sentences/images/sentence_03229.png,Ingrida gyvena miške.
Datasets/Synthetic_Sentences/images/sentence_02051.png,Šiandien Renata skaito knygą.
Datasets/Real_Handwriting/images/form_038_sentence_3.png,Katė žaidžia namuose ir kaime.
Datasets/Synthetic_Sentences/images/sentence_04323.png,Šiandien Gintaras perka knygą.
Datasets/Real_Handwriting/images/form_488_sentence_1.png,Žmogus groja simfoniją.
Datasets/Synthetic_Sentences/images/sentence_00764.png,Šiandien Kristina skaito knygą.
Datasets/Synthetic_Sentences/images/sentence_00721.png,Ar Žilvinas mėgsta sportuoti?
Datasets/Synthetic_Sentences/images/sentence_02529.png,Rūpestingai Rasa neša knygą.
Datasets/Real_Handwriting/images/form_469_sentence_1.png,Jonas neša gėlę.
Datasets/Synthetic_Sentences/images/sentence_04684.png,Atidžiai Jurgita rašo projektą.
Datasets/Synthetic_Sentences/images/sentence_01216.png,Eglė mėgsta gerti arbatą.
Datasets/Synthetic_Sentences/images/sentence_02993.png,Kruopščiai Rasa skaito laišką.
Datasets/Synthetic_Sentences/images/sentence_03359.png,Ramiai Eglė dirba namuose.
Datasets/Real_Handwriting/images/form_429_sentence_2.png,Žmogus valgo košę.
Datasets/Synthetic_Sentences/images/sentence_03053.png,Mergaitė mėgsta gerti sultis.
Datasets/Synthetic_Sentences/images/sentence_03959.png,Mielai Jurgita rašo projektą.
Datasets/Real_Handwriting/images/form_096_sentence_5.png,Moteris nemėgsta kalbėti namus.
Datasets/Synthetic_Sentences/images/sentence_04956.png,Tyliai Jonas dirba kavinėje.
Datasets/Real_Handwriting/images/form_114_sentence_4.png,Vyras eina ir eina.
Datasets/Synthetic_Sentences/images/sentence_00314.png,Mokytoja nori skaityti knygą.
Datasets/Synthetic_Sentences/images/sentence_02766.png,Mokytoja geria sultis.
Datasets/Real_Handwriting/images/form_107_sentence_5.png,Paukštis mėgsta galvoti.
Datasets/Synthetic_Sentences/images/sentence_03100.png,Danielius mėgsta skaityti istoriją.
Datasets/Real_Handwriting/images/form_050_sentence_4.png,Mergaitės sportuoja kaime.
Datasets/Synthetic_Sentences/images/sentence_04741.png,Ar mergaitė dirba sode?
Datasets/Synthetic_Sentences/images/sentence_02465.png,Lėtai Jonas ilsisi kaime.
Datasets/Real_Handwriting/images/form_126_sentence_2.png,Šiandien katė piešia kruopščiai.
Datasets/Real_Handwriting/images/form_154_sentence_5.png,Jis rašo maistą darbe.
Datasets/Synthetic_Sentences/images/sentence_01821.png,Neringa nori skaityti knygą.
Datasets/Real_Handwriting/images/form_389_sentence_4.png,Rasa bando plaukti.
Datasets/Real_Handwriting/images/form_245_sentence_5.png,Žaibas nušvietė tamsų dangų audros metu.
Datasets/Synthetic_Sentences/images/sentence_02549.png,Mantas nori rašyti laišką.
Datasets/Real_Handwriting/images/form_424_sentence_1.png,Šiandien Gintaras dirba ežero pakrantėje.
Datasets/Synthetic_Sentences/images/sentence_02226.png,Džiaugsmingai mergaitė neša žaislą.
Datasets/Real_Handwriting/images/form_333_sentence_3.png,Rūpestingai Ingrida dirba pievoje.
Datasets/Real_Handwriting/images/form_254_sentence_4.png,Saulius bando žaisti.
Datasets/Synthetic_Sentences/images/sentence_04376.png,Mindaugas nori rašyti receptą.
Datasets/Synthetic_Sentences/images/sentence_00932.png,Mindaugas stengiasi gerti.
Datasets/Synthetic_Sentences/images/sentence_01789.png,Rasa skaito knygą.
Datasets/Synthetic_Sentences/images/sentence_03309.png,Ar Gintaras skaito istoriją?
Datasets/Synthetic_Sentences/images/sentence_03671.png,Jurgita mėgsta skaityti laišką.
Datasets/Synthetic_Sentences/images/sentence_03123.png,Ar Marija nori gerti?
Datasets/Synthetic_Sentences/images/sentence_01591.png,Kruopščiai gydytojas neša knygą.
Datasets/Synthetic_Sentences/images/sentence_01348.png,Šiandien Laura dirba stotyje.
Datasets/Real_Handwriting/images/form_122_sentence_2.png,Draugai ilsisi arbatą.
Datasets/Synthetic_Sentences/images/sentence_03096.png,Mokytojas geria kavą.
Datasets/Real_Handwriting/images/form_137_sentence_4.png,Ji rašo vandenį.
Datasets/Synthetic_Sentences/images/sentence_02610.png,Studentas rašo istoriją.
Datasets/Real_Handwriting/images/form_440_sentence_5.png,Ypač skanūs obuoliai auga sode.
Datasets/Synthetic_Sentences/images/sentence_00825.png,Rytoj studentė eis namuose.
Datasets/Synthetic_Sentences/images/sentence_03274.png,Jonas nori pirkti gėlę.
Datasets/Real_Handwriting/images/form_155_sentence_4.png,Studentai valgo vaisius.
Datasets/Synthetic_Sentences/images/sentence_00668.png,Renata skaito laišką.
Datasets/Synthetic_Sentences/images/sentence_02442.png,Marija pradeda skaityti.
Datasets/Synthetic_Sentences/images/sentence_04752.png,Šiandien studentė ilsisi kaime.
Datasets/Synthetic_Sentences/images/sentence_03808.png,Berniukas mėgsta gerti kavą.
Datasets/Real_Handwriting/images/form_480_sentence_5.png,Kavinėje kvepėjo kava ir cinamonu.
Datasets/Synthetic_Sentences/images/sentence_00496.png,Jonas mėgsta skaityti laišką.
Datasets/Synthetic_Sentences/images/sentence_04123.png,Mielai Kristina skaito žemėlapį.
Datasets/Synthetic_Sentences/images/sentence_03074.png,Rytoj mokytojas eis ligoninėje.
Datasets/Real_Handwriting/images/form_394_sentence_1.png,Greitai Rasa neša dovaną.
Datasets/Synthetic_Sentences/images/sentence_00362.png,Kruopščiai katė valgo košę.
Datasets/Synthetic_Sentences/images/sentence_01927.png,Vakar Neringa nešė dovaną.
Datasets/Synthetic_Sentences/images/sentence_01532.png,Mindaugas nori valgyti košę.
Datasets/Real_Handwriting/images/form_505_sentence_3.png,Drąsiai Jonas perka arbatą.
Datasets/Synthetic_Sentences/images/sentence_02157.png,Mielai Mantas ilsisi mieste.
Datasets/Synthetic_Sentences/images/sentence_00682.png,Neringa skaito laišką.
Datasets/Real_Handwriting/images/form_047_sentence_5.png,Mes klauso ir klauso.
Datasets/Synthetic_Sentences/images/sentence_00918.png,Neringa nori skaityti knygą.
Datasets/Synthetic_Sentences/images/sentence_03539.png,Gintaras rašo žemėlapį.
Datasets/Synthetic_Sentences/images/sentence_02448.png,Džiaugsmingai Rasa ilsisi mieste.
Datasets/Real_Handwriting/images/form_389_sentence_5.png,Cecilija čiuožia ant ledo.
Datasets/Synthetic_Sentences/images/sentence_00304.png,Gintaras mėgsta eiti.
Datasets/Real_Handwriting/images/form_457_sentence_1.png,Tyliai mergaitė perka gėlę.
Datasets/Real_Handwriting/images/form_500_sentence_4.png,Hibiskusas žydi ryškiomis rožinėmis žiedais.
Datasets/Synthetic_Sentences/images/sentence_04936.png,Šiandien studentė perka dovaną.
Datasets/Synthetic_Sentences/images/sentence_03018.png,Ar šuo skaito receptą?
Datasets/Real_Handwriting/images/form_301_sentence_1.png,Šeima groja melodiją.
Datasets/Synthetic_Sentences/images/sentence_01985.png,Ar Mindaugas mėgsta kalbėti?
Datasets/Real_Handwriting/images/form_018_sentence_2.png,Jis galvoja paveikslą.
Datasets/Synthetic_Sentences/images/sentence_01398.png,Džiaugsmingai studentas perka dovaną.
Datasets/Synthetic_Sentences/images/sentence_02473.png,Vakar Jurgita skaitė laišką.
Datasets/Synthetic_Sentences/images/sentence_01944.png,Studentas renka grybus.
Datasets/Real_Handwriting/images/form_240_sentence_2.png,Šiandien Mindaugas perka knygą.
Datasets/Synthetic_Sentences/images/sentence_00861.png,Jonas sportuoja ligoninėje.
Datasets/Synthetic_Sentences/images/sentence_01193.png,Eglė bando kalbėti.
Datasets/Synthetic_Sentences/images/sentence_04072.png,Berniukas geria sultis.
Datasets/Synthetic_Sentences/images/sentence_01260.png,Laura nori rašyti receptą.
Datasets/Synthetic_Sentences/images/sentence_01204.png,Lėtai katė ilsisi upės pakrantėje.
Datasets/Synthetic_Sentences/images/sentence_02351.png,Tomas sportuoja kavinėje.
Datasets/Real_Handwriting/images/form_365_sentence_4.png,Džiaugsmingai Danielius ilsisi stadione.
Datasets/Real_Handwriting/images/form_304_sentence_5.png,Šuo seka šeimininką visur.
Datasets/Real_Handwriting/images/form_473_sentence_5.png,Universiteto studentai žaidžia šachmatais laisvalaikiu.
Datasets/Synthetic_Sentences/images/sentence_04308.png,Vakar Neringa skaitė žurnalą.
Datasets/Synthetic_Sentences/images/sentence_00845.png,Mindaugas gyvena kavinėje.
Datasets/Synthetic_Sentences/images/sentence_00628.png,Danielius mėgsta eiti.
Datasets/Synthetic_Sentences/images/sentence_00785.png,Mokytoja geria sultis.
Datasets/Synthetic_Sentences/images/sentence_01570.png,Mokytojas nori rašyti istoriją.
Datasets/Real_Handwriting/images/form_437_sentence_5.png,Buvo labai šalta tą žiemos rytą.
Datasets/Synthetic_Sentences/images/sentence_01395.png,Mokytojas mokosi stadione.
Datasets/Real_Handwriting/images/form_267_sentence_2.png,Mantas perka žaislą.
Datasets/Real_Handwriting/images/form_111_sentence_2.png,Jūs baigia skaityti.
Datasets/Synthetic_Sentences/images/sentence_04184.png,Žilvinas žaidžia miške.
Datasets/Real_Handwriting/images/form_052_sentence_3.png,Šiandien gydytojai mąsto niekada.
Datasets/Real_Handwriting/images/form_438_sentence_4.png,Šiandien Marija dirba parke.
Datasets/Real_Handwriting/images/form_212_sentence_5.png,Šį vakarą žvaigždės ypač ryškiai šviečia.
Datasets/Synthetic_Sentences/images/sentence_00460.png,Jurgita bando plaukti.
Datasets/Synthetic_Sentences/images/sentence_01557.png,Kristina mėgsta skaityti laišką.
Datasets/Synthetic_Sentences/images/sentence_03190.png,Ar Rasa dirba mokykloje?
Datasets/Synthetic_Sentences/images/sentence_00341.png,Mielai studentė ilsisi darbe.
Datasets/Synthetic_Sentences/images/sentence_01682.png,Žilvinas mėgsta gerti pieną.
Datasets/Synthetic_Sentences/images/sentence_02880.png,Šiandien Rasa skaito žurnalą.
Datasets/Synthetic_Sentences/images/sentence_04577.png,Mergaitė mokosi kaime.
Datasets/Real_Handwriting/images/form_430_sentence_5.png,Cecilija čiuožia ant ledo.
Datasets/Synthetic_Sentences/images/sentence_03975.png,Laura nori tvarkytis.
Datasets/Synthetic_Sentences/images/sentence_02703.png,Šiandien Eglė dirba miške.
Datasets/Real_Handwriting/images/form_178_sentence_1.png,Šiandien vyras miega lėtai.
Datasets/Synthetic_Sentences/images/sentence_02543.png,Ingrida renka grybus.
Datasets/Synthetic_Sentences/images/sentence_03853.png,Ar Jonas mokosi bibliotekoje?
Datasets/Synthetic_Sentences/images/sentence_00641.png,Saulius rašo žemėlapį.
Datasets/Synthetic_Sentences/images/sentence_00371.png,Ar Jurgita mokosi mieste?
Datasets/Synthetic_Sentences/images/sentence_01048.png,Rytoj Žilvinas eis ežero pakrantėje.
Datasets/Synthetic_Sentences/images/sentence_00575.png,Garsiai mokytojas mokosi stadione.
Datasets/Real_Handwriting/images/form_295_sentence_3.png,Rytoj Marija skaitys knygą.
Datasets/Real_Handwriting/images/form_489_sentence_5.png,"Šiandien šalta, bet sausa."
Datasets/Real_Handwriting/images/form_081_sentence_1.png,Vyras geria kavą.
Datasets/Synthetic_Sentences/images/sentence_02550.png,Berniukas neša žaislą.
Datasets/Synthetic_Sentences/images/sentence_00638.png,Ar Danielius mėgsta keliauti?
Datasets/Synthetic_Sentences/images/sentence_04694.png,Vakar Mindaugas nešė dovaną.
Datasets/Synthetic_Sentences/images/sentence_00582.png,Neringa nori pirkti duoną.
Datasets/Synthetic_Sentences/images/sentence_03168.png,Rytoj Marija eis kalnuose.
Datasets/Synthetic_Sentences/images/sentence_01504.png,Laura bando gerti.
Datasets/Synthetic_Sentences/images/sentence_03228.png,Džiaugsmingai Saulius ilsisi kalnuose.
Datasets/Synthetic_Sentences/images/sentence_02872.png,Džiaugsmingai Marija perka gėlę.
Datasets/Synthetic_Sentences/images/sentence_04100.png,Danielius pradeda mokytis.
Datasets/Synthetic_Sentences/images/sentence_01920.png,Kruopščiai Laura valgo vaisius.
Datasets/Synthetic_Sentences/images/sentence_01808.png,Gintaras pradeda galvoti.
Datasets/Synthetic_Sentences/images/sentence_02335.png,Neringa ilsisi mokykloje.
Datasets/Synthetic_Sentences/images/sentence_00494.png,Ar Žilvinas mėgsta dirbti?
Datasets/Synthetic_Sentences/images/sentence_03824.png,Rytoj Danielius skaitys knygą.
Datasets/Real_Handwriting/images/form_267_sentence_4.png,Marija neša knygą.
Datasets/Synthetic_Sentences/images/sentence_00151.png,Šiandien Saulius perka žaislą.
Datasets/Synthetic_Sentences/images/sentence_03201.png,Ramiai Rasa dirba miške.
Datasets/Synthetic_Sentences/images/sentence_01979.png,Švelniai Renata mokosi parke.
Datasets/Synthetic_Sentences/images/sentence_00022.png,Rūpestingai mokytojas skaito žurnalą.
Datasets/Real_Handwriting/images/form_079_sentence_5.png,Jūs stengiasi ilsėtis receptą.
Datasets/Synthetic_Sentences/images/sentence_04999.png,Kruopščiai Tomas neša gėlę.
Datasets/Synthetic_Sentences/images/sentence_01328.png,Studentė perka gėlę.
Datasets/Real_Handwriting/images/form_090_sentence_1.png,Jis labai dabar tvarkosi.
Datasets/Synthetic_Sentences/images/sentence_00025.png,Petras nori rašyti istoriją.
Datasets/Synthetic_Sentences/images/sentence_04646.png,Ar mokytoja skaito žurnalą?
Datasets/Real_Handwriting/images/form_477_sentence_4.png,Mergaitė valgo košę.
Datasets/Real_Handwriting/images/form_340_sentence_5.png,Ona išeina iš namų ankstyvą rytą.
Datasets/Synthetic_Sentences/images/sentence_00301.png,Džiaugsmingai studentė ilsisi sode.
Datasets/Synthetic_Sentences/images/sentence_01784.png,Ar vaikas dirba pievoje?
Datasets/Real_Handwriting/images/form_265_sentence_5.png,Ona išeina iš namų ankstyvą rytą.
Datasets/Real_Handwriting/images/form_413_sentence_4.png,Ar Kristina mokosi stadione?
Datasets/Synthetic_Sentences/images/sentence_04239.png,Danielius nori gerti pieną.
Datasets/Synthetic_Sentences/images/sentence_00854.png,Atidžiai Danielius mokosi kavinėje.
Datasets/Synthetic_Sentences/images/sentence_01753.png,Ar Saulius dirba bibliotekoje?
Datasets/Synthetic_Sentences/images/sentence_02342.png,Mergaitė nori gerti arbatą.
Datasets/Synthetic_Sentences/images/sentence_01140.png,Lėtai studentas ilsisi ligoninėje.
Datasets/Synthetic_Sentences/images/sentence_04620.png,Mantas renka gėles.
Datasets/Synthetic_Sentences/images/sentence_01646.png,Laura žaidžia bibliotekoje.
Datasets/Synthetic_Sentences/images/sentence_02295.png,Ar mokytojas nori ilsėtis?
Datasets/Synthetic_Sentences/images/sentence_03702.png,Kristina mėgsta tvarkytis.
Datasets/Synthetic_Sentences/images/sentence_03181.png,Marija sportuoja parke.
Datasets/Synthetic_Sentences/images/sentence_00115.png,Rytoj studentas skaitys laišką.
Datasets/Synthetic_Sentences/images/sentence_04454.png,Jurgita perka žaislą.
Datasets/Synthetic_Sentences/images/sentence_00241.png,Drąsiai Gintaras neša knygą.
Datasets/Real_Handwriting/images/form_446_sentence_5.png,Cukrų ir cinamoną dedame į pyragą.
Datasets/Synthetic_Sentences/images/sentence_04819.png,Lėtai Žilvinas rašo laišką.
Datasets/Synthetic_Sentences/images/sentence_00179.png,Rytoj studentas eis upės pakrantėje.
Datasets/Real_Handwriting/images/form_351_sentence_5.png,Cecilija čiuožia ant ledo.
Datasets/Synthetic_Sentences/images/sentence_01443.png,Kristina dirba paplūdimyje.
Datasets/Synthetic_Sentences/images/sentence_00507.png,Bibliotekoje buvo labai tylu.
Datasets/Synthetic_Sentences/images/sentence_04205.png,Ar Tomas mėgsta žaisti?
Datasets/Real_Handwriting/images/form_384_sentence_3.png,Ramiai Mantas mokosi kavinėje.
Datasets/Synthetic_Sentences/images/sentence_03218.png,Ramiai Renata perka knygą.
Datasets/Synthetic_Sentences/images/sentence_01710.png,Mielai Danielius valgo košę.
Datasets/Real_Handwriting/images/form_292_sentence_2.png,Šiandien šeima ilsisi miške.
Datasets/Real_Handwriting/images/form_018_sentence_5.png,Ar draugas dainuoja?
Datasets/Real_Handwriting/images/form_005_sentence_2.png,Jūs miega dainą ligoninėje.
Datasets/Synthetic_Sentences/images/sentence_00567.png,Gintaras rašo receptą.
Datasets/Real_Handwriting/images/form_233_sentence_4.png,Džiaugsmingai šuo mokosi ežero pakrantėje.
Datasets/Real_Handwriting/images/form_018_sentence_4.png,Studentas baigia sportuoti.
Datasets/Synthetic_Sentences/images/sentence_00338.png,Rasa mėgsta gerti pieną.
Datasets/Synthetic_Sentences/images/sentence_02945.png,Studentė mėgsta pirkti kavą.
Datasets/Synthetic_Sentences/images/sentence_00095.png,Šiandien mokytoja mokosi kalnuose.
Datasets/Synthetic_Sentences/images/sentence_00701.png,Mantas nori valgyti duoną.
Datasets/Real_Handwriting/images/form_450_sentence_1.png,Šiandien studentė skaito žurnalą.
Datasets/Synthetic_Sentences/images/sentence_03579.png,Garsiai Marija dirba darbe.
Datasets/Synthetic_Sentences/images/sentence_04174.png,Neringa gyvena mokykloje.
Datasets/Synthetic_Sentences/images/sentence_04268.png,Saulius dirba ežero pakrantėje.
Datasets/Real_Handwriting/images/form_368_sentence_2.png,Rūpestingai mergaitė mokosi mokykloje.
Datasets/Synthetic_Sentences/images/sentence_01132.png,Ar šuo nori žaisti?
Datasets/Real_Handwriting/images/form_297_sentence_3.png,Marija groja melodiją.
Datasets/Synthetic_Sentences/images/sentence_00087.png,Studentė valgo duoną.
Datasets/Synthetic_Sentences/images/sentence_02518.png,Kristina dirba pievoje.
Datasets/Real_Handwriting/images/form_279_sentence_1.png,Kruopščiai vaikas mokosi kavinėje.
Datasets/Real_Handwriting/images/form_399_sentence_5.png,Universiteto studentai žaidžia šachmatais laisvalaikiu.
Datasets/Synthetic_Sentences/images/sentence_04556.png,Gintaras mėgsta gerti pieną.
Datasets/Real_Handwriting/images/form_235_sentence_3.png,Jurgita neša žaislą.
Datasets/Real_Handwriting/images/form_223_sentence_2.png,Mokytoja nori groti.
Datasets/Synthetic_Sentences/images/sentence_04019.png,Mokytoja lankosi mokykloje.
Datasets/Synthetic_Sentences/images/sentence_02706.png,Renata pradeda piešti.
Datasets/Synthetic_Sentences/images/sentence_02433.png,Rasa geria sultis.
Datasets/Real_Handwriting/images/form_209_sentence_4.png,Mantas žaidžia stotyje.
Datasets/Synthetic_Sentences/images/sentence_03324.png,Garsiai Marija ilsisi mokykloje.
Datasets/Synthetic_Sentences/images/sentence_03523.png,Rytoj Saulius eis pievoje.
Datasets/Synthetic_Sentences/images/sentence_02754.png,Petras stengiasi keliauti.
Datasets/Real_Handwriting/images/form_034_sentence_2.png,Šiandien vaikas šoka blogai.
Datasets/Synthetic_Sentences/images/sentence_01832.png,Šiandien Jonas ilsisi upės pakrantėje.
Datasets/Synthetic_Sentences/images/sentence_02617.png,Berniukas neša laišką.
Datasets/Synthetic_Sentences/images/sentence_00599.png,Studentė perka knygą.
Datasets/Real_Handwriting/images/form_211_sentence_1.png,Vakar katė skaitė žurnalą.
Datasets/Synthetic_Sentences/images/sentence_01485.png,Rytoj Rasa skaitys laišką.
Datasets/Real_Handwriting/images/form_348_sentence_4.png,Petras dirba mieste.
Datasets/Synthetic_Sentences/images/sentence_02460.png,Tomas nori skaityti žurnalą.
Datasets/Real_Handwriting/images/form_199_sentence_3.png,Tu verkia knygą.
Datasets/Synthetic_Sentences/images/sentence_04011.png,Vaikas nori pirkti gėlę.
Datasets/Synthetic_Sentences/images/sentence_00218.png,Jurgita žaidžia kaime.
Datasets/Synthetic_Sentences/images/sentence_00059.png,Mantas mokosi bibliotekoje.
Datasets/Real_Handwriting/images/form_420_sentence_3.png,Studentė žaidžia upės pakrantėje.
Datasets/Real_Handwriting/images/form_286_sentence_1.png,Mielai mokytojas mokosi kavinėje.
Datasets/Real_Handwriting/images/form_410_sentence_2.png,Ar katė mėgsta plaukti?
Datasets/Synthetic_Sentences/images/sentence_00055.png,Ar berniukas mokosi mokykloje?
Datasets/Synthetic_Sentences/images/sentence_03731.png,Mantas nori pirkti gėlę.
Datasets/Synthetic_Sentences/images/sentence_01352.png,Ar Tomas mėgsta keliauti?
Datasets/Real_Handwriting/images/form_485_sentence_2.png,Mantas mėgsta valgyti.
Datasets/Synthetic_Sentences/images/sentence_00549.png,Mergaitė skaito žemėlapį.
Datasets/Real_Handwriting/images/form_422_sentence_4.png,Ar Laura nori dainuoti?
Datasets/Synthetic_Sentences/images/sentence_01311.png,Jurgita dirba sode.
Datasets/Synthetic_Sentences/images/sentence_04028.png,Šiandien Žilvinas skaito istoriją.
Datasets/Synthetic_Sentences/images/sentence_04315.png,Tomas nori pirkti žaislą.
Datasets/Synthetic_Sentences/images/sentence_04158.png,Mokytojas nori pirkti arbatą.
Datasets/Synthetic_Sentences/images/sentence_00023.png,Tomas nori valgyti sriubą.
Datasets/Real_Handwriting/images/form_036_sentence_3.png,Jūs verkia mieste.
Datasets/Synthetic_Sentences/images/sentence_02638.png,Ar vaikas dirba kavinėje?
Datasets/Real_Handwriting/images/form_167_sentence_2.png,Mokytojas labai kruopščiai verkia.
Datasets/Real_Handwriting/images/form_006_sentence_2.png,Vyras verkia miške ir darbe.
Datasets/Synthetic_Sentences/images/sentence_00053.png,Ingrida nori rašyti projektą.
Datasets/Synthetic_Sentences/images/sentence_03097.png,Studentė nori valgyti obuolį.
Datasets/Synthetic_Sentences/images/sentence_03727.png,Žilvinas stengiasi eiti.
Datasets/Synthetic_Sentences/images/sentence_04642.png,Studentas pradeda ilsėtis.
Datasets/Synthetic_Sentences/images/sentence_00426.png,Ar gydytojas mokosi ežero pakrantėje?
Datasets/Real_Handwriting/images/form_091_sentence_1.png,Labai jūs keliauoja laišką.
Datasets/Real_Handwriting/images/form_135_sentence_3.png,Vakar šuo verkia paveikslą.
Datasets/Synthetic_Sentences/images/sentence_01604.png,Ar šuo mokosi kavinėje?
Datasets/Synthetic_Sentences/images/sentence_01322.png,Ar berniukas mokosi pievoje?
Datasets/Synthetic_Sentences/images/sentence_01882.png,Mokytoja skaito žemėlapį.
Datasets/Synthetic_Sentences/images/sentence_02687.png,Rytoj Laura eis kaime.
Datasets/Synthetic_Sentences/images/sentence_00355.png,Vaikas nori rašyti laišką.
Datasets/Synthetic_Sentences/images/sentence_03648.png,Ar berniukas dirba miške?
Datasets/Real_Handwriting/images/form_288_sentence_1.png,Šeima būna upės pakrantėje.
Datasets/Real_Handwriting/images/form_168_sentence_1.png,Paukštis labai kruopščiai valgo.
Datasets/Synthetic_Sentences/images/sentence_03873.png,Vaikas nori rašyti laišką.
Datasets/Real_Handwriting/images/form_182_sentence_2.png,Vaikas labai ramiai rašo.
Datasets/Synthetic_Sentences/images/sentence_00176.png,Mantas ilsisi kalnuose.
Datasets/Real_Handwriting/images/form_459_sentence_3.png,Mokytojas stato bokštą.
Datasets/Synthetic_Sentences/images/sentence_00088.png,Šiandien Jonas mokosi miške.
Datasets/Synthetic_Sentences/images/sentence_04501.png,Renata lankosi ežero pakrantėje.
Datasets/Synthetic_Sentences/images/sentence_01031.png,Ramiai Jurgita neša laišką.
Datasets/Synthetic_Sentences/images/sentence_04497.png,Jonas pradeda mokytis.
Datasets/Synthetic_Sentences/images/sentence_00515.png,Šiandien Eglė skaito žurnalą.
Datasets/Synthetic_Sentences/images/sentence_02084.png,Mergaitė skaito istoriją.
Datasets/Synthetic_Sentences/images/sentence_01864.png,Ar katė mokosi miške?
Datasets/Synthetic_Sentences/images/sentence_01480.png,Neringa nori tvarkytis.
Datasets/Real_Handwriting/images/form_221_sentence_2.png,Katė lankosi bibliotekoje.
Datasets/Synthetic_Sentences/images/sentence_00841.png,Šuo nori rašyti projektą.
Datasets/Real_Handwriting/images/form_152_sentence_3.png,Ar mergaitės ilsisi?
Datasets/Synthetic_Sentences/images/sentence_01037.png,Marija žaidžia kavinėje.
Datasets/Synthetic_Sentences/images/sentence_02435.png,Renata nori valgyti sriubą.
Datasets/Synthetic_Sentences/images/sentence_02356.png,Šiandien Saulius skaito receptą.
Datasets/Synthetic_Sentences/images/sentence_00080.png,"Ąžuolų miškas ošia, kai pučia stiprus vėjas."
Datasets/Synthetic_Sentences/images/sentence_00929.png,Rytoj Ingrida skaitys laišką.
Datasets/Synthetic_Sentences/images/sentence_02206.png,Laura mėgsta šokti.
Datasets/Synthetic_Sentences/images/sentence_03136.png,Gintaras stengiasi rašyti.
Datasets/Synthetic_Sentences/images/sentence_01213.png,Berniukas valgo vaisius.
Datasets/Synthetic_Sentences/images/sentence_01905.png,Mokytoja geria pieną.
Datasets/Synthetic_Sentences/images/sentence_04162.png,Garsiai mokytojas dirba darbe.
Datasets/Synthetic_Sentences/images/sentence_02247.png,Rasa skaito laišką.
Datasets/Synthetic_Sentences/images/sentence_00111.png,Vakar Žilvinas nešė krepšį.
Datasets/Synthetic_Sentences/images/sentence_00795.png,Šiandien šuo skaito receptą.
Datasets/Synthetic_Sentences/images/sentence_04503.png,Rytoj Mindaugas skaitys receptą.
Datasets/Synthetic_Sentences/images/sentence_02231.png,Šiandien mokytoja ilsisi namuose.
Datasets/Synthetic_Sentences/images/sentence_01134.png,Vakar Danielius skaitė žemėlapį.
Datasets/Real_Handwriting/images/form_174_sentence_4.png,Mergaitė labai mielai dainuoja.
Datasets/Synthetic_Sentences/images/sentence_03665.png,Ingrida stengiasi rašyti.
Datasets/Synthetic_Sentences/images/sentence_04635.png,Mindaugas gyvena kalnuose.
Datasets/Real_Handwriting/images/form_270_sentence_4.png,Mokytojas dirba mieste.
Datasets/Synthetic_Sentences/images/sentence_04461.png,Rytoj Jonas eis darbe.
Datasets/Real_Handwriting/images/form_092_sentence_5.png,Paukštis verkia kavą paplūdimyje.
Datasets/Synthetic_Sentences/images/sentence_02622.png,Rasa nori gerti vandenį.
Datasets/Synthetic_Sentences/images/sentence_02056.png,Ar Neringa mėgsta groti?
Datasets/Real_Handwriting/images/form_314_sentence_1.png,Šuo sportuoja namuose.
Datasets/Synthetic_Sentences/images/sentence_00026.png,Katė mėgsta skaityti istoriją.
Datasets/Synthetic_Sentences/images/sentence_04922.png,Kruopščiai Rasa skaito laišką.
Datasets/Synthetic_Sentences/images/sentence_02117.png,Neringa rašo receptą.
Datasets/Synthetic_Sentences/images/sentence_02398.png,Vakar katė skaitė žurnalą.
Datasets/Synthetic_Sentences/images/sentence_04242.png,Laura skaito laišką.
Datasets/Real_Handwriting/images/form_154_sentence_1.png,Rytoj jis kalba pamoką.
Datasets/Real_Handwriting/images/form_026_sentence_3.png,Vaikai galvoja mieste.
Datasets/Real_Handwriting/images/form_249_sentence_3.png,Neringa rašo žemėlapį.
Datasets/Synthetic_Sentences/images/sentence_00236.png,Vakar Mantas skaitė laišką.
Datasets/Synthetic_Sentences/images/sentence_01660.png,Eglė renka daržoves.
Datasets/Synthetic_Sentences/images/sentence_00800.png,Saulius mėgsta skaityti receptą.
Datasets/Real_Handwriting/images/form_461_sentence_1.png,Šiandien šeima mokosi pievoje.
Datasets/Synthetic_Sentences/images/sentence_00089.png,Šiandien Danielius skaito knygą.
Datasets/Synthetic_Sentences/images/sentence_01063.png,Danielius sportuoja ežero pakrantėje.
Datasets/Real_Handwriting/images/form_372_sentence_5.png,Kavinėje kvepėjo kava ir cinamonu.
Datasets/Synthetic_Sentences/images/sentence_02774.png,Studentė ilsisi paplūdimyje.
Datasets/Synthetic_Sentences/images/sentence_03051.png,Ramiai studentas valgo vaisius.
Datasets/Real_Handwriting/images/form_192_sentence_2.png,Šiandien draugai mąsto tyliai.
Datasets/Synthetic_Sentences/images/sentence_03502.png,Vaikas lankosi namuose.
Datasets/Synthetic_Sentences/images/sentence_04980.png,Gydytojas nori pirkti žaislą.
Datasets/Synthetic_Sentences/images/sentence_00192.png,Petras stengiasi važiuoti.
Datasets/Synthetic_Sentences/images/sentence_02245.png,Laura valgo košę.
Datasets/Synthetic_Sentences/images/sentence_02881.png,Atidžiai studentas perka duoną.
Datasets/Real_Handwriting/images/form_504_sentence_5.png,Kavinėje kvepėjo kava ir cinamonu.
Datasets/Synthetic_Sentences/images/sentence_03996.png,Studentas pradeda tvarkytis.
Datasets/Synthetic_Sentences/images/sentence_04402.png,Studentė pradeda gerti.
Datasets/Real_Handwriting/images/form_418_sentence_4.png,Žilvinas valgo sriubą.
Datasets/Synthetic_Sentences/images/sentence_04246.png,Vakar Mantas skaitė receptą.
Datasets/Synthetic_Sentences/images/sentence_01773.png,Ar Renata nori keliauti?
Datasets/Real_Handwriting/images/form_343_sentence_5.png,Cukrų ir cinamoną dedame į pyragą.
Datasets/Real_Handwriting/images/form_301_sentence_5.png,Universiteto studentai žaidžia šachmatais laisvalaikiu.
Datasets/Real_Handwriting/images/form_071_sentence_4.png,Šuo žiūri mokykloje.
Datasets/Real_Handwriting/images/form_186_sentence_3.png,Draugai baigia skubėti vandenį.
Datasets/Real_Handwriting/images/form_117_sentence_5.png,Ar moteris skuba?
Datasets/Real_Handwriting/images/form_265_sentence_3.png,Šeima gyvena kalnuose.
Datasets/Real_Handwriting/images/form_186_sentence_2.png,Ar moteris valgo?
Datasets/Synthetic_Sentences/images/sentence_00630.png,Ar Ingrida dirba upės pakrantėje?
Datasets/Synthetic_Sentences/images/sentence_01946.png,Šiandien Marija dirba stotyje.
Datasets/Real_Handwriting/images/form_076_sentence_1.png,Katė mėgsta piešti.
Datasets/Synthetic_Sentences/images/sentence_04937.png,Rytoj Eglė eis miške.
Datasets/Synthetic_Sentences/images/sentence_02053.png,Berniukas nori valgyti duoną.
Datasets/Real_Handwriting/images/form_178_sentence_4.png,Mergaitė labai garsiai valgo.
Datasets/Real_Handwriting/images/form_504_sentence_4.png,Šiandien žmogus ilsisi stadione.
Datasets/Real_Handwriting/images/form_238_sentence_5.png,Universiteto studentai žaidžia šachmatais laisvalaikiu.
Datasets/Synthetic_Sentences/images/sentence_00950.png,Gydytojas skaito receptą.
Datasets/Real_Handwriting/images/form_264_sentence_3.png,Jonas renka obuolius.
Datasets/Synthetic_Sentences/images/sentence_00611.png,Vaikas nori ilsėtis.
Datasets/Synthetic_Sentences/images/sentence_00364.png,Berniukas mėgsta valgyti.
Datasets/Real_Handwriting/images/form_225_sentence_2.png,Kruopščiai Jonas ilsisi namuose.
Datasets/Real_Handwriting/images/form_364_sentence_1.png,Ingrida ilsisi ežero pakrantėje.
Datasets/Synthetic_Sentences/images/sentence_00956.png,Gintaras perka arbatą.
Datasets/Synthetic_Sentences/images/sentence_03428.png,Ar Jurgita mokosi stadione?
Datasets/Real_Handwriting/images/form_282_sentence_5.png,Cukrų ir cinamoną dedame į pyragą.
Datasets/Synthetic_Sentences/images/sentence_00728.png,Mantas nori skaityti receptą.
Datasets/Synthetic_Sentences/images/sentence_04256.png,Gydytojas ilsisi miške.
Datasets/Synthetic_Sentences/images/sentence_00998.png,Vakar berniukas nešė laišką.
Datasets/Synthetic_Sentences/images/sentence_04372.png,Šuo rašo užduotį.
Datasets/Synthetic_Sentences/images/sentence_03651.png,Ar mokytoja mokosi upės pakrantėje?
Datasets/Real_Handwriting/images/form_108_sentence_2.png,Paukštis pradeda piešti filmą.
Datasets/Synthetic_Sentences/images/sentence_02128.png,Vakar Mindaugas nešė gėlę.
Datasets/Synthetic_Sentences/images/sentence_03281.png,Vakar Renata nešė dovaną.
Datasets/Synthetic_Sentences/images/sentence_00240.png,Garsiai Mindaugas skaito istoriją.
Datasets/Synthetic_Sentences/images/sentence_02882.png,Vakar mergaitė nešė knygą.
Datasets/Synthetic_Sentences/images/sentence_04009.png,Ramiai Eglė perka dovaną.
Datasets/Synthetic_Sentences/images/sentence_01540.png,Rasa nori gerti kavą.
Datasets/Synthetic_Sentences/images/sentence_02254.png,Marija pradeda dirbti.
Datasets/Synthetic_Sentences/images/sentence_03902.png,Petras pradeda piešti.
Datasets/Synthetic_Sentences/images/sentence_00717.png,Kruopščiai Renata valgo košę.
Datasets/Real_Handwriting/images/form_128_sentence_2.png,Jis bėga žaidimą prie ežero.
Datasets/Real_Handwriting/images/form_250_sentence_1.png,Neringa bando ilsėtis.
Datasets/Real_Handwriting/images/form_498_sentence_4.png,Ar žmogus mėgsta piešti?
Datasets/Synthetic_Sentences/images/sentence_04188.png,Danielius rašo projektą.
Datasets/Synthetic_Sentences/images/sentence_04122.png,Kristina mėgsta valgyti sriubą.
Datasets/Synthetic_Sentences/images/sentence_03491.png,Garsiai Tomas rašo užduotį.
Datasets/Synthetic_Sentences/images/sentence_02796.png,Ingrida nori rašyti.
Datasets/Synthetic_Sentences/images/sentence_01397.png,Eglė mėgsta gerti vandenį.
Datasets/Synthetic_Sentences/images/sentence_03422.png,Laura žaidžia darbe.
Datasets/Synthetic_Sentences/images/sentence_02849.png,Kruopščiai Gintaras ilsisi mokykloje.
Datasets/Synthetic_Sentences/images/sentence_04894.png,Mantas mėgsta valgyti duoną.
Datasets/Synthetic_Sentences/images/sentence_02580.png,Mielai Ingrida dirba darbe.
Datasets/Real_Handwriting/images/form_227_sentence_5.png,Cukrų ir cinamoną dedame į pyragą.
Datasets/Synthetic_Sentences/images/sentence_02787.png,Rytoj Kristina skaitys knygą.
Datasets/Synthetic_Sentences/images/sentence_02418.png,Šiandien Laura mokosi mieste.
Datasets/Synthetic_Sentences/images/sentence_00738.png,Saulius nori pirkti dovaną.
Datasets/Synthetic_Sentences/images/sentence_01357.png,Vakar berniukas skaitė laišką.
Datasets/Synthetic_Sentences/images/sentence_01998.png,Ar mokytoja mokosi upės pakrantėje?
Datasets/Real_Handwriting/images/form_366_sentence_5.png,"Šiandien šalta, bet sausa."
Datasets/Real_Handwriting/images/form_188_sentence_4.png,Ji tvarkosi ir tvarkosi.
Datasets/Real_Handwriting/images/form_127_sentence_5.png,Paukštis labai ramiai žiūri.
Datasets/Synthetic_Sentences/images/sentence_00705.png,Mokytojas nori valgyti daržoves.
Datasets/Synthetic_Sentences/images/sentence_01340.png,Gydytojas bando bėgti.
Datasets/Synthetic_Sentences/images/sentence_01567.png,Tomas mėgsta pirkti arbatą.
Datasets/Real_Handwriting/images/form_011_sentence_2.png,Vaikas bijo bėgti muziką.
Datasets/Synthetic_Sentences/images/sentence_02438.png,Mindaugas nori kalbėti.
Datasets/Real_Handwriting/images/form_194_sentence_2.png,Jie žiūri miške ir kavinėje.
Datasets/Synthetic_Sentences/images/sentence_04075.png,Mokytojas renka grybus.
Datasets/Synthetic_Sentences/images/sentence_01323.png,Renata perka knygą.
Datasets/Real_Handwriting/images/form_371_sentence_1.png,Vakar Tomas nešė krepšį.
Datasets/Real_Handwriting/images/form_033_sentence_3.png,Vyras nemėgsta mokytis pamoką.
Datasets/Synthetic_Sentences/images/sentence_02074.png,Danielius mėgsta pirkti dovaną.
Datasets/Real_Handwriting/images/form_426_sentence_3.png,Džiaugsmingai paukštis mokosi kaime.
Datasets/Synthetic_Sentences/images/sentence_02842.png,Ar Renata nori dirbti?
Datasets/Real_Handwriting/images/form_310_sentence_2.png,Jonas ilsisi stotyje.
Datasets/Synthetic_Sentences/images/sentence_01912.png,Marija mėgsta valgyti duoną.
Datasets/Synthetic_Sentences/images/sentence_03287.png,Ingrida nori rašyti receptą.
Datasets/Synthetic_Sentences/images/sentence_01573.png,Atidžiai Mantas perka knygą.
Datasets/Synthetic_Sentences/images/sentence_00730.png,Ramiai Danielius rašo receptą.
Datasets/Synthetic_Sentences/images/sentence_01615.png,Rytoj Tomas skaitys laišką.
Datasets/Synthetic_Sentences/images/sentence_04798.png,Saulius mėgsta šokti.
Datasets/Synthetic_Sentences/images/sentence_02497.png,Gintaras nori valgyti vaisius.
Datasets/Synthetic_Sentences/images/sentence_01723.png,Ingrida mėgsta valgyti obuolį.
Datasets/Synthetic_Sentences/images/sentence_01803.png,Gydytojas stengiasi važiuoti.
Datasets/Synthetic_Sentences/images/sentence_00804.png,Renata ilsisi darbe.
Datasets/Synthetic_Sentences/images/sentence_04176.png,Šiandien Gintaras dirba kavinėje.
Datasets/Synthetic_Sentences/images/sentence_02284.png,Jonas renka vaisius.
Datasets/Synthetic_Sentences/images/sentence_02579.png,Drąsiai Jurgita skaito žemėlapį.
Datasets/Synthetic_Sentences/images/sentence_01635.png,Šiandien Eglė dirba kavinėje.
Datasets/Synthetic_Sentences/images/sentence_03657.png,Danielius gyvena bibliotekoje.
Datasets/Synthetic_Sentences/images/sentence_03606.png,Katė mėgsta gerti sultis.
Datasets/Synthetic_Sentences/images/sentence_04918.png,Studentas nori valgyti sriubą.
Datasets/Real_Handwriting/images/form_194_sentence_4.png,Šiandien moteris skaito smagiai.
Datasets/Real_Handwriting/images/form_240_sentence_3.png,Rytoj žmogus eis upės pakrantėje.
Datasets/Real_Handwriting/images/form_156_sentence_1.png,Draugas skaito miške.
Datasets/Synthetic_Sentences/images/sentence_00402.png,Rytoj Ingrida skaitys žemėlapį.
Datasets/Real_Handwriting/images/form_207_sentence_3.png,Ar žmogus mokosi mokykloje?
Datasets/Synthetic_Sentences/images/sentence_03174.png,Mokytojas mėgsta pirkti dovaną.
Datasets/Synthetic_Sentences/images/sentence_04049.png,Studentas nori gerti arbatą.
Datasets/Real_Handwriting/images/form_293_sentence_4.png,Žmogus dirba mokykloje.
Datasets/Real_Handwriting/images/form_182_sentence_5.png,Vaikai labai niekada keliauoja.
Datasets/Synthetic_Sentences/images/sentence_00994.png,Šiandien studentė mokosi miške.
Datasets/Synthetic_Sentences/images/sentence_01466.png,Vakar Neringa dirbo kaime.
Datasets/Synthetic_Sentences/images/sentence_04463.png,Laura skaito knygą.
Datasets/Synthetic_Sentences/images/sentence_03804.png,Šuo gyvena miške.
Datasets/Synthetic_Sentences/images/sentence_01799.png,Neringa nori skaityti receptą.
Datasets/Real_Handwriting/images/form_402_sentence_3.png,Vakar gydytojas skaitė receptą.
Datasets/Synthetic_Sentences/images/sentence_01240.png,Ar studentė skaito istoriją?
Datasets/Synthetic_Sentences/images/sentence_02233.png,Berniukas žaidžia kaime.
Datasets/Synthetic_Sentences/images/sentence_01049.png,Mielai studentas skaito laišką.
Datasets/Synthetic_Sentences/images/sentence_02779.png,Šuo valgo košę.
Datasets/Synthetic_Sentences/images/sentence_03259.png,Vakar Mindaugas dirbo kaime.
Datasets/Synthetic_Sentences/images/sentence_01093.png,Šiandien Gintaras ilsisi mieste.
Datasets/Real_Handwriting/images/form_083_sentence_1.png,Gydytojai labai šiandien dainuoja.
Datasets/Synthetic_Sentences/images/sentence_04377.png,Vaikas mėgsta skaityti knygą.
Datasets/Synthetic_Sentences/images/sentence_00306.png,Drąsiai katė perka arbatą.
Datasets/Synthetic_Sentences/images/sentence_02270.png,Saulius žaidžia sode.
Datasets/Real_Handwriting/images/form_029_sentence_3.png,Šiandien jis keliauoja greitai.
Datasets/Synthetic_Sentences/images/sentence_00610.png,Eglė lankosi namuose.
Datasets/Synthetic_Sentences/images/sentence_02781.png,Ar Žilvinas mokosi kalnuose?
Datasets/Real_Handwriting/images/form_215_sentence_2.png,Mindaugas nori gerti paveikslą.
Datasets/Synthetic_Sentences/images/sentence_02125.png,Šiandien šuo skaito žemėlapį.
Datasets/Synthetic_Sentences/images/sentence_01042.png,Renata nori gerti kavą.
Datasets/Synthetic_Sentences/images/sentence_03763.png,Mokytojas mėgsta skaityti receptą.
Datasets/Synthetic_Sentences/images/sentence_02699.png,Garsiai Tomas dirba kalnuose.
Datasets/Synthetic_Sentences/images/sentence_01400.png,Rytoj Marija skaitys žemėlapį.
Datasets/Real_Handwriting/images/form_138_sentence_3.png,Vaikas labai smagiai valgo.
Datasets/Synthetic_Sentences/images/sentence_03416.png,Rytoj Tomas eis paplūdimyje.
Datasets/Synthetic_Sentences/images/sentence_04863.png,Neringa mėgsta pirkti arbatą.
Datasets/Synthetic_Sentences/images/sentence_00790.png,Garsiai Jonas skaito knygą.
Datasets/Real_Handwriting/images/form_147_sentence_1.png,Šuo skuba ir skuba.
Datasets/Synthetic_Sentences/images/sentence_04590.png,Petras žaidžia kalnuose.
Datasets/Synthetic_Sentences/images/sentence_00109.png,Danielius geria kavą.
Datasets/Synthetic_Sentences/images/sentence_00633.png,Vakar Neringa skaitė žurnalą.
Datasets/Synthetic_Sentences/images/sentence_04602.png,Ar mergaitė nori bėgti?
Datasets/Synthetic_Sentences/images/sentence_02326.png,Šiandien šuo perka žaislą.
Datasets/Real_Handwriting/images/form_481_sentence_1.png,Ar Saulius mėgsta bėgti?
Datasets/Real_Handwriting/images/form_183_sentence_5.png,Visada moteris galvoja egzaminą.
Datasets/Synthetic_Sentences/images/sentence_01632.png,Šiandien mokytojas skaito laišką.
Datasets/Real_Handwriting/images/form_281_sentence_4.png,Mielai studentas neša žaislą.
Datasets/Synthetic_Sentences/images/sentence_00820.png,Jonas nori gerti kavą.
Datasets/Synthetic_Sentences/images/sentence_01813.png,Džiaugsmingai katė valgo obuolį.
Datasets/Synthetic_Sentences/images/sentence_00305.png,Džiaugsmingai mergaitė dirba ligoninėje.
Datasets/Real_Handwriting/images/form_368_sentence_3.png,Vakar Jurgita nešė laišką.
Datasets/Synthetic_Sentences/images/sentence_04862.png,Danielius mėgsta skaityti receptą.
Datasets/Real_Handwriting/images/form_383_sentence_3.png,Šiandien Jurgita ilsisi kaime.
Datasets/Real_Handwriting/images/form_046_sentence_2.png,Draugai šypsosi miške ir prie ežero.
Datasets/Synthetic_Sentences/images/sentence_04624.png,Vaikas nori dainuoti.
Datasets/Synthetic_Sentences/images/sentence_03211.png,Šiandien šuo ilsisi sode.
Datasets/Synthetic_Sentences/images/sentence_00640.png,Renata mėgsta pirkti kavą.
Datasets/Synthetic_Sentences/images/sentence_01879.png,Ar Ingrida dirba parke?
Datasets/Synthetic_Sentences/images/sentence_01242.png,Ramiai Ingrida valgo duoną.
Datasets/Synthetic_Sentences/images/sentence_01341.png,Šuo nori gerti kavą.
Datasets/Real_Handwriting/images/form_410_sentence_1.png,Drąsiai gydytojas valgo sriubą.
Datasets/Real_Handwriting/images/form_278_sentence_3.png,Ar Mantas mėgsta skaityti?
Datasets/Synthetic_Sentences/images/sentence_04476.png,Kruopščiai šuo neša žaislą.
Datasets/Synthetic_Sentences/images/sentence_04192.png,Berniukas renka vaisius.
Datasets/Synthetic_Sentences/images/sentence_01741.png,Saulius renka obuolius.
Datasets/Synthetic_Sentences/images/sentence_00210.png,Žilvinas nori dainuoti.
Datasets/Real_Handwriting/images/form_357_sentence_1.png,Rasa neša gėlę.
Datasets/Real_Handwriting/images/form_031_sentence_4.png,Mergaitės labai greitai geria.
Datasets/Synthetic_Sentences/images/sentence_02395.png,Danielius žaidžia ežero pakrantėje.
Datasets/Synthetic_Sentences/images/sentence_02000.png,Rytoj studentas skaitys knygą.
Datasets/Synthetic_Sentences/images/sentence_00073.png,Švelniai Ingrida ilsisi mokykloje.
Datasets/Synthetic_Sentences/images/sentence_00805.png,Ar studentė nori ilsėtis?
Datasets/Synthetic_Sentences/images/sentence_01423.png,Ar šuo dirba upės pakrantėje?
Datasets/Synthetic_Sentences/images/sentence_01034.png,Ar šuo dirba kalnuose?
Datasets/Synthetic_Sentences/images/sentence_04815.png,Saulius nori skaityti istoriją.
Datasets/Real_Handwriting/images/form_027_sentence_4.png,Aš šoka kalnuose ir paplūdimyje.
Datasets/Synthetic_Sentences/images/sentence_04217.png,Šiandien Saulius skaito žemėlapį.
Datasets/Real_Handwriting/images/form_415_sentence_4.png,Džiaugsmingai katė ilsisi stadione.
Datasets/Real_Handwriting/images/form_142_sentence_5.png,Vaikas mėgsta bėgti.
Datasets/Real_Handwriting/images/form_082_sentence_1.png,Vyras niekada dainuoja.
Datasets/Real_Handwriting/images/form_469_sentence_5.png,Universiteto studentai žaidžia šachmatais laisvalaikiu.
Datasets/Synthetic_Sentences/images/sentence_02915.png,Vakar Neringa dirbo kalnuose.
Datasets/Synthetic_Sentences/images/sentence_04111.png,Saulius mėgsta bėgti.
Datasets/Real_Handwriting/images/form_365_sentence_1.png,Gintaras skaito laišką.
Datasets/Synthetic_Sentences/images/sentence_01243.png,Berniukas perka žaislą.
Datasets/Synthetic_Sentences/images/sentence_00373.png,Mantas sportuoja pievoje.
Datasets/Real_Handwriting/images/form_470_sentence_2.png,Ar Jurgita mėgsta statyti?
Datasets/Synthetic_Sentences/images/sentence_03816.png,Kristina mokosi sode.
Datasets/Real_Handwriting/images/form_027_sentence_1.png,Draugas šoka ir šoka.
Datasets/Real_Handwriting/images/form_414_sentence_4.png,Mokytoja lankosi parke.
Datasets/Synthetic_Sentences/images/sentence_01258.png,Neringa nori pirkti žaislą.
Datasets/Real_Handwriting/images/form_175_sentence_3.png,Jie verkia ir verkia.
Datasets/Real_Handwriting/images/form_416_sentence_4.png,Rūpestingai šeima mokosi namuose.
Datasets/Synthetic_Sentences/images/sentence_01715.png,Šiandien Renata perka knygą.
Datasets/Synthetic_Sentences/images/sentence_00925.png,Neringa nori rašyti projektą.
Datasets/Synthetic_Sentences/images/sentence_03664.png,Studentė žaidžia ežero pakrantėje.
Datasets/Synthetic_Sentences/images/sentence_02768.png,Eglė skaito istoriją.
Datasets/Synthetic_Sentences/images/sentence_03650.png,Gintaras pradeda šokti.
Datasets/Synthetic_Sentences/images/sentence_04927.png,Berniukas dirba ežero pakrantėje.
Datasets/Synthetic_Sentences/images/sentence_02613.png,Šiandien studentė skaito žemėlapį.
Datasets/Real_Handwriting/images/form_114_sentence_1.png,Mergaitės žiūri receptą.
Datasets/Real_Handwriting/images/form_238_sentence_1.png,Rūpestingai mokytoja ilsisi kalnuose.
Datasets/Real_Handwriting/images/form_289_sentence_3.png,Jonas gyvena namuose.
Datasets/Synthetic_Sentences/images/sentence_00043.png,Žilvinas ilsisi pievoje.
Datasets/Real_Handwriting/images/form_104_sentence_4.png,Vyrai nori valgyti mokyklą.
Datasets/Synthetic_Sentences/images/sentence_01961.png,Laura nori skaityti žurnalą.
Datasets/Synthetic_Sentences/images/sentence_01362.png,Kruopščiai Marija mokosi stadione.
Datasets/Synthetic_Sentences/images/sentence_02660.png,Renata nori skaityti receptą.
Datasets/Synthetic_Sentences/images/sentence_02628.png,Eglė nori valgyti košę.
Datasets/Real_Handwriting/images/form_353_sentence_2.png,Tomas renka vaisius.
Datasets/Real_Handwriting/images/form_140_sentence_3.png,Moteris geria mokykloje ir ligoninėje.
Datasets/Synthetic_Sentences/images/sentence_01966.png,Rytoj Danielius skaitys receptą.
Datasets/Synthetic_Sentences/images/sentence_00037.png,Mantas sportuoja kavinėje.
Datasets/Synthetic_Sentences/images/sentence_01057.png,Neringa ilsisi upės pakrantėje.
Datasets/Real_Handwriting/images/form_329_sentence_1.png,Rytoj Renata skaitys istoriją.
Datasets/Real_Handwriting/images/form_170_sentence_3.png,Mes labai valgo.
Datasets/Synthetic_Sentences/images/sentence_03132.png,Saulius dirba kalnuose.
Datasets/Real_Handwriting/images/form_435_sentence_5.png,Futbolininkas šokinėja per kliūtis.
Datasets/Synthetic_Sentences/images/sentence_04502.png,Kristina nori skaityti žemėlapį.
Datasets/Synthetic_Sentences/images/sentence_02225.png,Saulius nori skaityti laišką.
Datasets/Synthetic_Sentences/images/sentence_04979.png,Mergaitė nori rašyti.
Datasets/Synthetic_Sentences/images/sentence_01179.png,Šiandien studentė perka žaislą.
Datasets/Real_Handwriting/images/form_126_sentence_1.png,Draugas dirba ligoninėje ir kavinėje.
Datasets/Real_Handwriting/images/form_208_sentence_2.png,Gintaras mokosi darbe.
Datasets/Real_Handwriting/images/form_377_sentence_5.png,"Vaikas verkia, nes pametė žaislą."
Datasets/Synthetic_Sentences/images/sentence_00865.png,Švelniai Jonas rašo žemėlapį.
Datasets/Synthetic_Sentences/images/sentence_03212.png,Šiandien Petras perka kavą.
Datasets/Synthetic_Sentences/images/sentence_00135.png,Šiandien Mantas dirba bibliotekoje.
Datasets/Synthetic_Sentences/images/sentence_00510.png,Berniukas nori pirkti kavą.
Datasets/Real_Handwriting/images/form_345_sentence_2.png,Šiandien studentė mokosi kalnuose.
Datasets/Synthetic_Sentences/images/sentence_00590.png,Gydytojas lankosi sode.
Datasets/Synthetic_Sentences/images/sentence_04008.png,Šuo pradeda galvoti.
Datasets/Synthetic_Sentences/images/sentence_02782.png,Mokytojas neša laišką.
Datasets/Synthetic_Sentences/images/sentence_02557.png,Rytoj Marija eis upės pakrantėje.
Datasets/Real_Handwriting/images/form_181_sentence_1.png,Šuo garsiai rašo.
Datasets/Real_Handwriting/images/form_239_sentence_3.png,Rūpestingai gydytojas rašo receptą.
Datasets/Synthetic_Sentences/images/sentence_03511.png,Kruopščiai Neringa skaito laišką.
Datasets/Real_Handwriting/images/form_376_sentence_5.png,Čiulba paukščiai ankstų rytą.
Datasets/Real_Handwriting/images/form_478_sentence_5.png,Kavinėje kvepėjo kava ir cinamonu.
Datasets/Synthetic_Sentences/images/sentence_03703.png,Mergaitė mėgsta valgyti duoną.
Datasets/Synthetic_Sentences/images/sentence_04051.png,Rytoj mokytoja skaitys istoriją.
Datasets/Synthetic_Sentences/images/sentence_00474.png,Eglė mėgsta gerti pieną.
Datasets/Real_Handwriting/images/form_054_sentence_5.png,Aš sportuoja maistą mokykloje.
Datasets/Synthetic_Sentences/images/sentence_02618.png,Gydytojas lankosi ligoninėje.
Datasets/Real_Handwriting/images/form_201_sentence_1.png,Rytoj Mantas skaitys žurnalą.
Datasets/Synthetic_Sentences/images/sentence_03162.png,Studentė mėgsta gerti kavą.
Datasets/Synthetic_Sentences/images/sentence_03142.png,Gydytojas nori rašyti žemėlapį.
Datasets/Real_Handwriting/images/form_145_sentence_3.png,Tu juokiasi ir juokiasi.
Datasets/Synthetic_Sentences/images/sentence_03120.png,Eglė nori gerti pieną.
Datasets/Real_Handwriting/images/form_284_sentence_3.png,Žmogus stato tvorą.
Datasets/Synthetic_Sentences/images/sentence_00492.png,Šiandien Tomas dirba stotyje.
Datasets/Real_Handwriting/images/form_226_sentence_4.png,Šiandien Tomas dirba miške.
Datasets/Real_Handwriting/images/form_092_sentence_3.png,Katė retai galvoja.
Datasets/Real_Handwriting/images/form_403_sentence_2.png,Vakar vaikas dirbo kalnuose.
Datasets/Synthetic_Sentences/images/sentence_00709.png,Petras nori rašyti užduotį.
Datasets/Real_Handwriting/images/form_123_sentence_2.png,Jos nemėgsta mokytis pamoką.
Datasets/Real_Handwriting/images/form_395_sentence_3.png,Vakar Petras dirbo kalnuose.
Datasets/Synthetic_Sentences/images/sentence_04470.png,Švelniai Ingrida valgo duoną.
Datasets/Synthetic_Sentences/images/sentence_00844.png,Drąsiai Laura dirba stadione.
Datasets/Real_Handwriting/images/form_472_sentence_3.png,Paukštis mėgsta piešti užduotį.
Datasets/Synthetic_Sentences/images/sentence_01951.png,Ar Ingrida dirba sode?
Datasets/Synthetic_Sentences/images/sentence_01601.png,Jurgita gyvena ežero pakrantėje.
Datasets/Synthetic_Sentences/images/sentence_01551.png,Studentė lankosi sode.
Datasets/Synthetic_Sentences/images/sentence_01064.png,Šuo nori eiti.
Datasets/Synthetic_Sentences/images/sentence_02948.png,Gydytojas renka daržoves.
Datasets/Synthetic_Sentences/images/sentence_01742.png,Laura nori rašyti laišką.
Datasets/Synthetic_Sentences/images/sentence_03407.png,Jonas neša gėlę.
Datasets/Real_Handwriting/images/form_230_sentence_4.png,Žmogus skaito knygą.
Datasets/Synthetic_Sentences/images/sentence_03487.png,Greitai Saulius dirba ežero pakrantėje.
Datasets/Synthetic_Sentences/images/sentence_02789.png,Studentas lankosi parke.
Datasets/Synthetic_Sentences/images/sentence_03640.png,Ar studentė mėgsta eiti?
Datasets/Synthetic_Sentences/images/sentence_03578.png,Šiandien šuo dirba stadione.
Datasets/Synthetic_Sentences/images/sentence_04296.png,Gintaras pradeda eiti.
Datasets/Synthetic_Sentences/images/sentence_03398.png,Mokytoja nori rašyti užduotį.
Datasets/Synthetic_Sentences/images/sentence_01249.png,Ingrida nori valgyti daržoves.
Datasets/Synthetic_Sentences/images/sentence_01177.png,Džiaugsmingai Ingrida rašo žemėlapį.
Datasets/Synthetic_Sentences/images/sentence_01984.png,Tolumoje matosi aukšti kalnai.
Datasets/Synthetic_Sentences/images/sentence_01654.png,Šiandien Gintaras skaito receptą.
Datasets/Synthetic_Sentences/images/sentence_03393.png,Mokytoja mėgsta valgyti sriubą.
Datasets/Real_Handwriting/images/form_095_sentence_1.png,Šiandien draugas skuba ramiai.
Datasets/Real_Handwriting/images/form_101_sentence_5.png,Ji klauso ir klauso.
Datasets/Synthetic_Sentences/images/sentence_03559.png,Laura bando galvoti.
Datasets/Real_Handwriting/images/form_158_sentence_1.png,Šuo stengiasi šokti.
Datasets/Real_Handwriting/images/form_211_sentence_5.png,Cecilija čiuožia ant ledo.
Datasets/Synthetic_Sentences/images/sentence_03835.png,Šiandien Jonas perka arbatą.
Datasets/Synthetic_Sentences/images/sentence_02835.png,Rytoj Ingrida eis darbe.
Datasets/Synthetic_Sentences/images/sentence_02352.png,Gintaras geria arbatą.
Datasets/Real_Handwriting/images/form_493_sentence_5.png,Bitė skraido virš bijūnų.
Datasets/Real_Handwriting/images/form_299_sentence_4.png,Šiandien studentas skaito žemėlapį.
Datasets/Synthetic_Sentences/images/sentence_04397.png,Šiandien mokytoja dirba parke.
Datasets/Real_Handwriting/images/form_204_sentence_4.png,Drąsiai Kristina valgo sriubą.
Datasets/Synthetic_Sentences/images/sentence_03375.png,Šiandien Jonas ilsisi pievoje.
Datasets/Real_Handwriting/images/form_398_sentence_3.png,Jonas dirba namuose.
Datasets/Synthetic_Sentences/images/sentence_02838.png,Rasa valgo vaisius.
Datasets/Synthetic_Sentences/images/sentence_02778.png,Gydytojas valgo sriubą.
Datasets/Synthetic_Sentences/images/sentence_02334.png,Berniukas dirba kavinėje.
Datasets/Synthetic_Sentences/images/sentence_02374.png,Gydytojas skaito receptą.
Datasets/Synthetic_Sentences/images/sentence_00188.png,Neringa žaidžia kalnuose.
Datasets/Synthetic_Sentences/images/sentence_04498.png,Ar Jonas mėgsta sportuoti?
Datasets/Synthetic_Sentences/images/sentence_02095.png,Renata nori rašyti istoriją.
Datasets/Real_Handwriting/images/form_490_sentence_3.png,Kristina stengiasi šokti.
Datasets/Synthetic_Sentences/images/sentence_00736.png,Lėtai gydytojas perka žaislą.
Datasets/Synthetic_Sentences/images/sentence_03363.png,Ar studentė mėgsta žaisti?
Datasets/Real_Handwriting/images/form_373_sentence_3.png,Ramiai žirgas dirba sode.
Datasets/Real_Handwriting/images/form_201_sentence_5.png,Cecilija čiuožia ant ledo.
Datasets/Synthetic_Sentences/images/sentence_01421.png,Šiandien Jonas dirba parke.
Datasets/Synthetic_Sentences/images/sentence_03081.png,Ar Mantas skaito laišką?
Datasets/Synthetic_Sentences/images/sentence_03127.png,Ar mokytojas mokosi mokykloje?
Datasets/Synthetic_Sentences/images/sentence_03310.png,Ar Jonas mokosi mokykloje?
Datasets/Synthetic_Sentences/images/sentence_00316.png,Gintaras renka akmenis.
Datasets/Real_Handwriting/images/form_051_sentence_4.png,Šiandien jūs juokiasi smagiai.
Datasets/Real_Handwriting/images/form_295_sentence_1.png,Šiandien paukštis mokosi stadione.
Datasets/Real_Handwriting/images/form_459_sentence_1.png,Marija neša laišką.
Datasets/Real_Handwriting/images/form_304_sentence_4.png,Eglė lankosi miške.
Datasets/Real_Handwriting/images/form_471_sentence_5.png,Cukrų ir cinamoną dedame į pyragą.
Datasets/Synthetic_Sentences/images/sentence_03800.png,Katė renka grybus.
Datasets/Synthetic_Sentences/images/sentence_01339.png,Vakar Žilvinas skaitė knygą.
Datasets/Real_Handwriting/images/form_459_sentence_2.png,Ar katė mokosi darbe?
Datasets/Synthetic_Sentences/images/sentence_03007.png,Ar Renata mokosi namuose?
Datasets/Synthetic_Sentences/images/sentence_00940.png,Ar Jonas dirba kavinėje?
Datasets/Synthetic_Sentences/images/sentence_01428.png,Vakar vaikas dirbo miške.
Datasets/Synthetic_Sentences/images/sentence_04584.png,Ingrida nori skaityti knygą.
Datasets/Synthetic_Sentences/images/sentence_01017.png,Rytoj Jurgita eis paplūdimyje.
Datasets/Real_Handwriting/images/form_041_sentence_4.png,Vyras labai kartu sportuoja.
Datasets/Synthetic_Sentences/images/sentence_04487.png,Studentė skaito knygą.
Datasets/Synthetic_Sentences/images/sentence_03565.png,Gintaras mėgsta skaityti knygą.
Datasets/Synthetic_Sentences/images/sentence_04533.png,Tomas lankosi ežero pakrantėje.
Datasets/Synthetic_Sentences/images/sentence_03891.png,Petras nori piešti.
Datasets/Synthetic_Sentences/images/sentence_00078.png,Gintaras mėgsta gerti arbatą.
Datasets/Synthetic_Sentences/images/sentence_04865.png,Vakar Kristina skaitė receptą.
Datasets/Synthetic_Sentences/images/sentence_04096.png,Kristina perka žaislą.
Datasets/Synthetic_Sentences/images/sentence_00479.png,Šuo žaidžia paplūdimyje.
Datasets/Synthetic_Sentences/images/sentence_03427.png,Saulius sportuoja bibliotekoje.
Datasets/Synthetic_Sentences/images/sentence_02450.png,Laura perka arbatą.
Datasets/Synthetic_Sentences/images/sentence_04370.png,Šiandien Marija skaito žurnalą.
Datasets/Synthetic_Sentences/images/sentence_01643.png,Šiandien Mantas skaito žemėlapį.
Datasets/Real_Handwriting/images/form_416_sentence_1.png,Vaikas gyvena kalnuose.
Datasets/Synthetic_Sentences/images/sentence_04062.png,Ingrida ilsisi mieste.
Datasets/Synthetic_Sentences/images/sentence_04190.png,Gintaras nori pirkti gėlę.
Datasets/Synthetic_Sentences/images/sentence_04676.png,Šiandien Žilvinas mokosi upės pakrantėje.
Datasets/Synthetic_Sentences/images/sentence_00689.png,Šiandien mokytoja ilsisi darbe.
Datasets/Real_Handwriting/images/form_123_sentence_4.png,Mokytojai labai visada miega.
Datasets/Synthetic_Sentences/images/sentence_00794.png,Atidžiai katė valgo sriubą.
Datasets/Real_Handwriting/images/form_095_sentence_3.png,Katė mėgsta skubėti.
Datasets/Synthetic_Sentences/images/sentence_04626.png,Ramiai Rasa ilsisi pievoje.
Datasets/Real_Handwriting/images/form_341_sentence_4.png,Šeima dirba mokykloje.
Datasets/Synthetic_Sentences/images/sentence_00680.png,Šiandien Petras skaito žurnalą.
Datasets/Synthetic_Sentences/images/sentence_00672.png,Atidžiai Mantas neša krepšį.
Datasets/Synthetic_Sentences/images/sentence_01513.png,Saulius mėgsta gerti.
Datasets/Synthetic_Sentences/images/sentence_04613.png,Mergaitė mėgsta valgyti sriubą.
Datasets/Real_Handwriting/images/form_188_sentence_5.png,Mergaitė nori eiti receptą.
Datasets/Real_Handwriting/images/form_397_sentence_5.png,Cecilija čiuožia ant ledo.
Datasets/Synthetic_Sentences/images/sentence_02444.png,Ar Renata dirba bibliotekoje?
Datasets/Synthetic_Sentences/images/sentence_00890.png,Katė lankosi kalnuose.
Datasets/Synthetic_Sentences/images/sentence_04960.png,Ingrida sportuoja miške.
Datasets/Synthetic_Sentences/images/sentence_02991.png,Danielius ilsisi stadione.
Datasets/Synthetic_Sentences/images/sentence_00554.png,Ar studentas mėgsta ilsėtis?
Datasets/Synthetic_Sentences/images/sentence_03926.png,Ingrida mėgsta gerti arbatą.
Datasets/Real_Handwriting/images/form_088_sentence_5.png,Moteris labai greitai rašo.
Datasets/Synthetic_Sentences/images/sentence_00128.png,Marija nori gerti kavą.
Datasets/Synthetic_Sentences/images/sentence_03148.png,Rytoj Saulius eis mokykloje.
Datasets/Real_Handwriting/images/form_069_sentence_4.png,Šiandien mergaitė skaito kartu.
Datasets/Synthetic_Sentences/images/sentence_04822.png,Marija valgo obuolį.
Datasets/Synthetic_Sentences/images/sentence_01919.png,Šiandien studentė ilsisi kalnuose.
Datasets/Real_Handwriting/images/form_052_sentence_5.png,Vaikai mėgsta miegoti paveikslą.
Datasets/Synthetic_Sentences/images/sentence_04716.png,Rytoj Gintaras skaitys receptą.
Datasets/Synthetic_Sentences/images/sentence_02568.png,Šiandien Laura skaito istoriją.
Datasets/Real_Handwriting/images/form_285_sentence_4.png,Šiandien Mindaugas mokosi miške.
Datasets/Real_Handwriting/images/form_090_sentence_4.png,Ar paukštis klauso?
Datasets/Synthetic_Sentences/images/sentence_01233.png,Ar vaikas dirba sode?
Datasets/Synthetic_Sentences/images/sentence_01185.png,Šuo neša krepšį.
Datasets/Synthetic_Sentences/images/sentence_03679.png,Mantas neša knygą.
Datasets/Synthetic_Sentences/images/sentence_01846.png,Neringa lankosi pievoje.
Datasets/Synthetic_Sentences/images/sentence_03942.png,Rūpestingai Mantas rašo laišką.
Datasets/Synthetic_Sentences/images/sentence_03071.png,Neringa neša knygą.
Datasets/Synthetic_Sentences/images/sentence_00471.png,Studentė gyvena ligoninėje.
Datasets/Synthetic_Sentences/images/sentence_01267.png,Šiandien Jurgita dirba sode.
Datasets/Synthetic_Sentences/images/sentence_04709.png,Mokytoja gyvena ežero pakrantėje.
Datasets/Synthetic_Sentences/images/sentence_03253.png,Mokytoja mėgsta skaityti receptą.
Datasets/Synthetic_Sentences/images/sentence_04629.png,Mokytojas mokosi kaime.
Datasets/Real_Handwriting/images/form_081_sentence_2.png,Moterys sportuoja mokyklą.
Datasets/Synthetic_Sentences/images/sentence_01509.png,Ar Renata mėgsta skaityti?
Datasets/Real_Handwriting/images/form_055_sentence_3.png,Tu nori valgyti.
Datasets/Synthetic_Sentences/images/sentence_01572.png,Mielai Jonas rašo projektą.
Datasets/Synthetic_Sentences/images/sentence_03817.png,Ar Gintaras skaito laišką?
Datasets/Synthetic_Sentences/images/sentence_01027.png,Ingrida mėgsta valgyti obuolį.
Datasets/Real_Handwriting/images/form_252_sentence_5.png,Brolis bėga per baltą sniegą.
Datasets/Real_Handwriting/images/form_173_sentence_5.png,Jūs mokosi darbe ir kalnuose.
Datasets/Synthetic_Sentences/images/sentence_01965.png,Rasa neša dovaną.
Datasets/Synthetic_Sentences/images/sentence_01757.png,Žilvinas mokosi bibliotekoje.
Datasets/Synthetic_Sentences/images/sentence_02297.png,Ar mergaitė skaito knygą?
Datasets/Synthetic_Sentences/images/sentence_01247.png,Mergaitė renka grybus.
Datasets/Synthetic_Sentences/images/sentence_03452.png,Gintaras bando sportuoti.
Datasets/Real_Handwriting/images/form_410_sentence_4.png,Ingrida valgo košę.
Datasets/Synthetic_Sentences/images/sentence_03999.png,Ar Marija dirba paplūdimyje?
Datasets/Synthetic_Sentences/images/sentence_00289.png,Rytoj studentė skaitys istoriją.
Datasets/Synthetic_Sentences/images/sentence_00684.png,Studentė renka daržoves.
Datasets/Synthetic_Sentences/images/sentence_01598.png,Ar studentė mėgsta dainuoti?
Datasets/Synthetic_Sentences/images/sentence_03700.png,Tomas stengiasi rašyti.
Datasets/Synthetic_Sentences/images/sentence_01908.png,Kristina nori pirkti arbatą.
Datasets/Synthetic_Sentences/images/sentence_03112.png,Laura skaito receptą.
Datasets/Real_Handwriting/images/form_502_sentence_5.png,Danielius dažnai dalyvauja varžybose.
Datasets/Synthetic_Sentences/images/sentence_04036.png,Gydytojas pradeda sportuoti.
Datasets/Synthetic_Sentences/images/sentence_04044.png,Vaikas renka gėles.
Datasets/Synthetic_Sentences/images/sentence_04403.png,Renata mėgsta skaityti žurnalą.
Datasets/Real_Handwriting/images/form_302_sentence_1.png,Lėtai studentė dirba upės pakrantėje.
Datasets/Synthetic_Sentences/images/sentence_02045.png,Tomas skaito žemėlapį.
Datasets/Real_Handwriting/images/form_199_sentence_5.png,Vyrai stengiasi šokti darbą.
Datasets/Real_Handwriting/images/form_453_sentence_5.png,Daktaras dirba didelėje ligoninėje.
Datasets/Real_Handwriting/images/form_408_sentence_2.png,Žilvinas mėgsta važiuoti.
Datasets/Real_Handwriting/images/form_473_sentence_1.png,Mantas renka grybus.
Datasets/Real_Handwriting/images/form_359_sentence_5.png,Buvo labai šalta tą žiemos rytą.
Datasets/Synthetic_Sentences/images/sentence_03294.png,Rasa mokosi mieste.
Datasets/Synthetic_Sentences/images/sentence_00624.png,Mergaitė mėgsta pirkti arbatą.
Datasets/Synthetic_Sentences/images/sentence_03192.png,Eglė nori rašyti istoriją.
Datasets/Synthetic_Sentences/images/sentence_03847.png,Katė mėgsta skaityti knygą.
Datasets/Synthetic_Sentences/images/sentence_04513.png,Mantas mėgsta mokytis.
Datasets/Real_Handwriting/images/form_310_sentence_5.png,Žirgai bėga laisvai per žalią lauką.
Datasets/Synthetic_Sentences/images/sentence_04127.png,Rytoj Tomas eis kaime.
Datasets/Synthetic_Sentences/images/sentence_04829.png,Gintaras gyvena stotyje.
Datasets/Synthetic_Sentences/images/sentence_01228.png,Ar Eglė mokosi kalnuose?
Datasets/Synthetic_Sentences/images/sentence_02452.png,Gydytojas nori valgyti daržoves.
Datasets/Real_Handwriting/images/form_064_sentence_5.png,Ar mes juokiasi?
Datasets/Synthetic_Sentences/images/sentence_00859.png,Šuo nori pirkti gėlę.
Datasets/Synthetic_Sentences/images/sentence_00132.png,Ar Ingrida nori gerti?
Datasets/Synthetic_Sentences/images/sentence_01911.png,Atidžiai Ingrida ilsisi sode.
Datasets/Synthetic_Sentences/images/sentence_04079.png,Šiandien vaikas dirba kaime.
Datasets/Synthetic_Sentences/images/sentence_04912.png,Katė nori gerti sultis.
Datasets/Synthetic_Sentences/images/sentence_04450.png,Jurgita nori skaityti istoriją.
Datasets/Synthetic_Sentences/images/sentence_04223.png,Šiandien Rasa perka kavą.
Datasets/Synthetic_Sentences/images/sentence_03694.png,Šuo ilsisi namuose.
Datasets/Real_Handwriting/images/form_026_sentence_2.png,Mergaitė bijo galvoti mokyklą.
Datasets/Synthetic_Sentences/images/sentence_03600.png,Vaikas stengiasi mokytis.
Datasets/Real_Handwriting/images/form_503_sentence_5.png,Kartu keliaujame per kalnų taką.
Datasets/Real_Handwriting/images/form_059_sentence_1.png,Studentai žiūri prie ežero ir kalnuose.
Datasets/Real_Handwriting/images/form_046_sentence_4.png,Rytoj ji žaidžia arbatą.
Datasets/Synthetic_Sentences/images/sentence_00808.png,Mokytojas perka duoną.
Datasets/Real_Handwriting/images/form_129_sentence_1.png,Mokytojas klauso ligoninėje.
Datasets/Real_Handwriting/images/form_043_sentence_3.png,Šiandien vyrai eina niekada.
Datasets/Synthetic_Sentences/images/sentence_00183.png,Ar Gintaras mėgsta ilsėtis?
Datasets/Real_Handwriting/images/form_363_sentence_3.png,Švelniai Mantas neša knygą.
Datasets/Synthetic_Sentences/images/sentence_04335.png,Gydytojas mokosi darbe.
Datasets/Synthetic_Sentences/images/sentence_00098.png,Švelniai Marija dirba ligoninėje.
Datasets/Real_Handwriting/images/form_420_sentence_4.png,Ramiai Ingrida valgo košę.
Datasets/Synthetic_Sentences/images/sentence_01259.png,Ar studentė mėgsta skaityti?
Datasets/Real_Handwriting/images/form_332_sentence_3.png,Mantas stato namą.
Datasets/Real_Handwriting/images/form_434_sentence_4.png,Šiandien Petras skaito žemėlapį.
Datasets/Synthetic_Sentences/images/sentence_00886.png,Ingrida nori skaityti istoriją.
Datasets/Synthetic_Sentences/images/sentence_03913.png,Mokytojas skaito receptą.
Datasets/Real_Handwriting/images/form_105_sentence_2.png,Gydytojas bijo gerti arbatą.
Datasets/Synthetic_Sentences/images/sentence_02615.png,Studentė mėgsta valgyti vaisius.
Datasets/Real_Handwriting/images/form_026_sentence_1.png,Jis labai kartu verkia.
Datasets/Synthetic_Sentences/images/sentence_03269.png,Žilvinas nori gerti vandenį.
Datasets/Synthetic_Sentences/images/sentence_00999.png,Kristina neša krepšį.
Datasets/Real_Handwriting/images/form_350_sentence_4.png,Vakar žmogus skaitė laišką.
Datasets/Real_Handwriting/images/form_237_sentence_5.png,Kavinėje kvepėjo kava ir cinamonu.
Datasets/Synthetic_Sentences/images/sentence_01270.png,Petras mėgsta pirkti duoną.
Datasets/Synthetic_Sentences/images/sentence_04384.png,Rytoj Tomas eis stadione.
Datasets/Synthetic_Sentences/images/sentence_00802.png,Mielai gydytojas perka kavą.
Datasets/Real_Handwriting/images/form_436_sentence_3.png,Šiandien Kristina skaito laišką.
Datasets/Real_Handwriting/images/form_394_sentence_2.png,Atidžiai šeima ilsisi stadione.
Datasets/Real_Handwriting/images/form_412_sentence_5.png,Cecilija čiuožia ant ledo.
Datasets/Synthetic_Sentences/images/sentence_01819.png,Šiandien Danielius mokosi namuose.
Datasets/Synthetic_Sentences/images/sentence_03370.png,Garsiai studentė perka knygą.
Datasets/Synthetic_Sentences/images/sentence_04905.png,Jurgita bando piešti.
Datasets/Synthetic_Sentences/images/sentence_01347.png,Šiandien Petras skaito receptą.
Datasets/Real_Handwriting/images/form_162_sentence_4.png,Studentas gerai žiūri.
Datasets/Synthetic_Sentences/images/sentence_04899.png,Mantas mėgsta skaityti istoriją.
Datasets/Synthetic_Sentences/images/sentence_04369.png,Mokytoja pradeda žaisti.
Datasets/Synthetic_Sentences/images/sentence_03704.png,Ingrida gyvena ligoninėje.
Datasets/Synthetic_Sentences/images/sentence_03984.png,Mindaugas mokosi upės pakrantėje.
Datasets/Real_Handwriting/images/form_474_sentence_2.png,Rūpestingai Eglė ilsisi kalnuose.
Datasets/Synthetic_Sentences/images/sentence_01201.png,Šiandien Neringa ilsisi parke.
Datasets/Real_Handwriting/images/form_328_sentence_3.png,Katė gyvena upės pakrantėje.
Datasets/Real_Handwriting/images/form_122_sentence_1.png,Draugas klauso darbą namuose.
Datasets/Real_Handwriting/images/form_411_sentence_3.png,Saulius skaito žurnalą.
Datasets/Synthetic_Sentences/images/sentence_04416.png,Eglė valgo sriubą.
Datasets/Synthetic_Sentences/images/sentence_00740.png,Studentas nori valgyti košę.
Datasets/Synthetic_Sentences/images/sentence_02412.png,Šuo perka kavą.
Datasets/Synthetic_Sentences/images/sentence_02506.png,Šiandien Mantas ilsisi mieste.
Datasets/Real_Handwriting/images/form_184_sentence_4.png,Moteris nemėgsta sportuoti.
Datasets/Synthetic_Sentences/images/sentence_01768.png,Laura stengiasi keliauti.
Datasets/Synthetic_Sentences/images/sentence_03289.png,Ar mokytojas dirba stotyje?
Datasets/Synthetic_Sentences/images/sentence_04319.png,Mantas nori pirkti knygą.
Datasets/Real_Handwriting/images/form_451_sentence_3.png,Eglė nori eiti paveikslą.
Datasets/Synthetic_Sentences/images/sentence_02883.png,Ar Mantas mėgsta gerti?
Datasets/Real_Handwriting/images/form_442_sentence_2.png,Rytoj Jurgita eis bibliotekoje.
Datasets/Real_Handwriting/images/form_324_sentence_3.png,Švelniai mokytoja mokosi darbe.
Datasets/Synthetic_Sentences/images/sentence_00750.png,Mindaugas gyvena mokykloje.
Datasets/Synthetic_Sentences/images/sentence_01609.png,Laura renka grybus.
Datasets/Real_Handwriting/images/form_213_sentence_3.png,Gydytojas būna stotyje.
Datasets/Synthetic_Sentences/images/sentence_01100.png,Žilvinas mokosi stadione.
Datasets/Synthetic_Sentences/images/sentence_01834.png,Ar Jurgita mokosi mokykloje?
Datasets/Synthetic_Sentences/images/sentence_00268.png,Rytoj vaikas skaitys receptą.
Datasets/Real_Handwriting/images/form_228_sentence_1.png,Marija pradeda dirbti.
Datasets/Synthetic_Sentences/images/sentence_00083.png,Džiaugsmingai Marija rašo receptą.
Datasets/Real_Handwriting/images/form_234_sentence_5.png,Kavinėje kvepėjo kava ir cinamonu.
Datasets/Real_Handwriting/images/form_491_sentence_1.png,Žmogus mėgsta skaityti.
Datasets/Synthetic_Sentences/images/sentence_01075.png,Šiandien Gintaras mokosi ežero pakrantėje.
Datasets/Synthetic_Sentences/images/sentence_03899.png,Šiandien Ingrida ilsisi ežero pakrantėje.
Datasets/Synthetic_Sentences/images/sentence_03084.png,Kristina lankosi upės pakrantėje.
Datasets/Synthetic_Sentences/images/sentence_00707.png,Mokytojas renka vaisius.
Datasets/Real_Handwriting/images/form_233_sentence_5.png,Vytautas visada verčia sunkias knygas.
Datasets/Synthetic_Sentences/images/sentence_01743.png,Mindaugas nori rašyti receptą.
Datasets/Synthetic_Sentences/images/sentence_01495.png,Saulius neša dovaną.
Datasets/Real_Handwriting/images/form_210_sentence_4.png,Švelniai Jurgita dirba kavinėje.
Datasets/Real_Handwriting/images/form_360_sentence_1.png,Gintaras skaito žemėlapį.
Datasets/Synthetic_Sentences/images/sentence_02163.png,Rytoj šuo eis stotyje.
Datasets/Synthetic_Sentences/images/sentence_01002.png,Vaikas mėgsta pirkti duoną.
Datasets/Synthetic_Sentences/images/sentence_01370.png,Šiandien Tomas mokosi stotyje.
Datasets/Synthetic_Sentences/images/sentence_01496.png,Saulius renka vaisius.
Datasets/Synthetic_Sentences/images/sentence_00150.png,Šiandien mokytoja dirba sode.
Datasets/Synthetic_Sentences/images/sentence_03178.png,Ingrida dirba miške.
Datasets/Synthetic_Sentences/images/sentence_02507.png,Vaikas stengiasi gerti.
Datasets/Real_Handwriting/images/form_117_sentence_2.png,Vyras nori skubėti mokyklą.
Datasets/Synthetic_Sentences/images/sentence_01286.png,Vaikas rašo projektą.
Datasets/Synthetic_Sentences/images/sentence_03998.png,Džiaugsmingai Laura dirba ligoninėje.
Datasets/Real_Handwriting/images/form_319_sentence_4.png,Garsiai Laura sportuoja stadione.
Datasets/Synthetic_Sentences/images/sentence_02174.png,Vakar Jurgita skaitė knygą.
Datasets/Real_Handwriting/images/form_024_sentence_4.png,Šiandien vaikas galvoja šiandien.
Datasets/Synthetic_Sentences/images/sentence_00429.png,Šiandien Eglė dirba mieste.
Datasets/Real_Handwriting/images/form_070_sentence_5.png,Ar mokytojas juokiasi?
Datasets/Real_Handwriting/images/form_179_sentence_4.png,Mergaitės žaidžia namus stotyje.
Datasets/Real_Handwriting/images/form_094_sentence_5.png,Draugai labai rytoj verkia.
Datasets/Real_Handwriting/images/form_345_sentence_1.png,Šiandien šuo skaito istoriją.
Datasets/Synthetic_Sentences/images/sentence_03369.png,Ar Eglė dirba parke?
Datasets/Real_Handwriting/images/form_457_sentence_5.png,Cukrų ir cinamoną dedame į pyragą.
Datasets/Real_Handwriting/images/form_204_sentence_3.png,Rytoj Gintaras skaitys istoriją.
Datasets/Synthetic_Sentences/images/sentence_03537.png,Šiandien Neringa mokosi parke.
Datasets/Synthetic_Sentences/images/sentence_01335.png,Studentė geria kavą.
Datasets/Synthetic_Sentences/images/sentence_03507.png,Vakar Mindaugas dirbo kaime.
Datasets/Real_Handwriting/images/form_426_sentence_4.png,Šiandien mergaitė dirba ligoninėje.
Datasets/Synthetic_Sentences/images/sentence_04540.png,Lėtai vaikas mokosi upės pakrantėje.
Datasets/Real_Handwriting/images/form_405_sentence_1.png,Studentė bando mokytis.
Datasets/Real_Handwriting/images/form_500_sentence_2.png,Šiandien Rasa perka gėlę.
Datasets/Synthetic_Sentences/images/sentence_03290.png,Ar Žilvinas nori valgyti?
Datasets/Real_Handwriting/images/form_438_sentence_1.png,Tomas ilsisi miške.
Datasets/Synthetic_Sentences/images/sentence_01619.png,Rytoj Renata eis ežero pakrantėje.
Datasets/Synthetic_Sentences/images/sentence_00275.png,Vakar Renata nešė žaislą.
Datasets/Synthetic_Sentences/images/sentence_03531.png,Mantas žaidžia kavinėje.
Datasets/Real_Handwriting/images/form_220_sentence_5.png,Čia gyvena labai draugiška šeima.
Datasets/Real_Handwriting/images/form_406_sentence_3.png,Mielai studentas ilsisi stadione.
Datasets/Synthetic_Sentences/images/sentence_01095.png,Šuo nori eiti.
Datasets/Synthetic_Sentences/images/sentence_00185.png,Saulius nori valgyti košę.
Datasets/Synthetic_Sentences/images/sentence_01191.png,Rūpestingai Rasa perka gėlę.
Datasets/Synthetic_Sentences/images/sentence_04565.png,Tyliai Jurgita dirba stotyje.
Datasets/Real_Handwriting/images/form_505_sentence_2.png,Vakar studentas skaitė receptą.
Datasets/Synthetic_Sentences/images/sentence_00385.png,Šiandien Gintaras perka duoną.
Datasets/Real_Handwriting/images/form_506_sentence_1.png,Ar Gintaras skaito laišką?
Datasets/Synthetic_Sentences/images/sentence_00199.png,Šiandien Mindaugas mokosi kalnuose.
Datasets/Synthetic_Sentences/images/sentence_02561.png,Jurgita bando piešti.
Datasets/Synthetic_Sentences/images/sentence_04399.png,Mantas mėgsta gerti arbatą.
Datasets/Synthetic_Sentences/images/sentence_03805.png,Šiandien Eglė perka kavą.
Datasets/Synthetic_Sentences/images/sentence_02178.png,Berniukas rašo žemėlapį.
Datasets/Synthetic_Sentences/images/sentence_01786.png,Tyliai Renata mokosi parke.
Datasets/Real_Handwriting/images/form_186_sentence_5.png,Mokytojas žiūri stotyje ir paplūdimyje.
Datasets/Real_Handwriting/images/form_216_sentence_4.png,Vakar Mindaugas nešė laišką.
Datasets/Real_Handwriting/images/form_016_sentence_4.png,Studentas pradeda miegoti kavą.
Datasets/Synthetic_Sentences/images/sentence_00454.png,Eglė nori pirkti žaislą.
Datasets/Real_Handwriting/images/form_496_sentence_5.png,Čiulba paukščiai ankstų rytą.
Datasets/Real_Handwriting/images/form_166_sentence_4.png,Draugas nori valgyti pamoką.
Datasets/Synthetic_Sentences/images/sentence_03271.png,Vaikas žaidžia upės pakrantėje.
Datasets/Synthetic_Sentences/images/sentence_02983.png,Ar berniukas nori gerti?
Datasets/Synthetic_Sentences/images/sentence_01594.png,Drąsiai Laura mokosi stotyje.
Datasets/Synthetic_Sentences/images/sentence_01231.png,Neringa mėgsta skaityti laišką.
Datasets/Synthetic_Sentences/images/sentence_01950.png,Petras bando važiuoti.
Datasets/Synthetic_Sentences/images/sentence_04471.png,Šiandien Mindaugas skaito receptą.
Datasets/Synthetic_Sentences/images/sentence_03844.png,Ar studentė dirba ligoninėje?
Datasets/Real_Handwriting/images/form_078_sentence_4.png,Šiandien mes galvoja ramiai.
Datasets/Synthetic_Sentences/images/sentence_02722.png,Studentė nori gerti sultis.
Datasets/Synthetic_Sentences/images/sentence_04472.png,Katė mėgsta pirkti gėlę.
Datasets/Synthetic_Sentences/images/sentence_01922.png,Švelniai Gintaras dirba mokykloje.
Datasets/Synthetic_Sentences/images/sentence_01685.png,Studentė gyvena mokykloje.
Datasets/Synthetic_Sentences/images/sentence_03436.png,Renata mėgsta pirkti arbatą.
Datasets/Synthetic_Sentences/images/sentence_01289.png,Garsiai Tomas mokosi miške.
Datasets/Synthetic_Sentences/images/sentence_04002.png,Marija stengiasi keliauti.
Datasets/Synthetic_Sentences/images/sentence_04171.png,Laura pradeda valgyti.
Datasets/Synthetic_Sentences/images/sentence_04350.png,Marija stengiasi šokti.
Datasets/Real_Handwriting/images/form_245_sentence_4.png,Kristina groja simfoniją.
Datasets/Synthetic_Sentences/images/sentence_03586.png,Šiandien Danielius skaito žemėlapį.
Datasets/Synthetic_Sentences/images/sentence_02318.png,Rytoj Mindaugas eis kalnuose.
Datasets/Real_Handwriting/images/form_001_sentence_1.png,Ar studentai piešia?
Datasets/Synthetic_Sentences/images/sentence_01499.png,Šiandien gydytojas skaito receptą.
Datasets/Synthetic_Sentences/images/sentence_02926.png,Šiandien Žilvinas mokosi stotyje.
Datasets/Real_Handwriting/images/form_506_sentence_2.png,Greitai šeima mokosi mokykloje.
Datasets/Real_Handwriting/images/form_265_sentence_4.png,Marija žaidžia ežero pakrantėje.
Datasets/Synthetic_Sentences/images/sentence_03633.png,Ar Marija mokosi sode?
Datasets/Synthetic_Sentences/images/sentence_00488.png,Kristina mokosi miške.
Datasets/Real_Handwriting/images/form_147_sentence_5.png,Šiandien mes sportuoja šiandien.
Datasets/Synthetic_Sentences/images/sentence_03418.png,Mielai Marija neša žaislą.
Datasets/Synthetic_Sentences/images/sentence_02701.png,Mokytojas mėgsta gerti kavą.
Datasets/Synthetic_Sentences/images/sentence_04942.png,Greitai Tomas rašo laišką.
Datasets/Real_Handwriting/images/form_029_sentence_4.png,Ramiai gydytojai ilsisi laišką.
Datasets/Real_Handwriting/images/form_128_sentence_5.png,Moteris bėga arbatą.
Datasets/Synthetic_Sentences/images/sentence_00774.png,Ar Saulius skaito knygą?
Datasets/Synthetic_Sentences/images/sentence_03249.png,Rytoj Kristina eis mieste.
Datasets/Synthetic_Sentences/images/sentence_01825.png,Šiandien katė ilsisi mieste.
Datasets/Synthetic_Sentences/images/sentence_02388.png,Marija perka gėlę.
Datasets/Synthetic_Sentences/images/sentence_02441.png,Mergaitė žaidžia stotyje.
Datasets/Synthetic_Sentences/images/sentence_03612.png,Ingrida neša laišką.
Datasets/Synthetic_Sentences/images/sentence_01613.png,Vakar Jonas nešė gėlę.
Datasets/Synthetic_Sentences/images/sentence_03240.png,Vakar Mantas nešė laišką.
Datasets/Synthetic_Sentences/images/sentence_02124.png,Rasa stengiasi bėgti.
Datasets/Synthetic_Sentences/images/sentence_00824.png,Tomas dirba ežero pakrantėje.
Datasets/Synthetic_Sentences/images/sentence_02453.png,Šiandien Renata skaito istoriją.
Datasets/Synthetic_Sentences/images/sentence_04990.png,Ar studentas skaito žemėlapį?
Datasets/Synthetic_Sentences/images/sentence_01616.png,Šiandien Gintaras skaito žemėlapį.
Datasets/Synthetic_Sentences/images/sentence_02379.png,Atidžiai Laura mokosi bibliotekoje.
Datasets/Synthetic_Sentences/images/sentence_04380.png,Studentas bando eiti.
Datasets/Synthetic_Sentences/images/sentence_01580.png,Tomas pradeda dirbti.
Datasets/Synthetic_Sentences/images/sentence_04216.png,Katė ilsisi darbe.
Datasets/Synthetic_Sentences/images/sentence_02718.png,Rasa rašo projektą.
Datasets/Synthetic_Sentences/images/sentence_00934.png,Garsiai Petras dirba mieste.
Datasets/Synthetic_Sentences/images/sentence_02469.png,Mantas dirba parke.
Datasets/Real_Handwriting/images/form_447_sentence_3.png,Eglė stengiasi ilsėtis.
Datasets/Synthetic_Sentences/images/sentence_02683.png,Mergaitė rašo užduotį.
Datasets/Synthetic_Sentences/images/sentence_00500.png,Kristina žaidžia kalnuose.
Datasets/Synthetic_Sentences/images/sentence_02820.png,Lėtai Jonas perka dovaną.
Datasets/Real_Handwriting/images/form_073_sentence_4.png,Studentai valgo stadione.
Datasets/Synthetic_Sentences/images/sentence_00372.png,Ar Eglė skaito žurnalą?
Datasets/Synthetic_Sentences/images/sentence_00912.png,Drąsiai studentas mokosi mieste.
Datasets/Synthetic_Sentences/images/sentence_03618.png,Neringa nori valgyti obuolį.
Datasets/Synthetic_Sentences/images/sentence_03795.png,Laura skaito istoriją.
Datasets/Real_Handwriting/images/form_471_sentence_2.png,Drąsiai Ingrida sportuoja kaime.
Datasets/Synthetic_Sentences/images/sentence_03331.png,Mielai Marija ilsisi mieste.
Datasets/Synthetic_Sentences/images/sentence_01507.png,Džiaugsmingai gydytojas neša krepšį.
Datasets/Synthetic_Sentences/images/sentence_03494.png,Ramiai mokytoja perka žaislą.
Datasets/Synthetic_Sentences/images/sentence_03833.png,Vakar studentė dirbo stadione.
Datasets/Synthetic_Sentences/images/sentence_04687.png,Šuo nori valgyti sriubą.
Datasets/Synthetic_Sentences/images/sentence_01942.png,Šuo bando plaukti.
Datasets/Synthetic_Sentences/images/sentence_00960.png,Šiandien Kristina mokosi sode.
Datasets/Synthetic_Sentences/images/sentence_00299.png,Neringa gyvena stotyje.
Datasets/Synthetic_Sentences/images/sentence_04812.png,Rūpestingai gydytojas skaito knygą.
Datasets/Synthetic_Sentences/images/sentence_01116.png,Šuo mėgsta valgyti obuolį.
Datasets/Synthetic_Sentences/images/sentence_02046.png,Žilvinas nori valgyti.
Datasets/Synthetic_Sentences/images/sentence_04551.png,Ingrida dirba stotyje.
Datasets/Synthetic_Sentences/images/sentence_01622.png,Vakar katė skaitė knygą.
Datasets/Synthetic_Sentences/images/sentence_03742.png,Mielai Eglė mokosi darbe.
Datasets/Synthetic_Sentences/images/sentence_01414.png,Neringa renka akmenis.
Datasets/Real_Handwriting/images/form_478_sentence_3.png,Gydytojas mėgsta mokytis.
Datasets/Synthetic_Sentences/images/sentence_02183.png,Ar Danielius mokosi miške?
Datasets/Synthetic_Sentences/images/sentence_02630.png,Studentė žaidžia paplūdimyje.
Datasets/Real_Handwriting/images/form_339_sentence_3.png,Ramiai Gintaras.
Datasets/Synthetic_Sentences/images/sentence_01970.png,Katė renka obuolius.
Datasets/Real_Handwriting/images/form_098_sentence_1.png,Jūs mokosi stadione.
Datasets/Synthetic_Sentences/images/sentence_02600.png,Šventinis vakaras prasidėjo su muzika ir šokiais.
Datasets/Synthetic_Sentences/images/sentence_02570.png,Laura stengiasi mokytis.
Datasets/Real_Handwriting/images/form_237_sentence_4.png,Berniukas groja simfoniją.
Datasets/Synthetic_Sentences/images/sentence_02575.png,Atidžiai berniukas valgo vaisius.
Datasets/Synthetic_Sentences/images/sentence_04037.png,Filharmonijoje groja nuostabus orkestras.
Datasets/Real_Handwriting/images/form_129_sentence_4.png,Studentai skuba parke.
Datasets/Synthetic_Sentences/images/sentence_03268.png,Rūpestingai vaikas neša dovaną.
Datasets/Synthetic_Sentences/images/sentence_03736.png,Vakar Danielius nešė žaislą.
Datasets/Synthetic_Sentences/images/sentence_02540.png,Ar šuo skaito knygą?
Datasets/Synthetic_Sentences/images/sentence_03754.png,Ar studentas nori dainuoti?
Datasets/Synthetic_Sentences/images/sentence_03730.png,Marija gyvena ligoninėje.
Datasets/Synthetic_Sentences/images/sentence_04130.png,Atidžiai berniukas ilsisi namuose.
Datasets/Real_Handwriting/images/form_011_sentence_1.png,Šuo žiūri darbą.
Datasets/Synthetic_Sentences/images/sentence_01051.png,Vakar Mindaugas nešė knygą.
Datasets/Real_Handwriting/images/form_121_sentence_5.png,Ar studentas geria?
Datasets/Synthetic_Sentences/images/sentence_02302.png,Lėtai studentas rašo projektą.
Datasets/Synthetic_Sentences/images/sentence_00131.png,Rytoj Gintaras skaitys žemėlapį.
Datasets/Synthetic_Sentences/images/sentence_00391.png,Kruopščiai Ingrida dirba kalnuose.
Datasets/Real_Handwriting/images/form_097_sentence_2.png,Jūs valgo arbatą.
Datasets/Synthetic_Sentences/images/sentence_00449.png,Vakar Žilvinas nešė laišką.
Datasets/Real_Handwriting/images/form_379_sentence_4.png,Saulius mokosi bibliotekoje.
Datasets/Real_Handwriting/images/form_320_sentence_4.png,Ar mokytojas mėgsta rašyti?
Datasets/Synthetic_Sentences/images/sentence_00094.png,Šiandien Saulius dirba kalnuose.
Datasets/Real_Handwriting/images/form_181_sentence_5.png,Jos geria sode ir namuose.
Datasets/Real_Handwriting/images/form_173_sentence_1.png,Studentai verkia kavą.
Datasets/Synthetic_Sentences/images/sentence_03124.png,Ar Kristina skaito knygą?
Datasets/Real_Handwriting/images/form_468_sentence_2.png,Mielai mokytoja sportuoja mokykloje.
