Datasets/Real_Handwriting/images/form_001_sentence_1.png,Ar studentai piešia?
Datasets/Real_Handwriting/images/form_001_sentence_2.png,Vaikai piešia receptą.
Datasets/Real_Handwriting/images/form_001_sentence_3.png,Ji juokiasi daržoves ligoninėje.
Datasets/Real_Handwriting/images/form_001_sentence_4.png,Vyrai nemėgsta dainuoti.
Datasets/Real_Handwriting/images/form_001_sentence_5.png,Šiandien šuo žaidžia blogai.
Datasets/Real_Handwriting/images/form_002_sentence_1.png,Šiandien ji šypsosi ramiai.
Datasets/Real_Handwriting/images/form_002_sentence_2.png,Moteris mąsto egzaminą.
Datasets/Real_Handwriting/images/form_002_sentence_3.png,Vaikai verkia knygą stadione.
Datasets/Real_Handwriting/images/form_002_sentence_4.png,Draugas nemėgsta keliauti receptą.
Datasets/Real_Handwriting/images/form_002_sentence_5.png,Vakar vaikas bėga paveikslą.
Datasets/Real_Handwriting/images/form_003_sentence_1.png,Šiandien šuo kalba namus.
Datasets/Real_Handwriting/images/form_003_sentence_2.png,Mergaitė labai atidžiai verkia.
Datasets/Real_Handwriting/images/form_003_sentence_3.png,Ramiai vaikas miega darbą.
Datasets/Real_Handwriting/images/form_003_sentence_4.png,Mergaitė nori žaisti.
Datasets/Real_Handwriting/images/form_003_sentence_5.png,Moterys stengiasi skaityti.
Datasets/Real_Handwriting/images/form_005_sentence_1.png,Gydytojas tvarkosi paveikslą.
Datasets/Real_Handwriting/images/form_005_sentence_2.png,Jūs miega dainą ligoninėje.
Datasets/Real_Handwriting/images/form_005_sentence_3.png,Draugas keliauoja ir keliauoja.
Datasets/Real_Handwriting/images/form_005_sentence_4.png,Paukštis dainuoja filmą.
Datasets/Real_Handwriting/images/form_005_sentence_5.png,Moterys galvoja ir galvoja.
Datasets/Real_Handwriting/images/form_006_sentence_1.png,Katė skaito ir skaito.
Datasets/Real_Handwriting/images/form_006_sentence_2.png,Vyras verkia miške ir darbe.
Datasets/Real_Handwriting/images/form_006_sentence_3.png,Katė labai garsiai miega.
Datasets/Real_Handwriting/images/form_006_sentence_4.png,Tu nemėgsta skubėti.
Datasets/Real_Handwriting/images/form_006_sentence_5.png,Moterys miega prie ežero.
Datasets/Real_Handwriting/images/form_007_sentence_1.png,Mielai tu mąsto istoriją.
Datasets/Real_Handwriting/images/form_007_sentence_2.png,Mergaitės skuba ir skuba.
Datasets/Real_Handwriting/images/form_007_sentence_3.png,Tu mąsto sode ir darbe.
Datasets/Real_Handwriting/images/form_007_sentence_4.png,Ar draugas rašo?
Datasets/Real_Handwriting/images/form_007_sentence_5.png,Labai tu kalba receptą.
Datasets/Real_Handwriting/images/form_008_sentence_1.png,Studentas galvoja projektą.
Datasets/Real_Handwriting/images/form_008_sentence_2.png,Paukštis mokosi receptą.
Datasets/Real_Handwriting/images/form_008_sentence_3.png,Ar aš šoka?
Datasets/Real_Handwriting/images/form_008_sentence_4.png,Jūs valgo laišką kalnuose.
Datasets/Real_Handwriting/images/form_008_sentence_5.png,Katė mokosi paveikslą sode.
Datasets/Real_Handwriting/images/form_009_sentence_1.png,Šuo keliauoja ir keliauoja.
Datasets/Real_Handwriting/images/form_009_sentence_2.png,Gydytojai nori keliauti dainą.
Datasets/Real_Handwriting/images/form_009_sentence_3.png,Mokytojai verkia paveikslą.
Datasets/Real_Handwriting/images/form_009_sentence_4.png,Moteris mėgsta tvarkytis daržoves.
Datasets/Real_Handwriting/images/form_009_sentence_5.png,Draugai rašo parke ir stotyje.
Datasets/Real_Handwriting/images/form_010_sentence_1.png,Vyras šoka dainą.
Datasets/Real_Handwriting/images/form_010_sentence_2.png,Šiandien vaikai ilsisi greitai.
Datasets/Real_Handwriting/images/form_010_sentence_3.png,Studentai labai greitai valgo.
Datasets/Real_Handwriting/images/form_010_sentence_4.png,Moteris retai bėga.
Datasets/Real_Handwriting/images/form_010_sentence_5.png,Mergaitė žaidžia mieste ir ligoninėje.
Datasets/Real_Handwriting/images/form_011_sentence_1.png,Šuo žiūri darbą.
Datasets/Real_Handwriting/images/form_011_sentence_2.png,Vaikas bijo bėgti muziką.
Datasets/Real_Handwriting/images/form_011_sentence_3.png,Šuo šoka sode ir prie ežero.
Datasets/Real_Handwriting/images/form_011_sentence_4.png,Mokytojas skuba miške ir paplūdimyje.
Datasets/Real_Handwriting/images/form_011_sentence_5.png,Niekada mokytojas žiūri istoriją.
Datasets/Real_Handwriting/images/form_012_sentence_1.png,Vaikai ilsisi ir ilsisi.
Datasets/Real_Handwriting/images/form_012_sentence_2.png,Jos miega pamoką.
Datasets/Real_Handwriting/images/form_012_sentence_3.png,Šuo mėgsta keliauti.
Datasets/Real_Handwriting/images/form_012_sentence_4.png,Vaikai skaito ir skaito.
Datasets/Real_Handwriting/images/form_012_sentence_5.png,Šiandien mokytojas miega atidžiai.
Datasets/Real_Handwriting/images/form_013_sentence_1.png,Šuo valgo projektą.
Datasets/Real_Handwriting/images/form_013_sentence_2.png,Katė piešia ir piešia.
Datasets/Real_Handwriting/images/form_013_sentence_3.png,Jie miega paveikslą.
Datasets/Real_Handwriting/images/form_013_sentence_4.png,Gydytojai pradeda miegoti vaisius.
Datasets/Real_Handwriting/images/form_013_sentence_5.png,Vyras keliauoja filmą.
Datasets/Real_Handwriting/images/form_014_sentence_1.png,Ji miega dainą mokykloje.
Datasets/Real_Handwriting/images/form_014_sentence_2.png,Jūs niekada ilsisi.
Datasets/Real_Handwriting/images/form_014_sentence_3.png,Ar ji tvarkosi?
Datasets/Real_Handwriting/images/form_014_sentence_4.png,Šuo klauso knygą.
Datasets/Real_Handwriting/images/form_014_sentence_5.png,Gydytojas lėtai verkia.
Datasets/Real_Handwriting/images/form_015_sentence_1.png,Jis ramiai rašo.
Datasets/Real_Handwriting/images/form_015_sentence_2.png,Jis labai niekada sportuoja.
Datasets/Real_Handwriting/images/form_015_sentence_3.png,Šiandien mergaitė tvarkosi kruopščiai.
Datasets/Real_Handwriting/images/form_015_sentence_4.png,Vyrai šoka filmą kaime.
Datasets/Real_Handwriting/images/form_015_sentence_5.png,Mes mielai mokosi.
Datasets/Real_Handwriting/images/form_016_sentence_1.png,Šiandien studentai galvoja greitai.
Datasets/Real_Handwriting/images/form_016_sentence_2.png,Vyrai galvoja maistą stotyje.
Datasets/Real_Handwriting/images/form_016_sentence_3.png,Jūs skuba žemėlapį ligoninėje.
Datasets/Real_Handwriting/images/form_016_sentence_4.png,Studentas pradeda miegoti kavą.
Datasets/Real_Handwriting/images/form_016_sentence_5.png,Jis mokosi prie ežero.
Datasets/Real_Handwriting/images/form_017_sentence_1.png,Rytoj vyrai geria istoriją.
Datasets/Real_Handwriting/images/form_017_sentence_2.png,Šiandien vaikas mąsto dažnai.
Datasets/Real_Handwriting/images/form_017_sentence_3.png,Vaikai pradeda skubėti.
Datasets/Real_Handwriting/images/form_017_sentence_4.png,Mokytojai skaito ir skaito.
Datasets/Real_Handwriting/images/form_017_sentence_5.png,Šiandien moterys eina labai.
Datasets/Real_Handwriting/images/form_018_sentence_1.png,Šiandien moterys sportuoja lėtai.
Datasets/Real_Handwriting/images/form_018_sentence_2.png,Jis galvoja paveikslą.
Datasets/Real_Handwriting/images/form_018_sentence_3.png,Vyrai nemėgsta bėgti.
Datasets/Real_Handwriting/images/form_018_sentence_4.png,Studentas baigia sportuoti.
Datasets/Real_Handwriting/images/form_018_sentence_5.png,Ar draugas dainuoja?
Datasets/Real_Handwriting/images/form_019_sentence_1.png,Jūs klauso projektą.
Datasets/Real_Handwriting/images/form_019_sentence_2.png,Draugai juokiasi miške.
Datasets/Real_Handwriting/images/form_019_sentence_3.png,Šuo baigia galvoti.
Datasets/Real_Handwriting/images/form_019_sentence_4.png,Moterys sportuoja užduotį.
Datasets/Real_Handwriting/images/form_019_sentence_5.png,Mokytojai nori ilsėtis žemėlapį.
Datasets/Real_Handwriting/images/form_020_sentence_1.png,Šuo skuba sode ir miške.
Datasets/Real_Handwriting/images/form_020_sentence_2.png,Gydytojas dabar galvoja.
Datasets/Real_Handwriting/images/form_020_sentence_3.png,Mergaitė šoka stadione ir sode.
Datasets/Real_Handwriting/images/form_020_sentence_4.png,Mes žaidžia mokykloje ir darbe.
Datasets/Real_Handwriting/images/form_020_sentence_5.png,Vyrai bėga ir bėga.
Datasets/Real_Handwriting/images/form_021_sentence_1.png,Gydytojai klauso ir klauso.
Datasets/Real_Handwriting/images/form_021_sentence_2.png,Niekada mergaitės žaidžia vandenį.
Datasets/Real_Handwriting/images/form_021_sentence_3.png,Niekada jis miega paveikslą.
Datasets/Real_Handwriting/images/form_021_sentence_4.png,Gydytojas mokosi knygą.
Datasets/Real_Handwriting/images/form_021_sentence_5.png,Mes miega stadione.
Datasets/Real_Handwriting/images/form_022_sentence_1.png,Šiandien mergaitės galvoja kartu.
Datasets/Real_Handwriting/images/form_022_sentence_2.png,Ramiai vaikas keliauoja mokyklą.
Datasets/Real_Handwriting/images/form_022_sentence_3.png,Studentai mąsto kaime ir prie ežero.
Datasets/Real_Handwriting/images/form_022_sentence_4.png,Vaikas šypsosi žemėlapį.
Datasets/Real_Handwriting/images/form_022_sentence_5.png,Jūs labai smagiai rašo.
Datasets/Real_Handwriting/images/form_023_sentence_1.png,Mes tvarkosi ir tvarkosi.
Datasets/Real_Handwriting/images/form_023_sentence_2.png,Mergaitė miega mokyklą sode.
Datasets/Real_Handwriting/images/form_023_sentence_3.png,Moteris mėgsta eiti.
Datasets/Real_Handwriting/images/form_023_sentence_4.png,Jie skuba miške ir stadione.
Datasets/Real_Handwriting/images/form_023_sentence_5.png,Mokytojai verkia kaime ir prie ežero.
Datasets/Real_Handwriting/images/form_024_sentence_1.png,Šiandien mes miega smagiai.
Datasets/Real_Handwriting/images/form_024_sentence_2.png,Niekada vyras valgo mokyklą.
Datasets/Real_Handwriting/images/form_024_sentence_3.png,Draugai klauso ir klauso.
Datasets/Real_Handwriting/images/form_024_sentence_4.png,Šiandien vaikas galvoja šiandien.
Datasets/Real_Handwriting/images/form_024_sentence_5.png,Mes ramiai žaidžia.
Datasets/Real_Handwriting/images/form_025_sentence_1.png,Katė galvoja kalnuose ir mokykloje.
Datasets/Real_Handwriting/images/form_025_sentence_2.png,Paukštis nemėgsta žaisti.
Datasets/Real_Handwriting/images/form_025_sentence_3.png,Šiandien tu žiūri retai.
Datasets/Real_Handwriting/images/form_025_sentence_4.png,Šuo kalba stotyje ir paplūdimyje.
Datasets/Real_Handwriting/images/form_025_sentence_5.png,Vyrai retai mąsto.
Datasets/Real_Handwriting/images/form_026_sentence_1.png,Jis labai kartu verkia.
Datasets/Real_Handwriting/images/form_026_sentence_2.png,Mergaitė bijo galvoti mokyklą.
Datasets/Real_Handwriting/images/form_026_sentence_3.png,Vaikai galvoja mieste.
Datasets/Real_Handwriting/images/form_026_sentence_4.png,Aš pradeda valgyti.
Datasets/Real_Handwriting/images/form_026_sentence_5.png,Gydytojas stengiasi skaityti.
Datasets/Real_Handwriting/images/form_027_sentence_1.png,Draugas šoka ir šoka.
Datasets/Real_Handwriting/images/form_027_sentence_2.png,Draugai šoka laišką.
Datasets/Real_Handwriting/images/form_027_sentence_3.png,Draugas stengiasi galvoti.
Datasets/Real_Handwriting/images/form_027_sentence_4.png,Aš šoka kalnuose ir paplūdimyje.
Datasets/Real_Handwriting/images/form_027_sentence_5.png,Moteris nori dirbti vandenį.
Datasets/Real_Handwriting/images/form_028_sentence_1.png,Smagiai moteris tvarkosi knygą.
Datasets/Real_Handwriting/images/form_028_sentence_2.png,Šiandien gydytojas eina blogai.
Datasets/Real_Handwriting/images/form_028_sentence_3.png,Ar jūs miega?
Datasets/Real_Handwriting/images/form_028_sentence_4.png,Rytoj draugas ilsisi laišką.
Datasets/Real_Handwriting/images/form_028_sentence_5.png,Gerai šuo miega receptą.
Datasets/Real_Handwriting/images/form_029_sentence_1.png,Ar mergaitė eina?
Datasets/Real_Handwriting/images/form_029_sentence_2.png,Mokytojai kalba namus.
Datasets/Real_Handwriting/images/form_029_sentence_3.png,Šiandien jis keliauoja greitai.
Datasets/Real_Handwriting/images/form_029_sentence_4.png,Ramiai gydytojai ilsisi laišką.
Datasets/Real_Handwriting/images/form_029_sentence_5.png,Vaikas labai šiandien geria.
Datasets/Real_Handwriting/images/form_030_sentence_1.png,Jūs keliauoja miške ir miške.
Datasets/Real_Handwriting/images/form_030_sentence_2.png,Mokytojai mėgsta dainuoti.
Datasets/Real_Handwriting/images/form_030_sentence_3.png,Mergaitė galvoja ir galvoja.
Datasets/Real_Handwriting/images/form_030_sentence_4.png,Ar gydytojai ilsisi?
Datasets/Real_Handwriting/images/form_030_sentence_5.png,Ji mąsto filmą namuose.
Datasets/Real_Handwriting/images/form_031_sentence_1.png,Ar vyras bėga?
Datasets/Real_Handwriting/images/form_031_sentence_2.png,Draugas stengiasi bėgti.
Datasets/Real_Handwriting/images/form_031_sentence_3.png,Ar studentas sportuoja?
Datasets/Real_Handwriting/images/form_031_sentence_4.png,Mergaitės labai greitai geria.
Datasets/Real_Handwriting/images/form_031_sentence_5.png,Vaikai bijo valgyti.
Datasets/Real_Handwriting/images/form_032_sentence_1.png,Vaikai galvoja žaidimą.
Datasets/Real_Handwriting/images/form_032_sentence_2.png,Šiandien ji ilsisi visada.
Datasets/Real_Handwriting/images/form_032_sentence_3.png,Vaikas mėgsta žaisti.
Datasets/Real_Handwriting/images/form_032_sentence_4.png,Jos valgo žemėlapį kalnuose.
Datasets/Real_Handwriting/images/form_032_sentence_5.png,Mergaitės tvarkosi sode.
Datasets/Real_Handwriting/images/form_033_sentence_1.png,Draugas nori rašyti paveikslą.
Datasets/Real_Handwriting/images/form_033_sentence_2.png,Šiandien jie geria kartu.
Datasets/Real_Handwriting/images/form_033_sentence_3.png,Vyras nemėgsta mokytis pamoką.
Datasets/Real_Handwriting/images/form_033_sentence_4.png,Šiandien mokytojas rašo vakar.
Datasets/Real_Handwriting/images/form_033_sentence_5.png,Šiandien šuo miega gerai.
Datasets/Real_Handwriting/images/form_034_sentence_1.png,Jis miega stotyje ir prie ežero.
Datasets/Real_Handwriting/images/form_034_sentence_2.png,Šiandien vaikas šoka blogai.
Datasets/Real_Handwriting/images/form_034_sentence_3.png,Draugas žaidžia ligoninėje.
Datasets/Real_Handwriting/images/form_034_sentence_4.png,Kartu studentai ilsisi užduotį.
Datasets/Real_Handwriting/images/form_034_sentence_5.png,Vyrai sportuoja parke ir sode.
Datasets/Real_Handwriting/images/form_035_sentence_1.png,Jūs labai mielai valgo.
Datasets/Real_Handwriting/images/form_035_sentence_2.png,Ji šypsosi ligoninėje.
Datasets/Real_Handwriting/images/form_035_sentence_3.png,Gydytojas tvarkosi arbatą.
Datasets/Real_Handwriting/images/form_035_sentence_4.png,Mokytojai piešia kavą.
Datasets/Real_Handwriting/images/form_035_sentence_5.png,Gydytojai miega stadione ir parke.
Datasets/Real_Handwriting/images/form_036_sentence_1.png,Mergaitė mąsto ir mąsto.
Datasets/Real_Handwriting/images/form_036_sentence_2.png,Mokytojai rašo pamoką.
Datasets/Real_Handwriting/images/form_036_sentence_3.png,Jūs verkia mieste.
Datasets/Real_Handwriting/images/form_036_sentence_4.png,Šuo žiūri mokykloje ir parke.
Datasets/Real_Handwriting/images/form_036_sentence_5.png,Mergaitė klauso receptą.
Datasets/Real_Handwriting/images/form_037_sentence_1.png,Mergaitės skaito ir skaito.
Datasets/Real_Handwriting/images/form_037_sentence_2.png,Šiandien katė skuba labai.
Datasets/Real_Handwriting/images/form_037_sentence_3.png,Tyliai tu dirba užduotį.
Datasets/Real_Handwriting/images/form_037_sentence_4.png,Ji sportuoja kaime.
Datasets/Real_Handwriting/images/form_037_sentence_5.png,Katė labai dabar mąsto.
Datasets/Real_Handwriting/images/form_038_sentence_1.png,Jūs žiūri ir žiūri.
Datasets/Real_Handwriting/images/form_038_sentence_2.png,Šiandien katė mokosi retai.
Datasets/Real_Handwriting/images/form_038_sentence_3.png,Katė žaidžia namuose ir kaime.
Datasets/Real_Handwriting/images/form_038_sentence_4.png,Šiandien mes bėga rytoj.
Datasets/Real_Handwriting/images/form_038_sentence_5.png,Vakar mokytojas mokosi receptą.
Datasets/Real_Handwriting/images/form_039_sentence_1.png,Vyrai labai mielai tvarkosi.
Datasets/Real_Handwriting/images/form_039_sentence_2.png,Jos juokiasi parke.
Datasets/Real_Handwriting/images/form_039_sentence_3.png,Gydytojas geria žemėlapį.
Datasets/Real_Handwriting/images/form_039_sentence_4.png,Jie pradeda eiti.
Datasets/Real_Handwriting/images/form_039_sentence_5.png,Jie labai labai dirba.
Datasets/Real_Handwriting/images/form_040_sentence_1.png,Mergaitės smagiai verkia.
Datasets/Real_Handwriting/images/form_040_sentence_2.png,Jis nemėgsta gerti laišką.
Datasets/Real_Handwriting/images/form_040_sentence_3.png,Ar jis skaito?
Datasets/Real_Handwriting/images/form_040_sentence_4.png,Draugas nemėgsta sportuoti istoriją.
Datasets/Real_Handwriting/images/form_040_sentence_5.png,Studentas šoka miške.
Datasets/Real_Handwriting/images/form_041_sentence_1.png,Draugas retai keliauoja.
Datasets/Real_Handwriting/images/form_041_sentence_2.png,Moterys keliauoja kaime ir ligoninėje.
Datasets/Real_Handwriting/images/form_041_sentence_3.png,Kartu moteris skaito knygą.
Datasets/Real_Handwriting/images/form_041_sentence_4.png,Vyras labai kartu sportuoja.
Datasets/Real_Handwriting/images/form_041_sentence_5.png,Gydytojai niekada klauso.
Datasets/Real_Handwriting/images/form_042_sentence_1.png,Ar jūs verkia?
Datasets/Real_Handwriting/images/form_042_sentence_2.png,Mes klauso ir klauso.
Datasets/Real_Handwriting/images/form_042_sentence_3.png,Vaikas bijo keliauti.
Datasets/Real_Handwriting/images/form_042_sentence_4.png,Mes ramiai klauso.
Datasets/Real_Handwriting/images/form_042_sentence_5.png,Jos šiandien klauso.
Datasets/Real_Handwriting/images/form_043_sentence_1.png,Moteris lėtai dirba.
Datasets/Real_Handwriting/images/form_043_sentence_2.png,Vaikas labai kruopščiai sportuoja.
Datasets/Real_Handwriting/images/form_043_sentence_3.png,Šiandien vyrai eina niekada.
Datasets/Real_Handwriting/images/form_043_sentence_4.png,Paukštis nemėgsta skaityti.
Datasets/Real_Handwriting/images/form_043_sentence_5.png,Vyrai labai smagiai verkia.
Datasets/Real_Handwriting/images/form_044_sentence_1.png,Gydytojas labai tyliai piešia.
Datasets/Real_Handwriting/images/form_044_sentence_2.png,Moterys sportuoja kalnuose ir kavinėje.
Datasets/Real_Handwriting/images/form_044_sentence_3.png,Moteris eina ir eina.
Datasets/Real_Handwriting/images/form_044_sentence_4.png,Vyrai nemėgsta mokytis.
Datasets/Real_Handwriting/images/form_044_sentence_5.png,Šiandien tu geria greitai.
Datasets/Real_Handwriting/images/form_045_sentence_1.png,Šuo juokiasi muziką.
Datasets/Real_Handwriting/images/form_045_sentence_2.png,Vaikas juokiasi darbą.
Datasets/Real_Handwriting/images/form_045_sentence_3.png,Moteris nori sportuoti vaisius.
Datasets/Real_Handwriting/images/form_045_sentence_4.png,Tu geria stadione.
Datasets/Real_Handwriting/images/form_045_sentence_5.png,Mergaitės juokiasi žaidimą sode.
Datasets/Real_Handwriting/images/form_046_sentence_1.png,Vaikas ramiai ilsisi.
Datasets/Real_Handwriting/images/form_046_sentence_2.png,Draugai šypsosi miške ir prie ežero.
Datasets/Real_Handwriting/images/form_046_sentence_3.png,Vaikas baigia šokti.
Datasets/Real_Handwriting/images/form_046_sentence_4.png,Rytoj ji žaidžia arbatą.
Datasets/Real_Handwriting/images/form_046_sentence_5.png,Studentas nemėgsta tvarkytis pamoką.
Datasets/Real_Handwriting/images/form_047_sentence_1.png,Greitai moterys eina žemėlapį.
Datasets/Real_Handwriting/images/form_047_sentence_2.png,Ar jis tvarkosi?
Datasets/Real_Handwriting/images/form_047_sentence_3.png,Ar vyras mąsto?
Datasets/Real_Handwriting/images/form_047_sentence_4.png,Jūs garsiai valgo.
Datasets/Real_Handwriting/images/form_047_sentence_5.png,Mes klauso ir klauso.
Datasets/Real_Handwriting/images/form_048_sentence_1.png,Vaikas labai atidžiai skuba.
Datasets/Real_Handwriting/images/form_048_sentence_2.png,Jūs bėga stotyje ir prie ežero.
Datasets/Real_Handwriting/images/form_048_sentence_3.png,Mergaitės kruopščiai keliauoja.
Datasets/Real_Handwriting/images/form_048_sentence_4.png,Mes dabar galvoja.
Datasets/Real_Handwriting/images/form_048_sentence_5.png,Vyrai galvoja arbatą darbe.
Datasets/Real_Handwriting/images/form_049_sentence_1.png,Mergaitė gerai tvarkosi.
Datasets/Real_Handwriting/images/form_049_sentence_2.png,Ramiai gydytojas dirba filmą.
Datasets/Real_Handwriting/images/form_049_sentence_3.png,Paukštis baigia valgyti.
Datasets/Real_Handwriting/images/form_049_sentence_4.png,Vaikas stengiasi tvarkytis.
Datasets/Real_Handwriting/images/form_049_sentence_5.png,Moterys keliauoja mokykloje ir mieste.
Datasets/Real_Handwriting/images/form_050_sentence_1.png,Jos labai visada mąsto.
Datasets/Real_Handwriting/images/form_050_sentence_2.png,Moterys labai visada žaidžia.
Datasets/Real_Handwriting/images/form_050_sentence_3.png,Tu galvoja prie ežero ir mieste.
Datasets/Real_Handwriting/images/form_050_sentence_4.png,Mergaitės sportuoja kaime.
Datasets/Real_Handwriting/images/form_050_sentence_5.png,Aš labai ramiai šypsosi.
Datasets/Real_Handwriting/images/form_051_sentence_1.png,Šiandien mergaitė skuba kartu.
Datasets/Real_Handwriting/images/form_051_sentence_2.png,Jos šoka arbatą namuose.
Datasets/Real_Handwriting/images/form_051_sentence_3.png,Vaikai dabar rašo.
Datasets/Real_Handwriting/images/form_051_sentence_4.png,Šiandien jūs juokiasi smagiai.
Datasets/Real_Handwriting/images/form_051_sentence_5.png,Jos atidžiai skaito.
Datasets/Real_Handwriting/images/form_052_sentence_1.png,Mergaitės skuba miške.
Datasets/Real_Handwriting/images/form_052_sentence_2.png,Jūs žaidžia projektą.
Datasets/Real_Handwriting/images/form_052_sentence_3.png,Šiandien gydytojai mąsto niekada.
Datasets/Real_Handwriting/images/form_052_sentence_4.png,Jos bijo žaisti knygą.
Datasets/Real_Handwriting/images/form_052_sentence_5.png,Vaikai mėgsta miegoti paveikslą.
Datasets/Real_Handwriting/images/form_053_sentence_1.png,Šuo baigia mokytis.
Datasets/Real_Handwriting/images/form_053_sentence_2.png,Draugas labai retai miega.
Datasets/Real_Handwriting/images/form_053_sentence_3.png,Blogai jūs juokiasi maistą.
Datasets/Real_Handwriting/images/form_053_sentence_4.png,Studentas skuba vandenį mieste.
Datasets/Real_Handwriting/images/form_053_sentence_5.png,Paukštis dirba žemėlapį bibliotekoje.
Datasets/Real_Handwriting/images/form_054_sentence_1.png,Jūs klauso projektą.
Datasets/Real_Handwriting/images/form_054_sentence_2.png,Ar vaikas žaidžia?
Datasets/Real_Handwriting/images/form_054_sentence_3.png,Lėtai jos piešia kavą.
Datasets/Real_Handwriting/images/form_054_sentence_4.png,Draugas bėga maistą stadione.
Datasets/Real_Handwriting/images/form_054_sentence_5.png,Aš sportuoja maistą mokykloje.
Datasets/Real_Handwriting/images/form_055_sentence_1.png,Katė labai greitai dainuoja.
Datasets/Real_Handwriting/images/form_055_sentence_2.png,Ramiai mes ilsisi vandenį.
Datasets/Real_Handwriting/images/form_055_sentence_3.png,Tu nori valgyti.
Datasets/Real_Handwriting/images/form_055_sentence_4.png,Ji piešia miške ir kalnuose.
Datasets/Real_Handwriting/images/form_055_sentence_5.png,Studentai šypsosi prie ežero ir kaime.
Datasets/Real_Handwriting/images/form_056_sentence_1.png,Jos labai dabar valgo.
Datasets/Real_Handwriting/images/form_056_sentence_2.png,Jis labai retai tvarkosi.
Datasets/Real_Handwriting/images/form_056_sentence_3.png,Draugai dainuoja namuose ir stotyje.
Datasets/Real_Handwriting/images/form_056_sentence_4.png,Mielai vaikas dainuoja receptą.
Datasets/Real_Handwriting/images/form_056_sentence_5.png,Moteris žiūri egzaminą.
Datasets/Real_Handwriting/images/form_058_sentence_1.png,Mokytojas baigia keliauti mokyklą.
Datasets/Real_Handwriting/images/form_058_sentence_2.png,Mergaitė bijo šokti.
Datasets/Real_Handwriting/images/form_058_sentence_3.png,Moteris juokiasi istoriją.
Datasets/Real_Handwriting/images/form_058_sentence_4.png,Jie labai rytoj galvoja.
Datasets/Real_Handwriting/images/form_058_sentence_5.png,Moterys ilsisi mieste.
Datasets/Real_Handwriting/images/form_059_sentence_1.png,Studentai žiūri prie ežero ir kalnuose.
Datasets/Real_Handwriting/images/form_059_sentence_2.png,Smagiai jie galvoja istoriją.
Datasets/Real_Handwriting/images/form_059_sentence_3.png,Studentas retai mąsto.
Datasets/Real_Handwriting/images/form_059_sentence_4.png,Vyrai stengiasi dirbti receptą.
Datasets/Real_Handwriting/images/form_059_sentence_5.png,Draugai šypsosi parke.
Datasets/Real_Handwriting/images/form_060_sentence_1.png,Šiandien draugas rašo gerai.
Datasets/Real_Handwriting/images/form_060_sentence_2.png,Moteris labai blogai skuba.
Datasets/Real_Handwriting/images/form_060_sentence_3.png,Katė stengiasi galvoti daržoves.
Datasets/Real_Handwriting/images/form_060_sentence_4.png,Jūs mąsto vandenį.
Datasets/Real_Handwriting/images/form_060_sentence_5.png,Kartu studentas tvarkosi laišką.
Datasets/Real_Handwriting/images/form_061_sentence_1.png,Smagiai jis miega egzaminą.
Datasets/Real_Handwriting/images/form_061_sentence_2.png,Mes sportuoja sode.
Datasets/Real_Handwriting/images/form_061_sentence_3.png,Tu pradeda bėgti.
Datasets/Real_Handwriting/images/form_061_sentence_4.png,Šiandien mergaitė sportuoja šiandien.
Datasets/Real_Handwriting/images/form_061_sentence_5.png,Tu sportuoja namuose ir bibliotekoje.
Datasets/Real_Handwriting/images/form_062_sentence_1.png,Ar jos rašo?
Datasets/Real_Handwriting/images/form_062_sentence_2.png,Aš labai gerai miega.
Datasets/Real_Handwriting/images/form_062_sentence_3.png,Šuo labai kartu piešia.
Datasets/Real_Handwriting/images/form_062_sentence_4.png,Vyras miega maistą.
Datasets/Real_Handwriting/images/form_062_sentence_5.png,Gydytojai skaito žaidimą.
Datasets/Real_Handwriting/images/form_064_sentence_1.png,Vyrai valgo kaime ir stadione.
Datasets/Real_Handwriting/images/form_064_sentence_2.png,Mokytojai juokiasi ir juokiasi.
Datasets/Real_Handwriting/images/form_064_sentence_3.png,Ar jūs ilsisi?
Datasets/Real_Handwriting/images/form_064_sentence_4.png,Gydytojai mąsto egzaminą kavinėje.
Datasets/Real_Handwriting/images/form_064_sentence_5.png,Ar mes juokiasi?
Datasets/Real_Handwriting/images/form_065_sentence_1.png,Gydytojai stengiasi eiti daržoves.
Datasets/Real_Handwriting/images/form_065_sentence_2.png,Draugas garsiai miega.
Datasets/Real_Handwriting/images/form_065_sentence_3.png,Draugas sportuoja žaidimą.
Datasets/Real_Handwriting/images/form_065_sentence_4.png,Vaikai labai ramiai piešia.
Datasets/Real_Handwriting/images/form_065_sentence_5.png,Ar studentai ilsisi?
Datasets/Real_Handwriting/images/form_066_sentence_1.png,Mergaitė baigia bėgti namus.
Datasets/Real_Handwriting/images/form_066_sentence_2.png,Šiandien aš skaito smagiai.
Datasets/Real_Handwriting/images/form_066_sentence_3.png,Retai moterys keliauoja daržoves.
Datasets/Real_Handwriting/images/form_066_sentence_4.png,Paukštis labai atidžiai skaito.
Datasets/Real_Handwriting/images/form_066_sentence_5.png,Moterys skaito pamoką paplūdimyje.
Datasets/Real_Handwriting/images/form_067_sentence_1.png,Jie labai kartu kalba.
Datasets/Real_Handwriting/images/form_067_sentence_2.png,Mes dainuoja darbe ir stadione.
Datasets/Real_Handwriting/images/form_067_sentence_3.png,Jūs verkia mieste.
Datasets/Real_Handwriting/images/form_067_sentence_4.png,Ar gydytojai keliauoja?
Datasets/Real_Handwriting/images/form_067_sentence_5.png,Smagiai vaikas šoka žemėlapį.
Datasets/Real_Handwriting/images/form_068_sentence_1.png,Ar paukštis žiūri?
Datasets/Real_Handwriting/images/form_068_sentence_2.png,Mokytojas kalba namuose ir parke.
Datasets/Real_Handwriting/images/form_068_sentence_3.png,Šiandien gydytojas juokiasi niekada.
Datasets/Real_Handwriting/images/form_068_sentence_4.png,Paukštis stengiasi keliauti.
Datasets/Real_Handwriting/images/form_068_sentence_5.png,Ar draugai mokosi?
Datasets/Real_Handwriting/images/form_069_sentence_1.png,Studentas labai gerai tvarkosi.
Datasets/Real_Handwriting/images/form_069_sentence_2.png,Vyras miega stadione.
Datasets/Real_Handwriting/images/form_069_sentence_3.png,Studentai tvarkosi ir tvarkosi.
Datasets/Real_Handwriting/images/form_069_sentence_4.png,Šiandien mergaitė skaito kartu.
Datasets/Real_Handwriting/images/form_069_sentence_5.png,Mokytojas garsiai bėga.
Datasets/Real_Handwriting/images/form_070_sentence_1.png,Mokytojai bėga paplūdimyje.
Datasets/Real_Handwriting/images/form_070_sentence_2.png,Moteris sportuoja ir sportuoja.
Datasets/Real_Handwriting/images/form_070_sentence_3.png,Studentai verkia ir verkia.
Datasets/Real_Handwriting/images/form_070_sentence_4.png,Studentas baigia keliauti receptą.
Datasets/Real_Handwriting/images/form_070_sentence_5.png,Ar mokytojas juokiasi?
Datasets/Real_Handwriting/images/form_071_sentence_1.png,Jie labai kartu miega.
Datasets/Real_Handwriting/images/form_071_sentence_2.png,Gydytojai bėga kavą.
Datasets/Real_Handwriting/images/form_071_sentence_3.png,Moteris nemėgsta skubėti projektą.
Datasets/Real_Handwriting/images/form_071_sentence_4.png,Šuo žiūri mokykloje.
Datasets/Real_Handwriting/images/form_071_sentence_5.png,Vyrai verkia ir verkia.
Datasets/Real_Handwriting/images/form_073_sentence_1.png,Moterys nori sportuoti vandenį.
Datasets/Real_Handwriting/images/form_073_sentence_2.png,Mergaitės lėtai galvoja.
Datasets/Real_Handwriting/images/form_073_sentence_3.png,Tu žaidžia paplūdimyje ir stadione.
Datasets/Real_Handwriting/images/form_073_sentence_4.png,Studentai valgo stadione.
Datasets/Real_Handwriting/images/form_073_sentence_5.png,Ji tyliai valgo.
Datasets/Real_Handwriting/images/form_074_sentence_1.png,Ar jis galvoja?
Datasets/Real_Handwriting/images/form_074_sentence_2.png,Jis dainuoja darbą.
Datasets/Real_Handwriting/images/form_074_sentence_3.png,Draugas mąsto mokyklą.
Datasets/Real_Handwriting/images/form_074_sentence_4.png,Jūs verkia laišką.
Datasets/Real_Handwriting/images/form_074_sentence_5.png,Katė geria ir geria.
Datasets/Real_Handwriting/images/form_075_sentence_1.png,Moteris tvarkosi ir tvarkosi.
Datasets/Real_Handwriting/images/form_075_sentence_2.png,Jis mąsto sode.
Datasets/Real_Handwriting/images/form_075_sentence_3.png,Šiandien mokytojas piešia rytoj.
Datasets/Real_Handwriting/images/form_075_sentence_4.png,Jūs baigia skubėti.
Datasets/Real_Handwriting/images/form_075_sentence_5.png,Jos skuba žaidimą.
Datasets/Real_Handwriting/images/form_076_sentence_1.png,Katė mėgsta piešti.
Datasets/Real_Handwriting/images/form_076_sentence_2.png,Ji tvarkosi darbe ir ligoninėje.
Datasets/Real_Handwriting/images/form_076_sentence_3.png,Mergaitė miega receptą.
Datasets/Real_Handwriting/images/form_076_sentence_4.png,Šiandien gydytojas mokosi kruopščiai.
Datasets/Real_Handwriting/images/form_076_sentence_5.png,Draugai nemėgsta žaisti žaidimą.
Datasets/Real_Handwriting/images/form_077_sentence_1.png,Ar jos bėga?
Datasets/Real_Handwriting/images/form_077_sentence_2.png,Vyrai baigia kalbėti.
Datasets/Real_Handwriting/images/form_077_sentence_3.png,Draugas baigia miegoti muziką.
Datasets/Real_Handwriting/images/form_077_sentence_4.png,Aš stengiasi miegoti daržoves.
Datasets/Real_Handwriting/images/form_077_sentence_5.png,Mergaitės mokosi vandenį kaime.
Datasets/Real_Handwriting/images/form_078_sentence_1.png,Moteris labai kartu galvoja.
Datasets/Real_Handwriting/images/form_078_sentence_2.png,Mergaitė nemėgsta dainuoti.
Datasets/Real_Handwriting/images/form_078_sentence_3.png,Vaikai mėgsta mokytis pamoką.
Datasets/Real_Handwriting/images/form_078_sentence_4.png,Šiandien mes galvoja ramiai.
Datasets/Real_Handwriting/images/form_078_sentence_5.png,Studentas klauso arbatą mokykloje.
Datasets/Real_Handwriting/images/form_079_sentence_1.png,Vyras mėgsta skaityti receptą.
Datasets/Real_Handwriting/images/form_079_sentence_2.png,Šiandien vyrai skaito kartu.
Datasets/Real_Handwriting/images/form_079_sentence_3.png,Draugas mokosi užduotį kavinėje.
Datasets/Real_Handwriting/images/form_079_sentence_4.png,Ar vyras kalba?
Datasets/Real_Handwriting/images/form_079_sentence_5.png,Jūs stengiasi ilsėtis receptą.
Datasets/Real_Handwriting/images/form_080_sentence_1.png,Šiandien draugas miega vakar.
Datasets/Real_Handwriting/images/form_080_sentence_2.png,Tu šoka ir šoka.
Datasets/Real_Handwriting/images/form_080_sentence_3.png,Aš lėtai sportuoja.
Datasets/Real_Handwriting/images/form_080_sentence_4.png,Šiandien draugai verkia visada.
Datasets/Real_Handwriting/images/form_080_sentence_5.png,Mergaitės šypsosi mieste.
Datasets/Real_Handwriting/images/form_081_sentence_1.png,Vyras geria kavą.
Datasets/Real_Handwriting/images/form_081_sentence_2.png,Moterys sportuoja mokyklą.
Datasets/Real_Handwriting/images/form_081_sentence_3.png,Gydytojas juokiasi ir juokiasi.
Datasets/Real_Handwriting/images/form_081_sentence_4.png,Paukštis žiūri mokykloje ir bibliotekoje.
Datasets/Real_Handwriting/images/form_081_sentence_5.png,Draugas blogai bėga.
Datasets/Real_Handwriting/images/form_082_sentence_1.png,Vyras niekada dainuoja.
Datasets/Real_Handwriting/images/form_082_sentence_2.png,Mergaitė nemėgsta kalbėti muziką.
Datasets/Real_Handwriting/images/form_082_sentence_3.png,Gydytojas pradeda sportuoti.
Datasets/Real_Handwriting/images/form_082_sentence_4.png,Blogai mergaitė žiūri laišką.
Datasets/Real_Handwriting/images/form_082_sentence_5.png,Vaikai bėga vaisius.
Datasets/Real_Handwriting/images/form_083_sentence_1.png,Gydytojai labai šiandien dainuoja.
Datasets/Real_Handwriting/images/form_083_sentence_2.png,Gydytojas kalba ir kalba.
Datasets/Real_Handwriting/images/form_083_sentence_3.png,Ar mes dirba?
Datasets/Real_Handwriting/images/form_083_sentence_4.png,Tu miega egzaminą.
Datasets/Real_Handwriting/images/form_083_sentence_5.png,Greitai katė keliauoja vandenį.
Datasets/Real_Handwriting/images/form_084_sentence_1.png,Lėtai studentai geria filmą.
Datasets/Real_Handwriting/images/form_084_sentence_2.png,Draugas žiūri užduotį.
Datasets/Real_Handwriting/images/form_084_sentence_3.png,Ramiai vyras mokosi žaidimą.
Datasets/Real_Handwriting/images/form_084_sentence_4.png,Šiandien gydytojai šypsosi kruopščiai.
Datasets/Real_Handwriting/images/form_084_sentence_5.png,Tu labai kartu skuba.
Datasets/Real_Handwriting/images/form_085_sentence_1.png,Vyras mėgsta skaityti.
Datasets/Real_Handwriting/images/form_085_sentence_2.png,Vaikai klauso mokyklą mieste.
Datasets/Real_Handwriting/images/form_085_sentence_3.png,Moterys mąsto užduotį.
Datasets/Real_Handwriting/images/form_085_sentence_4.png,Katė geria paplūdimyje.
Datasets/Real_Handwriting/images/form_085_sentence_5.png,Gerai mes šypsosi egzaminą.
Datasets/Real_Handwriting/images/form_086_sentence_1.png,Mokytojai mokosi projektą.
Datasets/Real_Handwriting/images/form_086_sentence_2.png,Mokytojas skaito maistą.
Datasets/Real_Handwriting/images/form_086_sentence_3.png,Atidžiai vyras galvoja knygą.
Datasets/Real_Handwriting/images/form_086_sentence_4.png,Tu mielai eina.
Datasets/Real_Handwriting/images/form_086_sentence_5.png,Šiandien mes eina retai.
Datasets/Real_Handwriting/images/form_087_sentence_1.png,Aš bijo keliauti projektą.
Datasets/Real_Handwriting/images/form_087_sentence_2.png,Jie mąsto ir mąsto.
Datasets/Real_Handwriting/images/form_087_sentence_3.png,Jūs valgo paveikslą.
Datasets/Real_Handwriting/images/form_087_sentence_4.png,Vaikai labai kruopščiai mokosi.
Datasets/Real_Handwriting/images/form_087_sentence_5.png,Jis piešia ir piešia.
Datasets/Real_Handwriting/images/form_088_sentence_1.png,Ji piešia ir piešia.
Datasets/Real_Handwriting/images/form_088_sentence_2.png,Studentas mokosi mieste ir mieste.
Datasets/Real_Handwriting/images/form_088_sentence_3.png,Mokytojai labai vakar keliauoja.
Datasets/Real_Handwriting/images/form_088_sentence_4.png,Aš sportuoja bibliotekoje ir darbe.
Datasets/Real_Handwriting/images/form_088_sentence_5.png,Moteris labai greitai rašo.
Datasets/Real_Handwriting/images/form_089_sentence_1.png,Mokytojai tvarkosi stotyje.
Datasets/Real_Handwriting/images/form_089_sentence_2.png,Mes nori dirbti.
Datasets/Real_Handwriting/images/form_089_sentence_3.png,Mergaitės keliauoja ir keliauoja.
Datasets/Real_Handwriting/images/form_089_sentence_4.png,Šiandien paukštis miega vakar.
Datasets/Real_Handwriting/images/form_089_sentence_5.png,Mergaitės geria stadione.
Datasets/Real_Handwriting/images/form_090_sentence_1.png,Jis labai dabar tvarkosi.
Datasets/Real_Handwriting/images/form_090_sentence_2.png,Gerai mergaitė žiūri dainą.
Datasets/Real_Handwriting/images/form_090_sentence_3.png,Jūs dirba egzaminą kalnuose.
Datasets/Real_Handwriting/images/form_090_sentence_4.png,Ar paukštis klauso?
Datasets/Real_Handwriting/images/form_090_sentence_5.png,Draugai kalba darbe ir prie ežero.
Datasets/Real_Handwriting/images/form_091_sentence_1.png,Labai jūs keliauoja laišką.
Datasets/Real_Handwriting/images/form_091_sentence_2.png,Moterys rašo ir rašo.
Datasets/Real_Handwriting/images/form_091_sentence_3.png,Moteris geria kavą mieste.
Datasets/Real_Handwriting/images/form_091_sentence_4.png,Šuo galvoja prie ežero.
Datasets/Real_Handwriting/images/form_091_sentence_5.png,Tu blogai eina.
Datasets/Real_Handwriting/images/form_092_sentence_1.png,Retai katė valgo egzaminą.
Datasets/Real_Handwriting/images/form_092_sentence_2.png,Draugas geria kalnuose ir stadione.
Datasets/Real_Handwriting/images/form_092_sentence_3.png,Katė retai galvoja.
Datasets/Real_Handwriting/images/form_092_sentence_4.png,Vaikas labai niekada mokosi.
Datasets/Real_Handwriting/images/form_092_sentence_5.png,Paukštis verkia kavą paplūdimyje.
Datasets/Real_Handwriting/images/form_093_sentence_1.png,Mergaitės kartu klauso.
Datasets/Real_Handwriting/images/form_093_sentence_2.png,Mokytojai piešia parke.
Datasets/Real_Handwriting/images/form_093_sentence_3.png,Mes sportuoja maistą stadione.
Datasets/Real_Handwriting/images/form_093_sentence_4.png,Jūs labai vakar dirba.
Datasets/Real_Handwriting/images/form_093_sentence_5.png,Mes tyliai kalba.
Datasets/Real_Handwriting/images/form_094_sentence_1.png,Mokytojas mėgsta keliauti knygą.
Datasets/Real_Handwriting/images/form_094_sentence_2.png,Studentas valgo namuose.
Datasets/Real_Handwriting/images/form_094_sentence_3.png,Šiandien jis dirba visada.
Datasets/Real_Handwriting/images/form_094_sentence_4.png,Jie labai kartu miega.
Datasets/Real_Handwriting/images/form_094_sentence_5.png,Draugai labai rytoj verkia.
Datasets/Real_Handwriting/images/form_095_sentence_1.png,Šiandien draugas skuba ramiai.
Datasets/Real_Handwriting/images/form_095_sentence_2.png,Jie piešia darbe.
Datasets/Real_Handwriting/images/form_095_sentence_3.png,Katė mėgsta skubėti.
Datasets/Real_Handwriting/images/form_095_sentence_4.png,Paukštis žiūri žaidimą.
Datasets/Real_Handwriting/images/form_095_sentence_5.png,Tyliai aš kalba arbatą.
Datasets/Real_Handwriting/images/form_096_sentence_1.png,Šuo nemėgsta ilsėtis laišką.
Datasets/Real_Handwriting/images/form_096_sentence_2.png,Gerai vaikai kalba mokyklą.
Datasets/Real_Handwriting/images/form_096_sentence_3.png,Mergaitės bėga ir bėga.
Datasets/Real_Handwriting/images/form_096_sentence_4.png,Mergaitė juokiasi knygą stotyje.
Datasets/Real_Handwriting/images/form_096_sentence_5.png,Moteris nemėgsta kalbėti namus.
Datasets/Real_Handwriting/images/form_097_sentence_1.png,Gydytojai keliauoja vaisius kaime.
Datasets/Real_Handwriting/images/form_097_sentence_2.png,Jūs valgo arbatą.
Datasets/Real_Handwriting/images/form_097_sentence_3.png,Mergaitės nemėgsta galvoti.
Datasets/Real_Handwriting/images/form_097_sentence_4.png,Moteris klauso darbą stotyje.
Datasets/Real_Handwriting/images/form_097_sentence_5.png,Vaikai juokiasi vaisius.
Datasets/Real_Handwriting/images/form_098_sentence_1.png,Jūs mokosi stadione.
Datasets/Real_Handwriting/images/form_098_sentence_2.png,Draugas dirba ir dirba.
Datasets/Real_Handwriting/images/form_098_sentence_3.png,Aš bijo miegoti receptą.
Datasets/Real_Handwriting/images/form_098_sentence_4.png,Jie labai blogai mąsto.
Datasets/Real_Handwriting/images/form_098_sentence_5.png,Studentai dirba prie ežero ir ligoninėje.
Datasets/Real_Handwriting/images/form_100_sentence_1.png,Ar jos valgo?
Datasets/Real_Handwriting/images/form_100_sentence_2.png,Šiandien šuo žaidžia rytoj.
Datasets/Real_Handwriting/images/form_100_sentence_3.png,Mergaitės žaidžia paplūdimyje.
Datasets/Real_Handwriting/images/form_100_sentence_4.png,Rytoj jos žaidžia pamoką.
Datasets/Real_Handwriting/images/form_100_sentence_5.png,Ji dainuoja namuose.
Datasets/Real_Handwriting/images/form_101_sentence_1.png,Smagiai vyrai mokosi žemėlapį.
Datasets/Real_Handwriting/images/form_101_sentence_2.png,Retai moterys šypsosi žemėlapį.
Datasets/Real_Handwriting/images/form_101_sentence_3.png,Vaikai mąsto ligoninėje ir stotyje.
Datasets/Real_Handwriting/images/form_101_sentence_4.png,Ar mokytojas dainuoja?
Datasets/Real_Handwriting/images/form_101_sentence_5.png,Ji klauso ir klauso.
Datasets/Real_Handwriting/images/form_102_sentence_1.png,Moteris nori kalbėti.
Datasets/Real_Handwriting/images/form_102_sentence_2.png,Studentas mėgsta sportuoti arbatą.
Datasets/Real_Handwriting/images/form_102_sentence_3.png,Šuo niekada galvoja.
Datasets/Real_Handwriting/images/form_102_sentence_4.png,Draugai bijo tvarkytis kavą.
Datasets/Real_Handwriting/images/form_102_sentence_5.png,Jos mėgsta dainuoti kavą.
Datasets/Real_Handwriting/images/form_103_sentence_1.png,Mes ilsisi kalnuose ir ligoninėje.
Datasets/Real_Handwriting/images/form_103_sentence_2.png,Jie smagiai sportuoja.
Datasets/Real_Handwriting/images/form_103_sentence_3.png,Ar draugas miega?
Datasets/Real_Handwriting/images/form_103_sentence_4.png,Gydytojai tvarkosi muziką miške.
Datasets/Real_Handwriting/images/form_103_sentence_5.png,Šiandien šuo eina atidžiai.
Datasets/Real_Handwriting/images/form_104_sentence_1.png,Moterys žaidžia istoriją.
Datasets/Real_Handwriting/images/form_104_sentence_2.png,Mes pradeda ilsėtis istoriją.
Datasets/Real_Handwriting/images/form_104_sentence_3.png,Jos mėgsta miegoti.
Datasets/Real_Handwriting/images/form_104_sentence_4.png,Vyrai nori valgyti mokyklą.
Datasets/Real_Handwriting/images/form_104_sentence_5.png,Šiandien katė bėga kartu.
Datasets/Real_Handwriting/images/form_105_sentence_1.png,Katė mokosi ir mokosi.
Datasets/Real_Handwriting/images/form_105_sentence_2.png,Gydytojas bijo gerti arbatą.
Datasets/Real_Handwriting/images/form_105_sentence_3.png,Gydytojai pradeda galvoti.
Datasets/Real_Handwriting/images/form_105_sentence_4.png,Mergaitė blogai mąsto.
Datasets/Real_Handwriting/images/form_105_sentence_5.png,Šiandien mergaitės juokiasi atidžiai.
Datasets/Real_Handwriting/images/form_106_sentence_1.png,Paukštis kalba namus.
Datasets/Real_Handwriting/images/form_106_sentence_2.png,Studentai labai atidžiai bėga.
Datasets/Real_Handwriting/images/form_106_sentence_3.png,Moterys žiūri mokyklą miške.
Datasets/Real_Handwriting/images/form_106_sentence_4.png,Dabar jie ilsisi projektą.
Datasets/Real_Handwriting/images/form_106_sentence_5.png,Jūs bijo miegoti daržoves.
Datasets/Real_Handwriting/images/form_107_sentence_1.png,Draugas labai lėtai eina.
Datasets/Real_Handwriting/images/form_107_sentence_2.png,Jis stengiasi dirbti knygą.
Datasets/Real_Handwriting/images/form_107_sentence_3.png,Mokytojai nemėgsta šokti maistą.
Datasets/Real_Handwriting/images/form_107_sentence_4.png,Moterys klauso ir klauso.
Datasets/Real_Handwriting/images/form_107_sentence_5.png,Paukštis mėgsta galvoti.
Datasets/Real_Handwriting/images/form_108_sentence_1.png,Mergaitė labai labai mąsto.
Datasets/Real_Handwriting/images/form_108_sentence_2.png,Paukštis pradeda piešti filmą.
Datasets/Real_Handwriting/images/form_108_sentence_3.png,Ji rašo stadione ir stotyje.
Datasets/Real_Handwriting/images/form_108_sentence_4.png,Mes stengiasi eiti muziką.
Datasets/Real_Handwriting/images/form_108_sentence_5.png,Ar moteris piešia?
Datasets/Real_Handwriting/images/form_109_sentence_1.png,Šiandien aš mokosi gerai.
Datasets/Real_Handwriting/images/form_109_sentence_2.png,Vaikai baigia šokti mokyklą.
Datasets/Real_Handwriting/images/form_109_sentence_3.png,Dažnai gydytojai sportuoja egzaminą.
Datasets/Real_Handwriting/images/form_109_sentence_4.png,Ar studentas eina?
Datasets/Real_Handwriting/images/form_109_sentence_5.png,Studentas skuba daržoves.
Datasets/Real_Handwriting/images/form_110_sentence_1.png,Gydytojai nemėgsta keliauti daržoves.
Datasets/Real_Handwriting/images/form_110_sentence_2.png,Jie dirba ir dirba.
Datasets/Real_Handwriting/images/form_110_sentence_3.png,Šiandien ji tvarkosi dažnai.
Datasets/Real_Handwriting/images/form_110_sentence_4.png,Ar ji dirba?
Datasets/Real_Handwriting/images/form_110_sentence_5.png,Gydytojai skaito stotyje ir namuose.
Datasets/Real_Handwriting/images/form_111_sentence_1.png,Jie dainuoja kalnuose ir mieste.
Datasets/Real_Handwriting/images/form_111_sentence_2.png,Jūs baigia skaityti.
Datasets/Real_Handwriting/images/form_111_sentence_3.png,Paukštis piešia ir piešia.
Datasets/Real_Handwriting/images/form_111_sentence_4.png,Vaikas žiūri ir žiūri.
Datasets/Real_Handwriting/images/form_111_sentence_5.png,Aš nori žaisti dainą.
Datasets/Real_Handwriting/images/form_112_sentence_1.png,Draugas bijo tvarkytis.
Datasets/Real_Handwriting/images/form_112_sentence_2.png,Tu rašo mieste ir paplūdimyje.
Datasets/Real_Handwriting/images/form_112_sentence_3.png,Jis smagiai skaito.
Datasets/Real_Handwriting/images/form_112_sentence_4.png,Gydytojas labai visada miega.
Datasets/Real_Handwriting/images/form_112_sentence_5.png,Vyrai dažnai verkia.
Datasets/Real_Handwriting/images/form_113_sentence_1.png,Vyras ilsisi prie ežero.
Datasets/Real_Handwriting/images/form_113_sentence_2.png,Mokytojai labai blogai mokosi.
Datasets/Real_Handwriting/images/form_113_sentence_3.png,Vyrai tvarkosi paplūdimyje.
Datasets/Real_Handwriting/images/form_113_sentence_4.png,Šiandien vyras žiūri labai.
Datasets/Real_Handwriting/images/form_113_sentence_5.png,Gydytojai keliauoja užduotį.
Datasets/Real_Handwriting/images/form_114_sentence_1.png,Mergaitės žiūri receptą.
Datasets/Real_Handwriting/images/form_114_sentence_2.png,Dabar mergaitės skuba darbą.
Datasets/Real_Handwriting/images/form_114_sentence_3.png,Ji stengiasi dirbti.
Datasets/Real_Handwriting/images/form_114_sentence_4.png,Vyras eina ir eina.
Datasets/Real_Handwriting/images/form_114_sentence_5.png,Moterys piešia vaisius.
Datasets/Real_Handwriting/images/form_115_sentence_1.png,Mokytojas eina prie ežero ir mieste.
Datasets/Real_Handwriting/images/form_115_sentence_2.png,Mergaitės stengiasi tvarkytis maistą.
Datasets/Real_Handwriting/images/form_115_sentence_3.png,Vyrai bijo rašyti.
Datasets/Real_Handwriting/images/form_115_sentence_4.png,Moterys labai garsiai rašo.
Datasets/Real_Handwriting/images/form_115_sentence_5.png,Jūs pradeda šokti daržoves.
Datasets/Real_Handwriting/images/form_116_sentence_1.png,Rytoj jie žaidžia receptą.
Datasets/Real_Handwriting/images/form_116_sentence_2.png,Ar vaikas verkia?
Datasets/Real_Handwriting/images/form_116_sentence_3.png,Moterys žaidžia ir žaidžia.
Datasets/Real_Handwriting/images/form_116_sentence_4.png,Mes rašo stadione ir mieste.
Datasets/Real_Handwriting/images/form_116_sentence_5.png,Jos rašo vandenį.
Datasets/Real_Handwriting/images/form_117_sentence_1.png,Mokytojas bėga žaidimą kalnuose.
Datasets/Real_Handwriting/images/form_117_sentence_2.png,Vyras nori skubėti mokyklą.
Datasets/Real_Handwriting/images/form_117_sentence_3.png,Aš juokiasi stotyje ir ligoninėje.
Datasets/Real_Handwriting/images/form_117_sentence_4.png,Mergaitės dainuoja receptą.
Datasets/Real_Handwriting/images/form_117_sentence_5.png,Ar moteris skuba?
Datasets/Real_Handwriting/images/form_118_sentence_1.png,Aš labai blogai kalba.
Datasets/Real_Handwriting/images/form_118_sentence_2.png,Moterys tyliai piešia.
Datasets/Real_Handwriting/images/form_118_sentence_3.png,Mokytojas geria mokyklą bibliotekoje.
Datasets/Real_Handwriting/images/form_118_sentence_4.png,Šuo žiūri vandenį ligoninėje.
Datasets/Real_Handwriting/images/form_118_sentence_5.png,Mergaitė pradeda eiti filmą.
Datasets/Real_Handwriting/images/form_119_sentence_1.png,Gydytojas labai ramiai tvarkosi.
Datasets/Real_Handwriting/images/form_119_sentence_2.png,Mokytojai geria ir geria.
Datasets/Real_Handwriting/images/form_119_sentence_3.png,Katė miega ir miega.
Datasets/Real_Handwriting/images/form_119_sentence_4.png,Draugas tvarkosi prie ežero ir kaime.
Datasets/Real_Handwriting/images/form_119_sentence_5.png,Jie keliauoja laišką bibliotekoje.
Datasets/Real_Handwriting/images/form_120_sentence_1.png,Mes labai atidžiai eina.
Datasets/Real_Handwriting/images/form_120_sentence_2.png,Vaikas žaidžia ir žaidžia.
Datasets/Real_Handwriting/images/form_120_sentence_3.png,Vyrai valgo paplūdimyje ir bibliotekoje.
Datasets/Real_Handwriting/images/form_120_sentence_4.png,Ar mokytojas klauso?
Datasets/Real_Handwriting/images/form_120_sentence_5.png,Katė labai kartu mąsto.
Datasets/Real_Handwriting/images/form_121_sentence_1.png,Draugai pradeda kalbėti žaidimą.
Datasets/Real_Handwriting/images/form_121_sentence_2.png,Paukštis klauso kavą stotyje.
Datasets/Real_Handwriting/images/form_121_sentence_3.png,Studentas visada tvarkosi.
Datasets/Real_Handwriting/images/form_121_sentence_4.png,Mergaitės pradeda valgyti darbą.
Datasets/Real_Handwriting/images/form_121_sentence_5.png,Ar studentas geria?
Datasets/Real_Handwriting/images/form_122_sentence_1.png,Draugas klauso darbą namuose.
Datasets/Real_Handwriting/images/form_122_sentence_2.png,Draugai ilsisi arbatą.
Datasets/Real_Handwriting/images/form_122_sentence_3.png,Mergaitės piešia stotyje ir paplūdimyje.
Datasets/Real_Handwriting/images/form_122_sentence_4.png,Vaikai ilsisi sode.
Datasets/Real_Handwriting/images/form_122_sentence_5.png,Tyliai vaikai galvoja kavą.
Datasets/Real_Handwriting/images/form_123_sentence_1.png,Šiandien mergaitės ilsisi ramiai.
Datasets/Real_Handwriting/images/form_123_sentence_2.png,Jos nemėgsta mokytis pamoką.
Datasets/Real_Handwriting/images/form_123_sentence_3.png,Moteris bijo keliauti.
Datasets/Real_Handwriting/images/form_123_sentence_4.png,Mokytojai labai visada miega.
Datasets/Real_Handwriting/images/form_123_sentence_5.png,Mokytojai labai rytoj piešia.
Datasets/Real_Handwriting/images/form_124_sentence_1.png,Šiandien jie eina blogai.
Datasets/Real_Handwriting/images/form_124_sentence_2.png,Dabar jos verkia muziką.
Datasets/Real_Handwriting/images/form_124_sentence_3.png,Vyras ilsisi kavą mokykloje.
Datasets/Real_Handwriting/images/form_124_sentence_4.png,Jis mėgsta žaisti vandenį.
Datasets/Real_Handwriting/images/form_124_sentence_5.png,Ar ji bėga?
Datasets/Real_Handwriting/images/form_125_sentence_1.png,Vyras nori piešti.
Datasets/Real_Handwriting/images/form_125_sentence_2.png,Ar jos dirba?
Datasets/Real_Handwriting/images/form_125_sentence_3.png,Mergaitė tvarkosi stadione ir ligoninėje.
Datasets/Real_Handwriting/images/form_125_sentence_4.png,Ar mergaitės galvoja?
Datasets/Real_Handwriting/images/form_125_sentence_5.png,Retai tu skaito dainą.
Datasets/Real_Handwriting/images/form_126_sentence_1.png,Draugas dirba ligoninėje ir kavinėje.
Datasets/Real_Handwriting/images/form_126_sentence_2.png,Šiandien katė piešia kruopščiai.
Datasets/Real_Handwriting/images/form_126_sentence_3.png,Katė rašo užduotį bibliotekoje.
Datasets/Real_Handwriting/images/form_126_sentence_4.png,Vyrai pradeda šokti darbą.
Datasets/Real_Handwriting/images/form_126_sentence_5.png,Mielai paukštis sportuoja egzaminą.
Datasets/Real_Handwriting/images/form_127_sentence_1.png,Ji mokosi mieste ir namuose.
Datasets/Real_Handwriting/images/form_127_sentence_2.png,Šiandien mes žiūri mielai.
Datasets/Real_Handwriting/images/form_127_sentence_3.png,Aš šypsosi bibliotekoje ir kaime.
Datasets/Real_Handwriting/images/form_127_sentence_4.png,Jūs bijo šokti kavą.
Datasets/Real_Handwriting/images/form_127_sentence_5.png,Paukštis labai ramiai žiūri.
Datasets/Real_Handwriting/images/form_128_sentence_1.png,Šiandien moteris keliauoja kartu.
Datasets/Real_Handwriting/images/form_128_sentence_2.png,Jis bėga žaidimą prie ežero.
Datasets/Real_Handwriting/images/form_128_sentence_3.png,Vaikai nemėgsta kalbėti.
Datasets/Real_Handwriting/images/form_128_sentence_4.png,Ji dainuoja ir dainuoja.
Datasets/Real_Handwriting/images/form_128_sentence_5.png,Moteris bėga arbatą.
Datasets/Real_Handwriting/images/form_129_sentence_1.png,Mokytojas klauso ligoninėje.
Datasets/Real_Handwriting/images/form_129_sentence_2.png,Paukštis šypsosi žaidimą darbe.
Datasets/Real_Handwriting/images/form_129_sentence_3.png,Aš stengiasi piešti kavą.
Datasets/Real_Handwriting/images/form_129_sentence_4.png,Studentai skuba parke.
Datasets/Real_Handwriting/images/form_129_sentence_5.png,Moterys dirba ir dirba.
Datasets/Real_Handwriting/images/form_130_sentence_1.png,Moterys nori tvarkytis žaidimą.
Datasets/Real_Handwriting/images/form_130_sentence_2.png,Vyras atidžiai verkia.
Datasets/Real_Handwriting/images/form_130_sentence_3.png,Vyras keliauoja filmą.
Datasets/Real_Handwriting/images/form_130_sentence_4.png,Moteris verkia mieste.
Datasets/Real_Handwriting/images/form_130_sentence_5.png,Jos pradeda dainuoti.
Datasets/Real_Handwriting/images/form_131_sentence_1.png,Jis labai šiandien šoka.
Datasets/Real_Handwriting/images/form_131_sentence_2.png,Kartu mes kalba darbą.
Datasets/Real_Handwriting/images/form_131_sentence_3.png,Ji nemėgsta rašyti maistą.
Datasets/Real_Handwriting/images/form_131_sentence_4.png,Studentas labai greitai skuba.
Datasets/Real_Handwriting/images/form_131_sentence_5.png,Mokytojai juokiasi ir juokiasi.
Datasets/Real_Handwriting/images/form_132_sentence_1.png,Mokytojas mielai keliauoja.
Datasets/Real_Handwriting/images/form_132_sentence_2.png,Šiandien mes rašo labai.
Datasets/Real_Handwriting/images/form_132_sentence_3.png,Gydytojas rašo stotyje.
Datasets/Real_Handwriting/images/form_132_sentence_4.png,Mokytojas labai geria.
Datasets/Real_Handwriting/images/form_132_sentence_5.png,Šiandien aš galvoja kruopščiai.
Datasets/Real_Handwriting/images/form_133_sentence_1.png,Dabar moterys klauso filmą.
Datasets/Real_Handwriting/images/form_133_sentence_2.png,Mokytojas geria mieste.
Datasets/Real_Handwriting/images/form_133_sentence_3.png,Paukštis ilsisi mokykloje.
Datasets/Real_Handwriting/images/form_133_sentence_4.png,Šuo nemėgsta skubėti.
Datasets/Real_Handwriting/images/form_133_sentence_5.png,Ar vyrai skuba?
Datasets/Real_Handwriting/images/form_134_sentence_1.png,Mes nemėgsta skaityti.
Datasets/Real_Handwriting/images/form_134_sentence_2.png,Moteris sportuoja darbą mieste.
Datasets/Real_Handwriting/images/form_134_sentence_3.png,Vyras kalba namus.
Datasets/Real_Handwriting/images/form_134_sentence_4.png,Paukštis bėga laišką.
Datasets/Real_Handwriting/images/form_134_sentence_5.png,Mes rašo ir rašo.
Datasets/Real_Handwriting/images/form_135_sentence_1.png,Ar draugai skuba?
Datasets/Real_Handwriting/images/form_135_sentence_2.png,Jis atidžiai tvarkosi.
Datasets/Real_Handwriting/images/form_135_sentence_3.png,Vakar šuo verkia paveikslą.
Datasets/Real_Handwriting/images/form_135_sentence_4.png,Ar aš skuba?
Datasets/Real_Handwriting/images/form_135_sentence_5.png,Aš valgo muziką.
Datasets/Real_Handwriting/images/form_136_sentence_1.png,Vyrai rytoj mąsto.
Datasets/Real_Handwriting/images/form_136_sentence_2.png,Greitai jie skuba knygą.
Datasets/Real_Handwriting/images/form_136_sentence_3.png,Gerai mokytojai žiūri užduotį.
Datasets/Real_Handwriting/images/form_136_sentence_4.png,Jūs sportuoja prie ežero.
Datasets/Real_Handwriting/images/form_136_sentence_5.png,Visada vyrai valgo arbatą.
Datasets/Real_Handwriting/images/form_137_sentence_1.png,Studentai labai tyliai žiūri.
Datasets/Real_Handwriting/images/form_137_sentence_2.png,Mokytojai žaidžia laišką sode.
Datasets/Real_Handwriting/images/form_137_sentence_3.png,Gydytojai rytoj ilsisi.
Datasets/Real_Handwriting/images/form_137_sentence_4.png,Ji rašo vandenį.
Datasets/Real_Handwriting/images/form_137_sentence_5.png,Rytoj mokytojai galvoja daržoves.
Datasets/Real_Handwriting/images/form_138_sentence_1.png,Vaikas bijo piešti darbą.
Datasets/Real_Handwriting/images/form_138_sentence_2.png,Vyrai labai labai bėga.
Datasets/Real_Handwriting/images/form_138_sentence_3.png,Vaikas labai smagiai valgo.
Datasets/Real_Handwriting/images/form_138_sentence_4.png,Gydytojas rašo stadione.
Datasets/Real_Handwriting/images/form_138_sentence_5.png,Moterys sportuoja ir sportuoja.
Datasets/Real_Handwriting/images/form_139_sentence_1.png,Studentai mąsto ir mąsto.
Datasets/Real_Handwriting/images/form_139_sentence_2.png,Rytoj vaikas klauso žemėlapį.
Datasets/Real_Handwriting/images/form_139_sentence_3.png,Ar studentai rašo?
Datasets/Real_Handwriting/images/form_139_sentence_4.png,Katė keliauoja mieste.
Datasets/Real_Handwriting/images/form_139_sentence_5.png,Mes skuba daržoves stotyje.
Datasets/Real_Handwriting/images/form_140_sentence_1.png,Ar aš dainuoja?
Datasets/Real_Handwriting/images/form_140_sentence_2.png,Šiandien mokytojai juokiasi projektą.
Datasets/Real_Handwriting/images/form_140_sentence_3.png,Moteris geria mokykloje ir ligoninėje.
Datasets/Real_Handwriting/images/form_140_sentence_4.png,Vaikas žaidžia ir žaidžia.
Datasets/Real_Handwriting/images/form_140_sentence_5.png,Šuo keliauoja ir keliauoja.
Datasets/Real_Handwriting/images/form_141_sentence_1.png,Tu geria stadione.
Datasets/Real_Handwriting/images/form_141_sentence_2.png,Mokytojas mokosi ir mokosi.
Datasets/Real_Handwriting/images/form_141_sentence_3.png,Šiandien paukštis miega labai.
Datasets/Real_Handwriting/images/form_141_sentence_4.png,Šiandien šuo mąsto kruopščiai.
Datasets/Real_Handwriting/images/form_141_sentence_5.png,Mokytojas mėgsta rašyti.
Datasets/Real_Handwriting/images/form_142_sentence_1.png,Studentas labai visada valgo.
Datasets/Real_Handwriting/images/form_142_sentence_2.png,Mokytojas kalba ir kalba.
Datasets/Real_Handwriting/images/form_142_sentence_3.png,Jis verkia namuose.
Datasets/Real_Handwriting/images/form_142_sentence_4.png,Katė žiūri egzaminą miške.
Datasets/Real_Handwriting/images/form_142_sentence_5.png,Vaikas mėgsta bėgti.
Datasets/Real_Handwriting/images/form_143_sentence_1.png,Vaikas nori gerti.
Datasets/Real_Handwriting/images/form_143_sentence_2.png,Šiandien jie miega šiandien.
Datasets/Real_Handwriting/images/form_143_sentence_3.png,Mokytojai bėga darbe.
Datasets/Real_Handwriting/images/form_143_sentence_4.png,Jūs mokosi ir mokosi.
Datasets/Real_Handwriting/images/form_143_sentence_5.png,Tyliai studentas bėga vaisius.
Datasets/Real_Handwriting/images/form_144_sentence_1.png,Jis nemėgsta rašyti.
Datasets/Real_Handwriting/images/form_144_sentence_2.png,Ji labai atidžiai miega.
Datasets/Real_Handwriting/images/form_144_sentence_3.png,Šiandien jis bėga niekada.
Datasets/Real_Handwriting/images/form_144_sentence_4.png,Paukštis sportuoja filmą.
Datasets/Real_Handwriting/images/form_144_sentence_5.png,Jie galvoja maistą.
Datasets/Real_Handwriting/images/form_145_sentence_1.png,Jie pradeda skaityti.
Datasets/Real_Handwriting/images/form_145_sentence_2.png,Mokytojas labai niekada dainuoja.
Datasets/Real_Handwriting/images/form_145_sentence_3.png,Tu juokiasi ir juokiasi.
Datasets/Real_Handwriting/images/form_145_sentence_4.png,Draugas bijo ilsėtis.
Datasets/Real_Handwriting/images/form_145_sentence_5.png,Mes kalba filmą kaime.
Datasets/Real_Handwriting/images/form_146_sentence_1.png,Gydytojas bijo kalbėti kavą.
Datasets/Real_Handwriting/images/form_146_sentence_2.png,Šiandien jos keliauoja labai.
Datasets/Real_Handwriting/images/form_146_sentence_3.png,Ji miega ligoninėje.
Datasets/Real_Handwriting/images/form_146_sentence_4.png,Ji atidžiai kalba.
Datasets/Real_Handwriting/images/form_146_sentence_5.png,Jie bėga paveikslą.
Datasets/Real_Handwriting/images/form_147_sentence_1.png,Šuo skuba ir skuba.
Datasets/Real_Handwriting/images/form_147_sentence_2.png,Ar jūs eina?
Datasets/Real_Handwriting/images/form_147_sentence_3.png,Draugas nori miegoti žaidimą.
Datasets/Real_Handwriting/images/form_147_sentence_4.png,Greitai moteris žaidžia kavą.
Datasets/Real_Handwriting/images/form_147_sentence_5.png,Šiandien mes sportuoja šiandien.
Datasets/Real_Handwriting/images/form_148_sentence_1.png,Gydytojas dainuoja namuose ir kalnuose.
Datasets/Real_Handwriting/images/form_148_sentence_2.png,Jūs nemėgsta valgyti egzaminą.
Datasets/Real_Handwriting/images/form_148_sentence_3.png,Mergaitė mėgsta mokytis.
Datasets/Real_Handwriting/images/form_148_sentence_4.png,Rytoj gydytojas juokiasi daržoves.
Datasets/Real_Handwriting/images/form_148_sentence_5.png,Moterys nori žaisti paveikslą.
Datasets/Real_Handwriting/images/form_149_sentence_1.png,Gydytojas sportuoja kalnuose ir ligoninėje.
Datasets/Real_Handwriting/images/form_149_sentence_2.png,Ar vyrai keliauoja?
Datasets/Real_Handwriting/images/form_149_sentence_3.png,Jie šoka namuose.
Datasets/Real_Handwriting/images/form_149_sentence_4.png,Mergaitės greitai bėga.
Datasets/Real_Handwriting/images/form_149_sentence_5.png,Kruopščiai jūs tvarkosi vaisius.
Datasets/Real_Handwriting/images/form_150_sentence_1.png,Šiandien aš klauso kartu.
Datasets/Real_Handwriting/images/form_150_sentence_2.png,Šuo eina ir eina.
Datasets/Real_Handwriting/images/form_150_sentence_3.png,Ji rašo ir rašo.
Datasets/Real_Handwriting/images/form_150_sentence_4.png,Mokytojas sportuoja kalnuose ir kalnuose.
Datasets/Real_Handwriting/images/form_150_sentence_5.png,Šiandien moterys ilsisi dabar.
Datasets/Real_Handwriting/images/form_151_sentence_1.png,Katė geria žemėlapį mieste.
Datasets/Real_Handwriting/images/form_151_sentence_2.png,Katė žiūri kaime.
Datasets/Real_Handwriting/images/form_151_sentence_3.png,Vyrai mokosi arbatą.
Datasets/Real_Handwriting/images/form_151_sentence_4.png,Šiandien draugai klauso šiandien.
Datasets/Real_Handwriting/images/form_151_sentence_5.png,Ar studentas eina?
Datasets/Real_Handwriting/images/form_152_sentence_1.png,Draugai labai šiandien tvarkosi.
Datasets/Real_Handwriting/images/form_152_sentence_2.png,Šiandien moterys rašo greitai.
Datasets/Real_Handwriting/images/form_152_sentence_3.png,Ar mergaitės ilsisi?
Datasets/Real_Handwriting/images/form_152_sentence_4.png,Mokytojas kartu skuba.
Datasets/Real_Handwriting/images/form_152_sentence_5.png,Vaikai mėgsta piešti.
Datasets/Real_Handwriting/images/form_154_sentence_1.png,Rytoj jis kalba pamoką.
Datasets/Real_Handwriting/images/form_154_sentence_2.png,Ar gydytojai dirba?
Datasets/Real_Handwriting/images/form_154_sentence_3.png,Jie atidžiai galvoja.
Datasets/Real_Handwriting/images/form_154_sentence_4.png,Ar jos dainuoja?
Datasets/Real_Handwriting/images/form_154_sentence_5.png,Jis rašo maistą darbe.
Datasets/Real_Handwriting/images/form_155_sentence_1.png,Tyliai aš kalba dainą.
Datasets/Real_Handwriting/images/form_155_sentence_2.png,Draugai sportuoja ir sportuoja.
Datasets/Real_Handwriting/images/form_155_sentence_3.png,Mergaitė žiūri paveikslą kavinėje.
Datasets/Real_Handwriting/images/form_155_sentence_4.png,Studentai valgo vaisius.
Datasets/Real_Handwriting/images/form_155_sentence_5.png,Šuo dainuoja stotyje.
Datasets/Real_Handwriting/images/form_156_sentence_1.png,Draugas skaito miške.
Datasets/Real_Handwriting/images/form_156_sentence_2.png,Jos skuba laišką darbe.
Datasets/Real_Handwriting/images/form_156_sentence_3.png,Studentai šoka istoriją kavinėje.
Datasets/Real_Handwriting/images/form_156_sentence_4.png,Blogai moterys dainuoja žemėlapį.
Datasets/Real_Handwriting/images/form_156_sentence_5.png,Vaikai sportuoja ligoninėje.
Datasets/Real_Handwriting/images/form_157_sentence_1.png,Katė šoka maistą stadione.
Datasets/Real_Handwriting/images/form_157_sentence_2.png,Ji kalba paplūdimyje.
Datasets/Real_Handwriting/images/form_157_sentence_3.png,Vyras labai dabar ilsisi.
Datasets/Real_Handwriting/images/form_157_sentence_4.png,Katė mėgsta kalbėti dainą.
Datasets/Real_Handwriting/images/form_157_sentence_5.png,Mes bėga dainą.
Datasets/Real_Handwriting/images/form_158_sentence_1.png,Šuo stengiasi šokti.
Datasets/Real_Handwriting/images/form_158_sentence_2.png,Ar vyras keliauoja?
Datasets/Real_Handwriting/images/form_158_sentence_3.png,Draugas mąsto mokykloje.
Datasets/Real_Handwriting/images/form_158_sentence_4.png,Gydytojas žiūri receptą kalnuose.
Datasets/Real_Handwriting/images/form_158_sentence_5.png,Mokytojas kalba ir kalba.
Datasets/Real_Handwriting/images/form_159_sentence_1.png,Vyras mokosi ir mokosi.
Datasets/Real_Handwriting/images/form_159_sentence_2.png,Draugai dainuoja knygą prie ežero.
Datasets/Real_Handwriting/images/form_159_sentence_3.png,Vaikai greitai skaito.
Datasets/Real_Handwriting/images/form_159_sentence_4.png,Mokytojai šypsosi filmą.
Datasets/Real_Handwriting/images/form_159_sentence_5.png,Jūs dainuoja ir dainuoja.
Datasets/Real_Handwriting/images/form_160_sentence_1.png,Vaikas bėga darbe ir ligoninėje.
Datasets/Real_Handwriting/images/form_160_sentence_2.png,Jūs geria bibliotekoje ir parke.
Datasets/Real_Handwriting/images/form_160_sentence_3.png,Draugai tvarkosi miške.
Datasets/Real_Handwriting/images/form_160_sentence_4.png,Draugas labai visada eina.
Datasets/Real_Handwriting/images/form_160_sentence_5.png,Katė bijo ilsėtis.
Datasets/Real_Handwriting/images/form_161_sentence_1.png,Jūs žaidžia mokykloje.
Datasets/Real_Handwriting/images/form_161_sentence_2.png,Vyrai mėgsta rašyti darbą.
Datasets/Real_Handwriting/images/form_161_sentence_3.png,Jie tyliai eina.
Datasets/Real_Handwriting/images/form_161_sentence_4.png,Jos pradeda šokti.
Datasets/Real_Handwriting/images/form_161_sentence_5.png,Šiandien jos žaidžia greitai.
Datasets/Real_Handwriting/images/form_162_sentence_1.png,Ar jos skuba?
Datasets/Real_Handwriting/images/form_162_sentence_2.png,Vaikas stengiasi eiti.
Datasets/Real_Handwriting/images/form_162_sentence_3.png,Draugas žaidžia laišką paplūdimyje.
Datasets/Real_Handwriting/images/form_162_sentence_4.png,Studentas gerai žiūri.
Datasets/Real_Handwriting/images/form_162_sentence_5.png,Mokytojai pradeda eiti.
Datasets/Real_Handwriting/images/form_163_sentence_1.png,Ar jie mąsto?
Datasets/Real_Handwriting/images/form_163_sentence_2.png,Gydytojai retai dainuoja.
Datasets/Real_Handwriting/images/form_163_sentence_3.png,Gydytojai smagiai rašo.
Datasets/Real_Handwriting/images/form_163_sentence_4.png,Moteris baigia ilsėtis.
Datasets/Real_Handwriting/images/form_163_sentence_5.png,Šiandien jie tvarkosi tyliai.
Datasets/Real_Handwriting/images/form_164_sentence_1.png,Šiandien moteris sportuoja lėtai.
Datasets/Real_Handwriting/images/form_164_sentence_2.png,Mokytojas bijo valgyti egzaminą.
Datasets/Real_Handwriting/images/form_164_sentence_3.png,Šiandien vyras žiūri smagiai.
Datasets/Real_Handwriting/images/form_164_sentence_4.png,Gydytojai labai garsiai šypsosi.
Datasets/Real_Handwriting/images/form_164_sentence_5.png,Ar studentas galvoja?
Datasets/Real_Handwriting/images/form_165_sentence_1.png,Vyrai mėgsta piešti.
Datasets/Real_Handwriting/images/form_165_sentence_2.png,Ar mes žaidžia?
Datasets/Real_Handwriting/images/form_165_sentence_3.png,Blogai studentas juokiasi dainą.
Datasets/Real_Handwriting/images/form_165_sentence_4.png,Ar studentas šypsosi?
Datasets/Real_Handwriting/images/form_165_sentence_5.png,Mes rytoj dainuoja.
Datasets/Real_Handwriting/images/form_166_sentence_1.png,Jis labai šiandien juokiasi.
Datasets/Real_Handwriting/images/form_166_sentence_2.png,Jūs labai kartu verkia.
Datasets/Real_Handwriting/images/form_166_sentence_3.png,Vakar gydytojas kalba maistą.
Datasets/Real_Handwriting/images/form_166_sentence_4.png,Draugas nori valgyti pamoką.
Datasets/Real_Handwriting/images/form_166_sentence_5.png,Mokytojas vakar mokosi.
Datasets/Real_Handwriting/images/form_167_sentence_1.png,Mokytojas miega namuose ir mokykloje.
Datasets/Real_Handwriting/images/form_167_sentence_2.png,Mokytojas labai kruopščiai verkia.
Datasets/Real_Handwriting/images/form_167_sentence_3.png,Draugai juokiasi kavą.
Datasets/Real_Handwriting/images/form_167_sentence_4.png,Jie mėgsta žaisti.
Datasets/Real_Handwriting/images/form_167_sentence_5.png,Vyrai stengiasi mokytis.
Datasets/Real_Handwriting/images/form_168_sentence_1.png,Paukštis labai kruopščiai valgo.
Datasets/Real_Handwriting/images/form_168_sentence_2.png,Mokytojas pradeda tvarkytis muziką.
Datasets/Real_Handwriting/images/form_168_sentence_3.png,Ar mergaitė sportuoja?
Datasets/Real_Handwriting/images/form_168_sentence_4.png,Mergaitė šoka namuose ir kaime.
Datasets/Real_Handwriting/images/form_168_sentence_5.png,Šuo labai niekada klauso.
Datasets/Real_Handwriting/images/form_169_sentence_1.png,Moterys mąsto parke ir bibliotekoje.
Datasets/Real_Handwriting/images/form_169_sentence_2.png,Šiandien mokytojai sportuoja kartu.
Datasets/Real_Handwriting/images/form_169_sentence_3.png,Ji nemėgsta ilsėtis darbą.
Datasets/Real_Handwriting/images/form_169_sentence_4.png,Ar moteris mąsto?
Datasets/Real_Handwriting/images/form_169_sentence_5.png,Tu galvoja dainą.
Datasets/Real_Handwriting/images/form_170_sentence_1.png,Ar mokytojai šoka?
Datasets/Real_Handwriting/images/form_170_sentence_2.png,Mergaitė dirba ligoninėje ir kaime.
Datasets/Real_Handwriting/images/form_170_sentence_3.png,Mes labai valgo.
Datasets/Real_Handwriting/images/form_170_sentence_4.png,Ar jie klauso?
Datasets/Real_Handwriting/images/form_170_sentence_5.png,Mergaitės šypsosi parke ir stadione.
Datasets/Real_Handwriting/images/form_171_sentence_1.png,Studentai skaito kavinėje.
Datasets/Real_Handwriting/images/form_171_sentence_2.png,Moterys rašo ir rašo.
Datasets/Real_Handwriting/images/form_171_sentence_3.png,Ji žiūri darbą.
Datasets/Real_Handwriting/images/form_171_sentence_4.png,Jos baigia galvoti mokyklą.
Datasets/Real_Handwriting/images/form_171_sentence_5.png,Šiandien draugas klauso niekada.
Datasets/Real_Handwriting/images/form_172_sentence_1.png,Katė eina dainą prie ežero.
Datasets/Real_Handwriting/images/form_172_sentence_2.png,Mokytojas klauso ir klauso.
Datasets/Real_Handwriting/images/form_172_sentence_3.png,Gydytojai pradeda dainuoti namus.
Datasets/Real_Handwriting/images/form_172_sentence_4.png,Jie dirba dainą bibliotekoje.
Datasets/Real_Handwriting/images/form_172_sentence_5.png,Ar moterys tvarkosi?
Datasets/Real_Handwriting/images/form_173_sentence_1.png,Studentai verkia kavą.
Datasets/Real_Handwriting/images/form_173_sentence_2.png,Mes dirba laišką.
Datasets/Real_Handwriting/images/form_173_sentence_3.png,Moterys verkia sode ir prie ežero.
Datasets/Real_Handwriting/images/form_173_sentence_4.png,Šiandien studentas geria gerai.
Datasets/Real_Handwriting/images/form_173_sentence_5.png,Jūs mokosi darbe ir kalnuose.
Datasets/Real_Handwriting/images/form_174_sentence_1.png,Vaikas rašo laišką.
Datasets/Real_Handwriting/images/form_174_sentence_2.png,Vyras žiūri stotyje ir stotyje.
Datasets/Real_Handwriting/images/form_174_sentence_3.png,Gydytojai nori tvarkytis.
Datasets/Real_Handwriting/images/form_174_sentence_4.png,Mergaitė labai mielai dainuoja.
Datasets/Real_Handwriting/images/form_174_sentence_5.png,Vyrai vakar skaito.
Datasets/Real_Handwriting/images/form_175_sentence_1.png,Studentas juokiasi istoriją stotyje.
Datasets/Real_Handwriting/images/form_175_sentence_2.png,Ar mokytojas keliauoja?
Datasets/Real_Handwriting/images/form_175_sentence_3.png,Jie verkia ir verkia.
Datasets/Real_Handwriting/images/form_175_sentence_4.png,Šiandien mergaitės žaidžia retai.
Datasets/Real_Handwriting/images/form_175_sentence_5.png,Garsiai gydytojas keliauoja namus.
Datasets/Real_Handwriting/images/form_176_sentence_1.png,Mergaitės kalba stotyje.
Datasets/Real_Handwriting/images/form_176_sentence_2.png,Jis sportuoja ir sportuoja.
Datasets/Real_Handwriting/images/form_176_sentence_3.png,Draugas labai blogai eina.
Datasets/Real_Handwriting/images/form_176_sentence_4.png,Studentai dirba sode.
Datasets/Real_Handwriting/images/form_176_sentence_5.png,Šuo žaidžia kavą.
Datasets/Real_Handwriting/images/form_177_sentence_1.png,Paukštis keliauoja kavą.
Datasets/Real_Handwriting/images/form_177_sentence_2.png,Jūs eina stotyje ir darbe.
Datasets/Real_Handwriting/images/form_177_sentence_3.png,Šiandien jos eina atidžiai.
Datasets/Real_Handwriting/images/form_177_sentence_4.png,Jis skuba ir skuba.
Datasets/Real_Handwriting/images/form_177_sentence_5.png,Gydytojas baigia kalbėti paveikslą.
Datasets/Real_Handwriting/images/form_178_sentence_1.png,Šiandien vyras miega lėtai.
Datasets/Real_Handwriting/images/form_178_sentence_2.png,Šuo bijo bėgti.
Datasets/Real_Handwriting/images/form_178_sentence_3.png,Jos keliauoja filmą prie ežero.
Datasets/Real_Handwriting/images/form_178_sentence_4.png,Mergaitė labai garsiai valgo.
Datasets/Real_Handwriting/images/form_178_sentence_5.png,Katė labai lėtai žiūri.
Datasets/Real_Handwriting/images/form_179_sentence_1.png,Mergaitės labai garsiai skuba.
Datasets/Real_Handwriting/images/form_179_sentence_2.png,Vaikas sportuoja kaime ir sode.
Datasets/Real_Handwriting/images/form_179_sentence_3.png,Jis geria sode ir stotyje.
Datasets/Real_Handwriting/images/form_179_sentence_4.png,Mergaitės žaidžia namus stotyje.
Datasets/Real_Handwriting/images/form_179_sentence_5.png,Jie mėgsta žaisti.
Datasets/Real_Handwriting/images/form_180_sentence_1.png,Ramiai ji dainuoja žemėlapį.
Datasets/Real_Handwriting/images/form_180_sentence_2.png,Vaikai nori galvoti receptą.
Datasets/Real_Handwriting/images/form_180_sentence_3.png,Mokytojas bijo skubėti.
Datasets/Real_Handwriting/images/form_180_sentence_4.png,Šiandien vyrai skuba visada.
Datasets/Real_Handwriting/images/form_180_sentence_5.png,Vaikas dirba istoriją bibliotekoje.
Datasets/Real_Handwriting/images/form_181_sentence_1.png,Šuo garsiai rašo.
Datasets/Real_Handwriting/images/form_181_sentence_2.png,Mergaitės nori gerti dainą.
Datasets/Real_Handwriting/images/form_181_sentence_3.png,Šiandien gydytojai mokosi gerai.
Datasets/Real_Handwriting/images/form_181_sentence_4.png,Jie bėga kaime.
Datasets/Real_Handwriting/images/form_181_sentence_5.png,Jos geria sode ir namuose.
Datasets/Real_Handwriting/images/form_182_sentence_1.png,Šiandien moterys skaito dabar.
Datasets/Real_Handwriting/images/form_182_sentence_2.png,Vaikas labai ramiai rašo.
Datasets/Real_Handwriting/images/form_182_sentence_3.png,Draugas dainuoja ir dainuoja.
Datasets/Real_Handwriting/images/form_182_sentence_4.png,Jūs labai greitai kalba.
Datasets/Real_Handwriting/images/form_182_sentence_5.png,Vaikai labai niekada keliauoja.
Datasets/Real_Handwriting/images/form_183_sentence_1.png,Draugas bijo skubėti knygą.
Datasets/Real_Handwriting/images/form_183_sentence_2.png,Paukštis mokosi receptą.
Datasets/Real_Handwriting/images/form_183_sentence_3.png,Ji mielai rašo.
Datasets/Real_Handwriting/images/form_183_sentence_4.png,Gydytojai tyliai piešia.
Datasets/Real_Handwriting/images/form_183_sentence_5.png,Visada moteris galvoja egzaminą.
Datasets/Real_Handwriting/images/form_184_sentence_1.png,Gydytojai nemėgsta galvoti.
Datasets/Real_Handwriting/images/form_184_sentence_2.png,Studentas labai ramiai skuba.
Datasets/Real_Handwriting/images/form_184_sentence_3.png,Ar gydytojas žaidžia?
Datasets/Real_Handwriting/images/form_184_sentence_4.png,Moteris nemėgsta sportuoti.
Datasets/Real_Handwriting/images/form_184_sentence_5.png,Šiandien draugai kalba kartu.
Datasets/Real_Handwriting/images/form_185_sentence_1.png,Ji vakar verkia.
Datasets/Real_Handwriting/images/form_185_sentence_2.png,Mes dirba žemėlapį stotyje.
Datasets/Real_Handwriting/images/form_185_sentence_3.png,Gydytojai mėgsta skubėti žemėlapį.
Datasets/Real_Handwriting/images/form_185_sentence_4.png,Šuo kalba ir kalba.
Datasets/Real_Handwriting/images/form_185_sentence_5.png,Tu pradeda kalbėti vaisius.
Datasets/Real_Handwriting/images/form_186_sentence_1.png,Lėtai mokytojas mokosi daržoves.
Datasets/Real_Handwriting/images/form_186_sentence_2.png,Ar moteris valgo?
Datasets/Real_Handwriting/images/form_186_sentence_3.png,Draugai baigia skubėti vandenį.
Datasets/Real_Handwriting/images/form_186_sentence_4.png,Jūs žiūri žaidimą mokykloje.
Datasets/Real_Handwriting/images/form_186_sentence_5.png,Mokytojas žiūri stotyje ir paplūdimyje.
Datasets/Real_Handwriting/images/form_187_sentence_1.png,Vaikas labai niekada miega.
Datasets/Real_Handwriting/images/form_187_sentence_2.png,Tu klauso ir klauso.
Datasets/Real_Handwriting/images/form_187_sentence_3.png,Mergaitė miega mokyklą.
Datasets/Real_Handwriting/images/form_187_sentence_4.png,Studentas labai garsiai tvarkosi.
Datasets/Real_Handwriting/images/form_187_sentence_5.png,Vaikas dainuoja bibliotekoje ir namuose.
Datasets/Real_Handwriting/images/form_188_sentence_1.png,Vyras labai kartu kalba.
Datasets/Real_Handwriting/images/form_188_sentence_2.png,Draugas kalba egzaminą stotyje.
Datasets/Real_Handwriting/images/form_188_sentence_3.png,Mergaitė valgo ir valgo.
Datasets/Real_Handwriting/images/form_188_sentence_4.png,Ji tvarkosi ir tvarkosi.
Datasets/Real_Handwriting/images/form_188_sentence_5.png,Mergaitė nori eiti receptą.
Datasets/Real_Handwriting/images/form_189_sentence_1.png,Jos mąsto stadione.
Datasets/Real_Handwriting/images/form_189_sentence_2.png,Mergaitės eina laišką stotyje.
Datasets/Real_Handwriting/images/form_189_sentence_3.png,Vaikai pradeda gerti namus.
Datasets/Real_Handwriting/images/form_189_sentence_4.png,Mergaitės piešia paplūdimyje ir bibliotekoje.
Datasets/Real_Handwriting/images/form_189_sentence_5.png,Šiandien moterys dainuoja tyliai.
Datasets/Real_Handwriting/images/form_190_sentence_1.png,Mokytojai baigia ilsėtis receptą.
Datasets/Real_Handwriting/images/form_190_sentence_2.png,Lėtai moteris verkia istoriją.
Datasets/Real_Handwriting/images/form_190_sentence_3.png,Jie pradeda galvoti.
Datasets/Real_Handwriting/images/form_190_sentence_4.png,Mes valgo namuose ir bibliotekoje.
Datasets/Real_Handwriting/images/form_190_sentence_5.png,Vyras šoka pamoką.
Datasets/Real_Handwriting/images/form_191_sentence_1.png,Jos žaidžia mieste.
Datasets/Real_Handwriting/images/form_191_sentence_2.png,Gydytojai klauso ir klauso.
Datasets/Real_Handwriting/images/form_191_sentence_3.png,Moteris piešia maistą.
Datasets/Real_Handwriting/images/form_191_sentence_4.png,Aš bijo miegoti.
Datasets/Real_Handwriting/images/form_191_sentence_5.png,Vyrai šypsosi miške.
Datasets/Real_Handwriting/images/form_192_sentence_1.png,Mergaitė skuba namus.
Datasets/Real_Handwriting/images/form_192_sentence_2.png,Šiandien draugai mąsto tyliai.
Datasets/Real_Handwriting/images/form_192_sentence_3.png,Studentai dabar galvoja.
Datasets/Real_Handwriting/images/form_192_sentence_4.png,Mes geria kavinėje ir kalnuose.
Datasets/Real_Handwriting/images/form_192_sentence_5.png,Moterys labai vakar verkia.
Datasets/Real_Handwriting/images/form_193_sentence_1.png,Mokytojai nori kalbėti projektą.
Datasets/Real_Handwriting/images/form_193_sentence_2.png,Kartu ji juokiasi užduotį.
Datasets/Real_Handwriting/images/form_193_sentence_3.png,Katė labai vakar klauso.
Datasets/Real_Handwriting/images/form_193_sentence_4.png,Ar mokytojai mokosi?
Datasets/Real_Handwriting/images/form_193_sentence_5.png,Tu šypsosi ir šypsosi.
Datasets/Real_Handwriting/images/form_194_sentence_1.png,Jie bėga ir bėga.
Datasets/Real_Handwriting/images/form_194_sentence_2.png,Jie žiūri miške ir kavinėje.
Datasets/Real_Handwriting/images/form_194_sentence_3.png,Jūs baigia skubėti.
Datasets/Real_Handwriting/images/form_194_sentence_4.png,Šiandien moteris skaito smagiai.
Datasets/Real_Handwriting/images/form_194_sentence_5.png,Mes valgo kavą sode.
Datasets/Real_Handwriting/images/form_195_sentence_1.png,Draugai dirba paveikslą.
Datasets/Real_Handwriting/images/form_195_sentence_2.png,Paukštis eina istoriją.
Datasets/Real_Handwriting/images/form_195_sentence_3.png,Aš geria kaime ir namuose.
Datasets/Real_Handwriting/images/form_195_sentence_4.png,Ji atidžiai verkia.
Datasets/Real_Handwriting/images/form_195_sentence_5.png,Mergaitės piešia vandenį.
Datasets/Real_Handwriting/images/form_197_sentence_1.png,Jis juokiasi daržoves.
Datasets/Real_Handwriting/images/form_197_sentence_2.png,Ar tu šoka?
Datasets/Real_Handwriting/images/form_197_sentence_3.png,Moteris mėgsta sportuoti istoriją.
Datasets/Real_Handwriting/images/form_197_sentence_4.png,Mes mėgsta gerti.
Datasets/Real_Handwriting/images/form_197_sentence_5.png,Jis nori valgyti.
Datasets/Real_Handwriting/images/form_198_sentence_1.png,Katė rytoj piešia.
Datasets/Real_Handwriting/images/form_198_sentence_2.png,Jos bijo piešti receptą.
Datasets/Real_Handwriting/images/form_198_sentence_3.png,Dabar tu kalba knygą.
Datasets/Real_Handwriting/images/form_198_sentence_4.png,Mokytojas žaidžia dainą stotyje.
Datasets/Real_Handwriting/images/form_198_sentence_5.png,Ar tu žiūri?
Datasets/Real_Handwriting/images/form_199_sentence_1.png,Jie šypsosi maistą stadione.
Datasets/Real_Handwriting/images/form_199_sentence_2.png,Mokytojas bijo skaityti vaisius.
Datasets/Real_Handwriting/images/form_199_sentence_3.png,Tu verkia knygą.
Datasets/Real_Handwriting/images/form_199_sentence_4.png,Jos atidžiai skaito.
Datasets/Real_Handwriting/images/form_199_sentence_5.png,Vyrai stengiasi šokti darbą.
Datasets/Real_Handwriting/images/form_200_sentence_1.png,Smagiai vyrai mokosi istoriją.
Datasets/Real_Handwriting/images/form_200_sentence_2.png,Vaikai mąsto kaime ir miške.
Datasets/Real_Handwriting/images/form_200_sentence_3.png,Gydytojai sportuoja darbe ir sode.
Datasets/Real_Handwriting/images/form_200_sentence_4.png,Gydytojas piešia miške.
Datasets/Real_Handwriting/images/form_200_sentence_5.png,Ar jie verkia?
Datasets/Real_Handwriting/images/form_201_sentence_1.png,Rytoj Mantas skaitys žurnalą.
Datasets/Real_Handwriting/images/form_201_sentence_2.png,Žirgas gyvena ligoninėje.
Datasets/Real_Handwriting/images/form_201_sentence_3.png,Šiandien Marija dirba stotyje.
Datasets/Real_Handwriting/images/form_201_sentence_4.png,Paukštis skaito žurnalą.
Datasets/Real_Handwriting/images/form_201_sentence_5.png,Cecilija čiuožia ant ledo.
Datasets/Real_Handwriting/images/form_202_sentence_1.png,Rytoj Neringa eis stadione.
Datasets/Real_Handwriting/images/form_202_sentence_2.png,Šiandien žmogus mokosi parke.
Datasets/Real_Handwriting/images/form_202_sentence_3.png,Mergaitė žaidžia stadione.
Datasets/Real_Handwriting/images/form_202_sentence_4.png,Šiandien žirgas dirba namuose.
Datasets/Real_Handwriting/images/form_202_sentence_5.png,Piešia studentas spalvingą paveikslą.
Datasets/Real_Handwriting/images/form_203_sentence_1.png,Drąsiai Ingrida valgo sriubą.
Datasets/Real_Handwriting/images/form_203_sentence_2.png,Šeima renka obuolius.
Datasets/Real_Handwriting/images/form_203_sentence_3.png,Ar katė dirba stotyje?
Datasets/Real_Handwriting/images/form_203_sentence_4.png,Mantas nori eiti žaislą.
Datasets/Real_Handwriting/images/form_203_sentence_5.png,Cecilija čiuožia ant ledo.
Datasets/Real_Handwriting/images/form_204_sentence_1.png,Ingrida būna stadione.
Datasets/Real_Handwriting/images/form_204_sentence_2.png,Švelniai mergaitė mokosi namuose.
Datasets/Real_Handwriting/images/form_204_sentence_3.png,Rytoj Gintaras skaitys istoriją.
Datasets/Real_Handwriting/images/form_204_sentence_4.png,Drąsiai Kristina valgo sriubą.
Datasets/Real_Handwriting/images/form_204_sentence_5.png,Universiteto studentai žaidžia šachmatais laisvalaikiu.
Datasets/Real_Handwriting/images/form_205_sentence_1.png,Ar šeima mėgsta ilsėtis?
Datasets/Real_Handwriting/images/form_205_sentence_2.png,Ar Tomas mokosi ežero pakrantėje?
Datasets/Real_Handwriting/images/form_205_sentence_3.png,Vakar mokytojas dirbo mokykloje.
Datasets/Real_Handwriting/images/form_205_sentence_4.png,Tyliai Jonas mokosi darbe.
Datasets/Real_Handwriting/images/form_205_sentence_5.png,Ona išeina iš namų ankstyvą rytą.
Datasets/Real_Handwriting/images/form_206_sentence_1.png,Neringa nori kalbėti kavą.
Datasets/Real_Handwriting/images/form_206_sentence_2.png,Ar šeima dirba ežero pakrantėje?
Datasets/Real_Handwriting/images/form_206_sentence_3.png,Gintaras mėgsta ilsėtis.
Datasets/Real_Handwriting/images/form_206_sentence_4.png,Šiandien šuo mokosi mieste.
Datasets/Real_Handwriting/images/form_206_sentence_5.png,Cukrų ir cinamoną dedame į pyragą.
Datasets/Real_Handwriting/images/form_207_sentence_1.png,Marija stato namą.
Datasets/Real_Handwriting/images/form_207_sentence_2.png,Studentas stato suolą.
Datasets/Real_Handwriting/images/form_207_sentence_3.png,Ar žmogus mokosi mokykloje?
Datasets/Real_Handwriting/images/form_207_sentence_4.png,Džiaugsmingai Eglė skaito žurnalą.
Datasets/Real_Handwriting/images/form_207_sentence_5.png,Ežeras ežiukui atrodo labai didelis.
Datasets/Real_Handwriting/images/form_208_sentence_1.png,Rūpestingai Kristina skaito istoriją.
Datasets/Real_Handwriting/images/form_208_sentence_2.png,Gintaras mokosi darbe.
Datasets/Real_Handwriting/images/form_208_sentence_3.png,Tomas mokosi kalnuose.
Datasets/Real_Handwriting/images/form_208_sentence_4.png,Šiandien Rasa skaito laišką.
Datasets/Real_Handwriting/images/form_208_sentence_5.png,Cecilija čiuožia ant ledo.
Datasets/Real_Handwriting/images/form_209_sentence_1.png,Garsiai studentas rašo receptą.
Datasets/Real_Handwriting/images/form_209_sentence_2.png,Ar Renata nori sportuoti?
Datasets/Real_Handwriting/images/form_209_sentence_3.png,Gydytojas geria vandenį.
Datasets/Real_Handwriting/images/form_209_sentence_4.png,Mantas žaidžia stotyje.
Datasets/Real_Handwriting/images/form_209_sentence_5.png,Danielius dažnai dalyvauja varžybose.
Datasets/Real_Handwriting/images/form_210_sentence_1.png,Tyliai Marija perka žaislą.
Datasets/Real_Handwriting/images/form_210_sentence_2.png,Mokytojas mokosi ežero pakrantėje.
Datasets/Real_Handwriting/images/form_210_sentence_3.png,Kruopščiai Renata neša krepšį.
Datasets/Real_Handwriting/images/form_210_sentence_4.png,Švelniai Jurgita dirba kavinėje.
Datasets/Real_Handwriting/images/form_210_sentence_5.png,Kavinėje kvepėjo kava ir cinamonu.
Datasets/Real_Handwriting/images/form_211_sentence_1.png,Vakar katė skaitė žurnalą.
Datasets/Real_Handwriting/images/form_211_sentence_2.png,Kristina groja melodiją.
Datasets/Real_Handwriting/images/form_211_sentence_3.png,Neringa bando statyti.
Datasets/Real_Handwriting/images/form_211_sentence_4.png,Studentė nori sportuoti duoną.
Datasets/Real_Handwriting/images/form_211_sentence_5.png,Cecilija čiuožia ant ledo.
Datasets/Real_Handwriting/images/form_212_sentence_1.png,Paukštis gyvena paplūdimyje.
Datasets/Real_Handwriting/images/form_212_sentence_2.png,Paukštis lankosi ligoninėje.
Datasets/Real_Handwriting/images/form_212_sentence_3.png,Šiandien šuo ilsisi pievoje.
Datasets/Real_Handwriting/images/form_212_sentence_4.png,Greitai berniukas skaito receptą.
Datasets/Real_Handwriting/images/form_212_sentence_5.png,Šį vakarą žvaigždės ypač ryškiai šviečia.
Datasets/Real_Handwriting/images/form_213_sentence_1.png,Eglė valgo daržoves.
Datasets/Real_Handwriting/images/form_213_sentence_2.png,Laura gyvena ligoninėje.
Datasets/Real_Handwriting/images/form_213_sentence_3.png,Gydytojas būna stotyje.
Datasets/Real_Handwriting/images/form_213_sentence_4.png,Ingrida dirba ligoninėje.
Datasets/Real_Handwriting/images/form_213_sentence_5.png,Žvejys žvejojo visą naktį prie upės.
Datasets/Real_Handwriting/images/form_214_sentence_1.png,Rasa rašo užduotį.
Datasets/Real_Handwriting/images/form_214_sentence_2.png,Renata renka vaisius.
Datasets/Real_Handwriting/images/form_214_sentence_3.png,Saulius geria kavą.
Datasets/Real_Handwriting/images/form_214_sentence_4.png,Gintaras pradeda piešti.
Datasets/Real_Handwriting/images/form_214_sentence_5.png,Grybų miške randa vaikai ir suaugusieji.
Datasets/Real_Handwriting/images/form_215_sentence_1.png,Paukštis bando galvoti.
Datasets/Real_Handwriting/images/form_215_sentence_2.png,Mindaugas nori gerti paveikslą.
Datasets/Real_Handwriting/images/form_215_sentence_3.png,Gintaras stengiasi piešti.
Datasets/Real_Handwriting/images/form_215_sentence_4.png,Katė stato bokštą.
Datasets/Real_Handwriting/images/form_215_sentence_5.png,Universiteto studentai žaidžia šachmatais laisvalaikiu.
Datasets/Real_Handwriting/images/form_216_sentence_1.png,Neringa nori kalbėti knygą.
Datasets/Real_Handwriting/images/form_216_sentence_2.png,Neringa ilsisi stotyje.
Datasets/Real_Handwriting/images/form_216_sentence_3.png,Studentė mėgsta žaisti dainą.
Datasets/Real_Handwriting/images/form_216_sentence_4.png,Vakar Mindaugas nešė laišką.
Datasets/Real_Handwriting/images/form_216_sentence_5.png,Cecilija čiuožia ant ledo.
Datasets/Real_Handwriting/images/form_217_sentence_1.png,Atidžiai Ingrida mokosi paplūdimyje.
Datasets/Real_Handwriting/images/form_217_sentence_2.png,Greitai mergaitė sportuoja pievoje.
Datasets/Real_Handwriting/images/form_217_sentence_3.png,Šeima geria vandenį.
Datasets/Real_Handwriting/images/form_217_sentence_4.png,Greitai Danielius skaito žemėlapį.
Datasets/Real_Handwriting/images/form_217_sentence_5.png,Cukrų ir cinamoną dedame į pyragą.
Datasets/Real_Handwriting/images/form_218_sentence_1.png,Rūpestingai studentas mokosi ligoninėje.
Datasets/Real_Handwriting/images/form_218_sentence_2.png,Jonas pradeda ilsėtis.
Datasets/Real_Handwriting/images/form_218_sentence_3.png,Katė geria arbatą.
Datasets/Real_Handwriting/images/form_218_sentence_4.png,Mantas mėgsta piešti.
Datasets/Real_Handwriting/images/form_218_sentence_5.png,Cukrų ir cinamoną dedame į pyragą.
Datasets/Real_Handwriting/images/form_219_sentence_1.png,Mantas stato bokštą.
Datasets/Real_Handwriting/images/form_219_sentence_2.png,Studentė ilsisi mokykloje.
Datasets/Real_Handwriting/images/form_219_sentence_3.png,Šiandien Rasa perka arbatą.
Datasets/Real_Handwriting/images/form_219_sentence_4.png,Šiandien mokytojas mokosi ežero pakrantėje.
Datasets/Real_Handwriting/images/form_219_sentence_5.png,Universiteto studentai žaidžia šachmatais laisvalaikiu.
Datasets/Real_Handwriting/images/form_220_sentence_1.png,Rytoj vaikas eis pievoje.
Datasets/Real_Handwriting/images/form_220_sentence_2.png,Žmogus stato suolą.
Datasets/Real_Handwriting/images/form_220_sentence_3.png,Laura pradeda plaukti.
Datasets/Real_Handwriting/images/form_220_sentence_4.png,Jurgita pradeda statyti.
Datasets/Real_Handwriting/images/form_220_sentence_5.png,Čia gyvena labai draugiška šeima.
Datasets/Real_Handwriting/images/form_221_sentence_1.png,Rasa stengiasi gerti.
Datasets/Real_Handwriting/images/form_221_sentence_2.png,Katė lankosi bibliotekoje.
Datasets/Real_Handwriting/images/form_221_sentence_3.png,Žmogus dirba miške.
Datasets/Real_Handwriting/images/form_221_sentence_4.png,Renata geria vandenį.
Datasets/Real_Handwriting/images/form_221_sentence_5.png,Katė keliasi anksti kiekvieną rytą.
Datasets/Real_Handwriting/images/form_222_sentence_1.png,Vakar studentas nešė žaislą.
Datasets/Real_Handwriting/images/form_222_sentence_2.png,Studentė valgo košę.
Datasets/Real_Handwriting/images/form_222_sentence_3.png,Kristina perka dovaną.
Datasets/Real_Handwriting/images/form_222_sentence_4.png,Rytoj berniukas skaitys istoriją.
Datasets/Real_Handwriting/images/form_222_sentence_5.png,Cecilija čiuožia ant ledo.
Datasets/Real_Handwriting/images/form_223_sentence_1.png,Šiandien Saulius perka arbatą.
Datasets/Real_Handwriting/images/form_223_sentence_2.png,Mokytoja nori groti.
Datasets/Real_Handwriting/images/form_223_sentence_3.png,Šuo valgo košę.
Datasets/Real_Handwriting/images/form_223_sentence_4.png,Ar paukštis mėgsta sportuoti?
Datasets/Real_Handwriting/images/form_223_sentence_5.png,Kavinėje kvepėjo kava ir cinamonu.
Datasets/Real_Handwriting/images/form_224_sentence_1.png,Rūpestingai Tomas rašo užduotį.
Datasets/Real_Handwriting/images/form_224_sentence_2.png,Vakar studentė skaitė istoriją.
Datasets/Real_Handwriting/images/form_224_sentence_3.png,Saulius lankosi stadione.
Datasets/Real_Handwriting/images/form_224_sentence_4.png,Marija skaito laišką.
Datasets/Real_Handwriting/images/form_224_sentence_5.png,Tvarka namuose labai svarbi.
Datasets/Real_Handwriting/images/form_225_sentence_1.png,Atidžiai Renata sportuoja darbe.
Datasets/Real_Handwriting/images/form_225_sentence_2.png,Kruopščiai Jonas ilsisi namuose.
Datasets/Real_Handwriting/images/form_225_sentence_3.png,Neringa geria sultis.
Datasets/Real_Handwriting/images/form_225_sentence_4.png,Mokytojas stengiasi šokti.
Datasets/Real_Handwriting/images/form_225_sentence_5.png,Studentas skaito storą knygą.
Datasets/Real_Handwriting/images/form_226_sentence_1.png,Vakar Gintaras dirbo namuose.
Datasets/Real_Handwriting/images/form_226_sentence_2.png,Mokytojas gyvena ežero pakrantėje.
Datasets/Real_Handwriting/images/form_226_sentence_3.png,Ramiai vaikas skaito receptą.
Datasets/Real_Handwriting/images/form_226_sentence_4.png,Šiandien Tomas dirba miške.
Datasets/Real_Handwriting/images/form_226_sentence_5.png,Žiemą vaikai mėgsta čiuožti ant ežero ledo.
Datasets/Real_Handwriting/images/form_227_sentence_1.png,Paukštis neša krepšį.
Datasets/Real_Handwriting/images/form_227_sentence_2.png,Vaikas geria pieną.
Datasets/Real_Handwriting/images/form_227_sentence_3.png,Mokytojas dirba miške.
Datasets/Real_Handwriting/images/form_227_sentence_4.png,Žilvinas stengiasi plaukti.
Datasets/Real_Handwriting/images/form_227_sentence_5.png,Cukrų ir cinamoną dedame į pyragą.
Datasets/Real_Handwriting/images/form_228_sentence_1.png,Marija pradeda dirbti.
Datasets/Real_Handwriting/images/form_228_sentence_2.png,Greitai berniukas rašo laišką.
Datasets/Real_Handwriting/images/form_228_sentence_3.png,Šiandien Jonas perka arbatą.
Datasets/Real_Handwriting/images/form_228_sentence_4.png,Žmogus dirba sode.
Datasets/Real_Handwriting/images/form_228_sentence_5.png,Kavinėje kvepėjo kava ir cinamonu.
Datasets/Real_Handwriting/images/form_229_sentence_1.png,Džiaugsmingai studentė sportuoja stadione.
Datasets/Real_Handwriting/images/form_229_sentence_2.png,Žirgas sportuoja darbe.
Datasets/Real_Handwriting/images/form_229_sentence_3.png,Ar Ingrida skaito žurnalą?
Datasets/Real_Handwriting/images/form_229_sentence_4.png,Petras renka grybus.
Datasets/Real_Handwriting/images/form_229_sentence_5.png,Cukrų ir cinamoną dedame į pyragą.
Datasets/Real_Handwriting/images/form_230_sentence_1.png,Rytoj šeima eis kavinėje.
Datasets/Real_Handwriting/images/form_230_sentence_2.png,Vakar Mantas dirbo stadione.
Datasets/Real_Handwriting/images/form_230_sentence_3.png,Ar studentas nori galvoti?
Datasets/Real_Handwriting/images/form_230_sentence_4.png,Žmogus skaito knygą.
Datasets/Real_Handwriting/images/form_230_sentence_5.png,Cecilija čiuožia ant ledo.
Datasets/Real_Handwriting/images/form_231_sentence_1.png,Mindaugas rašo receptą.
Datasets/Real_Handwriting/images/form_231_sentence_2.png,Marija lankosi kalnuose.
Datasets/Real_Handwriting/images/form_231_sentence_3.png,Ramiai gydytojas rašo žemėlapį.
Datasets/Real_Handwriting/images/form_231_sentence_4.png,Šiandien Mindaugas mokosi mokykloje.
Datasets/Real_Handwriting/images/form_231_sentence_5.png,Daktaras dirba didelėje ligoninėje.
Datasets/Real_Handwriting/images/form_232_sentence_1.png,Mantas nori šokti.
Datasets/Real_Handwriting/images/form_232_sentence_2.png,Ar studentė skaito žemėlapį?
Datasets/Real_Handwriting/images/form_232_sentence_3.png,Drąsiai Saulius ilsisi mieste.
Datasets/Real_Handwriting/images/form_232_sentence_4.png,Šeima ilsisi miške.
Datasets/Real_Handwriting/images/form_232_sentence_5.png,Obelys žydi baltais žiedais pavasarį.
Datasets/Real_Handwriting/images/form_233_sentence_1.png,Šuo dirba sode.
Datasets/Real_Handwriting/images/form_233_sentence_2.png,Šiandien Danielius perka dovaną.
Datasets/Real_Handwriting/images/form_233_sentence_3.png,Vakar vaikas skaitė receptą.
Datasets/Real_Handwriting/images/form_233_sentence_4.png,Džiaugsmingai šuo mokosi ežero pakrantėje.
Datasets/Real_Handwriting/images/form_233_sentence_5.png,Vytautas visada verčia sunkias knygas.
Datasets/Real_Handwriting/images/form_234_sentence_1.png,Mergaitė mėgsta žaisti žaislą.
Datasets/Real_Handwriting/images/form_234_sentence_2.png,Mielai Rasa rašo laišką.
Datasets/Real_Handwriting/images/form_234_sentence_3.png,Mindaugas nori ilsėtis dainą.
Datasets/Real_Handwriting/images/form_234_sentence_4.png,Ar Tomas dirba mieste?
Datasets/Real_Handwriting/images/form_234_sentence_5.png,Kavinėje kvepėjo kava ir cinamonu.
Datasets/Real_Handwriting/images/form_235_sentence_1.png,Vaikas rašo projektą.
Datasets/Real_Handwriting/images/form_235_sentence_2.png,Marija perka duoną.
Datasets/Real_Handwriting/images/form_235_sentence_3.png,Jurgita neša žaislą.
Datasets/Real_Handwriting/images/form_235_sentence_4.png,Studentas groja muzikos kūrinį.
Datasets/Real_Handwriting/images/form_235_sentence_5.png,Vaikas džiaugsmingai šokinėja per balas po lietaus.
Datasets/Real_Handwriting/images/form_236_sentence_1.png,Mokytoja dirba upės pakrantėje.
Datasets/Real_Handwriting/images/form_236_sentence_2.png,Atidžiai šeima sportuoja pievoje.
Datasets/Real_Handwriting/images/form_236_sentence_3.png,Danielius dirba stadione.
Datasets/Real_Handwriting/images/form_236_sentence_4.png,Vakar Marija dirbo ligoninėje.
Datasets/Real_Handwriting/images/form_236_sentence_5.png,Katė keliasi anksti kiekvieną rytą.
Datasets/Real_Handwriting/images/form_237_sentence_1.png,Ar Mantas dirba stadione?
Datasets/Real_Handwriting/images/form_237_sentence_2.png,Atidžiai Jonas perka kavą.
Datasets/Real_Handwriting/images/form_237_sentence_3.png,Neringa būna kavinėje.
Datasets/Real_Handwriting/images/form_237_sentence_4.png,Berniukas groja simfoniją.
Datasets/Real_Handwriting/images/form_237_sentence_5.png,Kavinėje kvepėjo kava ir cinamonu.
Datasets/Real_Handwriting/images/form_238_sentence_1.png,Rūpestingai mokytoja ilsisi kalnuose.
Datasets/Real_Handwriting/images/form_238_sentence_2.png,Šiandien gydytojas perka kavą.
Datasets/Real_Handwriting/images/form_238_sentence_3.png,Rūpestingai Mindaugas mokosi sode.
Datasets/Real_Handwriting/images/form_238_sentence_4.png,Ar katė dirba stotyje?
Datasets/Real_Handwriting/images/form_238_sentence_5.png,Universiteto studentai žaidžia šachmatais laisvalaikiu.
Datasets/Real_Handwriting/images/form_239_sentence_1.png,Paukštis būna bibliotekoje.
Datasets/Real_Handwriting/images/form_239_sentence_2.png,Ar Tomas dirba darbe?
Datasets/Real_Handwriting/images/form_239_sentence_3.png,Rūpestingai gydytojas rašo receptą.
Datasets/Real_Handwriting/images/form_239_sentence_4.png,Šiandien berniukas perka žaislą.
Datasets/Real_Handwriting/images/form_239_sentence_5.png,Čempionas treniruojasi kiekvieną dieną.
Datasets/Real_Handwriting/images/form_240_sentence_1.png,Mergaitė dirba parke.
Datasets/Real_Handwriting/images/form_240_sentence_2.png,Šiandien Mindaugas perka knygą.
Datasets/Real_Handwriting/images/form_240_sentence_3.png,Rytoj žmogus eis upės pakrantėje.
Datasets/Real_Handwriting/images/form_240_sentence_4.png,Kruopščiai Jurgita perka knygą.
Datasets/Real_Handwriting/images/form_240_sentence_5.png,Cecilija čiuožia ant ledo.
Datasets/Real_Handwriting/images/form_241_sentence_1.png,Vakar mokytoja skaitė istoriją.
Datasets/Real_Handwriting/images/form_241_sentence_2.png,Vaikas žaidžia pievoje.
Datasets/Real_Handwriting/images/form_241_sentence_3.png,Vaikas mėgsta žaisti.
Datasets/Real_Handwriting/images/form_241_sentence_4.png,Renata skaito žurnalą.
Datasets/Real_Handwriting/images/form_241_sentence_5.png,Anas vyras atneša arbatos.
Datasets/Real_Handwriting/images/form_242_sentence_1.png,Jonas rašo projektą.
Datasets/Real_Handwriting/images/form_242_sentence_2.png,Rasa stengiasi šokti.
Datasets/Real_Handwriting/images/form_242_sentence_3.png,Mantas lankosi stotyje.
Datasets/Real_Handwriting/images/form_242_sentence_4.png,Garsiai vaikas dirba bibliotekoje.
Datasets/Real_Handwriting/images/form_242_sentence_5.png,Cukrų ir cinamoną dedame į pyragą.
Datasets/Real_Handwriting/images/form_243_sentence_1.png,Ramiai žmogus valgo duoną.
Datasets/Real_Handwriting/images/form_243_sentence_2.png,Berniukas rašo istoriją.
Datasets/Real_Handwriting/images/form_243_sentence_3.png,Šiandien žmogus perka dovaną.
Datasets/Real_Handwriting/images/form_243_sentence_4.png,Ingrida nori skaityti žemėlapį.
Datasets/Real_Handwriting/images/form_243_sentence_5.png,Kavinėje kvepėjo kava ir cinamonu.
Datasets/Real_Handwriting/images/form_244_sentence_1.png,Ingrida dirba upės pakrantėje.
Datasets/Real_Handwriting/images/form_244_sentence_2.png,Šuo sportuoja bibliotekoje.
Datasets/Real_Handwriting/images/form_244_sentence_3.png,Katė stato bokštą.
Datasets/Real_Handwriting/images/form_244_sentence_4.png,Lėtai šeima ilsisi bibliotekoje.
Datasets/Real_Handwriting/images/form_244_sentence_5.png,Cukrų ir cinamoną dedame į pyragą.
Datasets/Real_Handwriting/images/form_245_sentence_1.png,Greitai mergaitė perka dovaną.
Datasets/Real_Handwriting/images/form_245_sentence_2.png,Saulius nori valgyti duoną.
Datasets/Real_Handwriting/images/form_245_sentence_3.png,Greitai Saulius valgo vaisius.
Datasets/Real_Handwriting/images/form_245_sentence_4.png,Kristina groja simfoniją.
Datasets/Real_Handwriting/images/form_245_sentence_5.png,Žaibas nušvietė tamsų dangų audros metu.
Datasets/Real_Handwriting/images/form_246_sentence_1.png,Ar šuo dirba miške?
Datasets/Real_Handwriting/images/form_246_sentence_2.png,Šiandien Žilvinas dirba ežero pakrantėje.
Datasets/Real_Handwriting/images/form_246_sentence_3.png,Žilvinas ilsisi bibliotekoje.
Datasets/Real_Handwriting/images/form_246_sentence_4.png,Rytoj šuo skaitys žemėlapį.
Datasets/Real_Handwriting/images/form_246_sentence_5.png,Brolis bėga per baltą sniegą.
Datasets/Real_Handwriting/images/form_247_sentence_1.png,Mindaugas sportuoja namuose.
Datasets/Real_Handwriting/images/form_247_sentence_2.png,Ar Petras skaito istoriją?
Datasets/Real_Handwriting/images/form_247_sentence_3.png,Ar Jurgita mokosi kalnuose?
Datasets/Real_Handwriting/images/form_247_sentence_4.png,Petras gyvena ligoninėje.
Datasets/Real_Handwriting/images/form_247_sentence_5.png,Filmas buvo labai įdomus ir jaudinantis.
Datasets/Real_Handwriting/images/form_248_sentence_1.png,Šeima lankosi mieste.
Datasets/Real_Handwriting/images/form_248_sentence_2.png,Mielai Saulius ilsisi paplūdimyje.
Datasets/Real_Handwriting/images/form_248_sentence_3.png,Gydytojas neša laišką.
Datasets/Real_Handwriting/images/form_248_sentence_4.png,Žirgas renka vaisius.
Datasets/Real_Handwriting/images/form_248_sentence_5.png,Hibiskusas žydi ryškiomis rožinėmis žiedais.
Datasets/Real_Handwriting/images/form_249_sentence_1.png,Rytoj šeima eis pievoje.
Datasets/Real_Handwriting/images/form_249_sentence_2.png,Džiaugsmingai Jonas sportuoja kavinėje.
Datasets/Real_Handwriting/images/form_249_sentence_3.png,Neringa rašo žemėlapį.
Datasets/Real_Handwriting/images/form_249_sentence_4.png,Laura stengiasi ilsėtis.
Datasets/Real_Handwriting/images/form_249_sentence_5.png,Jonas į darbą važiuoja dviračiu.
Datasets/Real_Handwriting/images/form_250_sentence_1.png,Neringa bando ilsėtis.
Datasets/Real_Handwriting/images/form_250_sentence_2.png,Ingrida nori dirbti.
Datasets/Real_Handwriting/images/form_250_sentence_3.png,Šiandien Tomas perka žaislą.
Datasets/Real_Handwriting/images/form_250_sentence_4.png,Rytoj Jonas eis stadione.
Datasets/Real_Handwriting/images/form_250_sentence_5.png,Universiteto studentai žaidžia šachmatais laisvalaikiu.
Datasets/Real_Handwriting/images/form_251_sentence_1.png,Vakar Neringa skaitė knygą.
Datasets/Real_Handwriting/images/form_251_sentence_2.png,Renata neša dovaną.
Datasets/Real_Handwriting/images/form_251_sentence_3.png,Ar studentė mėgsta groti?
Datasets/Real_Handwriting/images/form_251_sentence_4.png,Petras bando kalbėti.
Datasets/Real_Handwriting/images/form_251_sentence_5.png,Universiteto studentai žaidžia šachmatais laisvalaikiu.
Datasets/Real_Handwriting/images/form_252_sentence_1.png,Žirgas būna pievoje.
Datasets/Real_Handwriting/images/form_252_sentence_2.png,Šiandien mokytoja ilsisi mokykloje.
Datasets/Real_Handwriting/images/form_252_sentence_3.png,Renata lankosi kavinėje.
Datasets/Real_Handwriting/images/form_252_sentence_4.png,Žirgas mokosi ligoninėje.
Datasets/Real_Handwriting/images/form_252_sentence_5.png,Brolis bėga per baltą sniegą.
Datasets/Real_Handwriting/images/form_253_sentence_1.png,Eglė groja melodiją.
Datasets/Real_Handwriting/images/form_253_sentence_2.png,Renata nori ilsėtis.
Datasets/Real_Handwriting/images/form_253_sentence_3.png,Ar Mantas mokosi mieste?
Datasets/Real_Handwriting/images/form_253_sentence_4.png,Petras nori groti paveikslą.
Datasets/Real_Handwriting/images/form_253_sentence_5.png,Filmas buvo labai įdomus ir jaudinantis.
Datasets/Real_Handwriting/images/form_254_sentence_1.png,Rytoj Žilvinas skaitys žemėlapį.
Datasets/Real_Handwriting/images/form_254_sentence_2.png,Šiandien Renata dirba kaime.
Datasets/Real_Handwriting/images/form_254_sentence_3.png,Tomas skaito žurnalą.
Datasets/Real_Handwriting/images/form_254_sentence_4.png,Saulius bando žaisti.
Datasets/Real_Handwriting/images/form_254_sentence_5.png,Universiteto studentai žaidžia šachmatais laisvalaikiu.
Datasets/Real_Handwriting/images/form_255_sentence_1.png,Atidžiai Gintaras ilsisi kalnuose.
Datasets/Real_Handwriting/images/form_255_sentence_2.png,Jurgita neša krepšį.
Datasets/Real_Handwriting/images/form_255_sentence_3.png,Gydytojas būna parke.
Datasets/Real_Handwriting/images/form_255_sentence_4.png,Laura žaidžia stotyje.
Datasets/Real_Handwriting/images/form_255_sentence_5.png,Hanah sheji skaito hinduistų filosofiją.
Datasets/Real_Handwriting/images/form_256_sentence_1.png,Ar Marija mokosi upės pakrantėje?
Datasets/Real_Handwriting/images/form_256_sentence_2.png,Žmogus geria sultis.
Datasets/Real_Handwriting/images/form_256_sentence_3.png,Lėtai Renata ilsisi paplūdimyje.
Datasets/Real_Handwriting/images/form_256_sentence_4.png,Lėtai mergaitė dirba kaime.
Datasets/Real_Handwriting/images/form_256_sentence_5.png,Elnias eina per mišką tyliai.
Datasets/Real_Handwriting/images/form_257_sentence_1.png,Drąsiai Eglė neša knygą.
Datasets/Real_Handwriting/images/form_257_sentence_2.png,Ar vaikas mėgsta ilsėtis?
Datasets/Real_Handwriting/images/form_257_sentence_3.png,Ar Danielius nori gerti?
Datasets/Real_Handwriting/images/form_257_sentence_4.png,Mielai Kristina perka kavą.
Datasets/Real_Handwriting/images/form_257_sentence_5.png,Filharmonijoje groja nuostabus orkestras.
Datasets/Real_Handwriting/images/form_258_sentence_1.png,Vakar gydytojas dirbo paplūdimyje.
Datasets/Real_Handwriting/images/form_258_sentence_2.png,Vakar Marija nešė laišką.
Datasets/Real_Handwriting/images/form_258_sentence_3.png,Žmogus stato bokštą.
Datasets/Real_Handwriting/images/form_258_sentence_4.png,Vakar Renata dirbo kaime.
Datasets/Real_Handwriting/images/form_258_sentence_5.png,Kavinėje kvepėjo kava ir cinamonu.
Datasets/Real_Handwriting/images/form_259_sentence_1.png,Žirgas perka duoną.
Datasets/Real_Handwriting/images/form_259_sentence_2.png,Ingrida perka arbatą.
Datasets/Real_Handwriting/images/form_259_sentence_3.png,Katė stengiasi šokti.
Datasets/Real_Handwriting/images/form_259_sentence_4.png,Saulius nori groti.
Datasets/Real_Handwriting/images/form_259_sentence_5.png,Kavinėje kvepėjo kava ir cinamonu.
Datasets/Real_Handwriting/images/form_260_sentence_1.png,Žirgas žaidžia ežero pakrantėje.
Datasets/Real_Handwriting/images/form_260_sentence_2.png,Eglė žaidžia stadione.
Datasets/Real_Handwriting/images/form_260_sentence_3.png,Studentė mėgsta groti.
Datasets/Real_Handwriting/images/form_260_sentence_4.png,Kruopščiai Ingrida skaito receptą.
Datasets/Real_Handwriting/images/form_260_sentence_5.png,Šventė prasidėjo linksmai ir baigėsi džiaugsmingai.
Datasets/Real_Handwriting/images/form_261_sentence_1.png,Studentė mokosi paplūdimyje.
Datasets/Real_Handwriting/images/form_261_sentence_2.png,Gydytojas nori skaityti.
Datasets/Real_Handwriting/images/form_261_sentence_3.png,Ar Jonas mokosi ežero pakrantėje?
Datasets/Real_Handwriting/images/form_261_sentence_4.png,Ar Saulius mokosi kavinėje?
Datasets/Real_Handwriting/images/form_261_sentence_5.png,Jaunas studentas juda drąsiai į priekį.
Datasets/Real_Handwriting/images/form_262_sentence_1.png,Rytoj studentė eis parke.
Datasets/Real_Handwriting/images/form_262_sentence_2.png,Žirgas rašo žemėlapį.
Datasets/Real_Handwriting/images/form_262_sentence_3.png,Petras žaidžia parke.
Datasets/Real_Handwriting/images/form_262_sentence_4.png,Džiaugsmingai Žilvinas skaito istoriją.
Datasets/Real_Handwriting/images/form_262_sentence_5.png,Žirgai bėga laisvai per žalią lauką.
Datasets/Real_Handwriting/images/form_263_sentence_1.png,Šiandien mokytojas skaito laišką.
Datasets/Real_Handwriting/images/form_263_sentence_2.png,Ar šuo dirba ežero pakrantėje?
Datasets/Real_Handwriting/images/form_263_sentence_3.png,Laura bando važiuoti.
Datasets/Real_Handwriting/images/form_263_sentence_4.png,Rasa groja muzikos kūrinį.
Datasets/Real_Handwriting/images/form_263_sentence_5.png,Kavinėje kvepėjo kava ir cinamonu.
Datasets/Real_Handwriting/images/form_264_sentence_1.png,Ingrida nori dainuoti.
Datasets/Real_Handwriting/images/form_264_sentence_2.png,Atidžiai šeima mokosi sode.
Datasets/Real_Handwriting/images/form_264_sentence_3.png,Jonas renka obuolius.
Datasets/Real_Handwriting/images/form_264_sentence_4.png,Jonas į darbą važiuoja dviračiu.
Datasets/Real_Handwriting/images/form_264_sentence_5.png,Cukrų ir cinamoną dedame į pyragą.
Datasets/Real_Handwriting/images/form_265_sentence_1.png,Džiaugsmingai Marija mokosi bibliotekoje.
Datasets/Real_Handwriting/images/form_265_sentence_2.png,Petras groja muzikos kūrinį.
Datasets/Real_Handwriting/images/form_265_sentence_3.png,Šeima gyvena kalnuose.
Datasets/Real_Handwriting/images/form_265_sentence_4.png,Marija žaidžia ežero pakrantėje.
Datasets/Real_Handwriting/images/form_265_sentence_5.png,Ona išeina iš namų ankstyvą rytą.
Datasets/Real_Handwriting/images/form_266_sentence_1.png,Ar mokytojas skaito istoriją?
Datasets/Real_Handwriting/images/form_266_sentence_2.png,Saulius perka gėlę.
Datasets/Real_Handwriting/images/form_266_sentence_3.png,Saulius būna kalnuose.
Datasets/Real_Handwriting/images/form_266_sentence_4.png,Drąsiai Saulius mokosi paplūdimyje.
Datasets/Real_Handwriting/images/form_266_sentence_5.png,Kavinėje kvepėjo kava ir cinamonu.
Datasets/Real_Handwriting/images/form_267_sentence_1.png,Šeima groja dainą.
Datasets/Real_Handwriting/images/form_267_sentence_2.png,Mantas perka žaislą.
Datasets/Real_Handwriting/images/form_267_sentence_3.png,Vaikas geria kavą.
Datasets/Real_Handwriting/images/form_267_sentence_4.png,Marija neša knygą.
Datasets/Real_Handwriting/images/form_267_sentence_5.png,Hibiskusas žydi ryškiomis rožinėmis žiedais.
Datasets/Real_Handwriting/images/form_268_sentence_1.png,Jurgita mėgsta valgyti.
Datasets/Real_Handwriting/images/form_268_sentence_2.png,Gintaras mėgsta gerti užduotį.
Datasets/Real_Handwriting/images/form_268_sentence_3.png,Eglė mėgsta važiuoti knygą.
Datasets/Real_Handwriting/images/form_268_sentence_4.png,Šiandien Marija ilsisi pievoje.
Datasets/Real_Handwriting/images/form_268_sentence_5.png,Žuvėdros skraido žemai virš bangų.
Datasets/Real_Handwriting/images/form_269_sentence_1.png,Mielai Rasa neša žaislą.
Datasets/Real_Handwriting/images/form_269_sentence_2.png,Ar studentė skaito istoriją?
Datasets/Real_Handwriting/images/form_269_sentence_3.png,Neringa perka gėlę.
Datasets/Real_Handwriting/images/form_269_sentence_4.png,Paukštis stato namą.
Datasets/Real_Handwriting/images/form_269_sentence_5.png,Čia gyvena labai draugiška šeima.
Datasets/Real_Handwriting/images/form_270_sentence_1.png,Švelniai Gintaras mokosi parke.
Datasets/Real_Handwriting/images/form_270_sentence_2.png,Ar mokytojas mokosi parke?
Datasets/Real_Handwriting/images/form_270_sentence_3.png,Švelniai Laura perka arbatą.
Datasets/Real_Handwriting/images/form_270_sentence_4.png,Mokytojas dirba mieste.
Datasets/Real_Handwriting/images/form_270_sentence_5.png,Cecilija čiuožia ant ledo.
Datasets/Real_Handwriting/images/form_271_sentence_1.png,Gydytojas mokosi upės pakrantėje.
Datasets/Real_Handwriting/images/form_271_sentence_2.png,Šeima nori ilsėtis žurnalą.
Datasets/Real_Handwriting/images/form_271_sentence_3.png,Šiandien Jurgita mokosi upės pakrantėje.
Datasets/Real_Handwriting/images/form_271_sentence_4.png,Paukštis bando važiuoti.
Datasets/Real_Handwriting/images/form_271_sentence_5.png,Kavinėje kvepėjo kava ir cinamonu.
Datasets/Real_Handwriting/images/form_272_sentence_1.png,Neringa nori šokti laišką.
Datasets/Real_Handwriting/images/form_272_sentence_2.png,Kruopščiai Danielius perka arbatą.
Datasets/Real_Handwriting/images/form_272_sentence_3.png,Šiandien Kristina ilsisi kalnuose.
Datasets/Real_Handwriting/images/form_272_sentence_4.png,Ramiai mokytoja ilsisi upės pakrantėje.
Datasets/Real_Handwriting/images/form_272_sentence_5.png,Kavinėje kvepėjo kava ir cinamonu.
Datasets/Real_Handwriting/images/form_273_sentence_1.png,Vakar gydytojas nešė knygą.
Datasets/Real_Handwriting/images/form_273_sentence_2.png,Tyliai Rasa ilsisi kavinėje.
Datasets/Real_Handwriting/images/form_273_sentence_3.png,Mantas nori keliauti.
Datasets/Real_Handwriting/images/form_273_sentence_4.png,Mielai žmogus skaito receptą.
Datasets/Real_Handwriting/images/form_273_sentence_5.png,Žaibas nušvietė tamsų dangų audros metu.
Datasets/Real_Handwriting/images/form_274_sentence_1.png,Ar studentė skaito istoriją?
Datasets/Real_Handwriting/images/form_274_sentence_2.png,Berniukas nori važiuoti.
Datasets/Real_Handwriting/images/form_274_sentence_3.png,Ar Ingrida skaito istoriją?
Datasets/Real_Handwriting/images/form_274_sentence_4.png,Rytoj Kristina skaitys knygą.
Datasets/Real_Handwriting/images/form_274_sentence_5.png,Kavinėje kvepėjo kava ir cinamonu.
Datasets/Real_Handwriting/images/form_275_sentence_1.png,Vakar Mantas dirbo kaime.
Datasets/Real_Handwriting/images/form_275_sentence_2.png,Ar Renata skaito laišką?
Datasets/Real_Handwriting/images/form_275_sentence_3.png,Renata stengiasi važiuoti.
Datasets/Real_Handwriting/images/form_275_sentence_4.png,Vakar šuo dirbo kavinėje.
Datasets/Real_Handwriting/images/form_275_sentence_5.png,Cukrų ir cinamoną dedame į pyragą.
Datasets/Real_Handwriting/images/form_276_sentence_1.png,Žilvinas geria vandenį.
Datasets/Real_Handwriting/images/form_276_sentence_2.png,Ingrida skaito laišką.
Datasets/Real_Handwriting/images/form_276_sentence_3.png,Švelniai Renata valgo vaisius.
Datasets/Real_Handwriting/images/form_276_sentence_4.png,Mantas mokosi upės pakrantėje.
Datasets/Real_Handwriting/images/form_276_sentence_5.png,Odė orkestro muzika yra labai gili.
Datasets/Real_Handwriting/images/form_277_sentence_1.png,Ar Petras skaito žemėlapį?
Datasets/Real_Handwriting/images/form_277_sentence_2.png,Šuo geria pieną.
Datasets/Real_Handwriting/images/form_277_sentence_3.png,Eglė stengiasi galvoti.
Datasets/Real_Handwriting/images/form_277_sentence_4.png,Mielai Rasa skaito laišką.
Datasets/Real_Handwriting/images/form_277_sentence_5.png,Šuo išbėgo į kiemą ir pradėjo loti.
Datasets/Real_Handwriting/images/form_278_sentence_1.png,Vaikas stengiasi kalbėti.
Datasets/Real_Handwriting/images/form_278_sentence_2.png,Mindaugas sportuoja ligoninėje.
Datasets/Real_Handwriting/images/form_278_sentence_3.png,Ar Mantas mėgsta skaityti?
Datasets/Real_Handwriting/images/form_278_sentence_4.png,Rytoj Ingrida eis sode.
Datasets/Real_Handwriting/images/form_278_sentence_5.png,Kartu keliaujame per kalnų taką.
Datasets/Real_Handwriting/images/form_279_sentence_1.png,Kruopščiai vaikas mokosi kavinėje.
Datasets/Real_Handwriting/images/form_279_sentence_2.png,Šiandien Renata skaito žemėlapį.
Datasets/Real_Handwriting/images/form_279_sentence_3.png,Ar Eglė skaito žurnalą?
Datasets/Real_Handwriting/images/form_279_sentence_4.png,Ar mokytoja mėgsta kalbėti?
Datasets/Real_Handwriting/images/form_279_sentence_5.png,Universiteto studentai žaidžia šachmatais laisvalaikiu.
Datasets/Real_Handwriting/images/form_280_sentence_1.png,Katė ilsisi pievoje.
Datasets/Real_Handwriting/images/form_280_sentence_2.png,Kristina mėgsta statyti.
Datasets/Real_Handwriting/images/form_280_sentence_3.png,Katė nori statyti arbatą.
Datasets/Real_Handwriting/images/form_280_sentence_4.png,Kruopščiai mergaitė mokosi mokykloje.
Datasets/Real_Handwriting/images/form_280_sentence_5.png,Universiteto studentai žaidžia šachmatais laisvalaikiu.
Datasets/Real_Handwriting/images/form_281_sentence_1.png,Jurgita gyvena mieste.
Datasets/Real_Handwriting/images/form_281_sentence_2.png,Rasa perka kavą.
Datasets/Real_Handwriting/images/form_281_sentence_3.png,Tomas būna ligoninėje.
Datasets/Real_Handwriting/images/form_281_sentence_4.png,Mielai studentas neša žaislą.
Datasets/Real_Handwriting/images/form_281_sentence_5.png,Universiteto studentai žaidžia šachmatais laisvalaikiu.
Datasets/Real_Handwriting/images/form_282_sentence_1.png,Danielius mokosi mieste.
Datasets/Real_Handwriting/images/form_282_sentence_2.png,Jurgita nori ilsėtis dovaną.
Datasets/Real_Handwriting/images/form_282_sentence_3.png,Tyliai žirgas perka dovaną.
Datasets/Real_Handwriting/images/form_282_sentence_4.png,Vakar Jonas dirbo paplūdimyje.
Datasets/Real_Handwriting/images/form_282_sentence_5.png,Cukrų ir cinamoną dedame į pyragą.
Datasets/Real_Handwriting/images/form_283_sentence_1.png,Ar Saulius skaito receptą?
Datasets/Real_Handwriting/images/form_283_sentence_2.png,Vakar Ingrida nešė gėlę.
Datasets/Real_Handwriting/images/form_283_sentence_3.png,Atidžiai Ingrida valgo vaisius.
Datasets/Real_Handwriting/images/form_283_sentence_4.png,Studentas mėgsta bėgti.
Datasets/Real_Handwriting/images/form_283_sentence_5.png,Čiurlionį menininkai laiko išskirtiniu kūrėju.
Datasets/Real_Handwriting/images/form_284_sentence_1.png,Kruopščiai Tomas sportuoja miške.
Datasets/Real_Handwriting/images/form_284_sentence_2.png,Šiandien Rasa perka arbatą.
Datasets/Real_Handwriting/images/form_284_sentence_3.png,Žmogus stato tvorą.
Datasets/Real_Handwriting/images/form_284_sentence_4.png,Tyliai berniukas rašo istoriją.
Datasets/Real_Handwriting/images/form_284_sentence_5.png,Cukrų ir cinamoną dedame į pyragą.
Datasets/Real_Handwriting/images/form_285_sentence_1.png,Jurgita pradeda dirbti.
Datasets/Real_Handwriting/images/form_285_sentence_2.png,Rasa stato bokštą.
Datasets/Real_Handwriting/images/form_285_sentence_3.png,Paukštis geria vandenį.
Datasets/Real_Handwriting/images/form_285_sentence_4.png,Šiandien Mindaugas mokosi miške.
Datasets/Real_Handwriting/images/form_285_sentence_5.png,Universiteto studentai žaidžia šachmatais laisvalaikiu.
Datasets/Real_Handwriting/images/form_286_sentence_1.png,Mielai mokytojas mokosi kavinėje.
Datasets/Real_Handwriting/images/form_286_sentence_2.png,Ramiai Gintaras skaito knygą.
Datasets/Real_Handwriting/images/form_286_sentence_3.png,Ar šuo mokosi stotyje?
Datasets/Real_Handwriting/images/form_286_sentence_4.png,Berniukas skaito laišką.
Datasets/Real_Handwriting/images/form_286_sentence_5.png,Cukrų ir cinamoną dedame į pyragą.
Datasets/Real_Handwriting/images/form_287_sentence_1.png,Lėtai Marija valgo daržoves.
Datasets/Real_Handwriting/images/form_287_sentence_2.png,Rytoj Danielius skaitys laišką.
Datasets/Real_Handwriting/images/form_287_sentence_3.png,Ar Rasa mėgsta galvoti?
Datasets/Real_Handwriting/images/form_287_sentence_4.png,Studentas pradeda rašyti.
Datasets/Real_Handwriting/images/form_287_sentence_5.png,Žuvėdros skraido žemai virš bangų.
Datasets/Real_Handwriting/images/form_288_sentence_1.png,Šeima būna upės pakrantėje.
Datasets/Real_Handwriting/images/form_288_sentence_2.png,Šiandien Neringa mokosi ligoninėje.
Datasets/Real_Handwriting/images/form_288_sentence_3.png,Lėtai Neringa dirba namuose.
Datasets/Real_Handwriting/images/form_288_sentence_4.png,Rūpestingai Kristina skaito receptą.
Datasets/Real_Handwriting/images/form_288_sentence_5.png,Žiemą vaikai mėgsta čiuožti ant ežero ledo.
Datasets/Real_Handwriting/images/form_289_sentence_1.png,Mantas stato namą.
Datasets/Real_Handwriting/images/form_289_sentence_2.png,Laura mėgsta eiti duoną.
Datasets/Real_Handwriting/images/form_289_sentence_3.png,Jonas gyvena namuose.
Datasets/Real_Handwriting/images/form_289_sentence_4.png,Vakar šuo dirbo ligoninėje.
Datasets/Real_Handwriting/images/form_289_sentence_5.png,Cukrų ir cinamoną dedame į pyragą.
Datasets/Real_Handwriting/images/form_290_sentence_1.png,Rasa sportuoja bibliotekoje.
Datasets/Real_Handwriting/images/form_290_sentence_2.png,Rūpestingai mergaitė skaito receptą.
Datasets/Real_Handwriting/images/form_290_sentence_3.png,Paukštis groja dainą.
Datasets/Real_Handwriting/images/form_290_sentence_4.png,Petras gyvena pievoje.
Datasets/Real_Handwriting/images/form_290_sentence_5.png,Šį vakarą žvaigždės ypač ryškiai šviečia.
Datasets/Real_Handwriting/images/form_291_sentence_1.png,Vakar paukštis dirbo darbe.
Datasets/Real_Handwriting/images/form_291_sentence_2.png,Švelniai Danielius valgo košę.
Datasets/Real_Handwriting/images/form_291_sentence_3.png,Ar Mantas mėgsta žaisti?
Datasets/Real_Handwriting/images/form_291_sentence_4.png,Rūpestingai Gintaras rašo receptą.
Datasets/Real_Handwriting/images/form_291_sentence_5.png,Gieda paukščiai, kol saulė leidžiasi.
Datasets/Real_Handwriting/images/form_292_sentence_1.png,Laura stato bokštą.
Datasets/Real_Handwriting/images/form_292_sentence_2.png,Šiandien šeima ilsisi miške.
Datasets/Real_Handwriting/images/form_292_sentence_3.png,Ar vaikas mokosi pievoje?
Datasets/Real_Handwriting/images/form_292_sentence_4.png,Mokytojas geria arbatą.
Datasets/Real_Handwriting/images/form_292_sentence_5.png,Kavinėje kvepėjo kava ir cinamonu.
Datasets/Real_Handwriting/images/form_293_sentence_1.png,Garsiai berniukas rašo užduotį.
Datasets/Real_Handwriting/images/form_293_sentence_2.png,Lėtai Mantas rašo laišką.
Datasets/Real_Handwriting/images/form_293_sentence_3.png,Šiandien vaikas skaito žemėlapį.
Datasets/Real_Handwriting/images/form_293_sentence_4.png,Žmogus dirba mokykloje.
Datasets/Real_Handwriting/images/form_293_sentence_5.png,Cecilija čiuožia ant ledo.
Datasets/Real_Handwriting/images/form_294_sentence_1.png,Eglė bando rašyti.
Datasets/Real_Handwriting/images/form_294_sentence_2.png,Paukštis skaito laišką.
Datasets/Real_Handwriting/images/form_294_sentence_3.png,Eglė sportuoja pievoje.
Datasets/Real_Handwriting/images/form_294_sentence_4.png,Garsiai katė perka knygą.
Datasets/Real_Handwriting/images/form_294_sentence_5.png,Cecilija čiuožia ant ledo.
Datasets/Real_Handwriting/images/form_295_sentence_1.png,Šiandien paukštis mokosi stadione.
Datasets/Real_Handwriting/images/form_295_sentence_2.png,Kristina būna namuose.
Datasets/Real_Handwriting/images/form_295_sentence_3.png,Rytoj Marija skaitys knygą.
Datasets/Real_Handwriting/images/form_295_sentence_4.png,Lėtai Neringa skaito receptą.
Datasets/Real_Handwriting/images/form_295_sentence_5.png,Jonas į darbą važiuoja dviračiu.
Datasets/Real_Handwriting/images/form_296_sentence_1.png,Mindaugas stato suolą.
Datasets/Real_Handwriting/images/form_296_sentence_2.png,Berniukas mėgsta gerti duoną.
Datasets/Real_Handwriting/images/form_296_sentence_3.png,Ar Saulius nori kalbėti?
Datasets/Real_Handwriting/images/form_296_sentence_4.png,Danielius būna miške.
Datasets/Real_Handwriting/images/form_296_sentence_5.png,Universiteto studentai žaidžia šachmatais laisvalaikiu.
Datasets/Real_Handwriting/images/form_297_sentence_1.png,Rytoj Renata skaitys žemėlapį.
Datasets/Real_Handwriting/images/form_297_sentence_2.png,Gintaras gyvena parke.
Datasets/Real_Handwriting/images/form_297_sentence_3.png,Marija groja melodiją.
Datasets/Real_Handwriting/images/form_297_sentence_4.png,Vakar Marija skaitė istoriją.
Datasets/Real_Handwriting/images/form_297_sentence_5.png,Obelys žydi baltais žiedais pavasarį.
Datasets/Real_Handwriting/images/form_298_sentence_1.png,Ar studentas skaito laišką?
Datasets/Real_Handwriting/images/form_298_sentence_2.png,Marija gyvena ligoninėje.
Datasets/Real_Handwriting/images/form_298_sentence_3.png,Žilvinas stato tvorą.
Datasets/Real_Handwriting/images/form_298_sentence_4.png,Paukštis geria pieną.
Datasets/Real_Handwriting/images/form_298_sentence_5.png,Žirgai bėga laisvai per žalią lauką.
Datasets/Real_Handwriting/images/form_299_sentence_1.png,Ar mergaitė dirba miške?
Datasets/Real_Handwriting/images/form_299_sentence_2.png,Džiaugsmingai Neringa perka gėlę.
Datasets/Real_Handwriting/images/form_299_sentence_3.png,Žmogus geria kavą.
Datasets/Real_Handwriting/images/form_299_sentence_4.png,Šiandien studentas skaito žemėlapį.
Datasets/Real_Handwriting/images/form_299_sentence_5.png,Cukrų ir cinamoną dedame į pyragą.
Datasets/Real_Handwriting/images/form_300_sentence_1.png,Berniukas perka knygą.
Datasets/Real_Handwriting/images/form_300_sentence_2.png,Mantas nori valgyti dovaną.
Datasets/Real_Handwriting/images/form_300_sentence_3.png,Ar šeima skaito receptą?
Datasets/Real_Handwriting/images/form_300_sentence_4.png,Žmogus stato tvorą.
Datasets/Real_Handwriting/images/form_300_sentence_5.png,Čiurlionį menininkai laiko išskirtiniu kūrėju.
Datasets/Real_Handwriting/images/form_301_sentence_1.png,Šeima groja melodiją.
Datasets/Real_Handwriting/images/form_301_sentence_2.png,Šiandien Marija dirba ežero pakrantėje.
Datasets/Real_Handwriting/images/form_301_sentence_3.png,Marija perka arbatą.
Datasets/Real_Handwriting/images/form_301_sentence_4.png,Vaikas skaito laišką.
Datasets/Real_Handwriting/images/form_301_sentence_5.png,Universiteto studentai žaidžia šachmatais laisvalaikiu.
Datasets/Real_Handwriting/images/form_302_sentence_1.png,Lėtai studentė dirba upės pakrantėje.
Datasets/Real_Handwriting/images/form_302_sentence_2.png,Vakar Marija nešė žaislą.
Datasets/Real_Handwriting/images/form_302_sentence_3.png,Vakar gydytojas nešė žaislą.
Datasets/Real_Handwriting/images/form_302_sentence_4.png,Šiandien Jurgita skaito žemėlapį.
Datasets/Real_Handwriting/images/form_302_sentence_5.png,Cukrų ir cinamoną dedame į pyragą.
Datasets/Real_Handwriting/images/form_303_sentence_1.png,Drąsiai Renata perka gėlę.
Datasets/Real_Handwriting/images/form_303_sentence_2.png,Ingrida perka žaislą.
Datasets/Real_Handwriting/images/form_303_sentence_3.png,Garsiai Marija skaito žurnalą.
Datasets/Real_Handwriting/images/form_303_sentence_4.png,Šiandien žmogus mokosi namuose.
Datasets/Real_Handwriting/images/form_303_sentence_5.png,Ežeras ežiukui atrodo labai didelis.
Datasets/Real_Handwriting/images/form_304_sentence_1.png,Danielius dirba mokykloje.
Datasets/Real_Handwriting/images/form_304_sentence_2.png,Švelniai Tomas neša gėlę.
Datasets/Real_Handwriting/images/form_304_sentence_3.png,Mielai Rasa sportuoja stadione.
Datasets/Real_Handwriting/images/form_304_sentence_4.png,Eglė lankosi miške.
Datasets/Real_Handwriting/images/form_304_sentence_5.png,Šuo seka šeimininką visur.
Datasets/Real_Handwriting/images/form_305_sentence_1.png,Šiandien studentas perka gėlę.
Datasets/Real_Handwriting/images/form_305_sentence_2.png,Mokytojas žaidžia miške.
Datasets/Real_Handwriting/images/form_305_sentence_3.png,Renata geria kavą.
Datasets/Real_Handwriting/images/form_305_sentence_4.png,Rytoj Jonas eis miške.
Datasets/Real_Handwriting/images/form_305_sentence_5.png,Nuostabus gamtos vaizdas atsiveria nuo kalno.
Datasets/Real_Handwriting/images/form_306_sentence_1.png,Žirgas sportuoja kavinėje.
Datasets/Real_Handwriting/images/form_306_sentence_2.png,Petras mėgsta bėgti.
Datasets/Real_Handwriting/images/form_306_sentence_3.png,Studentas dirba kaime.
Datasets/Real_Handwriting/images/form_306_sentence_4.png,Džiaugsmingai Mantas sportuoja darbe.
Datasets/Real_Handwriting/images/form_306_sentence_5.png,Herojus niekada nepraranda drąsos.
Datasets/Real_Handwriting/images/form_307_sentence_1.png,Tomas valgo obuolį.
Datasets/Real_Handwriting/images/form_307_sentence_2.png,Mindaugas valgo daržoves.
Datasets/Real_Handwriting/images/form_307_sentence_3.png,Žirgas nori galvoti dovaną.
Datasets/Real_Handwriting/images/form_307_sentence_4.png,Kristina renka vaisius.
Datasets/Real_Handwriting/images/form_307_sentence_5.png,Cukrų ir cinamoną dedame į pyragą.
Datasets/Real_Handwriting/images/form_308_sentence_1.png,Kruopščiai Gintaras skaito laišką.
Datasets/Real_Handwriting/images/form_308_sentence_2.png,Vakar mokytoja dirbo kavinėje.
Datasets/Real_Handwriting/images/form_308_sentence_3.png,Rytoj mokytoja skaitys knygą.
Datasets/Real_Handwriting/images/form_308_sentence_4.png,Džiaugsmingai mokytoja mokosi kavinėje.
Datasets/Real_Handwriting/images/form_308_sentence_5.png,Cecilija čiuožia ant ledo.
Datasets/Real_Handwriting/images/form_309_sentence_1.png,Greitai gydytojas ilsisi darbe.
Datasets/Real_Handwriting/images/form_309_sentence_2.png,Šiandien Gintaras dirba miške.
Datasets/Real_Handwriting/images/form_309_sentence_3.png,Ar Mindaugas dirba pievoje?
Datasets/Real_Handwriting/images/form_309_sentence_4.png,Garsiai berniukas rašo žemėlapį.
Datasets/Real_Handwriting/images/form_309_sentence_5.png,Ją labai džiugino jaukūs namai.
Datasets/Real_Handwriting/images/form_310_sentence_1.png,Ramiai Petras ilsisi miške.
Datasets/Real_Handwriting/images/form_310_sentence_2.png,Jonas ilsisi stotyje.
Datasets/Real_Handwriting/images/form_310_sentence_3.png,Studentas bando tvarkytis.
Datasets/Real_Handwriting/images/form_310_sentence_4.png,Ar Mindaugas dirba upės pakrantėje?
Datasets/Real_Handwriting/images/form_310_sentence_5.png,Žirgai bėga laisvai per žalią lauką.
Datasets/Real_Handwriting/images/form_311_sentence_1.png,Ar Danielius nori važiuoti?
Datasets/Real_Handwriting/images/form_311_sentence_2.png,Jurgita bando keliauti.
Datasets/Real_Handwriting/images/form_311_sentence_3.png,Tyliai Mindaugas mokosi namuose.
Datasets/Real_Handwriting/images/form_311_sentence_4.png,Ar Kristina nori eiti?
Datasets/Real_Handwriting/images/form_311_sentence_5.png,Draugas davė dovaną per gimtadienį.
Datasets/Real_Handwriting/images/form_312_sentence_1.png,Žirgas pradeda dainuoti.
Datasets/Real_Handwriting/images/form_312_sentence_2.png,Vakar Laura skaitė istoriją.
Datasets/Real_Handwriting/images/form_312_sentence_3.png,Mokytojas stato namą.
Datasets/Real_Handwriting/images/form_312_sentence_4.png,Studentas pradeda tvarkytis.
Datasets/Real_Handwriting/images/form_312_sentence_5.png,Zigmas žiūri žaibą per langą.
Datasets/Real_Handwriting/images/form_313_sentence_1.png,Paukštis lankosi pievoje.
Datasets/Real_Handwriting/images/form_313_sentence_2.png,Rasa ilsisi kavinėje.
Datasets/Real_Handwriting/images/form_313_sentence_3.png,Vakar gydytojas dirbo mokykloje.
Datasets/Real_Handwriting/images/form_313_sentence_4.png,Laura skaito žurnalą.
Datasets/Real_Handwriting/images/form_313_sentence_5.png,Universiteto studentai žaidžia šachmatais laisvalaikiu.
Datasets/Real_Handwriting/images/form_314_sentence_1.png,Šuo sportuoja namuose.
Datasets/Real_Handwriting/images/form_314_sentence_2.png,Tyliai Mindaugas valgo košę.
Datasets/Real_Handwriting/images/form_314_sentence_3.png,Berniukas lankosi kalnuose.
Datasets/Real_Handwriting/images/form_314_sentence_4.png,Ar Renata dirba bibliotekoje?
Datasets/Real_Handwriting/images/form_314_sentence_5.png,Zigmas žiūri žaibą per langą.
Datasets/Real_Handwriting/images/form_315_sentence_1.png,Ar žirgas skaito laišką?
Datasets/Real_Handwriting/images/form_315_sentence_2.png,Šiandien mergaitė dirba stotyje.
Datasets/Real_Handwriting/images/form_315_sentence_3.png,Ramiai mokytojas perka dovaną.
Datasets/Real_Handwriting/images/form_315_sentence_4.png,Šiandien Petras perka knygą.
Datasets/Real_Handwriting/images/form_315_sentence_5.png,Cukrų ir cinamoną dedame į pyragą.
Datasets/Real_Handwriting/images/form_316_sentence_1.png,Ar vaikas mokosi upės pakrantėje?
Datasets/Real_Handwriting/images/form_316_sentence_2.png,Drąsiai Jonas dirba darbe.
Datasets/Real_Handwriting/images/form_316_sentence_3.png,Žilvinas ilsisi kaime.
Datasets/Real_Handwriting/images/form_316_sentence_4.png,Žmogus perka gėlę.
Datasets/Real_Handwriting/images/form_316_sentence_5.png,Kavinėje kvepėjo kava ir cinamonu.
Datasets/Real_Handwriting/images/form_317_sentence_1.png,Lėtai Neringa ilsisi mokykloje.
Datasets/Real_Handwriting/images/form_317_sentence_2.png,Mokytoja mėgsta plaukti dainą.
Datasets/Real_Handwriting/images/form_317_sentence_3.png,Paukštis pradeda galvoti.
Datasets/Real_Handwriting/images/form_317_sentence_4.png,Mokytoja žaidžia darbe.
Datasets/Real_Handwriting/images/form_317_sentence_5.png,Kavinėje kvepėjo kava ir cinamonu.
Datasets/Real_Handwriting/images/form_318_sentence_1.png,Mokytojas nori kalbėti žemėlapį.
Datasets/Real_Handwriting/images/form_318_sentence_2.png,Kristina stato tvorą.
Datasets/Real_Handwriting/images/form_318_sentence_3.png,Tyliai mokytoja dirba stotyje.
Datasets/Real_Handwriting/images/form_318_sentence_4.png,Gydytojas lankosi bibliotekoje.
Datasets/Real_Handwriting/images/form_318_sentence_5.png,Cukrų ir cinamoną dedame į pyragą.
Datasets/Real_Handwriting/images/form_319_sentence_1.png,Švelniai Ingrida perka žaislą.
Datasets/Real_Handwriting/images/form_319_sentence_2.png,Ramiai katė perka žaislą.
Datasets/Real_Handwriting/images/form_319_sentence_3.png,Vakar Žilvinas nešė krepšį.
Datasets/Real_Handwriting/images/form_319_sentence_4.png,Garsiai Laura sportuoja stadione.
Datasets/Real_Handwriting/images/form_319_sentence_5.png,Nuostabus gamtos vaizdas atsiveria nuo kalno.
Datasets/Real_Handwriting/images/form_320_sentence_1.png,Džiaugsmingai Ingrida dirba kaime.
Datasets/Real_Handwriting/images/form_320_sentence_2.png,Kristina būna kalnuose.
Datasets/Real_Handwriting/images/form_320_sentence_3.png,Ar Saulius mokosi miške?
Datasets/Real_Handwriting/images/form_320_sentence_4.png,Ar mokytojas mėgsta rašyti?
Datasets/Real_Handwriting/images/form_320_sentence_5.png,Žiema atneša sniegą ir šaltį.
Datasets/Real_Handwriting/images/form_321_sentence_1.png,Švelniai Rasa ilsisi namuose.
Datasets/Real_Handwriting/images/form_321_sentence_2.png,Paukštis dirba stadione.
Datasets/Real_Handwriting/images/form_321_sentence_3.png,Neringa nori žaisti paveikslą.
Datasets/Real_Handwriting/images/form_321_sentence_4.png,Rūpestingai mokytojas rašo projektą.
Datasets/Real_Handwriting/images/form_321_sentence_5.png,Cukrų ir cinamoną dedame į pyragą.
Datasets/Real_Handwriting/images/form_322_sentence_1.png,Rytoj Petras skaitys žemėlapį.
Datasets/Real_Handwriting/images/form_322_sentence_2.png,Rasa žaidžia parke.
Datasets/Real_Handwriting/images/form_322_sentence_3.png,Ingrida sportuoja mieste.
Datasets/Real_Handwriting/images/form_322_sentence_4.png,Rūpestingai Mantas ilsisi kaime.
Datasets/Real_Handwriting/images/form_322_sentence_5.png,Emilija eina į pamoką.
Datasets/Real_Handwriting/images/form_323_sentence_1.png,Gydytojas stengiasi groti.
Datasets/Real_Handwriting/images/form_323_sentence_2.png,Rytoj Rasa skaitys žemėlapį.
Datasets/Real_Handwriting/images/form_323_sentence_3.png,Drąsiai žirgas perka knygą.
Datasets/Real_Handwriting/images/form_323_sentence_4.png,Rytoj vaikas eis stotyje.
Datasets/Real_Handwriting/images/form_323_sentence_5.png,Žaibas nušvietė tamsų dangų audros metu.
Datasets/Real_Handwriting/images/form_324_sentence_1.png,Mokytoja mokosi sode.
Datasets/Real_Handwriting/images/form_324_sentence_2.png,Žmogus stato suolą.
Datasets/Real_Handwriting/images/form_324_sentence_3.png,Švelniai mokytoja mokosi darbe.
Datasets/Real_Handwriting/images/form_324_sentence_4.png,Žmogus lankosi ligoninėje.
Datasets/Real_Handwriting/images/form_324_sentence_5.png,Kavinėje kvepėjo kava ir cinamonu.
Datasets/Real_Handwriting/images/form_326_sentence_1.png,Ar mergaitė skaito istoriją?
Datasets/Real_Handwriting/images/form_326_sentence_2.png,Šiandien paukštis skaito laišką.
Datasets/Real_Handwriting/images/form_326_sentence_3.png,Tyliai šuo rašo laišką.
Datasets/Real_Handwriting/images/form_326_sentence_4.png,Eglė žaidžia namuose.
Datasets/Real_Handwriting/images/form_326_sentence_5.png,Hibiskusas žydi ryškiomis rožinėmis žiedais.
Datasets/Real_Handwriting/images/form_328_sentence_1.png,Lėtai Renata rašo receptą.
Datasets/Real_Handwriting/images/form_328_sentence_2.png,Tyliai Danielius neša krepšį.
Datasets/Real_Handwriting/images/form_328_sentence_3.png,Katė gyvena upės pakrantėje.
Datasets/Real_Handwriting/images/form_328_sentence_4.png,Eglė gyvena namuose.
Datasets/Real_Handwriting/images/form_328_sentence_5.png,Tvarka namuose labai svarbi.
Datasets/Real_Handwriting/images/form_329_sentence_1.png,Rytoj Renata skaitys istoriją.
Datasets/Real_Handwriting/images/form_329_sentence_2.png,Atidžiai žmogus ilsisi kalnuose.
Datasets/Real_Handwriting/images/form_329_sentence_3.png,Eglė neša dovaną.
Datasets/Real_Handwriting/images/form_329_sentence_4.png,Kruopščiai šuo valgo vaisius.
Datasets/Real_Handwriting/images/form_329_sentence_5.png,Žuvėdros skraido žemai virš bangų.
Datasets/Real_Handwriting/images/form_330_sentence_1.png,Vakar Ingrida nešė dovaną.
Datasets/Real_Handwriting/images/form_330_sentence_2.png,Vakar Danielius skaitė istoriją.
Datasets/Real_Handwriting/images/form_330_sentence_3.png,Rytoj vaikas eis mokykloje.
Datasets/Real_Handwriting/images/form_330_sentence_4.png,Žmogus nori dirbti.
Datasets/Real_Handwriting/images/form_330_sentence_5.png,Cecilija čiuožia ant ledo.
Datasets/Real_Handwriting/images/form_331_sentence_1.png,Vakar gydytojas dirbo parke.
Datasets/Real_Handwriting/images/form_331_sentence_2.png,Mindaugas nori statyti.
Datasets/Real_Handwriting/images/form_331_sentence_3.png,Šiandien Rasa skaito žurnalą.
Datasets/Real_Handwriting/images/form_331_sentence_4.png,Ar paukštis mėgsta dainuoti?
Datasets/Real_Handwriting/images/form_331_sentence_5.png,Kavinėje kvepėjo kava ir cinamonu.
Datasets/Real_Handwriting/images/form_332_sentence_1.png,Vaikas valgo vaisius.
Datasets/Real_Handwriting/images/form_332_sentence_2.png,Marija ilsisi darbe.
Datasets/Real_Handwriting/images/form_332_sentence_3.png,Mantas stato namą.
Datasets/Real_Handwriting/images/form_332_sentence_4.png,Gintaras ilsisi darbe.
Datasets/Real_Handwriting/images/form_332_sentence_5.png,Cecilija čiuožia ant ledo.
Datasets/Real_Handwriting/images/form_333_sentence_1.png,Mantas dirba stadione.
Datasets/Real_Handwriting/images/form_333_sentence_2.png,Lėtai Danielius sportuoja darbe.
Datasets/Real_Handwriting/images/form_333_sentence_3.png,Rūpestingai Ingrida dirba pievoje.
Datasets/Real_Handwriting/images/form_333_sentence_4.png,Greitai Danielius perka duoną.
Datasets/Real_Handwriting/images/form_333_sentence_5.png,Cukrų ir cinamoną dedame į pyragą.
Datasets/Real_Handwriting/images/form_334_sentence_1.png,Mielai studentas sportuoja kalnuose.
Datasets/Real_Handwriting/images/form_334_sentence_2.png,Rasa dirba mokykloje.
Datasets/Real_Handwriting/images/form_334_sentence_3.png,Mindaugas pradeda sportuoti.
Datasets/Real_Handwriting/images/form_334_sentence_4.png,Renata nori mokytis.
Datasets/Real_Handwriting/images/form_334_sentence_5.png,Hanah sheji skaito hinduistų filosofiją.
Datasets/Real_Handwriting/images/form_335_sentence_1.png,Mokytoja mėgsta skaityti.
Datasets/Real_Handwriting/images/form_335_sentence_2.png,Marija būna miške.
Datasets/Real_Handwriting/images/form_335_sentence_3.png,Mantas stengiasi plaukti.
Datasets/Real_Handwriting/images/form_335_sentence_4.png,Rasa skaito laišką.
Datasets/Real_Handwriting/images/form_335_sentence_5.png,Universiteto studentai žaidžia šachmatais laisvalaikiu.
Datasets/Real_Handwriting/images/form_336_sentence_1.png,Rytoj Renata eis kavinėje.
Datasets/Real_Handwriting/images/form_336_sentence_2.png,Ar Mindaugas nori bėgti?
Datasets/Real_Handwriting/images/form_336_sentence_3.png,Žmogus valgo vaisius.
Datasets/Real_Handwriting/images/form_336_sentence_4.png,Šiandien Eglė perka knygą.
Datasets/Real_Handwriting/images/form_336_sentence_5.png,Kavinėje kvepėjo kava ir cinamonu.
Datasets/Real_Handwriting/images/form_337_sentence_1.png,Jonas neša krepšį.
Datasets/Real_Handwriting/images/form_337_sentence_2.png,Šiandien šeima perka dovaną.
Datasets/Real_Handwriting/images/form_337_sentence_3.png,Šuo perka gėlę.
Datasets/Real_Handwriting/images/form_337_sentence_4.png,Studentas groja simfoniją.
Datasets/Real_Handwriting/images/form_337_sentence_5.png,Žaibas nušvietė tamsų dangų audros metu.
Datasets/Real_Handwriting/images/form_338_sentence_1.png,Žilvinas sportuoja stotyje.
Datasets/Real_Handwriting/images/form_338_sentence_2.png,Rytoj mergaitė skaitys žurnalą.
Datasets/Real_Handwriting/images/form_338_sentence_3.png,Mokytoja geria kavą.
Datasets/Real_Handwriting/images/form_338_sentence_4.png,Garsiai paukštis sportuoja mieste.
Datasets/Real_Handwriting/images/form_338_sentence_5.png,Daina skamba per visą sodą.
Datasets/Real_Handwriting/images/form_339_sentence_1.png,Žirgas stengiasi bėgti.
Datasets/Real_Handwriting/images/form_339_sentence_2.png,Mindaugas sportuoja darbe.
Datasets/Real_Handwriting/images/form_339_sentence_3.png,Ramiai Gintaras.
Datasets/Real_Handwriting/images/form_339_sentence_4.png,Mantas valgo košę.
Datasets/Real_Handwriting/images/form_339_sentence_5.png,Eglė eina į egzaminą ramiai.
Datasets/Real_Handwriting/images/form_340_sentence_1.png,Šiandien Mindaugas ilsisi namuose.
Datasets/Real_Handwriting/images/form_340_sentence_2.png,Šiandien Petras mokosi bibliotekoje.
Datasets/Real_Handwriting/images/form_340_sentence_3.png,Ar Petras mėgsta eiti?
Datasets/Real_Handwriting/images/form_340_sentence_4.png,Šiandien Žilvinas ilsisi darbe.
Datasets/Real_Handwriting/images/form_340_sentence_5.png,Ona išeina iš namų ankstyvą rytą.
Datasets/Real_Handwriting/images/form_341_sentence_1.png,Ar Mindaugas dirba mokykloje?
Datasets/Real_Handwriting/images/form_341_sentence_2.png,Renata skaito knygą.
Datasets/Real_Handwriting/images/form_341_sentence_3.png,Rytoj studentė eis stadione.
Datasets/Real_Handwriting/images/form_341_sentence_4.png,Šeima dirba mokykloje.
Datasets/Real_Handwriting/images/form_341_sentence_5.png,Kavinėje kvepėjo kava ir cinamonu.
Datasets/Real_Handwriting/images/form_342_sentence_1.png,Mokytoja valgo sriubą.
Datasets/Real_Handwriting/images/form_342_sentence_2.png,Eglė būna mokykloje.
Datasets/Real_Handwriting/images/form_342_sentence_3.png,Greitai mokytojas rašo laišką.
Datasets/Real_Handwriting/images/form_342_sentence_4.png,Ar mokytojas nori valgyti?
Datasets/Real_Handwriting/images/form_342_sentence_5.png,Cukrų ir cinamoną dedame į pyragą.
Datasets/Real_Handwriting/images/form_343_sentence_1.png,Neringa ilsisi ligoninėje.
Datasets/Real_Handwriting/images/form_343_sentence_2.png,Studentas neša dovaną.
Datasets/Real_Handwriting/images/form_343_sentence_3.png,Mielai Gintaras rašo žemėlapį.
Datasets/Real_Handwriting/images/form_343_sentence_4.png,Studentė stato bokštą.
Datasets/Real_Handwriting/images/form_343_sentence_5.png,Cukrų ir cinamoną dedame į pyragą.
Datasets/Real_Handwriting/images/form_344_sentence_1.png,Danielius neša krepšį.
Datasets/Real_Handwriting/images/form_344_sentence_2.png,Mergaitė perka kavą.
Datasets/Real_Handwriting/images/form_344_sentence_3.png,Drąsiai Jurgita perka duoną.
Datasets/Real_Handwriting/images/form_344_sentence_4.png,Mokytojas būna parke.
Datasets/Real_Handwriting/images/form_344_sentence_5.png,Universiteto studentai žaidžia šachmatais laisvalaikiu.
Datasets/Real_Handwriting/images/form_345_sentence_1.png,Šiandien šuo skaito istoriją.
Datasets/Real_Handwriting/images/form_345_sentence_2.png,Šiandien studentė mokosi kalnuose.
Datasets/Real_Handwriting/images/form_345_sentence_3.png,Rasa sportuoja stotyje.
Datasets/Real_Handwriting/images/form_345_sentence_4.png,Ar mokytojas mokosi upės pakrantėje?
Datasets/Real_Handwriting/images/form_345_sentence_5.png,Filmas buvo labai įdomus ir jaudinantis.
Datasets/Real_Handwriting/images/form_346_sentence_1.png,Gintaras sportuoja mieste.
Datasets/Real_Handwriting/images/form_346_sentence_2.png,Žmogus nori eiti.
Datasets/Real_Handwriting/images/form_346_sentence_3.png,Šiandien Mindaugas mokosi pievoje.
Datasets/Real_Handwriting/images/form_346_sentence_4.png,Ar Rasa skaito žemėlapį?
Datasets/Real_Handwriting/images/form_346_sentence_5.png,Žiema atneša sniegą ir šaltį.
Datasets/Real_Handwriting/images/form_347_sentence_1.png,Gydytojas gyvena paplūdimyje.
Datasets/Real_Handwriting/images/form_347_sentence_2.png,Greitai Saulius dirba pievoje.
Datasets/Real_Handwriting/images/form_347_sentence_3.png,Greitai Neringa ilsisi mokykloje.
Datasets/Real_Handwriting/images/form_347_sentence_4.png,Mantas geria arbatą.
Datasets/Real_Handwriting/images/form_347_sentence_5.png,Cecilija čiuožia ant ledo.
Datasets/Real_Handwriting/images/form_348_sentence_1.png,Šuo būna parke.
Datasets/Real_Handwriting/images/form_348_sentence_2.png,Katė sportuoja ežero pakrantėje.
Datasets/Real_Handwriting/images/form_348_sentence_3.png,Vakar šeima nešė laišką.
Datasets/Real_Handwriting/images/form_348_sentence_4.png,Petras dirba mieste.
Datasets/Real_Handwriting/images/form_348_sentence_5.png,Kavinėje kvepėjo kava ir cinamonu.
Datasets/Real_Handwriting/images/form_349_sentence_1.png,Ar Kristina mokosi darbe?
Datasets/Real_Handwriting/images/form_349_sentence_2.png,Šiandien Danielius perka žaislą.
Datasets/Real_Handwriting/images/form_349_sentence_3.png,Mergaitė geria sultis.
Datasets/Real_Handwriting/images/form_349_sentence_4.png,Renata bando bėgti.
Datasets/Real_Handwriting/images/form_349_sentence_5.png,Cecilija čiuožia ant ledo.
Datasets/Real_Handwriting/images/form_350_sentence_1.png,Laura perka žaislą.
Datasets/Real_Handwriting/images/form_350_sentence_2.png,Žirgas neša knygą.
Datasets/Real_Handwriting/images/form_350_sentence_3.png,Greitai Mindaugas neša žaislą.
Datasets/Real_Handwriting/images/form_350_sentence_4.png,Vakar žmogus skaitė laišką.
Datasets/Real_Handwriting/images/form_350_sentence_5.png,Šuo išbėgo į kiemą ir pradėjo loti.
Datasets/Real_Handwriting/images/form_351_sentence_1.png,Garsiai žmogus ilsisi sode.
Datasets/Real_Handwriting/images/form_351_sentence_2.png,Mindaugas groja muzikos kūrinį.
Datasets/Real_Handwriting/images/form_351_sentence_3.png,Tomas groja muzikos kūrinį.
Datasets/Real_Handwriting/images/form_351_sentence_4.png,Žmogus stato bokštą.
Datasets/Real_Handwriting/images/form_351_sentence_5.png,Cecilija čiuožia ant ledo.
Datasets/Real_Handwriting/images/form_352_sentence_1.png,Eglė dirba darbe.
Datasets/Real_Handwriting/images/form_352_sentence_2.png,Rytoj šuo skaitys žurnalą.
Datasets/Real_Handwriting/images/form_352_sentence_3.png,Rasa pradeda bėgti.
Datasets/Real_Handwriting/images/form_352_sentence_4.png,Rytoj Mantas skaitys receptą.
Datasets/Real_Handwriting/images/form_352_sentence_5.png,Čiulba paukščiai ankstų rytą.
Datasets/Real_Handwriting/images/form_353_sentence_1.png,Danielius ilsisi ežero pakrantėje.
Datasets/Real_Handwriting/images/form_353_sentence_2.png,Tomas renka vaisius.
Datasets/Real_Handwriting/images/form_353_sentence_3.png,Jurgita ilsisi ligoninėje.
Datasets/Real_Handwriting/images/form_353_sentence_4.png,Ar Petras mokosi darbe?
Datasets/Real_Handwriting/images/form_353_sentence_5.png,Kartu keliaujame per kalnų taką.
Datasets/Real_Handwriting/images/form_354_sentence_1.png,Paukštis gyvena sode.
Datasets/Real_Handwriting/images/form_354_sentence_2.png,Kruopščiai Eglė skaito receptą.
Datasets/Real_Handwriting/images/form_354_sentence_3.png,Žilvinas lankosi darbe.
Datasets/Real_Handwriting/images/form_354_sentence_4.png,Ar Tomas mėgsta keliauti?
Datasets/Real_Handwriting/images/form_354_sentence_5.png,Tėtis treniruoja vaikus kiekvieną savaitę.
Datasets/Real_Handwriting/images/form_355_sentence_1.png,Berniukas sportuoja stadione.
Datasets/Real_Handwriting/images/form_355_sentence_2.png,Ar Tomas mėgsta dainuoti?
Datasets/Real_Handwriting/images/form_355_sentence_3.png,Mindaugas neša knygą.
Datasets/Real_Handwriting/images/form_355_sentence_4.png,Saulius nori bėgti receptą.
Datasets/Real_Handwriting/images/form_355_sentence_5.png,Jonas į darbą važiuoja dviračiu.
Datasets/Real_Handwriting/images/form_356_sentence_1.png,Studentas valgo obuolį.
Datasets/Real_Handwriting/images/form_356_sentence_2.png,Šiandien Jurgita ilsisi parke.
Datasets/Real_Handwriting/images/form_356_sentence_3.png,Tomas mėgsta valgyti knygą.
Datasets/Real_Handwriting/images/form_356_sentence_4.png,Rasa mėgsta žaisti arbatą.
Datasets/Real_Handwriting/images/form_356_sentence_5.png,Cukrų ir cinamoną dedame į pyragą.
Datasets/Real_Handwriting/images/form_357_sentence_1.png,Rasa neša gėlę.
Datasets/Real_Handwriting/images/form_357_sentence_2.png,Neringa žaidžia parke.
Datasets/Real_Handwriting/images/form_357_sentence_3.png,Šeima žaidžia bibliotekoje.
Datasets/Real_Handwriting/images/form_357_sentence_4.png,Studentas ilsisi ežero pakrantėje.
Datasets/Real_Handwriting/images/form_357_sentence_5.png,Žiema atneša sniegą ir šaltį.
Datasets/Real_Handwriting/images/form_358_sentence_1.png,Ingrida valgo sriubą.
Datasets/Real_Handwriting/images/form_358_sentence_2.png,Džiaugsmingai mergaitė skaito knygą.
Datasets/Real_Handwriting/images/form_358_sentence_3.png,Studentė skaito receptą.
Datasets/Real_Handwriting/images/form_358_sentence_4.png,Renata mokosi stotyje.
Datasets/Real_Handwriting/images/form_358_sentence_5.png,Čiurlionį menininkai laiko išskirtiniu kūrėju.
Datasets/Real_Handwriting/images/form_359_sentence_1.png,Jurgita būna kavinėje.
Datasets/Real_Handwriting/images/form_359_sentence_2.png,Katė dirba stotyje.
Datasets/Real_Handwriting/images/form_359_sentence_3.png,Mokytojas būna bibliotekoje.
Datasets/Real_Handwriting/images/form_359_sentence_4.png,Rytoj Eglė eis mieste.
Datasets/Real_Handwriting/images/form_359_sentence_5.png,Buvo labai šalta tą žiemos rytą.
Datasets/Real_Handwriting/images/form_360_sentence_1.png,Gintaras skaito žemėlapį.
Datasets/Real_Handwriting/images/form_360_sentence_2.png,Ar Kristina nori piešti?
Datasets/Real_Handwriting/images/form_360_sentence_3.png,Ar Jurgita mokosi darbe?
Datasets/Real_Handwriting/images/form_360_sentence_4.png,Lėtai Eglė rašo istoriją.
Datasets/Real_Handwriting/images/form_360_sentence_5.png,Universiteto studentai žaidžia šachmatais laisvalaikiu.
Datasets/Real_Handwriting/images/form_361_sentence_1.png,Danielius mokosi stotyje.
Datasets/Real_Handwriting/images/form_361_sentence_2.png,Berniukas skaito istoriją.
Datasets/Real_Handwriting/images/form_361_sentence_3.png,Studentas gyvena ežero pakrantėje.
Datasets/Real_Handwriting/images/form_361_sentence_4.png,Šiandien Jurgita perka dovaną.
Datasets/Real_Handwriting/images/form_361_sentence_5.png,Kavinėje kvepėjo kava ir cinamonu.
Datasets/Real_Handwriting/images/form_362_sentence_1.png,Ar studentė mokosi upės pakrantėje?
Datasets/Real_Handwriting/images/form_362_sentence_2.png,Tyliai šuo sportuoja darbe.
Datasets/Real_Handwriting/images/form_362_sentence_3.png,Šiandien Petras perka knygą.
Datasets/Real_Handwriting/images/form_362_sentence_4.png,Jurgita mėgsta valgyti žaislą.
Datasets/Real_Handwriting/images/form_362_sentence_5.png,Cecilija čiuožia ant ledo.
Datasets/Real_Handwriting/images/form_363_sentence_1.png,Vakar žirgas skaitė žemėlapį.
Datasets/Real_Handwriting/images/form_363_sentence_2.png,Rytoj paukštis eis darbe.
Datasets/Real_Handwriting/images/form_363_sentence_3.png,Švelniai Mantas neša knygą.
Datasets/Real_Handwriting/images/form_363_sentence_4.png,Mokytoja nori mokytis paveikslą.
Datasets/Real_Handwriting/images/form_363_sentence_5.png,Cecilija čiuožia ant ledo.
Datasets/Real_Handwriting/images/form_364_sentence_1.png,Ingrida ilsisi ežero pakrantėje.
Datasets/Real_Handwriting/images/form_364_sentence_2.png,Ar žmogus mėgsta galvoti?
Datasets/Real_Handwriting/images/form_364_sentence_3.png,Berniukas gyvena pievoje.
Datasets/Real_Handwriting/images/form_364_sentence_4.png,Jurgita ilsisi paplūdimyje.
Datasets/Real_Handwriting/images/form_364_sentence_5.png,Kartu keliaujame per kalnų taką.
Datasets/Real_Handwriting/images/form_365_sentence_1.png,Gintaras skaito laišką.
Datasets/Real_Handwriting/images/form_365_sentence_2.png,Rūpestingai Kristina ilsisi bibliotekoje.
Datasets/Real_Handwriting/images/form_365_sentence_3.png,Mielai mergaitė neša knygą.
Datasets/Real_Handwriting/images/form_365_sentence_4.png,Džiaugsmingai Danielius ilsisi stadione.
Datasets/Real_Handwriting/images/form_365_sentence_5.png,Cukrų ir cinamoną dedame į pyragą.
Datasets/Real_Handwriting/images/form_366_sentence_1.png,Rytoj Kristina eis paplūdimyje.
Datasets/Real_Handwriting/images/form_366_sentence_2.png,Gintaras nori sportuoti gėlę.
Datasets/Real_Handwriting/images/form_366_sentence_3.png,Švelniai Neringa sportuoja mieste.
Datasets/Real_Handwriting/images/form_366_sentence_4.png,Kristina nori piešti knygą.
Datasets/Real_Handwriting/images/form_366_sentence_5.png,Šiandien šalta, bet sausa.
Datasets/Real_Handwriting/images/form_367_sentence_1.png,Saulius perka kavą.
Datasets/Real_Handwriting/images/form_367_sentence_2.png,Mielai Gintaras ilsisi paplūdimyje.
Datasets/Real_Handwriting/images/form_367_sentence_3.png,Jonas lankosi ligoninėje.
Datasets/Real_Handwriting/images/form_367_sentence_4.png,Šuo bando groti.
Datasets/Real_Handwriting/images/form_367_sentence_5.png,Universiteto studentai žaidžia šachmatais laisvalaikiu.
Datasets/Real_Handwriting/images/form_368_sentence_1.png,Lėtai Laura dirba miške.
Datasets/Real_Handwriting/images/form_368_sentence_2.png,Rūpestingai mergaitė mokosi mokykloje.
Datasets/Real_Handwriting/images/form_368_sentence_3.png,Vakar Jurgita nešė laišką.
Datasets/Real_Handwriting/images/form_368_sentence_4.png,Švelniai šuo valgo obuolį.
Datasets/Real_Handwriting/images/form_368_sentence_5.png,Kavinėje kvepėjo kava ir cinamonu.
Datasets/Real_Handwriting/images/form_369_sentence_1.png,Neringa nori sportuoti gėlę.
Datasets/Real_Handwriting/images/form_369_sentence_2.png,Ar Tomas nori ilsėtis?
Datasets/Real_Handwriting/images/form_369_sentence_3.png,Šeima groja simfoniją.
Datasets/Real_Handwriting/images/form_369_sentence_4.png,Švelniai Marija rašo žemėlapį.
Datasets/Real_Handwriting/images/form_369_sentence_5.png,Daktaras dirba didelėje ligoninėje.
Datasets/Real_Handwriting/images/form_370_sentence_1.png,Laura geria sultis.
Datasets/Real_Handwriting/images/form_370_sentence_2.png,Ar Jonas skaito laišką?
Datasets/Real_Handwriting/images/form_370_sentence_3.png,Rytoj Renata eis ežero pakrantėje.
Datasets/Real_Handwriting/images/form_370_sentence_4.png,Ar Renata mėgsta galvoti?
Datasets/Real_Handwriting/images/form_370_sentence_5.png,Vaikai atbėga iš aikštės.
Datasets/Real_Handwriting/images/form_371_sentence_1.png,Vakar Tomas nešė krepšį.
Datasets/Real_Handwriting/images/form_371_sentence_2.png,Studentas žaidžia kalnuose.
Datasets/Real_Handwriting/images/form_371_sentence_3.png,Paukštis geria arbatą.
Datasets/Real_Handwriting/images/form_371_sentence_4.png,Danielius lankosi kaime.
Datasets/Real_Handwriting/images/form_371_sentence_5.png,Cecilija čiuožia ant ledo.
Datasets/Real_Handwriting/images/form_372_sentence_1.png,Drąsiai Eglė mokosi stotyje.
Datasets/Real_Handwriting/images/form_372_sentence_2.png,Ramiai Eglė valgo košę.
Datasets/Real_Handwriting/images/form_372_sentence_3.png,Ar berniukas nori važiuoti?
Datasets/Real_Handwriting/images/form_372_sentence_4.png,Ar Rasa dirba kaime?
Datasets/Real_Handwriting/images/form_372_sentence_5.png,Kavinėje kvepėjo kava ir cinamonu.
Datasets/Real_Handwriting/images/form_373_sentence_1.png,Vakar Tomas nešė knygą.
Datasets/Real_Handwriting/images/form_373_sentence_2.png,Šiandien Kristina ilsisi namuose.
Datasets/Real_Handwriting/images/form_373_sentence_3.png,Ramiai žirgas dirba sode.
Datasets/Real_Handwriting/images/form_373_sentence_4.png,Šiandien Danielius ilsisi stadione.
Datasets/Real_Handwriting/images/form_373_sentence_5.png,Cecilija čiuožia ant ledo.
Datasets/Real_Handwriting/images/form_374_sentence_1.png,Petras nori bėgti laišką.
Datasets/Real_Handwriting/images/form_374_sentence_2.png,Atidžiai studentas ilsisi kavinėje.
Datasets/Real_Handwriting/images/form_374_sentence_3.png,Jonas žaidžia miške.
Datasets/Real_Handwriting/images/form_374_sentence_4.png,Ramiai Danielius perka gėlę.
Datasets/Real_Handwriting/images/form_374_sentence_5.png,Cukrų ir cinamoną dedame į pyragą.
Datasets/Real_Handwriting/images/form_375_sentence_1.png,Vakar Danielius dirbo sode.
Datasets/Real_Handwriting/images/form_375_sentence_2.png,Gydytojas stato tvorą.
Datasets/Real_Handwriting/images/form_375_sentence_3.png,Greitai Danielius perka dovaną.
Datasets/Real_Handwriting/images/form_375_sentence_4.png,Marija geria arbatą.
Datasets/Real_Handwriting/images/form_375_sentence_5.png,Cecilija čiuožia ant ledo.
Datasets/Real_Handwriting/images/form_376_sentence_1.png,Rytoj studentas skaitys istoriją.
Datasets/Real_Handwriting/images/form_376_sentence_2.png,Mokytoja rašo receptą.
Datasets/Real_Handwriting/images/form_376_sentence_3.png,Ar žmogus skaito istoriją?
Datasets/Real_Handwriting/images/form_376_sentence_4.png,Šiandien Neringa skaito žemėlapį.
Datasets/Real_Handwriting/images/form_376_sentence_5.png,Čiulba paukščiai ankstų rytą.
Datasets/Real_Handwriting/images/form_377_sentence_1.png,Tyliai mokytojas sportuoja kaime.
Datasets/Real_Handwriting/images/form_377_sentence_2.png,Šiandien Petras dirba darbe.
Datasets/Real_Handwriting/images/form_377_sentence_3.png,Vakar Gintaras nešė krepšį.
Datasets/Real_Handwriting/images/form_377_sentence_4.png,Atidžiai Neringa mokosi upės pakrantėje.
Datasets/Real_Handwriting/images/form_377_sentence_5.png,Vaikas verkia, nes pametė žaislą.
Datasets/Real_Handwriting/images/form_378_sentence_1.png,Petras sportuoja ligoninėje.
Datasets/Real_Handwriting/images/form_378_sentence_2.png,Saulius mėgsta tvarkytis arbatą.
Datasets/Real_Handwriting/images/form_378_sentence_3.png,Mantas mėgsta žaisti.
Datasets/Real_Handwriting/images/form_378_sentence_4.png,Mielai Mindaugas valgo obuolį.
Datasets/Real_Handwriting/images/form_378_sentence_5.png,Universiteto studentai žaidžia šachmatais laisvalaikiu.
Datasets/Real_Handwriting/images/form_379_sentence_1.png,Ingrida dirba namuose.
Datasets/Real_Handwriting/images/form_379_sentence_2.png,Garsiai mokytojas neša knygą.
Datasets/Real_Handwriting/images/form_379_sentence_3.png,Ar gydytojas nori sportuoti?
Datasets/Real_Handwriting/images/form_379_sentence_4.png,Saulius mokosi bibliotekoje.
Datasets/Real_Handwriting/images/form_379_sentence_5.png,Kavinėje kvepėjo kava ir cinamonu.
Datasets/Real_Handwriting/images/form_380_sentence_1.png,Studentė gyvena kalnuose.
Datasets/Real_Handwriting/images/form_380_sentence_2.png,Ar žmogus mokosi parke?
Datasets/Real_Handwriting/images/form_380_sentence_3.png,Ar Mantas nori kalbėti?
Datasets/Real_Handwriting/images/form_380_sentence_4.png,Jonas skaito knygą.
Datasets/Real_Handwriting/images/form_380_sentence_5.png,Cukrų ir cinamoną dedame į pyragą.
Datasets/Real_Handwriting/images/form_381_sentence_1.png,Ingrida žaidžia kalnuose.
Datasets/Real_Handwriting/images/form_381_sentence_2.png,Ar Mindaugas dirba stotyje?
Datasets/Real_Handwriting/images/form_381_sentence_3.png,Berniukas groja simfoniją.
Datasets/Real_Handwriting/images/form_381_sentence_4.png,Vakar šuo dirbo sode.
Datasets/Real_Handwriting/images/form_381_sentence_5.png,Cukrų ir cinamoną dedame į pyragą.
Datasets/Real_Handwriting/images/form_382_sentence_1.png,Marija mokosi mieste.
Datasets/Real_Handwriting/images/form_382_sentence_2.png,Ar Ingrida skaito žurnalą?
Datasets/Real_Handwriting/images/form_382_sentence_3.png,Neringa valgo daržoves.
Datasets/Real_Handwriting/images/form_382_sentence_4.png,Kruopščiai Jurgita mokosi kaime.
Datasets/Real_Handwriting/images/form_382_sentence_5.png,Čiulba paukščiai ankstų rytą.
Datasets/Real_Handwriting/images/form_383_sentence_1.png,Vakar mergaitė skaitė receptą.
Datasets/Real_Handwriting/images/form_383_sentence_2.png,Šiandien šuo skaito istoriją.
Datasets/Real_Handwriting/images/form_383_sentence_3.png,Šiandien Jurgita ilsisi kaime.
Datasets/Real_Handwriting/images/form_383_sentence_4.png,Džiaugsmingai gydytojas perka knygą.
Datasets/Real_Handwriting/images/form_383_sentence_5.png,Daina skamba per visą sodą.
Datasets/Real_Handwriting/images/form_384_sentence_1.png,Žmogus pradeda eiti.
Datasets/Real_Handwriting/images/form_384_sentence_2.png,Paukštis skaito žurnalą.
Datasets/Real_Handwriting/images/form_384_sentence_3.png,Ramiai Mantas mokosi kavinėje.
Datasets/Real_Handwriting/images/form_384_sentence_4.png,Garsiai Tomas sportuoja paplūdimyje.
Datasets/Real_Handwriting/images/form_384_sentence_5.png,Anas vyras atneša arbatos.
Datasets/Real_Handwriting/images/form_385_sentence_1.png,Mindaugas nori eiti.
Datasets/Real_Handwriting/images/form_385_sentence_2.png,Vakar gydytojas skaitė žemėlapį.
Datasets/Real_Handwriting/images/form_385_sentence_3.png,Studentė dirba namuose.
Datasets/Real_Handwriting/images/form_385_sentence_4.png,Garsiai Petras skaito žurnalą.
Datasets/Real_Handwriting/images/form_385_sentence_5.png,Cukrų ir cinamoną dedame į pyragą.
Datasets/Real_Handwriting/images/form_386_sentence_1.png,Džiaugsmingai šeima valgo duoną.
Datasets/Real_Handwriting/images/form_386_sentence_2.png,Vakar Eglė nešė gėlę.
Datasets/Real_Handwriting/images/form_386_sentence_3.png,Vakar berniukas dirbo kaime.
Datasets/Real_Handwriting/images/form_386_sentence_4.png,Ar Neringa nori dainuoti?
Datasets/Real_Handwriting/images/form_386_sentence_5.png,Cukrų ir cinamoną dedame į pyragą.
Datasets/Real_Handwriting/images/form_387_sentence_1.png,Danielius pradeda mokytis.
Datasets/Real_Handwriting/images/form_387_sentence_2.png,Mokytoja žaidžia paplūdimyje.
Datasets/Real_Handwriting/images/form_387_sentence_3.png,Žirgas perka duoną.
Datasets/Real_Handwriting/images/form_387_sentence_4.png,Eglė nori groti.
Datasets/Real_Handwriting/images/form_387_sentence_5.png,Nuo kalno matosi nuostabus vaizas.
Datasets/Real_Handwriting/images/form_388_sentence_1.png,Ar šeima skaito istoriją?
Datasets/Real_Handwriting/images/form_388_sentence_2.png,Žilvinas rašo laišką.
Datasets/Real_Handwriting/images/form_388_sentence_3.png,Greitai Petras dirba bibliotekoje.
Datasets/Real_Handwriting/images/form_388_sentence_4.png,Šiandien Laura dirba darbe.
Datasets/Real_Handwriting/images/form_388_sentence_5.png,Cecilija čiuožia ant ledo.
Datasets/Real_Handwriting/images/form_389_sentence_1.png,Vakar paukštis nešė knygą.
Datasets/Real_Handwriting/images/form_389_sentence_2.png,Šiandien studentas dirba paplūdimyje.
Datasets/Real_Handwriting/images/form_389_sentence_3.png,Šiandien Eglė mokosi sode.
Datasets/Real_Handwriting/images/form_389_sentence_4.png,Rasa bando plaukti.
Datasets/Real_Handwriting/images/form_389_sentence_5.png,Cecilija čiuožia ant ledo.
Datasets/Real_Handwriting/images/form_390_sentence_1.png,Šiandien Danielius skaito receptą.
Datasets/Real_Handwriting/images/form_390_sentence_2.png,Šiandien Jurgita dirba paplūdimyje.
Datasets/Real_Handwriting/images/form_390_sentence_3.png,Vakar Žilvinas nešė krepšį.
Datasets/Real_Handwriting/images/form_390_sentence_4.png,Ar katė dirba namuose?
Datasets/Real_Handwriting/images/form_390_sentence_5.png,Petras pasivaikščioja prie ežero.
Datasets/Real_Handwriting/images/form_391_sentence_1.png,Renata nori važiuoti.
Datasets/Real_Handwriting/images/form_391_sentence_2.png,Žmogus žaidžia parke.
Datasets/Real_Handwriting/images/form_391_sentence_3.png,Studentė gyvena pievoje.
Datasets/Real_Handwriting/images/form_391_sentence_4.png,Neringa pradeda šokti.
Datasets/Real_Handwriting/images/form_391_sentence_5.png,Jaunas studentas juda drąsiai į priekį.
Datasets/Real_Handwriting/images/form_392_sentence_1.png,Tyliai Mantas valgo košę.
Datasets/Real_Handwriting/images/form_392_sentence_2.png,Rasa dirba bibliotekoje.
Datasets/Real_Handwriting/images/form_392_sentence_3.png,Mindaugas lankosi namuose.
Datasets/Real_Handwriting/images/form_392_sentence_4.png,Ingrida neša žaislą.
Datasets/Real_Handwriting/images/form_392_sentence_5.png,Universiteto studentai žaidžia šachmatais laisvalaikiu.
Datasets/Real_Handwriting/images/form_393_sentence_1.png,Mergaitė mėgsta gerti.
Datasets/Real_Handwriting/images/form_393_sentence_2.png,Ramiai Jurgita mokosi stadione.
Datasets/Real_Handwriting/images/form_393_sentence_3.png,Studentas geria pieną.
Datasets/Real_Handwriting/images/form_393_sentence_4.png,Mielai katė skaito laišką.
Datasets/Real_Handwriting/images/form_393_sentence_5.png,Šuo išbėgo į kiemą ir pradėjo loti.
Datasets/Real_Handwriting/images/form_394_sentence_1.png,Greitai Rasa neša dovaną.
Datasets/Real_Handwriting/images/form_394_sentence_2.png,Atidžiai šeima ilsisi stadione.
Datasets/Real_Handwriting/images/form_394_sentence_3.png,Rytoj Žilvinas eis bibliotekoje.
Datasets/Real_Handwriting/images/form_394_sentence_4.png,Šuo groja dainą.
Datasets/Real_Handwriting/images/form_394_sentence_5.png,Cecilija čiuožia ant ledo.
Datasets/Real_Handwriting/images/form_395_sentence_1.png,Neringa mokosi mieste.
Datasets/Real_Handwriting/images/form_395_sentence_2.png,Ar Kristina dirba kavinėje?
Datasets/Real_Handwriting/images/form_395_sentence_3.png,Vakar Petras dirbo kalnuose.
Datasets/Real_Handwriting/images/form_395_sentence_4.png,Ar žmogus skaito istoriją?
Datasets/Real_Handwriting/images/form_395_sentence_5.png,Cecilija čiuožia ant ledo.
Datasets/Real_Handwriting/images/form_396_sentence_1.png,Ar berniukas mokosi namuose?
Datasets/Real_Handwriting/images/form_396_sentence_2.png,Eglė būna namuose.
Datasets/Real_Handwriting/images/form_396_sentence_3.png,Šiandien berniukas skaito receptą.
Datasets/Real_Handwriting/images/form_396_sentence_4.png,Mantas dirba mieste.
Datasets/Real_Handwriting/images/form_396_sentence_5.png,Jonas į darbą važiuoja dviračiu.
Datasets/Real_Handwriting/images/form_397_sentence_1.png,Drąsiai Renata dirba stadione.
Datasets/Real_Handwriting/images/form_397_sentence_2.png,Vakar žirgas nešė žaislą.
Datasets/Real_Handwriting/images/form_397_sentence_3.png,Studentė nori tvarkytis.
Datasets/Real_Handwriting/images/form_397_sentence_4.png,Tyliai Eglė neša žaislą.
Datasets/Real_Handwriting/images/form_397_sentence_5.png,Cecilija čiuožia ant ledo.
Datasets/Real_Handwriting/images/form_398_sentence_1.png,Žilvinas geria arbatą.
Datasets/Real_Handwriting/images/form_398_sentence_2.png,Rytoj Gintaras eis darbe.
Datasets/Real_Handwriting/images/form_398_sentence_3.png,Jonas dirba namuose.
Datasets/Real_Handwriting/images/form_398_sentence_4.png,Vakar Jurgita dirbo stotyje.
Datasets/Real_Handwriting/images/form_398_sentence_5.png,Cecilija čiuožia ant ledo.
Datasets/Real_Handwriting/images/form_399_sentence_1.png,Mokytojas mėgsta eiti.
Datasets/Real_Handwriting/images/form_399_sentence_2.png,Ingrida pradeda tvarkytis.
Datasets/Real_Handwriting/images/form_399_sentence_3.png,Vakar Ingrida skaitė žurnalą.
Datasets/Real_Handwriting/images/form_399_sentence_4.png,Šuo gyvena bibliotekoje.
Datasets/Real_Handwriting/images/form_399_sentence_5.png,Universiteto studentai žaidžia šachmatais laisvalaikiu.
Datasets/Real_Handwriting/images/form_400_sentence_1.png,Paukštis perka knygą.
Datasets/Real_Handwriting/images/form_400_sentence_2.png,Rūpestingai Danielius perka knygą.
Datasets/Real_Handwriting/images/form_400_sentence_3.png,Neringa sportuoja sode.
Datasets/Real_Handwriting/images/form_400_sentence_4.png,Gydytojas lankosi namuose.
Datasets/Real_Handwriting/images/form_400_sentence_5.png,Filmas buvo labai įdomus ir jaudinantis.
Datasets/Real_Handwriting/images/form_401_sentence_1.png,Ar Jurgita dirba bibliotekoje?
Datasets/Real_Handwriting/images/form_401_sentence_2.png,Tyliai Gintaras valgo duoną.
Datasets/Real_Handwriting/images/form_401_sentence_3.png,Parke vaikai žaidžia iki vakaro.
Datasets/Real_Handwriting/images/form_401_sentence_4.png,Ar Rasa mėgsta dirbti?
Datasets/Real_Handwriting/images/form_401_sentence_5.png,Cecilija čiuožia ant ledo.
Datasets/Real_Handwriting/images/form_402_sentence_1.png,Šiandien studentė ilsisi miške.
Datasets/Real_Handwriting/images/form_402_sentence_2.png,Žmogus nori šokti.
Datasets/Real_Handwriting/images/form_402_sentence_3.png,Vakar gydytojas skaitė receptą.
Datasets/Real_Handwriting/images/form_402_sentence_4.png,Vakar žirgas nešė laišką.
Datasets/Real_Handwriting/images/form_402_sentence_5.png,Anas vyras atneša arbatos.
Datasets/Real_Handwriting/images/form_403_sentence_1.png,Saulius mėgsta važiuoti dovaną.
Datasets/Real_Handwriting/images/form_403_sentence_2.png,Vakar vaikas dirbo kalnuose.
Datasets/Real_Handwriting/images/form_403_sentence_3.png,Mokytoja perka arbatą.
Datasets/Real_Handwriting/images/form_403_sentence_4.png,Renata neša gėlę.
Datasets/Real_Handwriting/images/form_403_sentence_5.png,Kavinėje kvepėjo kava ir cinamonu.
Datasets/Real_Handwriting/images/form_404_sentence_1.png,Vakar mokytojas nešė laišką.
Datasets/Real_Handwriting/images/form_404_sentence_2.png,Gintaras groja simfoniją.
Datasets/Real_Handwriting/images/form_404_sentence_3.png,Danielius valgo duoną.
Datasets/Real_Handwriting/images/form_404_sentence_4.png,Ar mokytojas dirba stotyje?
Datasets/Real_Handwriting/images/form_404_sentence_5.png,Cukrų ir cinamoną dedame į pyragą.
Datasets/Real_Handwriting/images/form_405_sentence_1.png,Studentė bando mokytis.
Datasets/Real_Handwriting/images/form_405_sentence_2.png,Studentė mokosi pievoje.
Datasets/Real_Handwriting/images/form_405_sentence_3.png,Mielai Tomas skaito žurnalą.
Datasets/Real_Handwriting/images/form_405_sentence_4.png,Petras rašo žemėlapį.
Datasets/Real_Handwriting/images/form_405_sentence_5.png,Cecilija čiuožia ant ledo.
Datasets/Real_Handwriting/images/form_406_sentence_1.png,Gintaras lankosi kaime.
Datasets/Real_Handwriting/images/form_406_sentence_2.png,Kruopščiai šeima dirba namuose.
Datasets/Real_Handwriting/images/form_406_sentence_3.png,Mielai studentas ilsisi stadione.
Datasets/Real_Handwriting/images/form_406_sentence_4.png,Rasa mėgsta žaisti.
Datasets/Real_Handwriting/images/form_406_sentence_5.png,Čempionas treniruojasi kiekvieną dieną.
Datasets/Real_Handwriting/images/form_407_sentence_1.png,Rasa būna kavinėje.
Datasets/Real_Handwriting/images/form_407_sentence_2.png,Rasa stato suolą.
Datasets/Real_Handwriting/images/form_407_sentence_3.png,Lėtai Laura mokosi stadione.
Datasets/Real_Handwriting/images/form_407_sentence_4.png,Gydytojas stato suolą.
Datasets/Real_Handwriting/images/form_407_sentence_5.png,Cukrų ir cinamoną dedame į pyragą.
Datasets/Real_Handwriting/images/form_408_sentence_1.png,Jonas neša knygą.
Datasets/Real_Handwriting/images/form_408_sentence_2.png,Žilvinas mėgsta važiuoti.
Datasets/Real_Handwriting/images/form_408_sentence_3.png,Greitai Marija dirba paplūdimyje.
Datasets/Real_Handwriting/images/form_408_sentence_4.png,Ingrida mokosi mokykloje.
Datasets/Real_Handwriting/images/form_408_sentence_5.png,Universiteto studentai žaidžia šachmatais laisvalaikiu.
Datasets/Real_Handwriting/images/form_409_sentence_1.png,Mielai Marija rašo žemėlapį.
Datasets/Real_Handwriting/images/form_409_sentence_2.png,Drąsiai Ingrida rašo laišką.
Datasets/Real_Handwriting/images/form_409_sentence_3.png,Kristina nori žaisti žemėlapį.
Datasets/Real_Handwriting/images/form_409_sentence_4.png,Mielai gydytojas mokosi namuose.
Datasets/Real_Handwriting/images/form_409_sentence_5.png,Tai buvo tikrai nuostabus vakaras.
Datasets/Real_Handwriting/images/form_410_sentence_1.png,Drąsiai gydytojas valgo sriubą.
Datasets/Real_Handwriting/images/form_410_sentence_2.png,Ar katė mėgsta plaukti?
Datasets/Real_Handwriting/images/form_410_sentence_3.png,Tomas sportuoja miške.
Datasets/Real_Handwriting/images/form_410_sentence_4.png,Ingrida valgo košę.
Datasets/Real_Handwriting/images/form_410_sentence_5.png,Universiteto studentai žaidžia šachmatais laisvalaikiu.
Datasets/Real_Handwriting/images/form_411_sentence_1.png,Ar žirgas dirba stotyje?
Datasets/Real_Handwriting/images/form_411_sentence_2.png,Berniukas žaidžia parke.
Datasets/Real_Handwriting/images/form_411_sentence_3.png,Saulius skaito žurnalą.
Datasets/Real_Handwriting/images/form_411_sentence_4.png,Ar katė mokosi mokykloje?
Datasets/Real_Handwriting/images/form_411_sentence_5.png,Universiteto studentai žaidžia šachmatais laisvalaikiu.
Datasets/Real_Handwriting/images/form_412_sentence_1.png,Šiandien studentė perka kavą.
Datasets/Real_Handwriting/images/form_412_sentence_2.png,Berniukas bando groti.
Datasets/Real_Handwriting/images/form_412_sentence_3.png,Mantas ilsisi miške.
Datasets/Real_Handwriting/images/form_412_sentence_4.png,Studentas dirba mieste.
Datasets/Real_Handwriting/images/form_412_sentence_5.png,Cecilija čiuožia ant ledo.
Datasets/Real_Handwriting/images/form_413_sentence_1.png,Vakar šuo nešė krepšį.
Datasets/Real_Handwriting/images/form_413_sentence_2.png,Kruopščiai paukštis dirba namuose.
Datasets/Real_Handwriting/images/form_413_sentence_3.png,Šiandien Saulius perka gėlę.
Datasets/Real_Handwriting/images/form_413_sentence_4.png,Ar Kristina mokosi stadione?
Datasets/Real_Handwriting/images/form_413_sentence_5.png,Šuo išbėgo į kiemą ir pradėjo loti.
Datasets/Real_Handwriting/images/form_414_sentence_1.png,Garsiai katė rašo laišką.
Datasets/Real_Handwriting/images/form_414_sentence_2.png,Šiandien katė ilsisi kavinėje.
Datasets/Real_Handwriting/images/form_414_sentence_3.png,Rasa mėgsta dainuoti.
Datasets/Real_Handwriting/images/form_414_sentence_4.png,Mokytoja lankosi parke.
Datasets/Real_Handwriting/images/form_414_sentence_5.png,Senoji bibliotekininkė žino visų knygų vietas.
Datasets/Real_Handwriting/images/form_415_sentence_1.png,Mergaitė nori groti paveikslą.
Datasets/Real_Handwriting/images/form_415_sentence_2.png,Lėtai gydytojas rašo žemėlapį.
Datasets/Real_Handwriting/images/form_415_sentence_3.png,Petras mokosi mieste.
Datasets/Real_Handwriting/images/form_415_sentence_4.png,Džiaugsmingai katė ilsisi stadione.
Datasets/Real_Handwriting/images/form_415_sentence_5.png,Žirgai bėga laisvai per žalią lauką.
Datasets/Real_Handwriting/images/form_416_sentence_1.png,Vaikas gyvena kalnuose.
Datasets/Real_Handwriting/images/form_416_sentence_2.png,Šiandien katė skaito žurnalą.
Datasets/Real_Handwriting/images/form_416_sentence_3.png,Rytoj Kristina eis mokykloje.
Datasets/Real_Handwriting/images/form_416_sentence_4.png,Rūpestingai šeima mokosi namuose.
Datasets/Real_Handwriting/images/form_416_sentence_5.png,Vaikai atbėga iš aikštės.
Datasets/Real_Handwriting/images/form_417_sentence_1.png,Studentė stengiasi šokti.
Datasets/Real_Handwriting/images/form_417_sentence_2.png,Rytoj Danielius eis sode.
Datasets/Real_Handwriting/images/form_417_sentence_3.png,Šiandien šuo dirba ežero pakrantėje.
Datasets/Real_Handwriting/images/form_417_sentence_4.png,Šiandien Kristina mokosi kavinėje.
Datasets/Real_Handwriting/images/form_417_sentence_5.png,Jurga ir Žilvinas keliavo per kalnus visą savaitę.
Datasets/Real_Handwriting/images/form_418_sentence_1.png,Šiandien Eglė perka žaislą.
Datasets/Real_Handwriting/images/form_418_sentence_2.png,Ar Laura skaito knygą?
Datasets/Real_Handwriting/images/form_418_sentence_3.png,Studentas perka knygą.
Datasets/Real_Handwriting/images/form_418_sentence_4.png,Žilvinas valgo sriubą.
Datasets/Real_Handwriting/images/form_418_sentence_5.png,Universiteto studentai žaidžia šachmatais laisvalaikiu.
Datasets/Real_Handwriting/images/form_419_sentence_1.png,Laura renka akmenis.
Datasets/Real_Handwriting/images/form_419_sentence_2.png,Ramiai berniukas perka arbatą.
Datasets/Real_Handwriting/images/form_419_sentence_3.png,Ar paukštis mokosi ežero pakrantėje?
Datasets/Real_Handwriting/images/form_419_sentence_4.png,Kruopščiai žirgas valgo košę.
Datasets/Real_Handwriting/images/form_419_sentence_5.png,Universiteto studentai žaidžia šachmatais laisvalaikiu.
Datasets/Real_Handwriting/images/form_420_sentence_1.png,Vakar Jurgita skaitė žemėlapį.
Datasets/Real_Handwriting/images/form_420_sentence_2.png,Šiandien šuo dirba ežero pakrantėje.
Datasets/Real_Handwriting/images/form_420_sentence_3.png,Studentė žaidžia upės pakrantėje.
Datasets/Real_Handwriting/images/form_420_sentence_4.png,Ramiai Ingrida valgo košę.
Datasets/Real_Handwriting/images/form_420_sentence_5.png,Brolis bėga per baltą sniegą.
Datasets/Real_Handwriting/images/form_421_sentence_1.png,Paukštis bando dainuoti.
Datasets/Real_Handwriting/images/form_421_sentence_2.png,Ar Marija mokosi paplūdimyje?
Datasets/Real_Handwriting/images/form_421_sentence_3.png,Vakar gydytojas skaitė laišką.
Datasets/Real_Handwriting/images/form_421_sentence_4.png,Katė mokosi parke.
Datasets/Real_Handwriting/images/form_421_sentence_5.png,Cecilija čiuožia ant ledo.
Datasets/Real_Handwriting/images/form_422_sentence_1.png,Ar gydytojas dirba darbe?
Datasets/Real_Handwriting/images/form_422_sentence_2.png,Žilvinas geria vandenį.
Datasets/Real_Handwriting/images/form_422_sentence_3.png,Šuo stato tvorą.
Datasets/Real_Handwriting/images/form_422_sentence_4.png,Ar Laura nori dainuoti?
Datasets/Real_Handwriting/images/form_422_sentence_5.png,Cukrų ir cinamoną dedame į pyragą.
Datasets/Real_Handwriting/images/form_423_sentence_1.png,Katė mėgsta dirbti.
Datasets/Real_Handwriting/images/form_423_sentence_2.png,Gydytojas skaito žurnalą.
Datasets/Real_Handwriting/images/form_423_sentence_3.png,Žirgas gyvena kalnuose.
Datasets/Real_Handwriting/images/form_423_sentence_4.png,Atidžiai Tomas mokosi mokykloje.
Datasets/Real_Handwriting/images/form_423_sentence_5.png,Kavinėje kvepėjo kava ir cinamonu.
Datasets/Real_Handwriting/images/form_424_sentence_1.png,Šiandien Gintaras dirba ežero pakrantėje.
Datasets/Real_Handwriting/images/form_424_sentence_2.png,Ar berniukas mokosi sode?
Datasets/Real_Handwriting/images/form_424_sentence_3.png,Mergaitė geria pieną.
Datasets/Real_Handwriting/images/form_424_sentence_4.png,Jonas gyvena bibliotekoje.
Datasets/Real_Handwriting/images/form_424_sentence_5.png,Cecilija čiuožia ant ledo.
Datasets/Real_Handwriting/images/form_425_sentence_1.png,Ar Marija mokosi parke?
Datasets/Real_Handwriting/images/form_425_sentence_2.png,Drąsiai Eglė mokosi paplūdimyje.
Datasets/Real_Handwriting/images/form_425_sentence_3.png,Lėtai Danielius ilsisi kaime.
Datasets/Real_Handwriting/images/form_425_sentence_4.png,Žilvinas lankosi mokykloje.
Datasets/Real_Handwriting/images/form_425_sentence_5.png,Ją labai džiugino jaukūs namai.
Datasets/Real_Handwriting/images/form_426_sentence_1.png,Saulius mokosi bibliotekoje.
Datasets/Real_Handwriting/images/form_426_sentence_2.png,Žmogus žaidžia paplūdimyje.
Datasets/Real_Handwriting/images/form_426_sentence_3.png,Džiaugsmingai paukštis mokosi kaime.
Datasets/Real_Handwriting/images/form_426_sentence_4.png,Šiandien mergaitė dirba ligoninėje.
Datasets/Real_Handwriting/images/form_426_sentence_5.png,Žiema atneša sniegą ir šaltį.
Datasets/Real_Handwriting/images/form_427_sentence_1.png,Džiaugsmingai paukštis perka žaislą.
Datasets/Real_Handwriting/images/form_427_sentence_2.png,Ingrida mėgsta kalbėti.
Datasets/Real_Handwriting/images/form_427_sentence_3.png,Atidžiai katė neša žaislą.
Datasets/Real_Handwriting/images/form_427_sentence_4.png,Greitai žirgas valgo košę.
Datasets/Real_Handwriting/images/form_427_sentence_5.png,Universiteto studentai žaidžia šachmatais laisvalaikiu.
Datasets/Real_Handwriting/images/form_428_sentence_1.png,Šiandien Neringa ilsisi pievoje.
Datasets/Real_Handwriting/images/form_428_sentence_2.png,Ar vaikas dirba kavinėje?
Datasets/Real_Handwriting/images/form_428_sentence_3.png,Švelniai katė rašo receptą.
Datasets/Real_Handwriting/images/form_428_sentence_4.png,Rytoj gydytojas skaitys knygą.
Datasets/Real_Handwriting/images/form_428_sentence_5.png,Mėnulis šviečia per debesį.
Datasets/Real_Handwriting/images/form_429_sentence_1.png,Ar paukštis mėgsta dainuoti?
Datasets/Real_Handwriting/images/form_429_sentence_2.png,Žmogus valgo košę.
Datasets/Real_Handwriting/images/form_429_sentence_3.png,Džiaugsmingai Gintaras rašo projektą.
Datasets/Real_Handwriting/images/form_429_sentence_4.png,Mantas būna darbe.
Datasets/Real_Handwriting/images/form_429_sentence_5.png,Universiteto studentai žaidžia šachmatais laisvalaikiu.
Datasets/Real_Handwriting/images/form_430_sentence_1.png,Ramiai Neringa sportuoja kaime.
Datasets/Real_Handwriting/images/form_430_sentence_2.png,Garsiai berniukas dirba stotyje.
Datasets/Real_Handwriting/images/form_430_sentence_3.png,Drąsiai Petras sportuoja upės pakrantėje.
Datasets/Real_Handwriting/images/form_430_sentence_4.png,Kruopščiai studentas rašo laišką.
Datasets/Real_Handwriting/images/form_430_sentence_5.png,Cecilija čiuožia ant ledo.
Datasets/Real_Handwriting/images/form_431_sentence_1.png,Eglė sportuoja sode.
Datasets/Real_Handwriting/images/form_431_sentence_2.png,Džiaugsmingai Tomas perka žaislą.
Datasets/Real_Handwriting/images/form_431_sentence_3.png,Žmogus rašo projektą.
Datasets/Real_Handwriting/images/form_431_sentence_4.png,Jurgita nori valgyti arbatą.
Datasets/Real_Handwriting/images/form_431_sentence_5.png,Universiteto studentai žaidžia šachmatais laisvalaikiu.
Datasets/Real_Handwriting/images/form_432_sentence_1.png,Švelniai Mantas sportuoja stadione.
Datasets/Real_Handwriting/images/form_432_sentence_2.png,Jurgita rašo žemėlapį.
Datasets/Real_Handwriting/images/form_432_sentence_3.png,Mergaitė bando valgyti.
Datasets/Real_Handwriting/images/form_432_sentence_4.png,Kristina nori žaisti.
Datasets/Real_Handwriting/images/form_432_sentence_5.png,Čiulba paukščiai ankstų rytą.
Datasets/Real_Handwriting/images/form_433_sentence_1.png,Greitai mokytojas neša žaislą.
Datasets/Real_Handwriting/images/form_433_sentence_2.png,Mindaugas būna kavinėje.
Datasets/Real_Handwriting/images/form_433_sentence_3.png,Ingrida valgo duoną.
Datasets/Real_Handwriting/images/form_433_sentence_4.png,Greitai Eglė valgo košę.
Datasets/Real_Handwriting/images/form_433_sentence_5.png,Kavinėje kvepėjo kava ir cinamonu.
Datasets/Real_Handwriting/images/form_434_sentence_1.png,Ar mergaitė skaito laišką?
Datasets/Real_Handwriting/images/form_434_sentence_2.png,Rytoj Mantas eis ligoninėje.
Datasets/Real_Handwriting/images/form_434_sentence_3.png,Mergaitė stengiasi eiti.
Datasets/Real_Handwriting/images/form_434_sentence_4.png,Šiandien Petras skaito žemėlapį.
Datasets/Real_Handwriting/images/form_434_sentence_5.png,Knyga gulėjo ant kambario suolo.
Datasets/Real_Handwriting/images/form_435_sentence_1.png,Ingrida ilsisi stadione.
Datasets/Real_Handwriting/images/form_435_sentence_2.png,Atidžiai žirgas neša žaislą.
Datasets/Real_Handwriting/images/form_435_sentence_3.png,Ar paukštis skaito istoriją?
Datasets/Real_Handwriting/images/form_435_sentence_4.png,Vakar Mindaugas skaitė žemėlapį.
Datasets/Real_Handwriting/images/form_435_sentence_5.png,Futbolininkas šokinėja per kliūtis.
Datasets/Real_Handwriting/images/form_436_sentence_1.png,Greitai Laura skaito istoriją.
Datasets/Real_Handwriting/images/form_436_sentence_2.png,Šiandien Žilvinas dirba ligoninėje.
Datasets/Real_Handwriting/images/form_436_sentence_3.png,Šiandien Kristina skaito laišką.
Datasets/Real_Handwriting/images/form_436_sentence_4.png,Ar Petras dirba ligoninėje?
Datasets/Real_Handwriting/images/form_436_sentence_5.png,Universiteto studentai žaidžia šachmatais laisvalaikiu.
Datasets/Real_Handwriting/images/form_437_sentence_1.png,Ramiai Danielius neša dovaną.
Datasets/Real_Handwriting/images/form_437_sentence_2.png,Rytoj Žilvinas eis kavinėje.
Datasets/Real_Handwriting/images/form_437_sentence_3.png,Danielius gyvena sode.
Datasets/Real_Handwriting/images/form_437_sentence_4.png,Šiandien Rasa mokosi ežero pakrantėje.
Datasets/Real_Handwriting/images/form_437_sentence_5.png,Buvo labai šalta tą žiemos rytą.
Datasets/Real_Handwriting/images/form_438_sentence_1.png,Tomas ilsisi miške.
Datasets/Real_Handwriting/images/form_438_sentence_2.png,Laura ilsisi paplūdimyje.
Datasets/Real_Handwriting/images/form_438_sentence_3.png,Žirgas rašo istoriją.
Datasets/Real_Handwriting/images/form_438_sentence_4.png,Šiandien Marija dirba parke.
Datasets/Real_Handwriting/images/form_438_sentence_5.png,Universiteto studentai žaidžia šachmatais laisvalaikiu.
Datasets/Real_Handwriting/images/form_439_sentence_1.png,Šiandien Žilvinas mokosi mokykloje.
Datasets/Real_Handwriting/images/form_439_sentence_2.png,Šiandien Žilvinas mokosi bibliotekoje.
Datasets/Real_Handwriting/images/form_439_sentence_3.png,Katė būna stotyje.
Datasets/Real_Handwriting/images/form_439_sentence_4.png,Petras stengiasi gerti.
Datasets/Real_Handwriting/images/form_439_sentence_5.png,Jaunas studentas juda drąsiai į priekį.
Datasets/Real_Handwriting/images/form_440_sentence_1.png,Ramiai Laura perka žaislą.
Datasets/Real_Handwriting/images/form_440_sentence_2.png,Šiandien mokytojas mokosi mieste.
Datasets/Real_Handwriting/images/form_440_sentence_3.png,Šeima mėgsta važiuoti kavą.
Datasets/Real_Handwriting/images/form_440_sentence_4.png,Vaikas žaidžia pievoje.
Datasets/Real_Handwriting/images/form_440_sentence_5.png,Ypač skanūs obuoliai auga sode.
Datasets/Real_Handwriting/images/form_441_sentence_1.png,Šiandien studentė skaito žurnalą.
Datasets/Real_Handwriting/images/form_441_sentence_2.png,Šiandien berniukas mokosi parke.
Datasets/Real_Handwriting/images/form_441_sentence_3.png,Vakar vaikas dirbo mokykloje.
Datasets/Real_Handwriting/images/form_441_sentence_4.png,Ar vaikas skaito žurnalą?
Datasets/Real_Handwriting/images/form_441_sentence_5.png,Universiteto studentai žaidžia šachmatais laisvalaikiu.
Datasets/Real_Handwriting/images/form_442_sentence_1.png,Mergaitė pradeda statyti.
Datasets/Real_Handwriting/images/form_442_sentence_2.png,Rytoj Jurgita eis bibliotekoje.
Datasets/Real_Handwriting/images/form_442_sentence_3.png,Gintaras bando keliauti.
Datasets/Real_Handwriting/images/form_442_sentence_4.png,Danielius žaidžia darbe.
Datasets/Real_Handwriting/images/form_442_sentence_5.png,Hanah sheji skaito hinduistų filosofiją.
Datasets/Real_Handwriting/images/form_443_sentence_1.png,Šiandien Eglė mokosi namuose.
Datasets/Real_Handwriting/images/form_443_sentence_2.png,Lėtai Tomas valgo košę.
Datasets/Real_Handwriting/images/form_443_sentence_3.png,Šeima lankosi mieste.
Datasets/Real_Handwriting/images/form_443_sentence_4.png,Vakar mokytoja skaitė laišką.
Datasets/Real_Handwriting/images/form_443_sentence_5.png,Jonas į darbą važiuoja dviračiu.
Datasets/Real_Handwriting/images/form_444_sentence_1.png,Danielius renka obuolius.
Datasets/Real_Handwriting/images/form_444_sentence_2.png,Ar Petras mėgsta groti?
Datasets/Real_Handwriting/images/form_444_sentence_3.png,Vakar Jonas skaitė laišką.
Datasets/Real_Handwriting/images/form_444_sentence_4.png,Džiaugsmingai katė perka knygą.
Datasets/Real_Handwriting/images/form_444_sentence_5.png,Cukrų ir cinamoną dedame į pyragą.
Datasets/Real_Handwriting/images/form_445_sentence_1.png,Vakar šeima nešė knygą.
Datasets/Real_Handwriting/images/form_445_sentence_2.png,Šiandien mokytoja ilsisi darbe.
Datasets/Real_Handwriting/images/form_445_sentence_3.png,Marija nori groti.
Datasets/Real_Handwriting/images/form_445_sentence_4.png,Rytoj mergaitė skaitys žurnalą.
Datasets/Real_Handwriting/images/form_445_sentence_5.png,Kavinėje kvepėjo kava ir cinamonu.
Datasets/Real_Handwriting/images/form_446_sentence_1.png,Ar žirgas skaito žurnalą?
Datasets/Real_Handwriting/images/form_446_sentence_2.png,Jonas ilsisi kavinėje.
Datasets/Real_Handwriting/images/form_446_sentence_3.png,Šiandien Gintaras skaito žurnalą.
Datasets/Real_Handwriting/images/form_446_sentence_4.png,Katė perka arbatą.
Datasets/Real_Handwriting/images/form_446_sentence_5.png,Cukrų ir cinamoną dedame į pyragą.
Datasets/Real_Handwriting/images/form_447_sentence_1.png,Lėtai mokytoja dirba bibliotekoje.
Datasets/Real_Handwriting/images/form_447_sentence_2.png,Studentė rašo projektą.
Datasets/Real_Handwriting/images/form_447_sentence_3.png,Eglė stengiasi ilsėtis.
Datasets/Real_Handwriting/images/form_447_sentence_4.png,Vaikas skaito žurnalą.
Datasets/Real_Handwriting/images/form_447_sentence_5.png,Cukrų ir cinamoną dedame į pyragą.
Datasets/Real_Handwriting/images/form_448_sentence_1.png,Laura ilsisi pievoje.
Datasets/Real_Handwriting/images/form_448_sentence_2.png,Rasa stengiasi sportuoti.
Datasets/Real_Handwriting/images/form_448_sentence_3.png,Šiandien katė ilsisi miške.
Datasets/Real_Handwriting/images/form_448_sentence_4.png,Šiandien Kristina ilsisi kaime.
Datasets/Real_Handwriting/images/form_448_sentence_5.png,Žiemą vaikai mėgsta čiuožti ant ežero ledo.
Datasets/Real_Handwriting/images/form_449_sentence_1.png,Drąsiai šeima ilsisi parke.
Datasets/Real_Handwriting/images/form_449_sentence_2.png,Jurgita rašo istoriją.
Datasets/Real_Handwriting/images/form_449_sentence_3.png,Marija bando plaukti.
Datasets/Real_Handwriting/images/form_449_sentence_4.png,Atidžiai Petras mokosi stotyje.
Datasets/Real_Handwriting/images/form_449_sentence_5.png,Cecilija čiuožia ant ledo.
Datasets/Real_Handwriting/images/form_450_sentence_1.png,Šiandien studentė skaito žurnalą.
Datasets/Real_Handwriting/images/form_450_sentence_2.png,Ar vaikas nori šokti?
Datasets/Real_Handwriting/images/form_450_sentence_3.png,Studentė skaito žemėlapį.
Datasets/Real_Handwriting/images/form_450_sentence_4.png,Kristina mėgsta tvarkytis.
Datasets/Real_Handwriting/images/form_450_sentence_5.png,Danielius dažnai dalyvauja varžybose.
Datasets/Real_Handwriting/images/form_451_sentence_1.png,Šuo perka dovaną.
Datasets/Real_Handwriting/images/form_451_sentence_2.png,Šiandien mergaitė skaito žemėlapį.
Datasets/Real_Handwriting/images/form_451_sentence_3.png,Eglė nori eiti paveikslą.
Datasets/Real_Handwriting/images/form_451_sentence_4.png,Šiandien šuo mokosi bibliotekoje.
Datasets/Real_Handwriting/images/form_451_sentence_5.png,Cukrų ir cinamoną dedame į pyragą.
Datasets/Real_Handwriting/images/form_452_sentence_1.png,Ar šuo dirba kavinėje?
Datasets/Real_Handwriting/images/form_452_sentence_2.png,Vaikas lankosi pievoje.
Datasets/Real_Handwriting/images/form_452_sentence_3.png,Rytoj Danielius eis stadione.
Datasets/Real_Handwriting/images/form_452_sentence_4.png,Laura bando dirbti.
Datasets/Real_Handwriting/images/form_452_sentence_5.png,Jonas į darbą važiuoja dviračiu.
Datasets/Real_Handwriting/images/form_453_sentence_1.png,Mindaugas sportuoja mieste.
Datasets/Real_Handwriting/images/form_453_sentence_2.png,Kruopščiai Eglė neša gėlę.
Datasets/Real_Handwriting/images/form_453_sentence_3.png,Švelniai Žilvinas rašo laišką.
Datasets/Real_Handwriting/images/form_453_sentence_4.png,Greitai Danielius ilsisi parke.
Datasets/Real_Handwriting/images/form_453_sentence_5.png,Daktaras dirba didelėje ligoninėje.
Datasets/Real_Handwriting/images/form_454_sentence_1.png,Garsiai katė sportuoja ligoninėje.
Datasets/Real_Handwriting/images/form_454_sentence_2.png,Danielius mėgsta gerti duoną.
Datasets/Real_Handwriting/images/form_454_sentence_3.png,Kristina stato namą.
Datasets/Real_Handwriting/images/form_454_sentence_4.png,Ingrida stengiasi ilsėtis.
Datasets/Real_Handwriting/images/form_454_sentence_5.png,Obelys žydi baltais žiedais pavasarį.
Datasets/Real_Handwriting/images/form_455_sentence_1.png,Rasa neša knygą.
Datasets/Real_Handwriting/images/form_455_sentence_2.png,Ingrida geria vandenį.
Datasets/Real_Handwriting/images/form_455_sentence_3.png,Ingrida gyvena parke.
Datasets/Real_Handwriting/images/form_455_sentence_4.png,Žirgas groja dainą.
Datasets/Real_Handwriting/images/form_455_sentence_5.png,Oras šiandien labai gražus ir šiltas.
Datasets/Real_Handwriting/images/form_456_sentence_1.png,Eglė mėgsta šokti.
Datasets/Real_Handwriting/images/form_456_sentence_2.png,Šiandien Ingrida mokosi upės pakrantėje.
Datasets/Real_Handwriting/images/form_456_sentence_3.png,Kristina būna darbe.
Datasets/Real_Handwriting/images/form_456_sentence_4.png,Rytoj Saulius skaitys laišką.
Datasets/Real_Handwriting/images/form_456_sentence_5.png,Universiteto studentai žaidžia šachmatais laisvalaikiu.
Datasets/Real_Handwriting/images/form_457_sentence_1.png,Tyliai mergaitė perka gėlę.
Datasets/Real_Handwriting/images/form_457_sentence_2.png,Šiandien Ingrida dirba kavinėje.
Datasets/Real_Handwriting/images/form_457_sentence_3.png,Saulius geria arbatą.
Datasets/Real_Handwriting/images/form_457_sentence_4.png,Laura mokosi upės pakrantėje.
Datasets/Real_Handwriting/images/form_457_sentence_5.png,Cukrų ir cinamoną dedame į pyragą.
Datasets/Real_Handwriting/images/form_458_sentence_1.png,Greitai Rasa sportuoja sode.
Datasets/Real_Handwriting/images/form_458_sentence_2.png,Garsiai Petras valgo daržoves.
Datasets/Real_Handwriting/images/form_458_sentence_3.png,Garsiai šeima sportuoja kalnuose.
Datasets/Real_Handwriting/images/form_458_sentence_4.png,Studentas mėgsta dirbti.
Datasets/Real_Handwriting/images/form_458_sentence_5.png,Piešia studentas spalvingą paveikslą.
Datasets/Real_Handwriting/images/form_459_sentence_1.png,Marija neša laišką.
Datasets/Real_Handwriting/images/form_459_sentence_2.png,Ar katė mokosi darbe?
Datasets/Real_Handwriting/images/form_459_sentence_3.png,Mokytojas stato bokštą.
Datasets/Real_Handwriting/images/form_459_sentence_4.png,Šiandien Tomas ilsisi ligoninėje.
Datasets/Real_Handwriting/images/form_459_sentence_5.png,Kavinėje kvepėjo kava ir cinamonu.
Datasets/Real_Handwriting/images/form_460_sentence_1.png,Švelniai studentė skaito knygą.
Datasets/Real_Handwriting/images/form_460_sentence_2.png,Šiandien šuo mokosi parke.
Datasets/Real_Handwriting/images/form_460_sentence_3.png,Rytoj žirgas skaitys žurnalą.
Datasets/Real_Handwriting/images/form_460_sentence_4.png,Ingrida žaidžia parke.
Datasets/Real_Handwriting/images/form_460_sentence_5.png,Nuo kalno matosi nuostabus vaizas.
Datasets/Real_Handwriting/images/form_461_sentence_1.png,Šiandien šeima mokosi pievoje.
Datasets/Real_Handwriting/images/form_461_sentence_2.png,Petras valgo vaisius.
Datasets/Real_Handwriting/images/form_461_sentence_3.png,Mielai mergaitė rašo užduotį.
Datasets/Real_Handwriting/images/form_461_sentence_4.png,Rytoj Mindaugas skaitys receptą.
Datasets/Real_Handwriting/images/form_461_sentence_5.png,Zigmas žiūri žaibą per langą.
Datasets/Real_Handwriting/images/form_462_sentence_1.png,Ar Saulius mėgsta statyti?
Datasets/Real_Handwriting/images/form_462_sentence_2.png,Rytoj Mindaugas eis sode.
Datasets/Real_Handwriting/images/form_462_sentence_3.png,Kristina mėgsta šokti duoną.
Datasets/Real_Handwriting/images/form_462_sentence_4.png,Šeima valgo vaisius.
Datasets/Real_Handwriting/images/form_462_sentence_5.png,Šventė prasidėjo linksmai ir baigėsi džiaugsmingai.
Datasets/Real_Handwriting/images/form_463_sentence_1.png,Žmogus valgo vaisius.
Datasets/Real_Handwriting/images/form_463_sentence_2.png,Paukštis dirba mokykloje.
Datasets/Real_Handwriting/images/form_463_sentence_3.png,Gintaras nori plaukti duoną.
Datasets/Real_Handwriting/images/form_463_sentence_4.png,Petras sportuoja bibliotekoje.
Datasets/Real_Handwriting/images/form_463_sentence_5.png,Cukrų ir cinamoną dedame į pyragą.
Datasets/Real_Handwriting/images/form_464_sentence_1.png,Berniukas groja simfoniją.
Datasets/Real_Handwriting/images/form_464_sentence_2.png,Ar vaikas skaito knygą?
Datasets/Real_Handwriting/images/form_464_sentence_3.png,Gintaras valgo daržoves.
Datasets/Real_Handwriting/images/form_464_sentence_4.png,Ar žmogus mėgsta šokti?
Datasets/Real_Handwriting/images/form_464_sentence_5.png,Kavinėje kvepėjo kava ir cinamonu.
Datasets/Real_Handwriting/images/form_465_sentence_1.png,Danielius dirba stadione.
Datasets/Real_Handwriting/images/form_465_sentence_2.png,Ramiai Jonas sportuoja namuose.
Datasets/Real_Handwriting/images/form_465_sentence_3.png,Šiandien Jonas skaito knygą.
Datasets/Real_Handwriting/images/form_465_sentence_4.png,Ar Kristina skaito žemėlapį?
Datasets/Real_Handwriting/images/form_465_sentence_5.png,Kavinėje kvepėjo kava ir cinamonu.
Datasets/Real_Handwriting/images/form_466_sentence_1.png,Mindaugas valgo duoną.
Datasets/Real_Handwriting/images/form_466_sentence_2.png,Vaikas mėgsta ilsėtis.
Datasets/Real_Handwriting/images/form_466_sentence_3.png,Jurgita valgo obuolį.
Datasets/Real_Handwriting/images/form_466_sentence_4.png,Rasa rašo užduotį.
Datasets/Real_Handwriting/images/form_466_sentence_5.png,Kavinėje kvepėjo kava ir cinamonu.
Datasets/Real_Handwriting/images/form_467_sentence_1.png,Šiandien Ingrida skaito žemėlapį.
Datasets/Real_Handwriting/images/form_467_sentence_2.png,Šeima ilsisi namuose.
Datasets/Real_Handwriting/images/form_467_sentence_3.png,Vakar gydytojas nešė žaislą.
Datasets/Real_Handwriting/images/form_467_sentence_4.png,Studentas renka gėles.
Datasets/Real_Handwriting/images/form_467_sentence_5.png,Obelys žydi baltais žiedais pavasarį.
Datasets/Real_Handwriting/images/form_468_sentence_1.png,Ar Rasa dirba mieste?
Datasets/Real_Handwriting/images/form_468_sentence_2.png,Mielai mokytoja sportuoja mokykloje.
Datasets/Real_Handwriting/images/form_468_sentence_3.png,Rasa bando žaisti.
Datasets/Real_Handwriting/images/form_468_sentence_4.png,Šiandien Gintaras mokosi mieste.
Datasets/Real_Handwriting/images/form_468_sentence_5.png,Aš atsargiai atidarau ąžuolinę dėžę.
Datasets/Real_Handwriting/images/form_469_sentence_1.png,Jonas neša gėlę.
Datasets/Real_Handwriting/images/form_469_sentence_2.png,Petras renka grybus.
Datasets/Real_Handwriting/images/form_469_sentence_3.png,Rytoj Mindaugas eis kalnuose.
Datasets/Real_Handwriting/images/form_469_sentence_4.png,Vakar mergaitė skaitė laišką.
Datasets/Real_Handwriting/images/form_469_sentence_5.png,Universiteto studentai žaidžia šachmatais laisvalaikiu.
Datasets/Real_Handwriting/images/form_470_sentence_1.png,Gydytojas būna kaime.
Datasets/Real_Handwriting/images/form_470_sentence_2.png,Ar Jurgita mėgsta statyti?
Datasets/Real_Handwriting/images/form_470_sentence_3.png,Šiandien Laura ilsisi ežero pakrantėje.
Datasets/Real_Handwriting/images/form_470_sentence_4.png,Ar šuo mokosi mieste?
Datasets/Real_Handwriting/images/form_470_sentence_5.png,Žirgai bėga laisvai per žalią lauką.
Datasets/Real_Handwriting/images/form_471_sentence_1.png,Jurgita nori dainuoti.
Datasets/Real_Handwriting/images/form_471_sentence_2.png,Drąsiai Ingrida sportuoja kaime.
Datasets/Real_Handwriting/images/form_471_sentence_3.png,Rūpestingai berniukas sportuoja namuose.
Datasets/Real_Handwriting/images/form_471_sentence_4.png,Žmogus sportuoja kaime.
Datasets/Real_Handwriting/images/form_471_sentence_5.png,Cukrų ir cinamoną dedame į pyragą.
Datasets/Real_Handwriting/images/form_472_sentence_1.png,Žilvinas bando plaukti.
Datasets/Real_Handwriting/images/form_472_sentence_2.png,Žirgas valgo duoną.
Datasets/Real_Handwriting/images/form_472_sentence_3.png,Paukštis mėgsta piešti užduotį.
Datasets/Real_Handwriting/images/form_472_sentence_4.png,Ar Mantas skaito receptą?
Datasets/Real_Handwriting/images/form_472_sentence_5.png,Ypač skanūs obuoliai auga sode.
Datasets/Real_Handwriting/images/form_473_sentence_1.png,Mantas renka grybus.
Datasets/Real_Handwriting/images/form_473_sentence_2.png,Saulius būna mieste.
Datasets/Real_Handwriting/images/form_473_sentence_3.png,Eglė groja simfoniją.
Datasets/Real_Handwriting/images/form_473_sentence_4.png,Studentė būna pievoje.
Datasets/Real_Handwriting/images/form_473_sentence_5.png,Universiteto studentai žaidžia šachmatais laisvalaikiu.
Datasets/Real_Handwriting/images/form_474_sentence_1.png,Švelniai Rasa sportuoja mokykloje.
Datasets/Real_Handwriting/images/form_474_sentence_2.png,Rūpestingai Eglė ilsisi kalnuose.
Datasets/Real_Handwriting/images/form_474_sentence_3.png,Rytoj Gintaras skaitys žurnalą.
Datasets/Real_Handwriting/images/form_474_sentence_4.png,Ar studentas mėgsta plaukti?
Datasets/Real_Handwriting/images/form_474_sentence_5.png,Šiandien šalta, bet sausa.
Datasets/Real_Handwriting/images/form_475_sentence_1.png,Vakar Žilvinas skaitė istoriją.
Datasets/Real_Handwriting/images/form_475_sentence_2.png,Šeima mokosi stadione.
Datasets/Real_Handwriting/images/form_475_sentence_3.png,Saulius perka duoną.
Datasets/Real_Handwriting/images/form_475_sentence_4.png,Vakar Kristina skaitė istoriją.
Datasets/Real_Handwriting/images/form_475_sentence_5.png,Daina skamba per visą sodą.
Datasets/Real_Handwriting/images/form_476_sentence_1.png,Paukštis perka dovaną.
Datasets/Real_Handwriting/images/form_476_sentence_2.png,Gydytojas rašo receptą.
Datasets/Real_Handwriting/images/form_476_sentence_3.png,Jurgita groja simfoniją.
Datasets/Real_Handwriting/images/form_476_sentence_4.png,Vakar Eglė dirbo miške.
Datasets/Real_Handwriting/images/form_476_sentence_5.png,Naktį žvaigždės šviečia ryškiausiai.
Datasets/Real_Handwriting/images/form_477_sentence_1.png,Rasa nori statyti žurnalą.
Datasets/Real_Handwriting/images/form_477_sentence_2.png,Ar Jurgita mokosi kalnuose?
Datasets/Real_Handwriting/images/form_477_sentence_3.png,Jonas renka grybus.
Datasets/Real_Handwriting/images/form_477_sentence_4.png,Mergaitė valgo košę.
Datasets/Real_Handwriting/images/form_477_sentence_5.png,Cecilija čiuožia ant ledo.
Datasets/Real_Handwriting/images/form_478_sentence_1.png,Žirgas ilsisi bibliotekoje.
Datasets/Real_Handwriting/images/form_478_sentence_2.png,Mokytoja būna kalnuose.
Datasets/Real_Handwriting/images/form_478_sentence_3.png,Gydytojas mėgsta mokytis.
Datasets/Real_Handwriting/images/form_478_sentence_4.png,Atidžiai Petras skaito knygą.
Datasets/Real_Handwriting/images/form_478_sentence_5.png,Kavinėje kvepėjo kava ir cinamonu.
Datasets/Real_Handwriting/images/form_479_sentence_1.png,Kruopščiai Eglė skaito žurnalą.
Datasets/Real_Handwriting/images/form_479_sentence_2.png,Gintaras ilsisi pievoje.
Datasets/Real_Handwriting/images/form_479_sentence_3.png,Danielius mėgsta bėgti.
Datasets/Real_Handwriting/images/form_479_sentence_4.png,Žilvinas perka gėlę.
Datasets/Real_Handwriting/images/form_479_sentence_5.png,Cukrų ir cinamoną dedame į pyragą.
Datasets/Real_Handwriting/images/form_480_sentence_1.png,Ar Rasa skaito laišką?
Datasets/Real_Handwriting/images/form_480_sentence_2.png,Šeima žaidžia ežero pakrantėje.
Datasets/Real_Handwriting/images/form_480_sentence_3.png,Katė ilsisi ligoninėje.
Datasets/Real_Handwriting/images/form_480_sentence_4.png,Eglė dirba mokykloje.
Datasets/Real_Handwriting/images/form_480_sentence_5.png,Kavinėje kvepėjo kava ir cinamonu.
Datasets/Real_Handwriting/images/form_481_sentence_1.png,Ar Saulius mėgsta bėgti?
Datasets/Real_Handwriting/images/form_481_sentence_2.png,Studentas mėgsta ilsėtis.
Datasets/Real_Handwriting/images/form_481_sentence_3.png,Žirgas būna upės pakrantėje.
Datasets/Real_Handwriting/images/form_481_sentence_4.png,Greitai mergaitė ilsisi parke.
Datasets/Real_Handwriting/images/form_481_sentence_5.png,Čempionas treniruojasi kiekvieną dieną.
Datasets/Real_Handwriting/images/form_482_sentence_1.png,Renata rašo užduotį.
Datasets/Real_Handwriting/images/form_482_sentence_2.png,Ramiai Eglė mokosi ežero pakrantėje.
Datasets/Real_Handwriting/images/form_482_sentence_3.png,Studentas groja melodiją.
Datasets/Real_Handwriting/images/form_482_sentence_4.png,Mantas stato namą.
Datasets/Real_Handwriting/images/form_482_sentence_5.png,Senoji bibliotekininkė žino visų knygų vietas.
Datasets/Real_Handwriting/images/form_483_sentence_1.png,Tyliai katė perka kavą.
Datasets/Real_Handwriting/images/form_483_sentence_2.png,Paukštis nori tvarkytis žemėlapį.
Datasets/Real_Handwriting/images/form_483_sentence_3.png,Šeima pradeda piešti.
Datasets/Real_Handwriting/images/form_483_sentence_4.png,Vakar Žilvinas dirbo miške.
Datasets/Real_Handwriting/images/form_483_sentence_5.png,Cukrų ir cinamoną dedame į pyragą.
Datasets/Real_Handwriting/images/form_485_sentence_1.png,Rūpestingai Petras perka arbatą.
Datasets/Real_Handwriting/images/form_485_sentence_2.png,Mantas mėgsta valgyti.
Datasets/Real_Handwriting/images/form_485_sentence_3.png,Rytoj Jurgita skaitys receptą.
Datasets/Real_Handwriting/images/form_485_sentence_4.png,Studentė groja muzikos kūrinį.
Datasets/Real_Handwriting/images/form_485_sentence_5.png,Čia gyvena labai draugiška šeima.
Datasets/Real_Handwriting/images/form_486_sentence_1.png,Ar Žilvinas nori važiuoti?
Datasets/Real_Handwriting/images/form_486_sentence_2.png,Renata ilsisi ligoninėje.
Datasets/Real_Handwriting/images/form_486_sentence_3.png,Paukštis perka kavą.
Datasets/Real_Handwriting/images/form_486_sentence_4.png,Studentė mėgsta groti dovaną.
Datasets/Real_Handwriting/images/form_486_sentence_5.png,Žuvėdros skraido žemai virš bangų.
Datasets/Real_Handwriting/images/form_487_sentence_1.png,Petras neša gėlę.
Datasets/Real_Handwriting/images/form_487_sentence_2.png,Mielai žmogus perka arbatą.
Datasets/Real_Handwriting/images/form_487_sentence_3.png,Ingrida sportuoja mieste.
Datasets/Real_Handwriting/images/form_487_sentence_4.png,Lėtai Mantas sportuoja stadione.
Datasets/Real_Handwriting/images/form_487_sentence_5.png,Cukrų ir cinamoną dedame į pyragą.
Datasets/Real_Handwriting/images/form_488_sentence_1.png,Žmogus groja simfoniją.
Datasets/Real_Handwriting/images/form_488_sentence_2.png,Ar žirgas mokosi kaime?
Datasets/Real_Handwriting/images/form_488_sentence_3.png,Ar Laura nori žaisti?
Datasets/Real_Handwriting/images/form_488_sentence_4.png,Ar žirgas nori šokti?
Datasets/Real_Handwriting/images/form_488_sentence_5.png,Daktaras dirba didelėje ligoninėje.
Datasets/Real_Handwriting/images/form_489_sentence_1.png,Laura gyvena stotyje.
Datasets/Real_Handwriting/images/form_489_sentence_2.png,Garsiai Tomas sportuoja paplūdimyje.
Datasets/Real_Handwriting/images/form_489_sentence_3.png,Vakar Mantas nešė dovaną.
Datasets/Real_Handwriting/images/form_489_sentence_4.png,Vaikas mėgsta eiti.
Datasets/Real_Handwriting/images/form_489_sentence_5.png,Šiandien šalta, bet sausa.
Datasets/Real_Handwriting/images/form_490_sentence_1.png,Laura skaito žemėlapį.
Datasets/Real_Handwriting/images/form_490_sentence_2.png,Mielai Rasa perka žaislą.
Datasets/Real_Handwriting/images/form_490_sentence_3.png,Kristina stengiasi šokti.
Datasets/Real_Handwriting/images/form_490_sentence_4.png,Tomas žaidžia stotyje.
Datasets/Real_Handwriting/images/form_490_sentence_5.png,Bitė skraido virš bijūnų.
Datasets/Real_Handwriting/images/form_491_sentence_1.png,Žmogus mėgsta skaityti.
Datasets/Real_Handwriting/images/form_491_sentence_2.png,Ar Kristina mokosi parke?
Datasets/Real_Handwriting/images/form_491_sentence_3.png,Ramiai Renata dirba kavinėje.
Datasets/Real_Handwriting/images/form_491_sentence_4.png,Šiandien mergaitė skaito receptą.
Datasets/Real_Handwriting/images/form_491_sentence_5.png,Čiurlionį menininkai laiko išskirtiniu kūrėju.
Datasets/Real_Handwriting/images/form_492_sentence_1.png,Ar Mantas mėgsta šokti?
Datasets/Real_Handwriting/images/form_492_sentence_2.png,Tyliai mokytoja dirba stotyje.
Datasets/Real_Handwriting/images/form_492_sentence_3.png,Eglė renka obuolius.
Datasets/Real_Handwriting/images/form_492_sentence_4.png,Ar Mantas mėgsta važiuoti?
Datasets/Real_Handwriting/images/form_492_sentence_5.png,Vasarą važiuojame prie jūros.
Datasets/Real_Handwriting/images/form_493_sentence_1.png,Studentė lankosi mieste.
Datasets/Real_Handwriting/images/form_493_sentence_2.png,Šuo perka žaislą.
Datasets/Real_Handwriting/images/form_493_sentence_3.png,Mantas žaidžia ežero pakrantėje.
Datasets/Real_Handwriting/images/form_493_sentence_4.png,Jonas rašo projektą.
Datasets/Real_Handwriting/images/form_493_sentence_5.png,Bitė skraido virš bijūnų.
Datasets/Real_Handwriting/images/form_494_sentence_1.png,Šiandien berniukas skaito žurnalą.
Datasets/Real_Handwriting/images/form_494_sentence_2.png,Tyliai vaikas ilsisi bibliotekoje.
Datasets/Real_Handwriting/images/form_494_sentence_3.png,Mantas geria vandenį.
Datasets/Real_Handwriting/images/form_494_sentence_4.png,Greitai vaikas perka žaislą.
Datasets/Real_Handwriting/images/form_494_sentence_5.png,Kavinėje kvepėjo kava ir cinamonu.
Datasets/Real_Handwriting/images/form_495_sentence_1.png,Vakar Jonas nešė dovaną.
Datasets/Real_Handwriting/images/form_495_sentence_2.png,Tomas lankosi stadione.
Datasets/Real_Handwriting/images/form_495_sentence_3.png,Kristina nori piešti dovaną.
Datasets/Real_Handwriting/images/form_495_sentence_4.png,Tyliai Mantas sportuoja kavinėje.
Datasets/Real_Handwriting/images/form_495_sentence_5.png,Šiandien šalta, bet sausa.
Datasets/Real_Handwriting/images/form_496_sentence_1.png,Katė mėgsta sportuoti.
Datasets/Real_Handwriting/images/form_496_sentence_2.png,Šiandien žmogus skaito laišką.
Datasets/Real_Handwriting/images/form_496_sentence_3.png,Žirgas nori eiti duoną.
Datasets/Real_Handwriting/images/form_496_sentence_4.png,Studentas stato tvorą.
Datasets/Real_Handwriting/images/form_496_sentence_5.png,Čiulba paukščiai ankstų rytą.
Datasets/Real_Handwriting/images/form_497_sentence_1.png,Švelniai Renata sportuoja kaime.
Datasets/Real_Handwriting/images/form_497_sentence_2.png,Drąsiai katė sportuoja miške.
Datasets/Real_Handwriting/images/form_497_sentence_3.png,Danielius nori statyti.
Datasets/Real_Handwriting/images/form_497_sentence_4.png,Neringa perka kavą.
Datasets/Real_Handwriting/images/form_497_sentence_5.png,Čiulba paukščiai ankstų rytą.
Datasets/Real_Handwriting/images/form_498_sentence_1.png,Gydytojas dirba mieste.
Datasets/Real_Handwriting/images/form_498_sentence_2.png,Rytoj Petras skaitys istoriją.
Datasets/Real_Handwriting/images/form_498_sentence_3.png,Ar Eglė dirba ligoninėje?
Datasets/Real_Handwriting/images/form_498_sentence_4.png,Ar žmogus mėgsta piešti?
Datasets/Real_Handwriting/images/form_498_sentence_5.png,Cukrų ir cinamoną dedame į pyragą.
Datasets/Real_Handwriting/images/form_499_sentence_1.png,Vaikas žaidžia bibliotekoje.
Datasets/Real_Handwriting/images/form_499_sentence_2.png,Šuo žaidžia kalnuose.
Datasets/Real_Handwriting/images/form_499_sentence_3.png,Rytoj studentas skaitys knygą.
Datasets/Real_Handwriting/images/form_499_sentence_4.png,Žilvinas neša dovaną.
Datasets/Real_Handwriting/images/form_499_sentence_5.png,Cecilija čiuožia ant ledo.
Datasets/Real_Handwriting/images/form_500_sentence_1.png,Mokytoja rašo istoriją.
Datasets/Real_Handwriting/images/form_500_sentence_2.png,Šiandien Rasa perka gėlę.
Datasets/Real_Handwriting/images/form_500_sentence_3.png,Berniukas žaidžia darbe.
Datasets/Real_Handwriting/images/form_500_sentence_4.png,Hibiskusas žydi ryškiomis rožinėmis žiedais.
Datasets/Real_Handwriting/images/form_500_sentence_5.png,Cukrų ir cinamoną dedame į pyragą.
Datasets/Real_Handwriting/images/form_501_sentence_1.png,Mantas lankosi namuose.
Datasets/Real_Handwriting/images/form_501_sentence_2.png,Šiandien paukštis mokosi upės pakrantėje.
Datasets/Real_Handwriting/images/form_501_sentence_3.png,Ramiai Petras rašo žemėlapį.
Datasets/Real_Handwriting/images/form_501_sentence_4.png,Rytoj Tomas skaitys laišką.
Datasets/Real_Handwriting/images/form_501_sentence_5.png,Zigmas žiūri žaibą per langą.
Datasets/Real_Handwriting/images/form_502_sentence_1.png,Kruopščiai žirgas mokosi upės pakrantėje.
Datasets/Real_Handwriting/images/form_502_sentence_2.png,Mindaugas mėgsta valgyti dovaną.
Datasets/Real_Handwriting/images/form_502_sentence_3.png,Mindaugas groja muzikos kūrinį.
Datasets/Real_Handwriting/images/form_502_sentence_4.png,Jonas stengiasi keliauti.
Datasets/Real_Handwriting/images/form_502_sentence_5.png,Danielius dažnai dalyvauja varžybose.
Datasets/Real_Handwriting/images/form_503_sentence_1.png,Vakar studentas dirbo sode.
Datasets/Real_Handwriting/images/form_503_sentence_2.png,Ar Eglė nori groti?
Datasets/Real_Handwriting/images/form_503_sentence_3.png,Vakar Jurgita dirbo stotyje.
Datasets/Real_Handwriting/images/form_503_sentence_4.png,Ar Petras mokosi miške?
Datasets/Real_Handwriting/images/form_503_sentence_5.png,Kartu keliaujame per kalnų taką.
Datasets/Real_Handwriting/images/form_504_sentence_1.png,Vakar katė skaitė knygą.
Datasets/Real_Handwriting/images/form_504_sentence_2.png,Ramiai gydytojas perka kavą.
Datasets/Real_Handwriting/images/form_504_sentence_3.png,Rasa valgo sriubą.
Datasets/Real_Handwriting/images/form_504_sentence_4.png,Šiandien žmogus ilsisi stadione.
Datasets/Real_Handwriting/images/form_504_sentence_5.png,Kavinėje kvepėjo kava ir cinamonu.
Datasets/Real_Handwriting/images/form_505_sentence_1.png,Mergaitė gyvena namuose.
Datasets/Real_Handwriting/images/form_505_sentence_2.png,Vakar studentas skaitė receptą.
Datasets/Real_Handwriting/images/form_505_sentence_3.png,Drąsiai Jonas perka arbatą.
Datasets/Real_Handwriting/images/form_505_sentence_4.png,Mokytojas pradeda žaisti.
Datasets/Real_Handwriting/images/form_505_sentence_5.png,Žiemą vaikai mėgsta čiuožti ant ežero ledo.
Datasets/Real_Handwriting/images/form_506_sentence_1.png,Ar Gintaras skaito laišką?
Datasets/Real_Handwriting/images/form_506_sentence_2.png,Greitai šeima mokosi mokykloje.
Datasets/Real_Handwriting/images/form_506_sentence_3.png,Katė stato bokštą.
Datasets/Real_Handwriting/images/form_506_sentence_4.png,Šuo būna kalnuose.
Datasets/Real_Handwriting/images/form_506_sentence_5.png,Universiteto studentai žaidžia šachmatais laisvalaikiu.
Datasets/Real_Handwriting/images/form_507_sentence_1.png,Jurgita skaito receptą.
Datasets/Real_Handwriting/images/form_507_sentence_2.png,Žirgas lankosi mokykloje.
Datasets/Real_Handwriting/images/form_507_sentence_3.png,Vakar Gintaras nešė laišką.
Datasets/Real_Handwriting/images/form_507_sentence_4.png,Ar Kristina mokosi mokykloje?
Datasets/Real_Handwriting/images/form_507_sentence_5.png,Odė orkestro muzika yra labai gili.
Datasets/Real_Handwriting/images/form_508_sentence_1.png,Kristina bando gerti.
Datasets/Real_Handwriting/images/form_508_sentence_2.png,Gintaras ilsisi ežero pakrantėje.
Datasets/Real_Handwriting/images/form_508_sentence_3.png,Šiandien Saulius dirba kalnuose.
Datasets/Real_Handwriting/images/form_508_sentence_4.png,Tomas būna ligoninėje.
Datasets/Real_Handwriting/images/form_508_sentence_5.png,Tėtis treniruoja vaikus kiekvieną savaitę.
Datasets/Real_Handwriting/images/form_509_sentence_1.png,Žmogus rašo laišką.
Datasets/Real_Handwriting/images/form_509_sentence_2.png,Vaikas gyvena kavinėje.
Datasets/Real_Handwriting/images/form_509_sentence_3.png,Vakar Tomas dirbo namuose.
Datasets/Real_Handwriting/images/form_509_sentence_4.png,Ar Ingrida dirba pievoje?
Datasets/Real_Handwriting/images/form_509_sentence_5.png,Cukrų ir cinamoną dedame į pyragą.
Datasets/Real_Handwriting/images/form_510_sentence_1.png,Mantas valgo košę.
Datasets/Real_Handwriting/images/form_510_sentence_2.png,Katė sportuoja upės pakrantėje.
Datasets/Real_Handwriting/images/form_510_sentence_3.png,Šeima sportuoja kavinėje.
Datasets/Real_Handwriting/images/form_510_sentence_4.png,Šiandien Ingrida ilsisi parke.
Datasets/Real_Handwriting/images/form_510_sentence_5.png,Ingrida ir Irena eina į kiną.