0,1
Datasets/Real_Handwriting/images/form_176_sentence_2.png,Jis sportuoja ir sportuoja.
Datasets/Synthetic_Sentences/images/sentence_01135.png,Vakar Eglė skaitė žemėlapį.
Datasets/Real_Handwriting/images/form_447_sentence_4.png,Vaikas skaito žurnalą.
Datasets/Real_Handwriting/images/form_122_sentence_3.png,Mergaitės piešia stotyje ir paplūdimyje.
Datasets/Real_Handwriting/images/form_188_sentence_4.png,Ji tvarkosi ir tvarkosi.
Datasets/Real_Handwriting/images/form_372_sentence_2.png,Ramiai Eglė valgo košę.
Datasets/Synthetic_Sentences/images/sentence_00302.png,Marija mėgsta valgyti sriubą.
Datasets/Real_Handwriting/images/form_414_sentence_5.png,Senoji bibliotekininkė žino visų knygų vietas.
Datasets/Real_Handwriting/images/form_301_sentence_5.png,Universiteto studentai žaidžia šachmatais laisvalaikiu.
Datasets/Real_Handwriting/images/form_207_sentence_5.png,Ežeras ežiukui atrodo labai didelis.
Datasets/Real_Handwriting/images/form_431_sentence_5.png,Universiteto studentai žaidžia šachmatais laisvalaikiu.
Datasets/Synthetic_Sentences/images/sentence_00097.png,Mielai studentė rašo laišką.
Datasets/Real_Handwriting/images/form_026_sentence_3.png,Vaikai galvoja mieste.
Datasets/Real_Handwriting/images/form_059_sentence_4.png,Vyrai stengiasi dirbti receptą.
Datasets/Synthetic_Sentences/images/sentence_00131.png,Rytoj Gintaras skaitys žemėlapį.
Datasets/Real_Handwriting/images/form_460_sentence_1.png,Švelniai studentė skaito knygą.
Datasets/Synthetic_Sentences/images/sentence_01078.png,Saulius perka dovaną.
Datasets/Synthetic_Sentences/images/sentence_02306.png,Šiandien Tomas ilsisi parke.
Datasets/Real_Handwriting/images/form_383_sentence_5.png,Daina skamba per visą sodą.
Datasets/Synthetic_Sentences/images/sentence_01303.png,Šuo nori rašyti laišką.
Datasets/Real_Handwriting/images/form_199_sentence_2.png,Mokytojas bijo skaityti vaisius.
Datasets/Real_Handwriting/images/form_251_sentence_5.png,Universiteto studentai žaidžia šachmatais laisvalaikiu.
Datasets/Synthetic_Sentences/images/sentence_00665.png,Laura nori skaityti žemėlapį.
Datasets/Synthetic_Sentences/images/sentence_01918.png,Eglė mokosi miške.
Datasets/Synthetic_Sentences/images/sentence_01193.png,Eglė bando kalbėti.
Datasets/Synthetic_Sentences/images/sentence_01951.png,Ar Ingrida dirba sode?
Datasets/Synthetic_Sentences/images/sentence_01545.png,Kristina stengiasi gerti.
Datasets/Synthetic_Sentences/images/sentence_01928.png,Jurgita žaidžia ežero pakrantėje.
Datasets/Real_Handwriting/images/form_043_sentence_4.png,Paukštis nemėgsta skaityti.
Datasets/Synthetic_Sentences/images/sentence_01377.png,Šiandien Danielius ilsisi ligoninėje.
Datasets/Real_Handwriting/images/form_467_sentence_2.png,Šeima ilsisi namuose.
Datasets/Real_Handwriting/images/form_022_sentence_1.png,Šiandien mergaitės galvoja kartu.
Datasets/Synthetic_Sentences/images/sentence_00703.png,Renata dirba ežero pakrantėje.
Datasets/Synthetic_Sentences/images/sentence_01924.png,Saulius perka gėlę.
Datasets/Real_Handwriting/images/form_237_sentence_4.png,Berniukas groja simfoniją.
Datasets/Real_Handwriting/images/form_044_sentence_5.png,Šiandien tu geria greitai.
Datasets/Synthetic_Sentences/images/sentence_02016.png,Šiandien mokytojas dirba mokykloje.
Datasets/Real_Handwriting/images/form_431_sentence_1.png,Eglė sportuoja sode.
Datasets/Real_Handwriting/images/form_125_sentence_3.png,Mergaitė tvarkosi stadione ir ligoninėje.
Datasets/Synthetic_Sentences/images/sentence_02210.png,Petras žaidžia ligoninėje.
Datasets/Real_Handwriting/images/form_225_sentence_4.png,Mokytojas stengiasi šokti.
Datasets/Real_Handwriting/images/form_258_sentence_5.png,Kavinėje kvepėjo kava ir cinamonu.
Datasets/Real_Handwriting/images/form_335_sentence_3.png,Mantas stengiasi plaukti.
Datasets/Synthetic_Sentences/images/sentence_00992.png,Danielius skaito laišką.
Datasets/Real_Handwriting/images/form_069_sentence_2.png,Vyras miega stadione.
Datasets/Real_Handwriting/images/form_210_sentence_1.png,Tyliai Marija perka žaislą.
Datasets/Synthetic_Sentences/images/sentence_01139.png,Gydytojas mokosi stotyje.
Datasets/Synthetic_Sentences/images/sentence_00803.png,Garsiai Neringa skaito receptą.
Datasets/Synthetic_Sentences/images/sentence_00685.png,Rasa sportuoja pievoje.
Datasets/Synthetic_Sentences/images/sentence_00754.png,Ar Rasa nori galvoti?
Datasets/Real_Handwriting/images/form_458_sentence_2.png,Garsiai Petras valgo daržoves.
Datasets/Real_Handwriting/images/form_134_sentence_2.png,Moteris sportuoja darbą mieste.
Datasets/Real_Handwriting/images/form_109_sentence_4.png,Ar studentas eina?
Datasets/Real_Handwriting/images/form_401_sentence_4.png,Ar Rasa mėgsta dirbti?
Datasets/Real_Handwriting/images/form_193_sentence_2.png,Kartu ji juokiasi užduotį.
Datasets/Synthetic_Sentences/images/sentence_00877.png,Mergaitė perka kavą.
Datasets/Real_Handwriting/images/form_118_sentence_4.png,Šuo žiūri vandenį ligoninėje.
Datasets/Real_Handwriting/images/form_468_sentence_5.png,Aš atsargiai atidarau ąžuolinę dėžę.
Datasets/Synthetic_Sentences/images/sentence_01596.png,Mokytojas pradeda kalbėti.
Datasets/Real_Handwriting/images/form_062_sentence_1.png,Ar jos rašo?
Datasets/Synthetic_Sentences/images/sentence_00064.png,Mindaugas nori gerti vandenį.
Datasets/Synthetic_Sentences/images/sentence_01823.png,Vakar šuo skaitė istoriją.
Datasets/Real_Handwriting/images/form_468_sentence_3.png,Rasa bando žaisti.
Datasets/Real_Handwriting/images/form_350_sentence_1.png,Laura perka žaislą.
Datasets/Synthetic_Sentences/images/sentence_02011.png,Žilvinas mėgsta mokytis.
Datasets/Real_Handwriting/images/form_016_sentence_1.png,Šiandien studentai galvoja greitai.
Datasets/Synthetic_Sentences/images/sentence_01267.png,Šiandien Jurgita dirba sode.
Datasets/Synthetic_Sentences/images/sentence_01836.png,Laura ilsisi upės pakrantėje.
Datasets/Real_Handwriting/images/form_290_sentence_3.png,Paukštis groja dainą.
Datasets/Synthetic_Sentences/images/sentence_02480.png,Eglė eina į egzaminą ramiai.
Datasets/Real_Handwriting/images/form_212_sentence_4.png,Greitai berniukas skaito receptą.
Datasets/Synthetic_Sentences/images/sentence_02447.png,Saulius mėgsta kalbėti.
Datasets/Real_Handwriting/images/form_300_sentence_4.png,Žmogus stato tvorą.
Datasets/Real_Handwriting/images/form_489_sentence_4.png,Vaikas mėgsta eiti.
Datasets/Real_Handwriting/images/form_497_sentence_3.png,Danielius nori statyti.
Datasets/Synthetic_Sentences/images/sentence_00188.png,Neringa žaidžia kalnuose.
Datasets/Real_Handwriting/images/form_398_sentence_1.png,Žilvinas geria arbatą.
Datasets/Real_Handwriting/images/form_071_sentence_1.png,Jie labai kartu miega.
Datasets/Synthetic_Sentences/images/sentence_01883.png,Mielai šuo dirba sode.
Datasets/Synthetic_Sentences/images/sentence_00401.png,Ingrida mėgsta skaityti receptą.
Datasets/Synthetic_Sentences/images/sentence_01072.png,Šiandien Renata skaito žemėlapį.
Datasets/Synthetic_Sentences/images/sentence_00013.png,Marija nori gerti kavą.
Datasets/Real_Handwriting/images/form_415_sentence_2.png,Lėtai gydytojas rašo žemėlapį.
Datasets/Synthetic_Sentences/images/sentence_01039.png,Vakar Petras skaitė žemėlapį.
Datasets/Real_Handwriting/images/form_292_sentence_5.png,Kavinėje kvepėjo kava ir cinamonu.
Datasets/Real_Handwriting/images/form_069_sentence_1.png,Studentas labai gerai tvarkosi.
Datasets/Synthetic_Sentences/images/sentence_00186.png,Atidžiai Rasa mokosi kalnuose.
Datasets/Real_Handwriting/images/form_306_sentence_2.png,Petras mėgsta bėgti.
Datasets/Real_Handwriting/images/form_355_sentence_1.png,Berniukas sportuoja stadione.
Datasets/Real_Handwriting/images/form_367_sentence_1.png,Saulius perka kavą.
Datasets/Synthetic_Sentences/images/sentence_00514.png,Ar šuo mėgsta mokytis?
Datasets/Synthetic_Sentences/images/sentence_01290.png,Šiandien Žilvinas dirba miške.
Datasets/Real_Handwriting/images/form_438_sentence_1.png,Tomas ilsisi miške.
Datasets/Real_Handwriting/images/form_332_sentence_4.png,Gintaras ilsisi darbe.
Datasets/Synthetic_Sentences/images/sentence_02376.png,Ar Marija mokosi miške?
Datasets/Real_Handwriting/images/form_359_sentence_4.png,Rytoj Eglė eis mieste.
Datasets/Real_Handwriting/images/form_136_sentence_5.png,Visada vyrai valgo arbatą.
Datasets/Real_Handwriting/images/form_320_sentence_5.png,Žiema atneša sniegą ir šaltį.
Datasets/Real_Handwriting/images/form_364_sentence_2.png,Ar žmogus mėgsta galvoti?
Datasets/Real_Handwriting/images/form_111_sentence_1.png,Jie dainuoja kalnuose ir mieste.
Datasets/Synthetic_Sentences/images/sentence_02256.png,Saulius mėgsta važiuoti.
Datasets/Real_Handwriting/images/form_510_sentence_2.png,Katė sportuoja upės pakrantėje.
Datasets/Synthetic_Sentences/images/sentence_00571.png,Eglė renka obuolius.
Datasets/Synthetic_Sentences/images/sentence_01731.png,Katė nori rašyti receptą.
Datasets/Real_Handwriting/images/form_149_sentence_3.png,Jie šoka namuose.
Datasets/Synthetic_Sentences/images/sentence_01178.png,Mokytoja mėgsta skaityti žemėlapį.
Datasets/Real_Handwriting/images/form_038_sentence_2.png,Šiandien katė mokosi retai.
Datasets/Real_Handwriting/images/form_401_sentence_3.png,Parke vaikai žaidžia iki vakaro.
Datasets/Synthetic_Sentences/images/sentence_00710.png,Katė bando važiuoti.
Datasets/Real_Handwriting/images/form_067_sentence_4.png,Ar gydytojai keliauoja?
Datasets/Real_Handwriting/images/form_123_sentence_2.png,Jos nemėgsta mokytis pamoką.
Datasets/Real_Handwriting/images/form_494_sentence_2.png,Tyliai vaikas ilsisi bibliotekoje.
Datasets/Real_Handwriting/images/form_137_sentence_4.png,Ji rašo vandenį.
Datasets/Real_Handwriting/images/form_490_sentence_5.png,Bitė skraido virš bijūnų.
Datasets/Synthetic_Sentences/images/sentence_01019.png,Vaikas stengiasi gerti.
Datasets/Synthetic_Sentences/images/sentence_00813.png,Rasa žaidžia parke.
Datasets/Real_Handwriting/images/form_412_sentence_4.png,Studentas dirba mieste.
Datasets/Synthetic_Sentences/images/sentence_00415.png,Mokytojas nori skaityti istoriją.
Datasets/Real_Handwriting/images/form_007_sentence_4.png,Ar draugas rašo?
Datasets/Synthetic_Sentences/images/sentence_01810.png,Laura nori rašyti istoriją.
Datasets/Synthetic_Sentences/images/sentence_00830.png,Vaikas rašo receptą.
Datasets/Synthetic_Sentences/images/sentence_00028.png,Marija žaidžia sode.
Datasets/Synthetic_Sentences/images/sentence_02062.png,Neringa stengiasi dirbti.
Datasets/Real_Handwriting/images/form_478_sentence_3.png,Gydytojas mėgsta mokytis.
Datasets/Synthetic_Sentences/images/sentence_01023.png,Petras mokosi upės pakrantėje.
Datasets/Real_Handwriting/images/form_320_sentence_4.png,Ar mokytojas mėgsta rašyti?
Datasets/Real_Handwriting/images/form_381_sentence_1.png,Ingrida žaidžia kalnuose.
Datasets/Synthetic_Sentences/images/sentence_01092.png,Gydytojas nori rašyti.
Datasets/Synthetic_Sentences/images/sentence_01242.png,Ramiai Ingrida valgo duoną.
Datasets/Synthetic_Sentences/images/sentence_01458.png,Mokytojas mėgsta gerti vandenį.
Datasets/Real_Handwriting/images/form_134_sentence_1.png,Mes nemėgsta skaityti.
Datasets/Real_Handwriting/images/form_008_sentence_4.png,Jūs valgo laišką kalnuose.
Datasets/Synthetic_Sentences/images/sentence_00793.png,Studentė mėgsta ilsėtis.
Datasets/Real_Handwriting/images/form_355_sentence_4.png,Saulius nori bėgti receptą.
Datasets/Real_Handwriting/images/form_309_sentence_3.png,Ar Mindaugas dirba pievoje?
Datasets/Real_Handwriting/images/form_113_sentence_1.png,Vyras ilsisi prie ežero.
Datasets/Real_Handwriting/images/form_420_sentence_2.png,Šiandien šuo dirba ežero pakrantėje.
Datasets/Real_Handwriting/images/form_171_sentence_1.png,Studentai skaito kavinėje.
Datasets/Real_Handwriting/images/form_448_sentence_5.png,Žiemą vaikai mėgsta čiuožti ant ežero ledo.
Datasets/Real_Handwriting/images/form_162_sentence_1.png,Ar jos skuba?
Datasets/Real_Handwriting/images/form_434_sentence_4.png,Šiandien Petras skaito žemėlapį.
Datasets/Real_Handwriting/images/form_052_sentence_2.png,Jūs žaidžia projektą.
Datasets/Real_Handwriting/images/form_372_sentence_1.png,Drąsiai Eglė mokosi stotyje.
Datasets/Synthetic_Sentences/images/sentence_00339.png,Mokytoja rašo receptą.
Datasets/Real_Handwriting/images/form_104_sentence_1.png,Moterys žaidžia istoriją.
Datasets/Synthetic_Sentences/images/sentence_01076.png,Ar Saulius mokosi kavinėje?
Datasets/Synthetic_Sentences/images/sentence_00631.png,Rytoj Rasa eis sode.
Datasets/Real_Handwriting/images/form_449_sentence_4.png,Atidžiai Petras mokosi stotyje.
Datasets/Synthetic_Sentences/images/sentence_02298.png,Tomas nori gerti sultis.
Datasets/Real_Handwriting/images/form_179_sentence_4.png,Mergaitės žaidžia namus stotyje.
Datasets/Real_Handwriting/images/form_374_sentence_1.png,Petras nori bėgti laišką.
Datasets/Real_Handwriting/images/form_395_sentence_5.png,Cecilija čiuožia ant ledo.
Datasets/Synthetic_Sentences/images/sentence_02242.png,Šiandien Renata ilsisi namuose.
Datasets/Synthetic_Sentences/images/sentence_01681.png,Vakar mokytoja skaitė žemėlapį.
Datasets/Synthetic_Sentences/images/sentence_01982.png,Mergaitė mėgsta eiti.
Datasets/Real_Handwriting/images/form_504_sentence_2.png,Ramiai gydytojas perka kavą.
Datasets/Synthetic_Sentences/images/sentence_01500.png,Atidžiai Gintaras mokosi mieste.
Datasets/Real_Handwriting/images/form_436_sentence_1.png,Greitai Laura skaito istoriją.
Datasets/Real_Handwriting/images/form_163_sentence_4.png,Moteris baigia ilsėtis.
Datasets/Synthetic_Sentences/images/sentence_01960.png,Atidžiai vaikas rašo istoriją.
Datasets/Real_Handwriting/images/form_375_sentence_4.png,Marija geria arbatą.
Datasets/Real_Handwriting/images/form_159_sentence_1.png,Vyras mokosi ir mokosi.
Datasets/Real_Handwriting/images/form_246_sentence_1.png,Ar šuo dirba miške?
Datasets/Synthetic_Sentences/images/sentence_01264.png,Saulius nori gerti kavą.
Datasets/Synthetic_Sentences/images/sentence_00732.png,Gintaras pradeda kalbėti.
Datasets/Real_Handwriting/images/form_121_sentence_3.png,Studentas visada tvarkosi.
Datasets/Real_Handwriting/images/form_425_sentence_5.png,Ją labai džiugino jaukūs namai.
Datasets/Real_Handwriting/images/form_174_sentence_2.png,Vyras žiūri stotyje ir stotyje.
Datasets/Synthetic_Sentences/images/sentence_02384.png,Garsiai Gintaras skaito istoriją.
Datasets/Real_Handwriting/images/form_130_sentence_5.png,Jos pradeda dainuoti.
Datasets/Real_Handwriting/images/form_157_sentence_5.png,Mes bėga dainą.
Datasets/Real_Handwriting/images/form_166_sentence_1.png,Jis labai šiandien juokiasi.
Datasets/Real_Handwriting/images/form_019_sentence_1.png,Jūs klauso projektą.
Datasets/Synthetic_Sentences/images/sentence_02277.png,Rytoj Kristina skaitys žemėlapį.
Datasets/Real_Handwriting/images/form_349_sentence_4.png,Renata bando bėgti.
Datasets/Synthetic_Sentences/images/sentence_01010.png,Ar studentas nori ilsėtis?
Datasets/Real_Handwriting/images/form_263_sentence_5.png,Kavinėje kvepėjo kava ir cinamonu.
Datasets/Real_Handwriting/images/form_202_sentence_4.png,Šiandien žirgas dirba namuose.
Datasets/Synthetic_Sentences/images/sentence_01994.png,Ar Petras nori groti?
Datasets/Synthetic_Sentences/images/sentence_00551.png,Gydytojas ilsisi sode.
Datasets/Real_Handwriting/images/form_139_sentence_1.png,Studentai mąsto ir mąsto.
Datasets/Synthetic_Sentences/images/sentence_00593.png,Vakar Jurgita nešė dovaną.
Datasets/Real_Handwriting/images/form_121_sentence_5.png,Ar studentas geria?
Datasets/Real_Handwriting/images/form_399_sentence_1.png,Mokytojas mėgsta eiti.
Datasets/Real_Handwriting/images/form_424_sentence_4.png,Jonas gyvena bibliotekoje.
Datasets/Real_Handwriting/images/form_289_sentence_5.png,Cukrų ir cinamoną dedame į pyragą.
Datasets/Synthetic_Sentences/images/sentence_01338.png,Kristina geria arbatą.
Datasets/Synthetic_Sentences/images/sentence_00959.png,Renata skaito istoriją.
Datasets/Synthetic_Sentences/images/sentence_00720.png,Gintaras mėgsta skaityti žurnalą.
Datasets/Real_Handwriting/images/form_034_sentence_1.png,Jis miega stotyje ir prie ežero.
Datasets/Synthetic_Sentences/images/sentence_02262.png,Ingrida mėgsta kalbėti.
Datasets/Real_Handwriting/images/form_288_sentence_4.png,Rūpestingai Kristina skaito receptą.
Datasets/Synthetic_Sentences/images/sentence_00924.png,Šiandien Rasa dirba ligoninėje.
Datasets/Synthetic_Sentences/images/sentence_00930.png,Studentė nori rašyti projektą.
Datasets/Synthetic_Sentences/images/sentence_00772.png,Rytoj mokytoja eis bibliotekoje.
Datasets/Synthetic_Sentences/images/sentence_00961.png,Rytoj Gintaras eis parke.
Datasets/Synthetic_Sentences/images/sentence_00857.png,Žilvinas dirba mokykloje.
Datasets/Synthetic_Sentences/images/sentence_01532.png,Mindaugas nori valgyti košę.
Datasets/Synthetic_Sentences/images/sentence_02209.png,Rytoj Ingrida eis stotyje.
Datasets/Synthetic_Sentences/images/sentence_00840.png,Džiaugsmingai vaikas ilsisi mieste.
Datasets/Synthetic_Sentences/images/sentence_00266.png,Ar Marija mėgsta šokti?
Datasets/Synthetic_Sentences/images/sentence_00601.png,Tyliai Mantas skaito žurnalą.
Datasets/Real_Handwriting/images/form_151_sentence_2.png,Katė žiūri kaime.
Datasets/Real_Handwriting/images/form_345_sentence_4.png,Ar mokytojas mokosi upės pakrantėje?
Datasets/Real_Handwriting/images/form_193_sentence_5.png,Tu šypsosi ir šypsosi.
Datasets/Synthetic_Sentences/images/sentence_01831.png,Šiandien Jonas dirba bibliotekoje.
Datasets/Real_Handwriting/images/form_426_sentence_4.png,Šiandien mergaitė dirba ligoninėje.
Datasets/Synthetic_Sentences/images/sentence_01283.png,Jonas mėgsta valgyti duoną.
Datasets/Real_Handwriting/images/form_489_sentence_3.png,Vakar Mantas nešė dovaną.
Datasets/Synthetic_Sentences/images/sentence_00368.png,Tyliai mokytojas skaito receptą.
Datasets/Real_Handwriting/images/form_051_sentence_5.png,Jos atidžiai skaito.
Datasets/Real_Handwriting/images/form_462_sentence_5.png,Šventė prasidėjo linksmai ir baigėsi džiaugsmingai.
Datasets/Synthetic_Sentences/images/sentence_01535.png,Rytoj Marija eis upės pakrantėje.
Datasets/Synthetic_Sentences/images/sentence_00619.png,Ingrida mėgsta gerti sultis.
Datasets/Real_Handwriting/images/form_482_sentence_1.png,Renata rašo užduotį.
Datasets/Real_Handwriting/images/form_138_sentence_3.png,Vaikas labai smagiai valgo.
Datasets/Real_Handwriting/images/form_256_sentence_3.png,Lėtai Renata ilsisi paplūdimyje.
Datasets/Synthetic_Sentences/images/sentence_02207.png,Studentė žaidžia upės pakrantėje.
Datasets/Synthetic_Sentences/images/sentence_00885.png,Šuo nori valgyti košę.
Datasets/Real_Handwriting/images/form_271_sentence_2.png,Šeima nori ilsėtis žurnalą.
Datasets/Real_Handwriting/images/form_366_sentence_5.png,"Šiandien šalta, bet sausa."
Datasets/Synthetic_Sentences/images/sentence_02038.png,Mindaugas nori pirkti dovaną.
Datasets/Real_Handwriting/images/form_307_sentence_1.png,Tomas valgo obuolį.
Datasets/Real_Handwriting/images/form_236_sentence_1.png,Mokytoja dirba upės pakrantėje.
Datasets/Synthetic_Sentences/images/sentence_01821.png,Neringa nori skaityti knygą.
Datasets/Real_Handwriting/images/form_123_sentence_1.png,Šiandien mergaitės ilsisi ramiai.
Datasets/Real_Handwriting/images/form_054_sentence_2.png,Ar vaikas žaidžia?
Datasets/Real_Handwriting/images/form_277_sentence_1.png,Ar Petras skaito žemėlapį?
Datasets/Real_Handwriting/images/form_335_sentence_2.png,Marija būna miške.
Datasets/Synthetic_Sentences/images/sentence_01990.png,Gintaras bando važiuoti.
Datasets/Real_Handwriting/images/form_419_sentence_5.png,Universiteto studentai žaidžia šachmatais laisvalaikiu.
Datasets/Real_Handwriting/images/form_227_sentence_5.png,Cukrų ir cinamoną dedame į pyragą.
Datasets/Real_Handwriting/images/form_319_sentence_3.png,Vakar Žilvinas nešė krepšį.
Datasets/Synthetic_Sentences/images/sentence_02313.png,Rytoj Petras eis namuose.
Datasets/Real_Handwriting/images/form_090_sentence_1.png,Jis labai dabar tvarkosi.
Datasets/Synthetic_Sentences/images/sentence_00835.png,Vakar gydytojas dirbo sode.
Datasets/Synthetic_Sentences/images/sentence_01840.png,Tomas geria vandenį.
Datasets/Synthetic_Sentences/images/sentence_00836.png,Eglė mėgsta gerti pieną.
Datasets/Synthetic_Sentences/images/sentence_00570.png,Marija mėgsta valgyti košę.
Datasets/Synthetic_Sentences/images/sentence_02373.png,Ar gydytojas nori bėgti?
Datasets/Synthetic_Sentences/images/sentence_01864.png,Ar katė mokosi miške?
Datasets/Synthetic_Sentences/images/sentence_01213.png,Berniukas valgo vaisius.
Datasets/Real_Handwriting/images/form_498_sentence_3.png,Ar Eglė dirba ligoninėje?
Datasets/Synthetic_Sentences/images/sentence_00831.png,Ar Ingrida dirba bibliotekoje?
Datasets/Synthetic_Sentences/images/sentence_00288.png,Kristina stengiasi šokti.
Datasets/Real_Handwriting/images/form_448_sentence_1.png,Laura ilsisi pievoje.
Datasets/Real_Handwriting/images/form_100_sentence_5.png,Ji dainuoja namuose.
Datasets/Real_Handwriting/images/form_066_sentence_4.png,Paukštis labai atidžiai skaito.
Datasets/Real_Handwriting/images/form_049_sentence_2.png,Ramiai gydytojas dirba filmą.
Datasets/Real_Handwriting/images/form_065_sentence_1.png,Gydytojai stengiasi eiti daržoves.
Datasets/Synthetic_Sentences/images/sentence_00518.png,Mergaitė nori skaityti žurnalą.
Datasets/Synthetic_Sentences/images/sentence_01256.png,Šiandien gydytojas mokosi sode.
Datasets/Synthetic_Sentences/images/sentence_01525.png,Ar Saulius mėgsta valgyti?
Datasets/Synthetic_Sentences/images/sentence_02224.png,Šiandien mokytojas dirba paplūdimyje.
Datasets/Synthetic_Sentences/images/sentence_02058.png,Petras nori skaityti žemėlapį.
Datasets/Synthetic_Sentences/images/sentence_00488.png,Kristina mokosi miške.
Datasets/Synthetic_Sentences/images/sentence_02334.png,Berniukas dirba kavinėje.
Datasets/Synthetic_Sentences/images/sentence_00847.png,Neringa perka arbatą.
Datasets/Synthetic_Sentences/images/sentence_01430.png,Ar gydytojas dirba pievoje?
Datasets/Real_Handwriting/images/form_358_sentence_3.png,Studentė skaito receptą.
Datasets/Real_Handwriting/images/form_481_sentence_1.png,Ar Saulius mėgsta bėgti?
Datasets/Real_Handwriting/images/form_167_sentence_4.png,Jie mėgsta žaisti.
Datasets/Real_Handwriting/images/form_374_sentence_2.png,Atidžiai studentas ilsisi kavinėje.
Datasets/Real_Handwriting/images/form_076_sentence_1.png,Katė mėgsta piešti.
Datasets/Synthetic_Sentences/images/sentence_01862.png,Mielai Kristina neša gėlę.
Datasets/Synthetic_Sentences/images/sentence_01038.png,Ar Eglė mokosi ligoninėje?
Datasets/Synthetic_Sentences/images/sentence_01401.png,Gydytojas nori skaityti receptą.
Datasets/Real_Handwriting/images/form_413_sentence_1.png,Vakar šuo nešė krepšį.
Datasets/Real_Handwriting/images/form_244_sentence_1.png,Ingrida dirba upės pakrantėje.
Datasets/Real_Handwriting/images/form_124_sentence_5.png,Ar ji bėga?
Datasets/Synthetic_Sentences/images/sentence_02165.png,Gintaras nori valgyti duoną.
Datasets/Synthetic_Sentences/images/sentence_00802.png,Mielai gydytojas perka kavą.
Datasets/Real_Handwriting/images/form_260_sentence_2.png,Eglė žaidžia stadione.
Datasets/Synthetic_Sentences/images/sentence_01817.png,Rūpestingai vaikas dirba sode.
Datasets/Real_Handwriting/images/form_247_sentence_2.png,Ar Petras skaito istoriją?
Datasets/Real_Handwriting/images/form_150_sentence_5.png,Šiandien moterys ilsisi dabar.
Datasets/Real_Handwriting/images/form_369_sentence_3.png,Šeima groja simfoniją.
Datasets/Synthetic_Sentences/images/sentence_01271.png,Mielai Petras mokosi kalnuose.
Datasets/Synthetic_Sentences/images/sentence_00419.png,Ar šuo skaito istoriją?
Datasets/Synthetic_Sentences/images/sentence_00567.png,Gintaras rašo receptą.
Datasets/Synthetic_Sentences/images/sentence_00418.png,Mantas sportuoja upės pakrantėje.
Datasets/Synthetic_Sentences/images/sentence_02244.png,Šiandien Laura perka dovaną.
Datasets/Real_Handwriting/images/form_405_sentence_3.png,Mielai Tomas skaito žurnalą.
Datasets/Synthetic_Sentences/images/sentence_00663.png,Ingrida perka duoną.
Datasets/Synthetic_Sentences/images/sentence_02163.png,Rytoj šuo eis stotyje.
Datasets/Synthetic_Sentences/images/sentence_00272.png,Mokytojas skaito receptą.
Datasets/Real_Handwriting/images/form_064_sentence_5.png,Ar mes juokiasi?
Datasets/Real_Handwriting/images/form_348_sentence_3.png,Vakar šeima nešė laišką.
Datasets/Real_Handwriting/images/form_251_sentence_2.png,Renata neša dovaną.
Datasets/Real_Handwriting/images/form_005_sentence_5.png,Moterys galvoja ir galvoja.
Datasets/Real_Handwriting/images/form_145_sentence_5.png,Mes kalba filmą kaime.
Datasets/Real_Handwriting/images/form_398_sentence_3.png,Jonas dirba namuose.
Datasets/Synthetic_Sentences/images/sentence_02461.png,Tomas gyvena sode.
Datasets/Synthetic_Sentences/images/sentence_02198.png,Ar mergaitė nori valgyti?
Datasets/Synthetic_Sentences/images/sentence_00641.png,Saulius rašo žemėlapį.
Datasets/Synthetic_Sentences/images/sentence_02041.png,Jurgita pradeda sportuoti.
Datasets/Synthetic_Sentences/images/sentence_01807.png,Atidžiai Kristina ilsisi miške.
Datasets/Synthetic_Sentences/images/sentence_00183.png,Ar Gintaras mėgsta ilsėtis?
Datasets/Real_Handwriting/images/form_168_sentence_5.png,Šuo labai niekada klauso.
Datasets/Real_Handwriting/images/form_349_sentence_2.png,Šiandien Danielius perka žaislą.
Datasets/Synthetic_Sentences/images/sentence_00672.png,Atidžiai Mantas neša krepšį.
Datasets/Synthetic_Sentences/images/sentence_00021.png,Mantas bando groti.
Datasets/Synthetic_Sentences/images/sentence_01600.png,Ar Jurgita dirba ligoninėje?
Datasets/Real_Handwriting/images/form_319_sentence_4.png,Garsiai Laura sportuoja stadione.
Datasets/Synthetic_Sentences/images/sentence_01804.png,Rytoj Laura eis kalnuose.
Datasets/Real_Handwriting/images/form_416_sentence_3.png,Rytoj Kristina eis mokykloje.
Datasets/Real_Handwriting/images/form_178_sentence_1.png,Šiandien vyras miega lėtai.
Datasets/Synthetic_Sentences/images/sentence_00716.png,Mielai mokytojas mokosi sode.
Datasets/Synthetic_Sentences/images/sentence_01037.png,Marija žaidžia kavinėje.
Datasets/Real_Handwriting/images/form_187_sentence_1.png,Vaikas labai niekada miega.
Datasets/Real_Handwriting/images/form_055_sentence_5.png,Studentai šypsosi prie ežero ir kaime.
Datasets/Real_Handwriting/images/form_167_sentence_3.png,Draugai juokiasi kavą.
Datasets/Real_Handwriting/images/form_422_sentence_4.png,Ar Laura nori dainuoti?
Datasets/Synthetic_Sentences/images/sentence_00933.png,Ar šuo mokosi paplūdimyje?
Datasets/Real_Handwriting/images/form_261_sentence_5.png,Jaunas studentas juda drąsiai į priekį.
Datasets/Synthetic_Sentences/images/sentence_00629.png,Vakar Mindaugas nešė laišką.
Datasets/Real_Handwriting/images/form_168_sentence_3.png,Ar mergaitė sportuoja?
Datasets/Synthetic_Sentences/images/sentence_00261.png,Petras sportuoja kalnuose.
Datasets/Synthetic_Sentences/images/sentence_00585.png,Ramiai Kristina valgo vaisius.
Datasets/Synthetic_Sentences/images/sentence_01357.png,Vakar berniukas skaitė laišką.
Datasets/Real_Handwriting/images/form_225_sentence_2.png,Kruopščiai Jonas ilsisi namuose.
Datasets/Synthetic_Sentences/images/sentence_02312.png,Šiandien Ingrida dirba mieste.
Datasets/Real_Handwriting/images/form_213_sentence_2.png,Laura gyvena ligoninėje.
Datasets/Real_Handwriting/images/form_092_sentence_4.png,Vaikas labai niekada mokosi.
Datasets/Real_Handwriting/images/form_050_sentence_1.png,Jos labai visada mąsto.
Datasets/Real_Handwriting/images/form_479_sentence_1.png,Kruopščiai Eglė skaito žurnalą.
Datasets/Real_Handwriting/images/form_254_sentence_1.png,Rytoj Žilvinas skaitys žemėlapį.
Datasets/Synthetic_Sentences/images/sentence_01633.png,Šiandien Renata dirba pievoje.
Datasets/Real_Handwriting/images/form_207_sentence_3.png,Ar žmogus mokosi mokykloje?
Datasets/Real_Handwriting/images/form_071_sentence_3.png,Moteris nemėgsta skubėti projektą.
Datasets/Real_Handwriting/images/form_019_sentence_5.png,Mokytojai nori ilsėtis žemėlapį.
Datasets/Synthetic_Sentences/images/sentence_01184.png,Mielai mergaitė rašo istoriją.
Datasets/Real_Handwriting/images/form_070_sentence_5.png,Ar mokytojas juokiasi?
Datasets/Real_Handwriting/images/form_419_sentence_4.png,Kruopščiai žirgas valgo košę.
Datasets/Real_Handwriting/images/form_172_sentence_1.png,Katė eina dainą prie ežero.
Datasets/Real_Handwriting/images/form_015_sentence_1.png,Jis ramiai rašo.
Datasets/Real_Handwriting/images/form_249_sentence_3.png,Neringa rašo žemėlapį.
Datasets/Synthetic_Sentences/images/sentence_02310.png,Rytoj Laura eis bibliotekoje.
Datasets/Real_Handwriting/images/form_285_sentence_3.png,Paukštis geria vandenį.
Datasets/Synthetic_Sentences/images/sentence_00626.png,Tyliai Marija rašo laišką.
Datasets/Synthetic_Sentences/images/sentence_02406.png,Neringa renka vaisius.
Datasets/Real_Handwriting/images/form_031_sentence_1.png,Ar vyras bėga?
Datasets/Synthetic_Sentences/images/sentence_01196.png,Šiandien Gintaras mokosi stadione.
Datasets/Synthetic_Sentences/images/sentence_01563.png,Lėtai Ingrida ilsisi kaime.
Datasets/Real_Handwriting/images/form_010_sentence_5.png,Mergaitė žaidžia mieste ir ligoninėje.
Datasets/Synthetic_Sentences/images/sentence_01277.png,Ar Saulius dirba stadione?
Datasets/Real_Handwriting/images/form_384_sentence_3.png,Ramiai Mantas mokosi kavinėje.
Datasets/Real_Handwriting/images/form_373_sentence_1.png,Vakar Tomas nešė knygą.
Datasets/Real_Handwriting/images/form_162_sentence_3.png,Draugas žaidžia laišką paplūdimyje.
Datasets/Real_Handwriting/images/form_375_sentence_1.png,Vakar Danielius dirbo sode.
Datasets/Synthetic_Sentences/images/sentence_01832.png,Šiandien Jonas ilsisi upės pakrantėje.
Datasets/Real_Handwriting/images/form_141_sentence_5.png,Mokytojas mėgsta rašyti.
Datasets/Real_Handwriting/images/form_420_sentence_1.png,Vakar Jurgita skaitė žemėlapį.
Datasets/Synthetic_Sentences/images/sentence_02180.png,Drąsiai Tomas valgo vaisius.
Datasets/Real_Handwriting/images/form_161_sentence_1.png,Jūs žaidžia mokykloje.
Datasets/Synthetic_Sentences/images/sentence_00578.png,Ar studentė mokosi pievoje?
Datasets/Synthetic_Sentences/images/sentence_01550.png,Gydytojas nori kalbėti.
Datasets/Synthetic_Sentences/images/sentence_00950.png,Gydytojas skaito receptą.
Datasets/Real_Handwriting/images/form_109_sentence_3.png,Dažnai gydytojai sportuoja egzaminą.
Datasets/Real_Handwriting/images/form_333_sentence_5.png,Cukrų ir cinamoną dedame į pyragą.
Datasets/Synthetic_Sentences/images/sentence_02251.png,Studentas geria vandenį.
Datasets/Real_Handwriting/images/form_462_sentence_3.png,Kristina mėgsta šokti duoną.
Datasets/Synthetic_Sentences/images/sentence_01586.png,Šuo skaito laišką.
Datasets/Synthetic_Sentences/images/sentence_00220.png,Brolis bėga per baltą sniegą.
Datasets/Synthetic_Sentences/images/sentence_01689.png,Studentas mėgsta pirkti kavą.
Datasets/Real_Handwriting/images/form_198_sentence_2.png,Jos bijo piešti receptą.
Datasets/Real_Handwriting/images/form_087_sentence_2.png,Jie mąsto ir mąsto.
Datasets/Real_Handwriting/images/form_140_sentence_5.png,Šuo keliauoja ir keliauoja.
Datasets/Real_Handwriting/images/form_324_sentence_2.png,Žmogus stato suolą.
Datasets/Real_Handwriting/images/form_020_sentence_4.png,Mes žaidžia mokykloje ir darbe.
Datasets/Real_Handwriting/images/form_381_sentence_3.png,Berniukas groja simfoniją.
Datasets/Real_Handwriting/images/form_400_sentence_5.png,Filmas buvo labai įdomus ir jaudinantis.
Datasets/Real_Handwriting/images/form_444_sentence_4.png,Džiaugsmingai katė perka knygą.
Datasets/Synthetic_Sentences/images/sentence_01472.png,Kristina rašo žemėlapį.
Datasets/Synthetic_Sentences/images/sentence_00834.png,Gintaras mėgsta gerti sultis.
Datasets/Synthetic_Sentences/images/sentence_01258.png,Neringa nori pirkti žaislą.
Datasets/Real_Handwriting/images/form_029_sentence_3.png,Šiandien jis keliauoja greitai.
Datasets/Synthetic_Sentences/images/sentence_02015.png,Žilvinas ilsisi ligoninėje.
Datasets/Synthetic_Sentences/images/sentence_01723.png,Ingrida mėgsta valgyti obuolį.
Datasets/Synthetic_Sentences/images/sentence_00364.png,Berniukas mėgsta valgyti.
Datasets/Synthetic_Sentences/images/sentence_02496.png,Renata bando dirbti.
Datasets/Synthetic_Sentences/images/sentence_02078.png,Vakar studentas nešė laišką.
Datasets/Synthetic_Sentences/images/sentence_02205.png,Katė stengiasi šokti.
Datasets/Real_Handwriting/images/form_069_sentence_5.png,Mokytojas garsiai bėga.
Datasets/Real_Handwriting/images/form_185_sentence_4.png,Šuo kalba ir kalba.
Datasets/Synthetic_Sentences/images/sentence_00749.png,Vaikas sportuoja bibliotekoje.
Datasets/Synthetic_Sentences/images/sentence_00719.png,Katė perka kavą.
Datasets/Real_Handwriting/images/form_410_sentence_3.png,Tomas sportuoja miške.
Datasets/Real_Handwriting/images/form_249_sentence_1.png,Rytoj šeima eis pievoje.
Datasets/Synthetic_Sentences/images/sentence_02167.png,Studentas mėgsta valgyti sriubą.
Datasets/Real_Handwriting/images/form_209_sentence_5.png,Danielius dažnai dalyvauja varžybose.
Datasets/Synthetic_Sentences/images/sentence_00061.png,Berniukas valgo sriubą.
Datasets/Real_Handwriting/images/form_281_sentence_1.png,Jurgita gyvena mieste.
Datasets/Real_Handwriting/images/form_503_sentence_2.png,Ar Eglė nori groti?
Datasets/Synthetic_Sentences/images/sentence_01741.png,Saulius renka obuolius.
Datasets/Real_Handwriting/images/form_104_sentence_3.png,Jos mėgsta miegoti.
Datasets/Synthetic_Sentences/images/sentence_01365.png,Šiandien berniukas dirba darbe.
Datasets/Synthetic_Sentences/images/sentence_01350.png,Žilvinas ilsisi kaime.
Datasets/Real_Handwriting/images/form_465_sentence_1.png,Danielius dirba stadione.
Datasets/Real_Handwriting/images/form_476_sentence_2.png,Gydytojas rašo receptą.
Datasets/Synthetic_Sentences/images/sentence_01168.png,Šiandien Jurgita perka knygą.
Datasets/Real_Handwriting/images/form_268_sentence_2.png,Gintaras mėgsta gerti užduotį.
Datasets/Synthetic_Sentences/images/sentence_01674.png,Rasa dirba sode.
Datasets/Synthetic_Sentences/images/sentence_02323.png,Šuo mėgsta skaityti žurnalą.
Datasets/Synthetic_Sentences/images/sentence_01389.png,Švelniai Petras neša žaislą.
Datasets/Real_Handwriting/images/form_146_sentence_1.png,Gydytojas bijo kalbėti kavą.
Datasets/Real_Handwriting/images/form_406_sentence_1.png,Gintaras lankosi kaime.
Datasets/Synthetic_Sentences/images/sentence_00279.png,Berniukas lankosi ežero pakrantėje.
Datasets/Synthetic_Sentences/images/sentence_01180.png,Neringa nori pirkti duoną.
Datasets/Real_Handwriting/images/form_030_sentence_1.png,Jūs keliauoja miške ir miške.
Datasets/Real_Handwriting/images/form_246_sentence_5.png,Brolis bėga per baltą sniegą.
Datasets/Synthetic_Sentences/images/sentence_01457.png,Katė valgo obuolį.
Datasets/Synthetic_Sentences/images/sentence_00147.png,Ar Žilvinas mokosi ežero pakrantėje?
Datasets/Real_Handwriting/images/form_305_sentence_4.png,Rytoj Jonas eis miške.
Datasets/Real_Handwriting/images/form_012_sentence_4.png,Vaikai skaito ir skaito.
Datasets/Real_Handwriting/images/form_280_sentence_4.png,Kruopščiai mergaitė mokosi mokykloje.
Datasets/Real_Handwriting/images/form_145_sentence_1.png,Jie pradeda skaityti.
Datasets/Synthetic_Sentences/images/sentence_01891.png,Vakar Danielius skaitė žurnalą.
Datasets/Real_Handwriting/images/form_047_sentence_3.png,Ar vyras mąsto?
Datasets/Real_Handwriting/images/form_449_sentence_5.png,Cecilija čiuožia ant ledo.
Datasets/Synthetic_Sentences/images/sentence_00300.png,Jurgita mėgsta valgyti daržoves.
Datasets/Real_Handwriting/images/form_314_sentence_4.png,Ar Renata dirba bibliotekoje?
Datasets/Synthetic_Sentences/images/sentence_00430.png,Mergaitė mėgsta skaityti žemėlapį.
Datasets/Real_Handwriting/images/form_302_sentence_5.png,Cukrų ir cinamoną dedame į pyragą.
Datasets/Synthetic_Sentences/images/sentence_02374.png,Gydytojas skaito receptą.
Datasets/Synthetic_Sentences/images/sentence_02094.png,Šiandien Jurgita ilsisi namuose.
Datasets/Real_Handwriting/images/form_158_sentence_3.png,Draugas mąsto mokykloje.
Datasets/Real_Handwriting/images/form_145_sentence_3.png,Tu juokiasi ir juokiasi.
Datasets/Real_Handwriting/images/form_206_sentence_3.png,Gintaras mėgsta ilsėtis.
Datasets/Real_Handwriting/images/form_034_sentence_4.png,Kartu studentai ilsisi užduotį.
Datasets/Real_Handwriting/images/form_361_sentence_1.png,Danielius mokosi stotyje.
Datasets/Real_Handwriting/images/form_133_sentence_4.png,Šuo nemėgsta skubėti.
Datasets/Real_Handwriting/images/form_048_sentence_3.png,Mergaitės kruopščiai keliauoja.
Datasets/Synthetic_Sentences/images/sentence_00432.png,Rytoj Saulius skaitys žemėlapį.
Datasets/Real_Handwriting/images/form_235_sentence_4.png,Studentas groja muzikos kūrinį.
Datasets/Synthetic_Sentences/images/sentence_02136.png,Mielai mokytoja dirba kavinėje.
Datasets/Real_Handwriting/images/form_122_sentence_2.png,Draugai ilsisi arbatą.
Datasets/Synthetic_Sentences/images/sentence_01789.png,Rasa skaito knygą.
Datasets/Synthetic_Sentences/images/sentence_01272.png,Vakar vaikas dirbo kalnuose.
Datasets/Synthetic_Sentences/images/sentence_00257.png,Šiandien Marija mokosi ligoninėje.
Datasets/Synthetic_Sentences/images/sentence_02395.png,Danielius žaidžia ežero pakrantėje.
Datasets/Real_Handwriting/images/form_188_sentence_2.png,Draugas kalba egzaminą stotyje.
Datasets/Real_Handwriting/images/form_094_sentence_2.png,Studentas valgo namuose.
Datasets/Synthetic_Sentences/images/sentence_00870.png,Vakar mokytojas nešė gėlę.
Datasets/Synthetic_Sentences/images/sentence_02074.png,Danielius mėgsta pirkti dovaną.
Datasets/Synthetic_Sentences/images/sentence_00095.png,Šiandien mokytoja mokosi kalnuose.
Datasets/Synthetic_Sentences/images/sentence_01161.png,Vakar Tomas skaitė laišką.
Datasets/Synthetic_Sentences/images/sentence_01426.png,Mokytojas mokiniams paaiškina matematiką.
Datasets/Real_Handwriting/images/form_495_sentence_4.png,Tyliai Mantas sportuoja kavinėje.
Datasets/Synthetic_Sentences/images/sentence_00194.png,Gintaras sportuoja pievoje.
Datasets/Real_Handwriting/images/form_347_sentence_1.png,Gydytojas gyvena paplūdimyje.
Datasets/Synthetic_Sentences/images/sentence_02152.png,Vakar studentas dirbo mokykloje.
Datasets/Synthetic_Sentences/images/sentence_00771.png,Petras mėgsta gerti arbatą.
Datasets/Real_Handwriting/images/form_039_sentence_5.png,Jie labai labai dirba.
Datasets/Real_Handwriting/images/form_122_sentence_5.png,Tyliai vaikai galvoja kavą.
Datasets/Synthetic_Sentences/images/sentence_01087.png,Berniukas pradeda tvarkytis.
Datasets/Real_Handwriting/images/form_371_sentence_4.png,Danielius lankosi kaime.
Datasets/Real_Handwriting/images/form_388_sentence_2.png,Žilvinas rašo laišką.
Datasets/Real_Handwriting/images/form_220_sentence_1.png,Rytoj vaikas eis pievoje.
Datasets/Real_Handwriting/images/form_114_sentence_3.png,Ji stengiasi dirbti.
Datasets/Real_Handwriting/images/form_267_sentence_1.png,Šeima groja dainą.
Datasets/Real_Handwriting/images/form_105_sentence_5.png,Šiandien mergaitės juokiasi atidžiai.
Datasets/Synthetic_Sentences/images/sentence_00888.png,Šiandien Jonas ilsisi bibliotekoje.
Datasets/Synthetic_Sentences/images/sentence_00630.png,Ar Ingrida dirba upės pakrantėje?
Datasets/Synthetic_Sentences/images/sentence_02404.png,Studentė skaito laišką.
Datasets/Synthetic_Sentences/images/sentence_01782.png,Šiandien Tomas ilsisi stotyje.
Datasets/Real_Handwriting/images/form_246_sentence_3.png,Žilvinas ilsisi bibliotekoje.
Datasets/Synthetic_Sentences/images/sentence_01018.png,Ar Laura dirba darbe?
Datasets/Synthetic_Sentences/images/sentence_00756.png,Šiandien mokytojas dirba kalnuose.
Datasets/Synthetic_Sentences/images/sentence_02426.png,Ruduo atneša spalvotus lapus.
Datasets/Synthetic_Sentences/images/sentence_01356.png,Rūpestingai mokytojas skaito žemėlapį.
Datasets/Synthetic_Sentences/images/sentence_00850.png,Šiandien berniukas skaito receptą.
Datasets/Real_Handwriting/images/form_466_sentence_2.png,Vaikas mėgsta ilsėtis.
Datasets/Synthetic_Sentences/images/sentence_01273.png,Jonas geria kavą.
Datasets/Synthetic_Sentences/images/sentence_00548.png,Gydytojas neša dovaną.
Datasets/Synthetic_Sentences/images/sentence_01711.png,Ar Žilvinas skaito žurnalą?
Datasets/Synthetic_Sentences/images/sentence_01903.png,Garsiai berniukas mokosi stadione.
Datasets/Real_Handwriting/images/form_010_sentence_4.png,Moteris retai bėga.
Datasets/Real_Handwriting/images/form_444_sentence_1.png,Danielius renka obuolius.
Datasets/Synthetic_Sentences/images/sentence_00590.png,Gydytojas lankosi sode.
Datasets/Synthetic_Sentences/images/sentence_00827.png,Katė stengiasi gerti.
Datasets/Real_Handwriting/images/form_406_sentence_5.png,Čempionas treniruojasi kiekvieną dieną.
Datasets/Synthetic_Sentences/images/sentence_01534.png,Danielius nori skaityti knygą.
Datasets/Real_Handwriting/images/form_354_sentence_3.png,Žilvinas lankosi darbe.
Datasets/Real_Handwriting/images/form_383_sentence_3.png,Šiandien Jurgita ilsisi kaime.
Datasets/Synthetic_Sentences/images/sentence_01222.png,Vaikas rašo projektą.
Datasets/Real_Handwriting/images/form_073_sentence_5.png,Ji tyliai valgo.
Datasets/Real_Handwriting/images/form_324_sentence_5.png,Kavinėje kvepėjo kava ir cinamonu.
Datasets/Real_Handwriting/images/form_485_sentence_4.png,Studentė groja muzikos kūrinį.
Datasets/Real_Handwriting/images/form_078_sentence_4.png,Šiandien mes galvoja ramiai.
Datasets/Real_Handwriting/images/form_231_sentence_1.png,Mindaugas rašo receptą.
Datasets/Synthetic_Sentences/images/sentence_00702.png,Marija nori rašyti projektą.
Datasets/Synthetic_Sentences/images/sentence_00286.png,Žilvinas sportuoja stadione.
Datasets/Real_Handwriting/images/form_159_sentence_5.png,Jūs dainuoja ir dainuoja.
Datasets/Real_Handwriting/images/form_025_sentence_4.png,Šuo kalba stotyje ir paplūdimyje.
Datasets/Real_Handwriting/images/form_440_sentence_3.png,Šeima mėgsta važiuoti kavą.
Datasets/Synthetic_Sentences/images/sentence_01720.png,Danielius gyvena sode.
Datasets/Synthetic_Sentences/images/sentence_01955.png,Gydytojas skaito laišką.
Datasets/Synthetic_Sentences/images/sentence_00693.png,Mokytoja gyvena pievoje.
Datasets/Real_Handwriting/images/form_245_sentence_5.png,Žaibas nušvietė tamsų dangų audros metu.
Datasets/Real_Handwriting/images/form_223_sentence_2.png,Mokytoja nori groti.
Datasets/Real_Handwriting/images/form_084_sentence_5.png,Tu labai kartu skuba.
Datasets/Real_Handwriting/images/form_174_sentence_1.png,Vaikas rašo laišką.
Datasets/Real_Handwriting/images/form_382_sentence_5.png,Čiulba paukščiai ankstų rytą.
Datasets/Real_Handwriting/images/form_181_sentence_2.png,Mergaitės nori gerti dainą.
Datasets/Real_Handwriting/images/form_287_sentence_1.png,Lėtai Marija valgo daržoves.
Datasets/Synthetic_Sentences/images/sentence_01975.png,Mindaugas valgo daržoves.
Datasets/Synthetic_Sentences/images/sentence_01218.png,Saulius žaidžia darbe.
Datasets/Real_Handwriting/images/form_090_sentence_3.png,Jūs dirba egzaminą kalnuose.
Datasets/Real_Handwriting/images/form_160_sentence_4.png,Draugas labai visada eina.
Datasets/Real_Handwriting/images/form_238_sentence_4.png,Ar katė dirba stotyje?
Datasets/Synthetic_Sentences/images/sentence_01892.png,Petras skaito žemėlapį.
Datasets/Synthetic_Sentences/images/sentence_01654.png,Šiandien Gintaras skaito receptą.
Datasets/Synthetic_Sentences/images/sentence_00947.png,Mergaitė geria vandenį.
Datasets/Synthetic_Sentences/images/sentence_01517.png,Ar Ingrida mokosi namuose?
Datasets/Synthetic_Sentences/images/sentence_02010.png,Mantas ilsisi upės pakrantėje.
Datasets/Synthetic_Sentences/images/sentence_01170.png,Vaikas rašo istoriją.
Datasets/Real_Handwriting/images/form_457_sentence_3.png,Saulius geria arbatą.
Datasets/Synthetic_Sentences/images/sentence_01526.png,Šiandien berniukas dirba miške.
Datasets/Real_Handwriting/images/form_052_sentence_5.png,Vaikai mėgsta miegoti paveikslą.
Datasets/Real_Handwriting/images/form_312_sentence_4.png,Studentas pradeda tvarkytis.
Datasets/Real_Handwriting/images/form_101_sentence_1.png,Smagiai vyrai mokosi žemėlapį.
Datasets/Real_Handwriting/images/form_262_sentence_5.png,Žirgai bėga laisvai per žalią lauką.
Datasets/Synthetic_Sentences/images/sentence_00048.png,Ar Rasa nori gerti?
Datasets/Synthetic_Sentences/images/sentence_00008.png,Kristina bando gerti.
Datasets/Real_Handwriting/images/form_067_sentence_1.png,Jie labai kartu kalba.
Datasets/Synthetic_Sentences/images/sentence_01129.png,Mielai Renata neša dovaną.
Datasets/Real_Handwriting/images/form_244_sentence_3.png,Katė stato bokštą.
Datasets/Real_Handwriting/images/form_119_sentence_5.png,Jie keliauoja laišką bibliotekoje.
Datasets/Synthetic_Sentences/images/sentence_02113.png,Vakar mokytojas nešė laišką.
Datasets/Synthetic_Sentences/images/sentence_01826.png,Neringa nori mokytis.
Datasets/Synthetic_Sentences/images/sentence_02226.png,Džiaugsmingai mergaitė neša žaislą.
Datasets/Synthetic_Sentences/images/sentence_00914.png,Ar Mantas skaito žurnalą?
Datasets/Real_Handwriting/images/form_314_sentence_5.png,Zigmas žiūri žaibą per langą.
Datasets/Synthetic_Sentences/images/sentence_02141.png,Mokytoja mėgsta valgyti.
Datasets/Real_Handwriting/images/form_451_sentence_2.png,Šiandien mergaitė skaito žemėlapį.
Datasets/Synthetic_Sentences/images/sentence_00985.png,Vakar vaikas dirbo kalnuose.
Datasets/Synthetic_Sentences/images/sentence_01203.png,Katė stengiasi galvoti.
Datasets/Synthetic_Sentences/images/sentence_00875.png,Rytoj Laura eis bibliotekoje.
Datasets/Synthetic_Sentences/images/sentence_00543.png,Drąsiai Renata skaito žemėlapį.
Datasets/Real_Handwriting/images/form_164_sentence_3.png,Šiandien vyras žiūri smagiai.
Datasets/Real_Handwriting/images/form_473_sentence_4.png,Studentė būna pievoje.
Datasets/Real_Handwriting/images/form_174_sentence_4.png,Mergaitė labai mielai dainuoja.
Datasets/Real_Handwriting/images/form_476_sentence_4.png,Vakar Eglė dirbo miške.
Datasets/Real_Handwriting/images/form_018_sentence_1.png,Šiandien moterys sportuoja lėtai.
Datasets/Synthetic_Sentences/images/sentence_00012.png,Vaikai atbėga iš aikštės.
Datasets/Real_Handwriting/images/form_347_sentence_3.png,Greitai Neringa ilsisi mokykloje.
Datasets/Synthetic_Sentences/images/sentence_00150.png,Šiandien mokytoja dirba sode.
Datasets/Synthetic_Sentences/images/sentence_01210.png,Ar vaikas mėgsta galvoti?
Datasets/Real_Handwriting/images/form_300_sentence_1.png,Berniukas perka knygą.
Datasets/Synthetic_Sentences/images/sentence_01579.png,Raudona rožė žydi sode.
Datasets/Real_Handwriting/images/form_500_sentence_5.png,Cukrų ir cinamoną dedame į pyragą.
Datasets/Synthetic_Sentences/images/sentence_00929.png,Rytoj Ingrida skaitys laišką.
Datasets/Synthetic_Sentences/images/sentence_01320.png,Gintaras sportuoja miške.
Datasets/Real_Handwriting/images/form_151_sentence_4.png,Šiandien draugai klauso šiandien.
Datasets/Real_Handwriting/images/form_258_sentence_1.png,Vakar gydytojas dirbo paplūdimyje.
Datasets/Synthetic_Sentences/images/sentence_00721.png,Ar Žilvinas mėgsta sportuoti?
Datasets/Real_Handwriting/images/form_281_sentence_5.png,Universiteto studentai žaidžia šachmatais laisvalaikiu.
Datasets/Synthetic_Sentences/images/sentence_01251.png,Studentas dirba upės pakrantėje.
Datasets/Real_Handwriting/images/form_425_sentence_2.png,Drąsiai Eglė mokosi paplūdimyje.
Datasets/Real_Handwriting/images/form_458_sentence_1.png,Greitai Rasa sportuoja sode.
Datasets/Real_Handwriting/images/form_038_sentence_3.png,Katė žaidžia namuose ir kaime.
Datasets/Real_Handwriting/images/form_056_sentence_4.png,Mielai vaikas dainuoja receptą.
Datasets/Real_Handwriting/images/form_003_sentence_1.png,Šiandien šuo kalba namus.
Datasets/Synthetic_Sentences/images/sentence_00733.png,Šiandien Danielius mokosi mokykloje.
Datasets/Synthetic_Sentences/images/sentence_01646.png,Laura žaidžia bibliotekoje.
Datasets/Synthetic_Sentences/images/sentence_00735.png,Šiandien šuo mokosi kalnuose.
Datasets/Synthetic_Sentences/images/sentence_01867.png,Ar Gintaras mėgsta eiti?
Datasets/Synthetic_Sentences/images/sentence_02116.png,Laura mėgsta skaityti laišką.
Datasets/Synthetic_Sentences/images/sentence_00990.png,Šiandien Marija mokosi ligoninėje.
Datasets/Synthetic_Sentences/images/sentence_01925.png,Jonas mokosi pievoje.
Datasets/Synthetic_Sentences/images/sentence_01899.png,Mokytojas dirba sode.
Datasets/Synthetic_Sentences/images/sentence_00113.png,Jonas mėgsta pirkti duoną.
Datasets/Synthetic_Sentences/images/sentence_00367.png,Laura mokosi darbe.
Datasets/Synthetic_Sentences/images/sentence_01429.png,Šuo žaidžia kalnuose.
Datasets/Real_Handwriting/images/form_044_sentence_1.png,Gydytojas labai tyliai piešia.
Datasets/Synthetic_Sentences/images/sentence_00898.png,Šiandien Mantas ilsisi upės pakrantėje.
Datasets/Real_Handwriting/images/form_370_sentence_1.png,Laura geria sultis.
Datasets/Real_Handwriting/images/form_500_sentence_4.png,Hibiskusas žydi ryškiomis rožinėmis žiedais.
Datasets/Synthetic_Sentences/images/sentence_00280.png,Mindaugas mėgsta skaityti žemėlapį.
Datasets/Synthetic_Sentences/images/sentence_00951.png,Ar mokytoja mokosi stotyje?
Datasets/Real_Handwriting/images/form_217_sentence_1.png,Atidžiai Ingrida mokosi paplūdimyje.
Datasets/Synthetic_Sentences/images/sentence_01013.png,Ramiai mokytoja perka duoną.
Datasets/Synthetic_Sentences/images/sentence_02160.png,Ar Neringa dirba kaime?
Datasets/Synthetic_Sentences/images/sentence_02068.png,Gydytojas valgo vaisius.
Datasets/Real_Handwriting/images/form_497_sentence_4.png,Neringa perka kavą.
Datasets/Synthetic_Sentences/images/sentence_01562.png,Ar Danielius dirba namuose?
Datasets/Synthetic_Sentences/images/sentence_01877.png,Studentė stengiasi keliauti.
Datasets/Synthetic_Sentences/images/sentence_00140.png,Tomas bando mokytis.
Datasets/Real_Handwriting/images/form_279_sentence_3.png,Ar Eglė skaito žurnalą?
Datasets/Real_Handwriting/images/form_202_sentence_1.png,Rytoj Neringa eis stadione.
Datasets/Synthetic_Sentences/images/sentence_02434.png,Marija sportuoja paplūdimyje.
Datasets/Real_Handwriting/images/form_408_sentence_3.png,Greitai Marija dirba paplūdimyje.
Datasets/Synthetic_Sentences/images/sentence_02474.png,Vaikas neša dovaną.
Datasets/Real_Handwriting/images/form_418_sentence_3.png,Studentas perka knygą.
Datasets/Real_Handwriting/images/form_232_sentence_4.png,Šeima ilsisi miške.
Datasets/Synthetic_Sentences/images/sentence_00330.png,Saulius gyvena parke.
Datasets/Synthetic_Sentences/images/sentence_02001.png,Studentė geria kavą.
Datasets/Real_Handwriting/images/form_264_sentence_2.png,Atidžiai šeima mokosi sode.
Datasets/Real_Handwriting/images/form_362_sentence_1.png,Ar studentė mokosi upės pakrantėje?
Datasets/Real_Handwriting/images/form_048_sentence_2.png,Jūs bėga stotyje ir prie ežero.
Datasets/Real_Handwriting/images/form_040_sentence_3.png,Ar jis skaito?
Datasets/Real_Handwriting/images/form_393_sentence_3.png,Studentas geria pieną.
Datasets/Synthetic_Sentences/images/sentence_01808.png,Gintaras pradeda galvoti.
Datasets/Real_Handwriting/images/form_365_sentence_1.png,Gintaras skaito laišką.
Datasets/Real_Handwriting/images/form_014_sentence_4.png,Šuo klauso knygą.
Datasets/Real_Handwriting/images/form_193_sentence_3.png,Katė labai vakar klauso.
Datasets/Real_Handwriting/images/form_011_sentence_3.png,Šuo šoka sode ir prie ežero.
Datasets/Real_Handwriting/images/form_288_sentence_2.png,Šiandien Neringa mokosi ligoninėje.
Datasets/Synthetic_Sentences/images/sentence_02219.png,Marija ilsisi upės pakrantėje.
Datasets/Real_Handwriting/images/form_467_sentence_5.png,Obelys žydi baltais žiedais pavasarį.
Datasets/Real_Handwriting/images/form_330_sentence_3.png,Rytoj vaikas eis mokykloje.
Datasets/Real_Handwriting/images/form_389_sentence_5.png,Cecilija čiuožia ant ledo.
Datasets/Synthetic_Sentences/images/sentence_01031.png,Ramiai Jurgita neša laišką.
Datasets/Real_Handwriting/images/form_364_sentence_4.png,Jurgita ilsisi paplūdimyje.
Datasets/Synthetic_Sentences/images/sentence_00290.png,Laura pradeda tvarkytis.
Datasets/Synthetic_Sentences/images/sentence_02066.png,Mergaitė nori skaityti receptą.
Datasets/Synthetic_Sentences/images/sentence_01737.png,Gintaras ilsisi darbe.
Datasets/Synthetic_Sentences/images/sentence_02139.png,Žilvinas mėgsta pirkti arbatą.
Datasets/Synthetic_Sentences/images/sentence_00581.png,Žilvinas rašo projektą.
Datasets/Real_Handwriting/images/form_005_sentence_2.png,Jūs miega dainą ligoninėje.
Datasets/Real_Handwriting/images/form_388_sentence_4.png,Šiandien Laura dirba darbe.
Datasets/Real_Handwriting/images/form_157_sentence_3.png,Vyras labai dabar ilsisi.
Datasets/Synthetic_Sentences/images/sentence_00798.png,Mindaugas mėgsta pirkti knygą.
Datasets/Synthetic_Sentences/images/sentence_01468.png,Greitai Laura mokosi ligoninėje.
Datasets/Real_Handwriting/images/form_225_sentence_5.png,Studentas skaito storą knygą.
Datasets/Real_Handwriting/images/form_324_sentence_4.png,Žmogus lankosi ligoninėje.
Datasets/Synthetic_Sentences/images/sentence_01846.png,Neringa lankosi pievoje.
Datasets/Synthetic_Sentences/images/sentence_01036.png,Garsiai Mindaugas rašo istoriją.
Datasets/Synthetic_Sentences/images/sentence_00328.png,Eglė geria kavą.
Datasets/Synthetic_Sentences/images/sentence_00789.png,Marija skaito žurnalą.
Datasets/Synthetic_Sentences/images/sentence_00265.png,Šiandien Tomas perka žaislą.
Datasets/Real_Handwriting/images/form_490_sentence_1.png,Laura skaito žemėlapį.
Datasets/Real_Handwriting/images/form_176_sentence_5.png,Šuo žaidžia kavą.
Datasets/Synthetic_Sentences/images/sentence_00477.png,Šiandien Ingrida perka knygą.
Datasets/Synthetic_Sentences/images/sentence_00105.png,Ar Mantas mėgsta galvoti?
Datasets/Real_Handwriting/images/form_433_sentence_4.png,Greitai Eglė valgo košę.
Datasets/Synthetic_Sentences/images/sentence_02399.png,Ar Žilvinas mėgsta dirbti?
Datasets/Synthetic_Sentences/images/sentence_00690.png,Gintaras pradeda ilsėtis.
Datasets/Real_Handwriting/images/form_044_sentence_2.png,Moterys sportuoja kalnuose ir kavinėje.
Datasets/Real_Handwriting/images/form_387_sentence_4.png,Eglė nori groti.
Datasets/Synthetic_Sentences/images/sentence_00781.png,Mokytojas mėgsta gerti.
Datasets/Synthetic_Sentences/images/sentence_02442.png,Marija pradeda skaityti.
Datasets/Real_Handwriting/images/form_440_sentence_4.png,Vaikas žaidžia pievoje.
Datasets/Real_Handwriting/images/form_034_sentence_5.png,Vyrai sportuoja parke ir sode.
Datasets/Synthetic_Sentences/images/sentence_01008.png,Gydytojas nori pirkti dovaną.
Datasets/Synthetic_Sentences/images/sentence_02064.png,Neringa mėgsta pirkti knygą.
Datasets/Real_Handwriting/images/form_195_sentence_2.png,Paukštis eina istoriją.
Datasets/Real_Handwriting/images/form_471_sentence_5.png,Cukrų ir cinamoną dedame į pyragą.
Datasets/Synthetic_Sentences/images/sentence_02469.png,Mantas dirba parke.
Datasets/Real_Handwriting/images/form_417_sentence_5.png,Jurga ir Žilvinas keliavo per kalnus visą savaitę.
Datasets/Synthetic_Sentences/images/sentence_00322.png,Danielius nori skaityti knygą.
Datasets/Real_Handwriting/images/form_183_sentence_4.png,Gydytojai tyliai piešia.
Datasets/Synthetic_Sentences/images/sentence_00785.png,Mokytoja geria sultis.
Datasets/Synthetic_Sentences/images/sentence_00085.png,Šiandien katė dirba upės pakrantėje.
Datasets/Real_Handwriting/images/form_483_sentence_3.png,Šeima pradeda piešti.
Datasets/Synthetic_Sentences/images/sentence_02145.png,Rytoj Marija skaitys žemėlapį.
Datasets/Synthetic_Sentences/images/sentence_02341.png,Rasa nori rašyti projektą.
Datasets/Real_Handwriting/images/form_166_sentence_3.png,Vakar gydytojas kalba maistą.
Datasets/Synthetic_Sentences/images/sentence_01653.png,Katė ilsisi ligoninėje.
Datasets/Real_Handwriting/images/form_501_sentence_1.png,Mantas lankosi namuose.
Datasets/Real_Handwriting/images/form_002_sentence_1.png,Šiandien ji šypsosi ramiai.
Datasets/Synthetic_Sentences/images/sentence_00920.png,Šiandien Jurgita dirba kaime.
Datasets/Real_Handwriting/images/form_086_sentence_2.png,Mokytojas skaito maistą.
Datasets/Synthetic_Sentences/images/sentence_01952.png,Ar Tomas nori gerti?
Datasets/Real_Handwriting/images/form_424_sentence_2.png,Ar berniukas mokosi sode?
Datasets/Synthetic_Sentences/images/sentence_01364.png,Vakar mokytojas nešė krepšį.
Datasets/Real_Handwriting/images/form_251_sentence_3.png,Ar studentė mėgsta groti?
Datasets/Real_Handwriting/images/form_231_sentence_3.png,Ramiai gydytojas rašo žemėlapį.
Datasets/Synthetic_Sentences/images/sentence_00112.png,Jonas ilsisi ežero pakrantėje.
Datasets/Real_Handwriting/images/form_478_sentence_5.png,Kavinėje kvepėjo kava ir cinamonu.
Datasets/Real_Handwriting/images/form_068_sentence_3.png,Šiandien gydytojas juokiasi niekada.
Datasets/Real_Handwriting/images/form_175_sentence_4.png,Šiandien mergaitės žaidžia retai.
Datasets/Real_Handwriting/images/form_450_sentence_2.png,Ar vaikas nori šokti?
Datasets/Synthetic_Sentences/images/sentence_00743.png,Ingrida nori valgyti vaisius.
Datasets/Synthetic_Sentences/images/sentence_00336.png,Lėtai Jonas dirba parke.
Datasets/Synthetic_Sentences/images/sentence_02443.png,Rytoj Jurgita skaitys laišką.
Datasets/Synthetic_Sentences/images/sentence_01938.png,Mokytoja mėgsta valgyti duoną.
Datasets/Synthetic_Sentences/images/sentence_02201.png,Gintaras nori skaityti receptą.
Datasets/Synthetic_Sentences/images/sentence_00106.png,Šiandien Ingrida ilsisi upės pakrantėje.
Datasets/Synthetic_Sentences/images/sentence_01330.png,Vakar studentas skaitė knygą.
Datasets/Synthetic_Sentences/images/sentence_00636.png,Šiandien Tomas skaito istoriją.
Datasets/Synthetic_Sentences/images/sentence_00149.png,Gintaras mėgsta pirkti žaislą.
Datasets/Synthetic_Sentences/images/sentence_01096.png,Mokytojas nori pirkti duoną.
Datasets/Synthetic_Sentences/images/sentence_01962.png,Mokytoja sportuoja namuose.
Datasets/Real_Handwriting/images/form_151_sentence_5.png,Ar studentas eina?
Datasets/Real_Handwriting/images/form_383_sentence_1.png,Vakar mergaitė skaitė receptą.
Datasets/Real_Handwriting/images/form_392_sentence_1.png,Tyliai Mantas valgo košę.
Datasets/Real_Handwriting/images/form_367_sentence_2.png,Mielai Gintaras ilsisi paplūdimyje.
Datasets/Synthetic_Sentences/images/sentence_02274.png,Vakar Mindaugas nešė laišką.
Datasets/Synthetic_Sentences/images/sentence_02400.png,Ar Jonas dirba sode?
Datasets/Real_Handwriting/images/form_060_sentence_1.png,Šiandien draugas rašo gerai.
Datasets/Synthetic_Sentences/images/sentence_00143.png,Mokytojas nori ilsėtis.
Datasets/Synthetic_Sentences/images/sentence_00278.png,Ar studentė mokosi sode?
Datasets/Real_Handwriting/images/form_071_sentence_2.png,Gydytojai bėga kavą.
Datasets/Real_Handwriting/images/form_416_sentence_4.png,Rūpestingai šeima mokosi namuose.
Datasets/Real_Handwriting/images/form_155_sentence_4.png,Studentai valgo vaisius.
Datasets/Real_Handwriting/images/form_163_sentence_3.png,Gydytojai smagiai rašo.
Datasets/Synthetic_Sentences/images/sentence_02126.png,Katė mokosi ežero pakrantėje.
Datasets/Real_Handwriting/images/form_233_sentence_2.png,Šiandien Danielius perka dovaną.
Datasets/Real_Handwriting/images/form_350_sentence_3.png,Greitai Mindaugas neša žaislą.
Datasets/Real_Handwriting/images/form_073_sentence_3.png,Tu žaidžia paplūdimyje ir stadione.
Datasets/Real_Handwriting/images/form_044_sentence_4.png,Vyrai nemėgsta mokytis.
Datasets/Real_Handwriting/images/form_217_sentence_2.png,Greitai mergaitė sportuoja pievoje.
Datasets/Synthetic_Sentences/images/sentence_02327.png,Mergaitė mėgsta valgyti sriubą.
Datasets/Synthetic_Sentences/images/sentence_00442.png,Vakar mokytoja nešė dovaną.
Datasets/Synthetic_Sentences/images/sentence_01250.png,Mokytojas dirba paplūdimyje.
Datasets/Real_Handwriting/images/form_335_sentence_4.png,Rasa skaito laišką.
Datasets/Real_Handwriting/images/form_040_sentence_2.png,Jis nemėgsta gerti laišką.
Datasets/Real_Handwriting/images/form_439_sentence_3.png,Katė būna stotyje.
Datasets/Synthetic_Sentences/images/sentence_01499.png,Šiandien gydytojas skaito receptą.
Datasets/Real_Handwriting/images/form_018_sentence_5.png,Ar draugas dainuoja?
Datasets/Synthetic_Sentences/images/sentence_02366.png,Rytoj studentas skaitys laišką.
Datasets/Synthetic_Sentences/images/sentence_01297.png,Šiandien katė dirba miške.
Datasets/Synthetic_Sentences/images/sentence_01533.png,Petras geria vandenį.
Datasets/Real_Handwriting/images/form_112_sentence_5.png,Vyrai dažnai verkia.
Datasets/Synthetic_Sentences/images/sentence_02456.png,Ar Laura skaito laišką?
Datasets/Real_Handwriting/images/form_160_sentence_2.png,Jūs geria bibliotekoje ir parke.
Datasets/Real_Handwriting/images/form_473_sentence_2.png,Saulius būna mieste.
Datasets/Synthetic_Sentences/images/sentence_02128.png,Vakar Mindaugas nešė gėlę.
Datasets/Synthetic_Sentences/images/sentence_00652.png,Šiandien Eglė mokosi mokykloje.
Datasets/Synthetic_Sentences/images/sentence_01343.png,Neringa nori rašyti laišką.
Datasets/Synthetic_Sentences/images/sentence_00109.png,Danielius geria kavą.
Datasets/Real_Handwriting/images/form_355_sentence_2.png,Ar Tomas mėgsta dainuoti?
Datasets/Synthetic_Sentences/images/sentence_00538.png,Mielai Danielius neša knygą.
Datasets/Synthetic_Sentences/images/sentence_02286.png,Rytoj mergaitė skaitys laišką.
Datasets/Real_Handwriting/images/form_337_sentence_2.png,Šiandien šeima perka dovaną.
Datasets/Synthetic_Sentences/images/sentence_02499.png,Kruopščiai Petras ilsisi paplūdimyje.
Datasets/Real_Handwriting/images/form_195_sentence_5.png,Mergaitės piešia vandenį.
Datasets/Real_Handwriting/images/form_147_sentence_1.png,Šuo skuba ir skuba.
Datasets/Synthetic_Sentences/images/sentence_00053.png,Ingrida nori rašyti projektą.
Datasets/Synthetic_Sentences/images/sentence_02129.png,Kristina mėgsta gerti sultis.
Datasets/Real_Handwriting/images/form_345_sentence_3.png,Rasa sportuoja stotyje.
Datasets/Real_Handwriting/images/form_337_sentence_4.png,Studentas groja simfoniją.
Datasets/Real_Handwriting/images/form_076_sentence_4.png,Šiandien gydytojas mokosi kruopščiai.
Datasets/Real_Handwriting/images/form_371_sentence_5.png,Cecilija čiuožia ant ledo.
Datasets/Real_Handwriting/images/form_470_sentence_4.png,Ar šuo mokosi mieste?
Datasets/Synthetic_Sentences/images/sentence_01527.png,Gintaras renka grybus.
Datasets/Real_Handwriting/images/form_097_sentence_5.png,Vaikai juokiasi vaisius.
Datasets/Real_Handwriting/images/form_481_sentence_3.png,Žirgas būna upės pakrantėje.
Datasets/Real_Handwriting/images/form_185_sentence_1.png,Ji vakar verkia.
Datasets/Real_Handwriting/images/form_441_sentence_3.png,Vakar vaikas dirbo mokykloje.
Datasets/Real_Handwriting/images/form_053_sentence_1.png,Šuo baigia mokytis.
Datasets/Real_Handwriting/images/form_085_sentence_4.png,Katė geria paplūdimyje.
Datasets/Real_Handwriting/images/form_141_sentence_4.png,Šiandien šuo mąsto kruopščiai.
Datasets/Real_Handwriting/images/form_014_sentence_3.png,Ar ji tvarkosi?
Datasets/Real_Handwriting/images/form_071_sentence_4.png,Šuo žiūri mokykloje.
Datasets/Real_Handwriting/images/form_308_sentence_2.png,Vakar mokytoja dirbo kavinėje.
Datasets/Real_Handwriting/images/form_447_sentence_3.png,Eglė stengiasi ilsėtis.
Datasets/Real_Handwriting/images/form_147_sentence_4.png,Greitai moteris žaidžia kavą.
Datasets/Real_Handwriting/images/form_488_sentence_5.png,Daktaras dirba didelėje ligoninėje.
Datasets/Real_Handwriting/images/form_230_sentence_5.png,Cecilija čiuožia ant ledo.
Datasets/Real_Handwriting/images/form_302_sentence_4.png,Šiandien Jurgita skaito žemėlapį.
Datasets/Real_Handwriting/images/form_390_sentence_1.png,Šiandien Danielius skaito receptą.
Datasets/Synthetic_Sentences/images/sentence_01216.png,Eglė mėgsta gerti arbatą.
Datasets/Real_Handwriting/images/form_403_sentence_2.png,Vakar vaikas dirbo kalnuose.
Datasets/Synthetic_Sentences/images/sentence_02000.png,Rytoj studentas skaitys knygą.
Datasets/Real_Handwriting/images/form_497_sentence_1.png,Švelniai Renata sportuoja kaime.
Datasets/Real_Handwriting/images/form_393_sentence_1.png,Mergaitė mėgsta gerti.
Datasets/Synthetic_Sentences/images/sentence_01643.png,Šiandien Mantas skaito žemėlapį.
Datasets/Real_Handwriting/images/form_206_sentence_1.png,Neringa nori kalbėti kavą.
Datasets/Real_Handwriting/images/form_172_sentence_2.png,Mokytojas klauso ir klauso.
Datasets/Synthetic_Sentences/images/sentence_00485.png,Jurgita mėgsta piešti.
Datasets/Synthetic_Sentences/images/sentence_01059.png,Studentė stengiasi skaityti.
Datasets/Synthetic_Sentences/images/sentence_01894.png,Renata bando šokti.
Datasets/Synthetic_Sentences/images/sentence_01236.png,Lėtai studentas valgo vaisius.
Datasets/Synthetic_Sentences/images/sentence_01815.png,Žilvinas skaito žurnalą.
Datasets/Synthetic_Sentences/images/sentence_00556.png,Rytoj Neringa skaitys žurnalą.
Datasets/Synthetic_Sentences/images/sentence_02273.png,Mantas mėgsta pirkti gėlę.
Datasets/Synthetic_Sentences/images/sentence_01773.png,Ar Renata nori keliauti?
Datasets/Synthetic_Sentences/images/sentence_00395.png,Rasa mokosi kaime.
Datasets/Real_Handwriting/images/form_360_sentence_4.png,Lėtai Eglė rašo istoriją.
Datasets/Real_Handwriting/images/form_268_sentence_4.png,Šiandien Marija ilsisi pievoje.
Datasets/Synthetic_Sentences/images/sentence_02026.png,Šiandien Jurgita ilsisi paplūdimyje.
Datasets/Real_Handwriting/images/form_388_sentence_5.png,Cecilija čiuožia ant ledo.
Datasets/Synthetic_Sentences/images/sentence_00306.png,Drąsiai katė perka arbatą.
Datasets/Real_Handwriting/images/form_067_sentence_2.png,Mes dainuoja darbe ir stadione.
Datasets/Real_Handwriting/images/form_224_sentence_1.png,Rūpestingai Tomas rašo užduotį.
Datasets/Synthetic_Sentences/images/sentence_00845.png,Mindaugas gyvena kavinėje.
Datasets/Synthetic_Sentences/images/sentence_01257.png,Ar studentė mėgsta keliauti?
Datasets/Synthetic_Sentences/images/sentence_00884.png,Jonas nori rašyti laišką.
Datasets/Real_Handwriting/images/form_429_sentence_1.png,Ar paukštis mėgsta dainuoti?
Datasets/Synthetic_Sentences/images/sentence_01053.png,Studentas stengiasi kalbėti.
Datasets/Synthetic_Sentences/images/sentence_01497.png,Vaikas mėgsta gerti pieną.
Datasets/Synthetic_Sentences/images/sentence_00369.png,Šiandien studentas perka žaislą.
Datasets/Real_Handwriting/images/form_273_sentence_4.png,Mielai žmogus skaito receptą.
Datasets/Synthetic_Sentences/images/sentence_01839.png,Vakar šuo dirbo ligoninėje.
Datasets/Real_Handwriting/images/form_158_sentence_1.png,Šuo stengiasi šokti.
Datasets/Synthetic_Sentences/images/sentence_01047.png,Danielius nori rašyti žemėlapį.
Datasets/Real_Handwriting/images/form_134_sentence_5.png,Mes rašo ir rašo.
Datasets/Real_Handwriting/images/form_472_sentence_5.png,Ypač skanūs obuoliai auga sode.
Datasets/Real_Handwriting/images/form_050_sentence_5.png,Aš labai ramiai šypsosi.
Datasets/Real_Handwriting/images/form_431_sentence_3.png,Žmogus rašo projektą.
Datasets/Real_Handwriting/images/form_425_sentence_4.png,Žilvinas lankosi mokykloje.
Datasets/Synthetic_Sentences/images/sentence_01620.png,Šiandien Petras dirba pievoje.
Datasets/Synthetic_Sentences/images/sentence_02340.png,Danielius nori valgyti sriubą.
Datasets/Synthetic_Sentences/images/sentence_01879.png,Ar Ingrida dirba parke?
Datasets/Synthetic_Sentences/images/sentence_01105.png,Ar gydytojas mokosi stadione?
Datasets/Real_Handwriting/images/form_265_sentence_4.png,Marija žaidžia ežero pakrantėje.
Datasets/Real_Handwriting/images/form_391_sentence_4.png,Neringa pradeda šokti.
Datasets/Synthetic_Sentences/images/sentence_02296.png,Gydytojas skaito žurnalą.
Datasets/Synthetic_Sentences/images/sentence_02343.png,Šuo nori groti.
Datasets/Synthetic_Sentences/images/sentence_02225.png,Saulius nori skaityti laišką.
Datasets/Synthetic_Sentences/images/sentence_02304.png,Ar mergaitė dirba parke?
Datasets/Real_Handwriting/images/form_049_sentence_4.png,Vaikas stengiasi tvarkytis.
Datasets/Synthetic_Sentences/images/sentence_00760.png,Šiandien Eglė perka gėlę.
Datasets/Real_Handwriting/images/form_092_sentence_3.png,Katė retai galvoja.
Datasets/Real_Handwriting/images/form_304_sentence_2.png,Švelniai Tomas neša gėlę.
Datasets/Real_Handwriting/images/form_290_sentence_2.png,Rūpestingai mergaitė skaito receptą.
Datasets/Real_Handwriting/images/form_429_sentence_2.png,Žmogus valgo košę.
Datasets/Real_Handwriting/images/form_179_sentence_5.png,Jie mėgsta žaisti.
Datasets/Synthetic_Sentences/images/sentence_01262.png,Marija mėgsta skaityti receptą.
Datasets/Synthetic_Sentences/images/sentence_01636.png,Jonas valgo košę.
Datasets/Synthetic_Sentences/images/sentence_01923.png,Katė gyvena ligoninėje.
Datasets/Real_Handwriting/images/form_007_sentence_5.png,Labai tu kalba receptą.
Datasets/Real_Handwriting/images/form_402_sentence_1.png,Šiandien studentė ilsisi miške.
Datasets/Real_Handwriting/images/form_274_sentence_5.png,Kavinėje kvepėjo kava ir cinamonu.
Datasets/Synthetic_Sentences/images/sentence_00688.png,Vakar Neringa dirbo mieste.
Datasets/Real_Handwriting/images/form_226_sentence_5.png,Žiemą vaikai mėgsta čiuožti ant ežero ledo.
Datasets/Synthetic_Sentences/images/sentence_01056.png,Žilvinas nori valgyti daržoves.
Datasets/Real_Handwriting/images/form_395_sentence_4.png,Ar žmogus skaito istoriją?
Datasets/Real_Handwriting/images/form_407_sentence_2.png,Rasa stato suolą.
Datasets/Real_Handwriting/images/form_508_sentence_3.png,Šiandien Saulius dirba kalnuose.
Datasets/Synthetic_Sentences/images/sentence_01080.png,Lėtai Gintaras mokosi stadione.
Datasets/Synthetic_Sentences/images/sentence_00271.png,Jurgita perka duoną.
Datasets/Real_Handwriting/images/form_487_sentence_2.png,Mielai žmogus perka arbatą.
Datasets/Real_Handwriting/images/form_061_sentence_1.png,Smagiai jis miega egzaminą.
Datasets/Synthetic_Sentences/images/sentence_01980.png,Rytoj Neringa eis stotyje.
Datasets/Real_Handwriting/images/form_461_sentence_2.png,Petras valgo vaisius.
Datasets/Real_Handwriting/images/form_132_sentence_4.png,Mokytojas labai geria.
Datasets/Real_Handwriting/images/form_334_sentence_3.png,Mindaugas pradeda sportuoti.
Datasets/Synthetic_Sentences/images/sentence_01334.png,Gydytojas geria arbatą.
Datasets/Real_Handwriting/images/form_500_sentence_3.png,Berniukas žaidžia darbe.
Datasets/Real_Handwriting/images/form_506_sentence_1.png,Ar Gintaras skaito laišką?
Datasets/Synthetic_Sentences/images/sentence_02326.png,Šiandien šuo perka žaislą.
Datasets/Synthetic_Sentences/images/sentence_01169.png,Laura mėgsta pirkti duoną.
Datasets/Real_Handwriting/images/form_503_sentence_5.png,Kartu keliaujame per kalnų taką.
Datasets/Real_Handwriting/images/form_045_sentence_1.png,Šuo juokiasi muziką.
Datasets/Real_Handwriting/images/form_036_sentence_2.png,Mokytojai rašo pamoką.
Datasets/Real_Handwriting/images/form_427_sentence_2.png,Ingrida mėgsta kalbėti.
Datasets/Synthetic_Sentences/images/sentence_01658.png,Katė lankosi kaime.
Datasets/Real_Handwriting/images/form_366_sentence_2.png,Gintaras nori sportuoti gėlę.
Datasets/Synthetic_Sentences/images/sentence_00313.png,Ar Neringa mokosi ežero pakrantėje?
Datasets/Synthetic_Sentences/images/sentence_02448.png,Džiaugsmingai Rasa ilsisi mieste.
Datasets/Synthetic_Sentences/images/sentence_02407.png,Garsiai Danielius perka dovaną.
Datasets/Synthetic_Sentences/images/sentence_00373.png,Mantas sportuoja pievoje.
Datasets/Real_Handwriting/images/form_021_sentence_2.png,Niekada mergaitės žaidžia vandenį.
Datasets/Real_Handwriting/images/form_496_sentence_5.png,Čiulba paukščiai ankstų rytą.
Datasets/Real_Handwriting/images/form_307_sentence_2.png,Mindaugas valgo daržoves.
Datasets/Real_Handwriting/images/form_496_sentence_2.png,Šiandien žmogus skaito laišką.
Datasets/Synthetic_Sentences/images/sentence_00686.png,Mergaitė mėgsta skaityti receptą.
Datasets/Synthetic_Sentences/images/sentence_01219.png,Laura lankosi ligoninėje.
Datasets/Synthetic_Sentences/images/sentence_00057.png,Saulius perka knygą.
Datasets/Real_Handwriting/images/form_300_sentence_2.png,Mantas nori valgyti dovaną.
Datasets/Synthetic_Sentences/images/sentence_01548.png,Tomas mėgsta gerti vandenį.
Datasets/Synthetic_Sentences/images/sentence_01813.png,Džiaugsmingai katė valgo obuolį.
Datasets/Real_Handwriting/images/form_461_sentence_5.png,Zigmas žiūri žaibą per langą.
Datasets/Synthetic_Sentences/images/sentence_02055.png,Džiaugsmingai mergaitė skaito knygą.
Datasets/Synthetic_Sentences/images/sentence_00938.png,Ingrida nori skaityti knygą.
Datasets/Real_Handwriting/images/form_156_sentence_4.png,Blogai moterys dainuoja žemėlapį.
Datasets/Synthetic_Sentences/images/sentence_01423.png,Ar šuo dirba upės pakrantėje?
Datasets/Real_Handwriting/images/form_212_sentence_2.png,Paukštis lankosi ligoninėje.
Datasets/Real_Handwriting/images/form_362_sentence_5.png,Cecilija čiuožia ant ledo.
Datasets/Synthetic_Sentences/images/sentence_02288.png,Katė sportuoja stadione.
Datasets/Synthetic_Sentences/images/sentence_00093.png,Danielius bando keliauti.
Datasets/Synthetic_Sentences/images/sentence_00620.png,Ar Neringa dirba kavinėje?
Datasets/Synthetic_Sentences/images/sentence_00915.png,Šiandien Renata ilsisi kalnuose.
Datasets/Synthetic_Sentences/images/sentence_01444.png,Šiandien gydytojas skaito žemėlapį.
Datasets/Real_Handwriting/images/form_432_sentence_1.png,Švelniai Mantas sportuoja stadione.
Datasets/Synthetic_Sentences/images/sentence_00528.png,Jonas mėgsta gerti pieną.
Datasets/Real_Handwriting/images/form_227_sentence_4.png,Žilvinas stengiasi plaukti.
Datasets/Real_Handwriting/images/form_260_sentence_4.png,Kruopščiai Ingrida skaito receptą.
Datasets/Synthetic_Sentences/images/sentence_02091.png,Rasa mėgsta skaityti istoriją.
Datasets/Synthetic_Sentences/images/sentence_01551.png,Studentė lankosi sode.
Datasets/Real_Handwriting/images/form_043_sentence_3.png,Šiandien vyrai eina niekada.
Datasets/Real_Handwriting/images/form_240_sentence_4.png,Kruopščiai Jurgita perka knygą.
Datasets/Synthetic_Sentences/images/sentence_01607.png,Lėtai šuo dirba ežero pakrantėje.
Datasets/Synthetic_Sentences/images/sentence_00569.png,Drąsiai Gintaras rašo projektą.
Datasets/Real_Handwriting/images/form_342_sentence_1.png,Mokytoja valgo sriubą.
Datasets/Synthetic_Sentences/images/sentence_01391.png,Rytoj mergaitė eis stadione.
Datasets/Real_Handwriting/images/form_050_sentence_2.png,Moterys labai visada žaidžia.
Datasets/Real_Handwriting/images/form_405_sentence_4.png,Petras rašo žemėlapį.
Datasets/Real_Handwriting/images/form_460_sentence_2.png,Šiandien šuo mokosi parke.
Datasets/Real_Handwriting/images/form_080_sentence_1.png,Šiandien draugas miega vakar.
Datasets/Synthetic_Sentences/images/sentence_00042.png,Švelniai studentė skaito receptą.
Datasets/Synthetic_Sentences/images/sentence_00697.png,Rūpestingai mergaitė neša laišką.
Datasets/Synthetic_Sentences/images/sentence_02097.png,Saulius ilsisi bibliotekoje.
Datasets/Real_Handwriting/images/form_408_sentence_1.png,Jonas neša knygą.
Datasets/Synthetic_Sentences/images/sentence_00549.png,Mergaitė skaito žemėlapį.
Datasets/Real_Handwriting/images/form_375_sentence_3.png,Greitai Danielius perka dovaną.
Datasets/Real_Handwriting/images/form_258_sentence_3.png,Žmogus stato bokštą.
Datasets/Real_Handwriting/images/form_239_sentence_5.png,Čempionas treniruojasi kiekvieną dieną.
Datasets/Synthetic_Sentences/images/sentence_00090.png,Ar katė nori groti?
Datasets/Real_Handwriting/images/form_332_sentence_1.png,Vaikas valgo vaisius.
Datasets/Real_Handwriting/images/form_377_sentence_2.png,Šiandien Petras dirba darbe.
Datasets/Real_Handwriting/images/form_389_sentence_2.png,Šiandien studentas dirba paplūdimyje.
Datasets/Synthetic_Sentences/images/sentence_01431.png,Jonas žaidžia namuose.
Datasets/Synthetic_Sentences/images/sentence_01805.png,Tyliai Danielius valgo duoną.
Datasets/Real_Handwriting/images/form_433_sentence_3.png,Ingrida valgo duoną.
Datasets/Real_Handwriting/images/form_510_sentence_3.png,Šeima sportuoja kavinėje.
Datasets/Synthetic_Sentences/images/sentence_00618.png,Vakar Tomas dirbo darbe.
Datasets/Real_Handwriting/images/form_392_sentence_4.png,Ingrida neša žaislą.
Datasets/Synthetic_Sentences/images/sentence_02070.png,Jonas nori skaityti receptą.
Datasets/Real_Handwriting/images/form_177_sentence_2.png,Jūs eina stotyje ir darbe.
Datasets/Synthetic_Sentences/images/sentence_01130.png,Šiandien Eglė perka arbatą.
Datasets/Real_Handwriting/images/form_351_sentence_4.png,Žmogus stato bokštą.
Datasets/Real_Handwriting/images/form_152_sentence_3.png,Ar mergaitės ilsisi?
Datasets/Synthetic_Sentences/images/sentence_01288.png,Ar mokytojas dirba bibliotekoje?
Datasets/Synthetic_Sentences/images/sentence_01884.png,Mielai Žilvinas valgo duoną.
Datasets/Real_Handwriting/images/form_183_sentence_2.png,Paukštis mokosi receptą.
Datasets/Synthetic_Sentences/images/sentence_02475.png,Ar Mantas mėgsta piešti?
Datasets/Real_Handwriting/images/form_502_sentence_3.png,Mindaugas groja muzikos kūrinį.
Datasets/Synthetic_Sentences/images/sentence_00794.png,Atidžiai katė valgo sriubą.
Datasets/Synthetic_Sentences/images/sentence_01489.png,Danielius lankosi mieste.
Datasets/Real_Handwriting/images/form_065_sentence_5.png,Ar studentai ilsisi?
Datasets/Real_Handwriting/images/form_255_sentence_1.png,Atidžiai Gintaras ilsisi kalnuose.
Datasets/Synthetic_Sentences/images/sentence_02072.png,Ar Žilvinas mokosi sode?
Datasets/Real_Handwriting/images/form_218_sentence_4.png,Mantas mėgsta piešti.
Datasets/Synthetic_Sentences/images/sentence_00820.png,Jonas nori gerti kavą.
Datasets/Real_Handwriting/images/form_089_sentence_3.png,Mergaitės keliauoja ir keliauoja.
Datasets/Real_Handwriting/images/form_188_sentence_1.png,Vyras labai kartu kalba.
Datasets/Real_Handwriting/images/form_128_sentence_3.png,Vaikai nemėgsta kalbėti.
Datasets/Synthetic_Sentences/images/sentence_02200.png,Rasa valgo daržoves.
Datasets/Synthetic_Sentences/images/sentence_00944.png,Saulius nori gerti kavą.
Datasets/Synthetic_Sentences/images/sentence_02371.png,Vaikas mokosi upės pakrantėje.
Datasets/Synthetic_Sentences/images/sentence_01024.png,Studentė ilsisi mokykloje.
Datasets/Synthetic_Sentences/images/sentence_01619.png,Rytoj Renata eis ežero pakrantėje.
Datasets/Real_Handwriting/images/form_295_sentence_2.png,Kristina būna namuose.
Datasets/Real_Handwriting/images/form_254_sentence_3.png,Tomas skaito žurnalą.
Datasets/Synthetic_Sentences/images/sentence_02032.png,Eglė renka obuolius.
Datasets/Synthetic_Sentences/images/sentence_01046.png,Lėtai Petras ilsisi bibliotekoje.
Datasets/Real_Handwriting/images/form_156_sentence_1.png,Draugas skaito miške.
Datasets/Synthetic_Sentences/images/sentence_00392.png,Šiandien Renata perka duoną.
Datasets/Synthetic_Sentences/images/sentence_00146.png,Gydytojas mėgsta skaityti žemėlapį.
Datasets/Synthetic_Sentences/images/sentence_00076.png,Šiandien mergaitė perka kavą.
Datasets/Real_Handwriting/images/form_458_sentence_3.png,Garsiai šeima sportuoja kalnuose.
Datasets/Synthetic_Sentences/images/sentence_00332.png,Petras sportuoja pievoje.
Datasets/Synthetic_Sentences/images/sentence_02039.png,Ar Mindaugas dirba mokykloje?
Datasets/Real_Handwriting/images/form_165_sentence_3.png,Blogai studentas juokiasi dainą.
Datasets/Real_Handwriting/images/form_501_sentence_4.png,Rytoj Tomas skaitys laišką.
Datasets/Synthetic_Sentences/images/sentence_01670.png,Švelniai Renata rašo receptą.
Datasets/Synthetic_Sentences/images/sentence_01165.png,Petras geria vandenį.
Datasets/Real_Handwriting/images/form_026_sentence_4.png,Aš pradeda valgyti.
Datasets/Synthetic_Sentences/images/sentence_00308.png,Šiandien šuo ilsisi stadione.
Datasets/Real_Handwriting/images/form_406_sentence_4.png,Rasa mėgsta žaisti.
Datasets/Synthetic_Sentences/images/sentence_01660.png,Eglė renka daržoves.
Datasets/Real_Handwriting/images/form_211_sentence_4.png,Studentė nori sportuoti duoną.
Datasets/Real_Handwriting/images/form_243_sentence_3.png,Šiandien žmogus perka dovaną.
Datasets/Real_Handwriting/images/form_019_sentence_2.png,Draugai juokiasi miške.
Datasets/Real_Handwriting/images/form_247_sentence_3.png,Ar Jurgita mokosi kalnuose?
Datasets/Real_Handwriting/images/form_173_sentence_3.png,Moterys verkia sode ir prie ežero.
Datasets/Real_Handwriting/images/form_358_sentence_2.png,Džiaugsmingai mergaitė skaito knygą.
Datasets/Real_Handwriting/images/form_011_sentence_5.png,Niekada mokytojas žiūri istoriją.
Datasets/Real_Handwriting/images/form_009_sentence_5.png,Draugai rašo parke ir stotyje.
Datasets/Synthetic_Sentences/images/sentence_00017.png,Danielius nori gerti arbatą.
Datasets/Synthetic_Sentences/images/sentence_00611.png,Vaikas nori ilsėtis.
Datasets/Real_Handwriting/images/form_413_sentence_3.png,Šiandien Saulius perka gėlę.
Datasets/Real_Handwriting/images/form_045_sentence_5.png,Mergaitės juokiasi žaidimą sode.
Datasets/Synthetic_Sentences/images/sentence_01606.png,Mergaitė nori gerti arbatą.
Datasets/Real_Handwriting/images/form_204_sentence_4.png,Drąsiai Kristina valgo sriubą.
Datasets/Real_Handwriting/images/form_350_sentence_5.png,Šuo išbėgo į kiemą ir pradėjo loti.
Datasets/Synthetic_Sentences/images/sentence_01774.png,Šiandien gydytojas mokosi darbe.
Datasets/Synthetic_Sentences/images/sentence_01540.png,Rasa nori gerti kavą.
Datasets/Real_Handwriting/images/form_377_sentence_4.png,Atidžiai Neringa mokosi upės pakrantėje.
Datasets/Synthetic_Sentences/images/sentence_01829.png,Rytoj Mindaugas skaitys žurnalą.
Datasets/Real_Handwriting/images/form_398_sentence_4.png,Vakar Jurgita dirbo stotyje.
Datasets/Synthetic_Sentences/images/sentence_00860.png,Katė nori skaityti laišką.
Datasets/Synthetic_Sentences/images/sentence_01743.png,Mindaugas nori rašyti receptą.
Datasets/Real_Handwriting/images/form_174_sentence_5.png,Vyrai vakar skaito.
Datasets/Synthetic_Sentences/images/sentence_02007.png,Ingrida nori skaityti istoriją.
Datasets/Real_Handwriting/images/form_242_sentence_3.png,Mantas lankosi stotyje.
Datasets/Real_Handwriting/images/form_381_sentence_4.png,Vakar šuo dirbo sode.
Datasets/Synthetic_Sentences/images/sentence_01049.png,Mielai studentas skaito laišką.
Datasets/Real_Handwriting/images/form_412_sentence_5.png,Cecilija čiuožia ant ledo.
Datasets/Real_Handwriting/images/form_228_sentence_5.png,Kavinėje kvepėjo kava ir cinamonu.
Datasets/Real_Handwriting/images/form_096_sentence_2.png,Gerai vaikai kalba mokyklą.
Datasets/Synthetic_Sentences/images/sentence_02439.png,Ar Kristina nori skaityti?
Datasets/Synthetic_Sentences/images/sentence_00918.png,Neringa nori skaityti knygą.
Datasets/Synthetic_Sentences/images/sentence_01182.png,Vaikas žaidžia mokykloje.
Datasets/Synthetic_Sentences/images/sentence_00478.png,Gydytojas nori skaityti laišką.
Datasets/Synthetic_Sentences/images/sentence_00673.png,Ingrida sportuoja mokykloje.
Datasets/Real_Handwriting/images/form_243_sentence_2.png,Berniukas rašo istoriją.
Datasets/Synthetic_Sentences/images/sentence_01953.png,Renata geria sultis.
Datasets/Synthetic_Sentences/images/sentence_00390.png,Kristina dirba ežero pakrantėje.
Datasets/Synthetic_Sentences/images/sentence_00445.png,Neringa nori rašyti projektą.
Datasets/Real_Handwriting/images/form_306_sentence_3.png,Studentas dirba kaime.
Datasets/Real_Handwriting/images/form_075_sentence_4.png,Jūs baigia skubėti.
Datasets/Real_Handwriting/images/form_058_sentence_5.png,Moterys ilsisi mieste.
Datasets/Synthetic_Sentences/images/sentence_01121.png,Mokytoja neša knygą.
Datasets/Real_Handwriting/images/form_400_sentence_2.png,Rūpestingai Danielius perka knygą.
Datasets/Real_Handwriting/images/form_171_sentence_5.png,Šiandien draugas klauso niekada.
Datasets/Synthetic_Sentences/images/sentence_01642.png,Mokytojas nori plaukti.
Datasets/Synthetic_Sentences/images/sentence_00157.png,Šuo nori pirkti gėlę.
Datasets/Real_Handwriting/images/form_016_sentence_4.png,Studentas pradeda miegoti kavą.
Datasets/Real_Handwriting/images/form_096_sentence_3.png,Mergaitės bėga ir bėga.
Datasets/Real_Handwriting/images/form_342_sentence_3.png,Greitai mokytojas rašo laišką.
Datasets/Synthetic_Sentences/images/sentence_02105.png,Jonas neša gėlę.
Datasets/Real_Handwriting/images/form_178_sentence_4.png,Mergaitė labai garsiai valgo.
Datasets/Synthetic_Sentences/images/sentence_00867.png,Ar mergaitė mėgsta groti?
Datasets/Synthetic_Sentences/images/sentence_00912.png,Drąsiai studentas mokosi mieste.
Datasets/Synthetic_Sentences/images/sentence_02050.png,Mokytoja mėgsta skaityti receptą.
Datasets/Synthetic_Sentences/images/sentence_00925.png,Neringa nori rašyti projektą.
Datasets/Synthetic_Sentences/images/sentence_02177.png,Vakar Ingrida skaitė istoriją.
Datasets/Real_Handwriting/images/form_073_sentence_4.png,Studentai valgo stadione.
Datasets/Real_Handwriting/images/form_171_sentence_4.png,Jos baigia galvoti mokyklą.
Datasets/Synthetic_Sentences/images/sentence_00627.png,Gintaras nori skaityti knygą.
Datasets/Real_Handwriting/images/form_102_sentence_5.png,Jos mėgsta dainuoti kavą.
Datasets/Real_Handwriting/images/form_064_sentence_2.png,Mokytojai juokiasi ir juokiasi.
Datasets/Real_Handwriting/images/form_156_sentence_2.png,Jos skuba laišką darbe.
Datasets/Synthetic_Sentences/images/sentence_02153.png,Katė stengiasi skaityti.
Datasets/Synthetic_Sentences/images/sentence_00350.png,Tyliai Ingrida mokosi mieste.
Datasets/Synthetic_Sentences/images/sentence_01968.png,Tyliai studentė rašo istoriją.
Datasets/Real_Handwriting/images/form_011_sentence_4.png,Mokytojas skuba miške ir paplūdimyje.
Datasets/Real_Handwriting/images/form_384_sentence_4.png,Garsiai Tomas sportuoja paplūdimyje.
Datasets/Synthetic_Sentences/images/sentence_00899.png,Džiaugsmingai Gintaras skaito žemėlapį.
Datasets/Real_Handwriting/images/form_374_sentence_4.png,Ramiai Danielius perka gėlę.
Datasets/Real_Handwriting/images/form_476_sentence_5.png,Naktį žvaigždės šviečia ryškiausiai.
Datasets/Synthetic_Sentences/images/sentence_00237.png,Žilvinas mokosi paplūdimyje.
Datasets/Synthetic_Sentences/images/sentence_00873.png,Katė ilsisi kalnuose.
Datasets/Real_Handwriting/images/form_201_sentence_2.png,Žirgas gyvena ligoninėje.
Datasets/Real_Handwriting/images/form_338_sentence_1.png,Žilvinas sportuoja stotyje.
Datasets/Real_Handwriting/images/form_204_sentence_3.png,Rytoj Gintaras skaitys istoriją.
Datasets/Real_Handwriting/images/form_148_sentence_4.png,Rytoj gydytojas juokiasi daržoves.
Datasets/Real_Handwriting/images/form_081_sentence_1.png,Vyras geria kavą.
Datasets/Synthetic_Sentences/images/sentence_00657.png,Šiandien mokytojas ilsisi sode.
Datasets/Synthetic_Sentences/images/sentence_01453.png,Ar Renata nori tvarkytis?
Datasets/Synthetic_Sentences/images/sentence_00241.png,Drąsiai Gintaras neša knygą.
Datasets/Real_Handwriting/images/form_047_sentence_1.png,Greitai moterys eina žemėlapį.
Datasets/Real_Handwriting/images/form_053_sentence_3.png,Blogai jūs juokiasi maistą.
Datasets/Synthetic_Sentences/images/sentence_02333.png,Jonas skaito receptą.
Datasets/Real_Handwriting/images/form_348_sentence_5.png,Kavinėje kvepėjo kava ir cinamonu.
Datasets/Synthetic_Sentences/images/sentence_02246.png,Mokytojas bando sportuoti.
Datasets/Real_Handwriting/images/form_148_sentence_2.png,Jūs nemėgsta valgyti egzaminą.
Datasets/Synthetic_Sentences/images/sentence_00684.png,Studentė renka daržoves.
Datasets/Synthetic_Sentences/images/sentence_00342.png,Drąsiai Danielius mokosi namuose.
Datasets/Synthetic_Sentences/images/sentence_01553.png,Mantas nori ilsėtis.
Datasets/Synthetic_Sentences/images/sentence_01247.png,Mergaitė renka grybus.
Datasets/Real_Handwriting/images/form_098_sentence_3.png,Aš bijo miegoti receptą.
Datasets/Real_Handwriting/images/form_506_sentence_2.png,Greitai šeima mokosi mokykloje.
Datasets/Real_Handwriting/images/form_340_sentence_1.png,Šiandien Mindaugas ilsisi namuose.
Datasets/Synthetic_Sentences/images/sentence_01978.png,Ar vaikas dirba miške?
Datasets/Synthetic_Sentences/images/sentence_01936.png,Rytoj vaikas eis sode.
Datasets/Real_Handwriting/images/form_207_sentence_1.png,Marija stato namą.
Datasets/Real_Handwriting/images/form_397_sentence_3.png,Studentė nori tvarkytis.
Datasets/Real_Handwriting/images/form_276_sentence_5.png,Odė orkestro muzika yra labai gili.
Datasets/Synthetic_Sentences/images/sentence_02483.png,Mielai Tomas neša gėlę.
Datasets/Real_Handwriting/images/form_119_sentence_3.png,Katė miega ir miega.
Datasets/Real_Handwriting/images/form_294_sentence_1.png,Eglė bando rašyti.
Datasets/Real_Handwriting/images/form_091_sentence_1.png,Labai jūs keliauoja laišką.
Datasets/Real_Handwriting/images/form_009_sentence_1.png,Šuo keliauoja ir keliauoja.
Datasets/Synthetic_Sentences/images/sentence_00659.png,Saulius žaidžia kavinėje.
Datasets/Synthetic_Sentences/images/sentence_01992.png,Ingrida sportuoja stotyje.
Datasets/Synthetic_Sentences/images/sentence_02487.png,Ar gydytojas dirba namuose?
Datasets/Real_Handwriting/images/form_247_sentence_5.png,Filmas buvo labai įdomus ir jaudinantis.
Datasets/Synthetic_Sentences/images/sentence_00425.png,Renata dirba darbe.
Datasets/Real_Handwriting/images/form_166_sentence_2.png,Jūs labai kartu verkia.
Datasets/Synthetic_Sentences/images/sentence_01546.png,Šiandien šuo perka gėlę.
Datasets/Synthetic_Sentences/images/sentence_01657.png,Šiandien Jonas mokosi mokykloje.
Datasets/Synthetic_Sentences/images/sentence_01688.png,Atidžiai Rasa neša knygą.
Datasets/Real_Handwriting/images/form_401_sentence_1.png,Ar Jurgita dirba bibliotekoje?
Datasets/Synthetic_Sentences/images/sentence_01435.png,Gintaras mėgsta skaityti receptą.
Datasets/Synthetic_Sentences/images/sentence_00199.png,Šiandien Mindaugas mokosi kalnuose.
Datasets/Synthetic_Sentences/images/sentence_01238.png,Rasa sportuoja upės pakrantėje.
Datasets/Real_Handwriting/images/form_334_sentence_4.png,Renata nori mokytis.
Datasets/Synthetic_Sentences/images/sentence_01276.png,Gintaras geria pieną.
Datasets/Real_Handwriting/images/form_280_sentence_2.png,Kristina mėgsta statyti.
Datasets/Synthetic_Sentences/images/sentence_00859.png,Šuo nori pirkti gėlę.
Datasets/Real_Handwriting/images/form_407_sentence_4.png,Gydytojas stato suolą.
Datasets/Synthetic_Sentences/images/sentence_01296.png,Šiandien šuo ilsisi ligoninėje.
Datasets/Synthetic_Sentences/images/sentence_01081.png,Šuo mokosi stotyje.
Datasets/Synthetic_Sentences/images/sentence_01610.png,Vaikas sportuoja darbe.
Datasets/Real_Handwriting/images/form_507_sentence_1.png,Jurgita skaito receptą.
Datasets/Real_Handwriting/images/form_128_sentence_1.png,Šiandien moteris keliauoja kartu.
Datasets/Real_Handwriting/images/form_439_sentence_2.png,Šiandien Žilvinas mokosi bibliotekoje.
Datasets/Real_Handwriting/images/form_211_sentence_5.png,Cecilija čiuožia ant ledo.
Datasets/Synthetic_Sentences/images/sentence_01645.png,Laura žaidžia mieste.
Datasets/Synthetic_Sentences/images/sentence_02060.png,Vaikas žaidžia upės pakrantėje.
Datasets/Synthetic_Sentences/images/sentence_00239.png,Garsiai gydytojas ilsisi miške.
Datasets/Synthetic_Sentences/images/sentence_00226.png,Rasa neša krepšį.
Datasets/Real_Handwriting/images/form_096_sentence_4.png,Mergaitė juokiasi knygą stotyje.
Datasets/Synthetic_Sentences/images/sentence_01263.png,Vakar mokytoja dirbo mieste.
Datasets/Synthetic_Sentences/images/sentence_01825.png,Šiandien katė ilsisi mieste.
Datasets/Real_Handwriting/images/form_478_sentence_2.png,Mokytoja būna kalnuose.
Datasets/Synthetic_Sentences/images/sentence_01456.png,Mielai Neringa ilsisi kaime.
Datasets/Synthetic_Sentences/images/sentence_02043.png,Ar katė skaito laišką?
Datasets/Synthetic_Sentences/images/sentence_02477.png,Mantas sportuoja kaime.
Datasets/Real_Handwriting/images/form_303_sentence_5.png,Ežeras ežiukui atrodo labai didelis.
Datasets/Real_Handwriting/images/form_487_sentence_4.png,Lėtai Mantas sportuoja stadione.
Datasets/Synthetic_Sentences/images/sentence_01507.png,Džiaugsmingai gydytojas neša krepšį.
Datasets/Synthetic_Sentences/images/sentence_00903.png,Studentė nori plaukti.
Datasets/Real_Handwriting/images/form_033_sentence_3.png,Vyras nemėgsta mokytis pamoką.
Datasets/Synthetic_Sentences/images/sentence_01173.png,Studentė nori valgyti košę.
Datasets/Synthetic_Sentences/images/sentence_01515.png,Vakar Petras skaitė žemėlapį.
Datasets/Synthetic_Sentences/images/sentence_01486.png,Gintaras perka dovaną.
Datasets/Synthetic_Sentences/images/sentence_00193.png,Petras nori rašyti istoriją.
Datasets/Synthetic_Sentences/images/sentence_01509.png,Ar Renata mėgsta skaityti?
Datasets/Synthetic_Sentences/images/sentence_00714.png,Eglė perka dovaną.
Datasets/Synthetic_Sentences/images/sentence_00849.png,Šiandien Jurgita perka gėlę.
Datasets/Real_Handwriting/images/form_433_sentence_2.png,Mindaugas būna kavinėje.
Datasets/Real_Handwriting/images/form_029_sentence_4.png,Ramiai gydytojai ilsisi laišką.
Datasets/Synthetic_Sentences/images/sentence_00854.png,Atidžiai Danielius mokosi kavinėje.
Datasets/Real_Handwriting/images/form_084_sentence_2.png,Draugas žiūri užduotį.
Datasets/Synthetic_Sentences/images/sentence_00234.png,Rytoj Ingrida eis sode.
Datasets/Real_Handwriting/images/form_180_sentence_2.png,Vaikai nori galvoti receptą.
Datasets/Synthetic_Sentences/images/sentence_01413.png,Šuo perka žaislą.
Datasets/Synthetic_Sentences/images/sentence_01354.png,Garsiai katė rašo užduotį.
Datasets/Real_Handwriting/images/form_403_sentence_5.png,Kavinėje kvepėjo kava ir cinamonu.
Datasets/Synthetic_Sentences/images/sentence_01342.png,Jonas nori valgyti duoną.
Datasets/Synthetic_Sentences/images/sentence_00707.png,Mokytojas renka vaisius.
Datasets/Real_Handwriting/images/form_308_sentence_1.png,Kruopščiai Gintaras skaito laišką.
Datasets/Synthetic_Sentences/images/sentence_02237.png,Laura renka grybus.
Datasets/Real_Handwriting/images/form_101_sentence_5.png,Ji klauso ir klauso.
Datasets/Synthetic_Sentences/images/sentence_00937.png,Drąsiai Renata skaito žurnalą.
Datasets/Synthetic_Sentences/images/sentence_01241.png,Neringa mokosi stadione.
Datasets/Synthetic_Sentences/images/sentence_01312.png,Laura stengiasi galvoti.
Datasets/Real_Handwriting/images/form_179_sentence_2.png,Vaikas sportuoja kaime ir sode.
Datasets/Real_Handwriting/images/form_453_sentence_4.png,Greitai Danielius ilsisi parke.
Datasets/Synthetic_Sentences/images/sentence_01751.png,Kruopščiai Tomas mokosi parke.
Datasets/Synthetic_Sentences/images/sentence_01628.png,Šiandien Žilvinas dirba ežero pakrantėje.
Datasets/Real_Handwriting/images/form_354_sentence_1.png,Paukštis gyvena sode.
Datasets/Real_Handwriting/images/form_345_sentence_2.png,Šiandien studentė mokosi kalnuose.
Datasets/Real_Handwriting/images/form_228_sentence_4.png,Žmogus dirba sode.
Datasets/Synthetic_Sentences/images/sentence_02069.png,Katė mokosi stadione.
Datasets/Synthetic_Sentences/images/sentence_01880.png,Tyliai Ingrida rašo istoriją.
Datasets/Synthetic_Sentences/images/sentence_00738.png,Saulius nori pirkti dovaną.
Datasets/Synthetic_Sentences/images/sentence_00968.png,Ar Neringa mokosi ežero pakrantėje?
Datasets/Real_Handwriting/images/form_102_sentence_1.png,Moteris nori kalbėti.
Datasets/Real_Handwriting/images/form_087_sentence_5.png,Jis piešia ir piešia.
Datasets/Real_Handwriting/images/form_503_sentence_4.png,Ar Petras mokosi miške?
Datasets/Synthetic_Sentences/images/sentence_01195.png,Studentas bando ilsėtis.
Datasets/Synthetic_Sentences/images/sentence_00497.png,Kruopščiai Petras dirba ligoninėje.
Datasets/Synthetic_Sentences/images/sentence_00110.png,Gintaras pradeda plaukti.
Datasets/Synthetic_Sentences/images/sentence_01154.png,Šuo sportuoja mokykloje.
Datasets/Real_Handwriting/images/form_141_sentence_3.png,Šiandien paukštis miega labai.
Datasets/Synthetic_Sentences/images/sentence_00725.png,Jonas lankosi kalnuose.
Datasets/Synthetic_Sentences/images/sentence_00293.png,Renata mėgsta valgyti duoną.
Datasets/Real_Handwriting/images/form_386_sentence_4.png,Ar Neringa nori dainuoti?
Datasets/Real_Handwriting/images/form_245_sentence_3.png,Greitai Saulius valgo vaisius.
Datasets/Synthetic_Sentences/images/sentence_02029.png,Ar Saulius dirba kaime?
Datasets/Synthetic_Sentences/images/sentence_00063.png,Mokytojas mėgsta valgyti košę.
Datasets/Synthetic_Sentences/images/sentence_02021.png,Vakar Eglė dirbo parke.
Datasets/Synthetic_Sentences/images/sentence_00433.png,Ar Rasa nori piešti?
Datasets/Real_Handwriting/images/form_126_sentence_2.png,Šiandien katė piešia kruopščiai.
Datasets/Synthetic_Sentences/images/sentence_01913.png,Kavinėje kvepėjo kava ir cinamonu.
Datasets/Synthetic_Sentences/images/sentence_00262.png,Ar Žilvinas mėgsta skaityti?
Datasets/Real_Handwriting/images/form_235_sentence_3.png,Jurgita neša žaislą.
Datasets/Synthetic_Sentences/images/sentence_01107.png,Neringa nori pirkti arbatą.
Datasets/Real_Handwriting/images/form_114_sentence_5.png,Moterys piešia vaisius.
Datasets/Synthetic_Sentences/images/sentence_00815.png,Mokytojas nori mokytis.
Datasets/Synthetic_Sentences/images/sentence_02248.png,Mergaitė neša žaislą.
Datasets/Real_Handwriting/images/form_037_sentence_5.png,Katė labai dabar mąsto.
Datasets/Synthetic_Sentences/images/sentence_02482.png,Šuo nori pirkti arbatą.
Datasets/Synthetic_Sentences/images/sentence_02265.png,Šiandien Žilvinas dirba ežero pakrantėje.
Datasets/Synthetic_Sentences/images/sentence_01275.png,Ar studentas dirba mokykloje?
Datasets/Synthetic_Sentences/images/sentence_01687.png,Šiandien Gintaras mokosi upės pakrantėje.
Datasets/Synthetic_Sentences/images/sentence_00932.png,Mindaugas stengiasi gerti.
Datasets/Synthetic_Sentences/images/sentence_01064.png,Šuo nori eiti.
Datasets/Real_Handwriting/images/form_182_sentence_5.png,Vaikai labai niekada keliauoja.
Datasets/Synthetic_Sentences/images/sentence_01384.png,Drąsiai studentė ilsisi miške.
Datasets/Synthetic_Sentences/images/sentence_00397.png,Renata ilsisi parke.
Datasets/Real_Handwriting/images/form_432_sentence_4.png,Kristina nori žaisti.
Datasets/Real_Handwriting/images/form_191_sentence_3.png,Moteris piešia maistą.
Datasets/Real_Handwriting/images/form_353_sentence_1.png,Danielius ilsisi ežero pakrantėje.
Datasets/Real_Handwriting/images/form_305_sentence_5.png,Nuostabus gamtos vaizdas atsiveria nuo kalno.
Datasets/Synthetic_Sentences/images/sentence_01677.png,Studentas geria pieną.
Datasets/Real_Handwriting/images/form_152_sentence_2.png,Šiandien moterys rašo greitai.
Datasets/Synthetic_Sentences/images/sentence_02424.png,Ingrida mokosi mieste.
Datasets/Synthetic_Sentences/images/sentence_00325.png,Marija mėgsta skaityti žurnalą.
Datasets/Real_Handwriting/images/form_053_sentence_2.png,Draugas labai retai miega.
Datasets/Real_Handwriting/images/form_292_sentence_3.png,Ar vaikas mokosi pievoje?
Datasets/Synthetic_Sentences/images/sentence_00137.png,Neringa sportuoja stadione.
Datasets/Synthetic_Sentences/images/sentence_00790.png,Garsiai Jonas skaito knygą.
Datasets/Real_Handwriting/images/form_113_sentence_5.png,Gydytojai keliauoja užduotį.
Datasets/Synthetic_Sentences/images/sentence_00817.png,Marija nori valgyti obuolį.
Datasets/Synthetic_Sentences/images/sentence_00161.png,Ramiai Petras rašo projektą.
Datasets/Synthetic_Sentences/images/sentence_00603.png,Šiandien Eglė skaito žemėlapį.
Datasets/Synthetic_Sentences/images/sentence_00117.png,Katė nori rašyti receptą.
Datasets/Real_Handwriting/images/form_066_sentence_2.png,Šiandien aš skaito smagiai.
Datasets/Real_Handwriting/images/form_343_sentence_4.png,Studentė stato bokštą.
Datasets/Real_Handwriting/images/form_334_sentence_2.png,Rasa dirba mokykloje.
Datasets/Synthetic_Sentences/images/sentence_01523.png,Džiaugsmingai Marija dirba sode.
Datasets/Real_Handwriting/images/form_224_sentence_3.png,Saulius lankosi stadione.
Datasets/Real_Handwriting/images/form_181_sentence_3.png,Šiandien gydytojai mokosi gerai.
Datasets/Synthetic_Sentences/images/sentence_01397.png,Eglė mėgsta gerti vandenį.
Datasets/Real_Handwriting/images/form_344_sentence_4.png,Mokytojas būna parke.
Datasets/Real_Handwriting/images/form_159_sentence_2.png,Draugai dainuoja knygą prie ežero.
Datasets/Synthetic_Sentences/images/sentence_01591.png,Kruopščiai gydytojas neša knygą.
Datasets/Synthetic_Sentences/images/sentence_00282.png,Mindaugas žaidžia mokykloje.
Datasets/Real_Handwriting/images/form_259_sentence_3.png,Katė stengiasi šokti.
Datasets/Synthetic_Sentences/images/sentence_01865.png,Laura sportuoja parke.
Datasets/Synthetic_Sentences/images/sentence_02430.png,Mergaitė mėgsta skaityti knygą.
Datasets/Real_Handwriting/images/form_229_sentence_1.png,Džiaugsmingai studentė sportuoja stadione.
Datasets/Synthetic_Sentences/images/sentence_00331.png,Rytoj Renata skaitys žurnalą.
Datasets/Synthetic_Sentences/images/sentence_01446.png,Kruopščiai Saulius mokosi mokykloje.
Datasets/Real_Handwriting/images/form_330_sentence_2.png,Vakar Danielius skaitė istoriją.
Datasets/Synthetic_Sentences/images/sentence_00251.png,Rytoj Žilvinas skaitys žemėlapį.
Datasets/Real_Handwriting/images/form_147_sentence_5.png,Šiandien mes sportuoja šiandien.
Datasets/Real_Handwriting/images/form_026_sentence_2.png,Mergaitė bijo galvoti mokyklą.
Datasets/Real_Handwriting/images/form_194_sentence_1.png,Jie bėga ir bėga.
Datasets/Synthetic_Sentences/images/sentence_02320.png,Šiandien Rasa dirba parke.
Datasets/Synthetic_Sentences/images/sentence_01786.png,Tyliai Renata mokosi parke.
Datasets/Real_Handwriting/images/form_056_sentence_2.png,Jis labai retai tvarkosi.
Datasets/Synthetic_Sentences/images/sentence_01699.png,Šiandien Mindaugas skaito receptą.
Datasets/Real_Handwriting/images/form_326_sentence_2.png,Šiandien paukštis skaito laišką.
Datasets/Real_Handwriting/images/form_027_sentence_3.png,Draugas stengiasi galvoti.
Datasets/Synthetic_Sentences/images/sentence_00018.png,Vaikas skaito istoriją.
Datasets/Real_Handwriting/images/form_403_sentence_1.png,Saulius mėgsta važiuoti dovaną.
Datasets/Synthetic_Sentences/images/sentence_00098.png,Švelniai Marija dirba ligoninėje.
Datasets/Synthetic_Sentences/images/sentence_00583.png,Šiandien šuo mokosi namuose.
Datasets/Synthetic_Sentences/images/sentence_00329.png,Rytoj Neringa skaitys istoriją.
Datasets/Synthetic_Sentences/images/sentence_01764.png,Šiandien studentė perka žaislą.
Datasets/Synthetic_Sentences/images/sentence_00501.png,Mokytojas neša laišką.
Datasets/Real_Handwriting/images/form_502_sentence_4.png,Jonas stengiasi keliauti.
Datasets/Real_Handwriting/images/form_298_sentence_4.png,Paukštis geria pieną.
Datasets/Real_Handwriting/images/form_409_sentence_4.png,Mielai gydytojas mokosi namuose.
Datasets/Real_Handwriting/images/form_394_sentence_2.png,Atidžiai šeima ilsisi stadione.
Datasets/Real_Handwriting/images/form_400_sentence_4.png,Gydytojas lankosi namuose.
Datasets/Synthetic_Sentences/images/sentence_00379.png,Šiandien vaikas perka duoną.
Datasets/Real_Handwriting/images/form_155_sentence_5.png,Šuo dainuoja stotyje.
Datasets/Real_Handwriting/images/form_014_sentence_2.png,Jūs niekada ilsisi.
Datasets/Synthetic_Sentences/images/sentence_01311.png,Jurgita dirba sode.
Datasets/Real_Handwriting/images/form_508_sentence_2.png,Gintaras ilsisi ežero pakrantėje.
Datasets/Real_Handwriting/images/form_184_sentence_2.png,Studentas labai ramiai skuba.
Datasets/Synthetic_Sentences/images/sentence_01289.png,Garsiai Tomas mokosi miške.
Datasets/Real_Handwriting/images/form_065_sentence_3.png,Draugas sportuoja žaidimą.
Datasets/Synthetic_Sentences/images/sentence_01259.png,Ar studentė mėgsta skaityti?
Datasets/Synthetic_Sentences/images/sentence_00494.png,Ar Žilvinas mėgsta dirbti?
Datasets/Real_Handwriting/images/form_027_sentence_5.png,Moteris nori dirbti vandenį.
Datasets/Synthetic_Sentences/images/sentence_00270.png,Ingrida nori valgyti daržoves.
Datasets/Synthetic_Sentences/images/sentence_02490.png,Ramiai Neringa skaito receptą.
Datasets/Real_Handwriting/images/form_477_sentence_4.png,Mergaitė valgo košę.
Datasets/Synthetic_Sentences/images/sentence_00787.png,Vakar mergaitė dirbo ežero pakrantėje.
Datasets/Real_Handwriting/images/form_203_sentence_2.png,Šeima renka obuolius.
Datasets/Synthetic_Sentences/images/sentence_01749.png,Marija renka akmenis.
Datasets/Synthetic_Sentences/images/sentence_01585.png,Neringa nori gerti pieną.
Datasets/Real_Handwriting/images/form_095_sentence_5.png,Tyliai aš kalba arbatą.
Datasets/Real_Handwriting/images/form_059_sentence_1.png,Studentai žiūri prie ežero ir kalnuose.
Datasets/Synthetic_Sentences/images/sentence_00664.png,Greitai berniukas perka dovaną.
Datasets/Synthetic_Sentences/images/sentence_00376.png,Laura valgo obuolį.
Datasets/Synthetic_Sentences/images/sentence_00613.png,Rūpestingai Gintaras valgo daržoves.
Datasets/Synthetic_Sentences/images/sentence_02095.png,Renata nori rašyti istoriją.
Datasets/Real_Handwriting/images/form_076_sentence_5.png,Draugai nemėgsta žaisti žaidimą.
Datasets/Synthetic_Sentences/images/sentence_00757.png,Ingrida mokosi ežero pakrantėje.
Datasets/Synthetic_Sentences/images/sentence_00801.png,Šuo nori skaityti istoriją.
Datasets/Synthetic_Sentences/images/sentence_02176.png,Ar mokytojas nori mokytis?
Datasets/Synthetic_Sentences/images/sentence_01623.png,Jurgita nori mokytis.
Datasets/Real_Handwriting/images/form_241_sentence_4.png,Renata skaito žurnalą.
Datasets/Real_Handwriting/images/form_077_sentence_1.png,Ar jos bėga?
Datasets/Real_Handwriting/images/form_280_sentence_1.png,Katė ilsisi pievoje.
Datasets/Real_Handwriting/images/form_394_sentence_4.png,Šuo groja dainą.
Datasets/Real_Handwriting/images/form_206_sentence_4.png,Šiandien šuo mokosi mieste.
Datasets/Synthetic_Sentences/images/sentence_00232.png,Vakar Tomas nešė gėlę.
Datasets/Synthetic_Sentences/images/sentence_01614.png,Šiandien Jonas perka arbatą.
Datasets/Real_Handwriting/images/form_035_sentence_2.png,Ji šypsosi ligoninėje.
Datasets/Real_Handwriting/images/form_166_sentence_5.png,Mokytojas vakar mokosi.
Datasets/Real_Handwriting/images/form_357_sentence_2.png,Neringa žaidžia parke.
Datasets/Real_Handwriting/images/form_489_sentence_2.png,Garsiai Tomas sportuoja paplūdimyje.
Datasets/Synthetic_Sentences/images/sentence_01352.png,Ar Tomas mėgsta keliauti?
Datasets/Synthetic_Sentences/images/sentence_00718.png,Garsiai Žilvinas perka duoną.
Datasets/Real_Handwriting/images/form_192_sentence_5.png,Moterys labai vakar verkia.
Datasets/Synthetic_Sentences/images/sentence_01555.png,Laura renka gėles.
Datasets/Real_Handwriting/images/form_140_sentence_1.png,Ar aš dainuoja?
Datasets/Synthetic_Sentences/images/sentence_01160.png,Marija lankosi miške.
Datasets/Synthetic_Sentences/images/sentence_01341.png,Šuo nori gerti kavą.
Datasets/Real_Handwriting/images/form_411_sentence_3.png,Saulius skaito žurnalą.
Datasets/Synthetic_Sentences/images/sentence_00777.png,Studentė dirba upės pakrantėje.
Datasets/Synthetic_Sentences/images/sentence_02107.png,Džiaugsmingai Eglė skaito žurnalą.
Datasets/Synthetic_Sentences/images/sentence_02042.png,Ar Eglė dirba miške?
Datasets/Synthetic_Sentences/images/sentence_00456.png,Šiandien Petras perka gėlę.
Datasets/Real_Handwriting/images/form_330_sentence_5.png,Cecilija čiuožia ant ledo.
Datasets/Real_Handwriting/images/form_400_sentence_1.png,Paukštis perka knygą.
Datasets/Real_Handwriting/images/form_379_sentence_2.png,Garsiai mokytojas neša knygą.
Datasets/Synthetic_Sentences/images/sentence_02453.png,Šiandien Renata skaito istoriją.
Datasets/Synthetic_Sentences/images/sentence_02322.png,Rūpestingai gydytojas dirba kavinėje.
Datasets/Real_Handwriting/images/form_125_sentence_2.png,Ar jos dirba?
Datasets/Real_Handwriting/images/form_403_sentence_3.png,Mokytoja perka arbatą.
Datasets/Real_Handwriting/images/form_106_sentence_3.png,Moterys žiūri mokyklą miške.
Datasets/Synthetic_Sentences/images/sentence_01886.png,Šiandien Danielius perka knygą.
Datasets/Synthetic_Sentences/images/sentence_00077.png,Laura nori rašyti receptą.
Datasets/Synthetic_Sentences/images/sentence_01231.png,Neringa mėgsta skaityti laišką.
Datasets/Synthetic_Sentences/images/sentence_01575.png,Vakar Jonas dirbo kalnuose.
Datasets/Real_Handwriting/images/form_097_sentence_1.png,Gydytojai keliauoja vaisius kaime.
Datasets/Synthetic_Sentences/images/sentence_02008.png,Greitai Jonas valgo vaisius.
Datasets/Synthetic_Sentences/images/sentence_00911.png,Jonas nori groti.
Datasets/Synthetic_Sentences/images/sentence_02161.png,Vaikas nori pirkti arbatą.
Datasets/Real_Handwriting/images/form_286_sentence_2.png,Ramiai Gintaras skaito knygą.
Datasets/Real_Handwriting/images/form_443_sentence_4.png,Vakar mokytoja skaitė laišką.
Datasets/Real_Handwriting/images/form_143_sentence_4.png,Jūs mokosi ir mokosi.
Datasets/Synthetic_Sentences/images/sentence_00923.png,Ingrida nori rašyti istoriją.
Datasets/Real_Handwriting/images/form_402_sentence_4.png,Vakar žirgas nešė laišką.
Datasets/Synthetic_Sentences/images/sentence_00184.png,Mielai Jonas mokosi bibliotekoje.
Datasets/Synthetic_Sentences/images/sentence_01842.png,Atidžiai mokytoja ilsisi sode.
Datasets/Synthetic_Sentences/images/sentence_00219.png,Garsiai Marija dirba stadione.
Datasets/Real_Handwriting/images/form_214_sentence_1.png,Rasa rašo užduotį.
Datasets/Synthetic_Sentences/images/sentence_00040.png,Mokytojas neša dovaną.
Datasets/Synthetic_Sentences/images/sentence_01415.png,Ingrida gyvena sode.
Datasets/Synthetic_Sentences/images/sentence_02146.png,Atidžiai Eglė valgo daržoves.
Datasets/Synthetic_Sentences/images/sentence_00216.png,Laura perka kavą.
Datasets/Synthetic_Sentences/images/sentence_00121.png,Tomas mėgsta rašyti.
Datasets/Synthetic_Sentences/images/sentence_01474.png,Saulius mėgsta rašyti.
Datasets/Synthetic_Sentences/images/sentence_00358.png,Žilvinas stengiasi žaisti.
Datasets/Real_Handwriting/images/form_155_sentence_1.png,Tyliai aš kalba dainą.
Datasets/Synthetic_Sentences/images/sentence_02311.png,Ar studentas mėgsta važiuoti?
Datasets/Synthetic_Sentences/images/sentence_00808.png,Mokytojas perka duoną.
Datasets/Real_Handwriting/images/form_283_sentence_5.png,Čiurlionį menininkai laiko išskirtiniu kūrėju.
Datasets/Synthetic_Sentences/images/sentence_01325.png,Mokytojas lankosi kaime.
Datasets/Real_Handwriting/images/form_411_sentence_5.png,Universiteto studentai žaidžia šachmatais laisvalaikiu.
Datasets/Real_Handwriting/images/form_310_sentence_2.png,Jonas ilsisi stotyje.
Datasets/Real_Handwriting/images/form_397_sentence_5.png,Cecilija čiuožia ant ledo.
Datasets/Synthetic_Sentences/images/sentence_00323.png,Rytoj Neringa skaitys receptą.
Datasets/Real_Handwriting/images/form_450_sentence_4.png,Kristina mėgsta tvarkytis.
Datasets/Real_Handwriting/images/form_005_sentence_1.png,Gydytojas tvarkosi paveikslą.
Datasets/Synthetic_Sentences/images/sentence_00694.png,Katė bando plaukti.
Datasets/Synthetic_Sentences/images/sentence_01565.png,Vakar katė dirbo mieste.
Datasets/Synthetic_Sentences/images/sentence_00806.png,Berniukas ilsisi stotyje.
Datasets/Real_Handwriting/images/form_173_sentence_5.png,Jūs mokosi darbe ir kalnuose.
Datasets/Synthetic_Sentences/images/sentence_01985.png,Ar Mindaugas mėgsta kalbėti?
Datasets/Synthetic_Sentences/images/sentence_02398.png,Vakar katė skaitė žurnalą.
Datasets/Real_Handwriting/images/form_049_sentence_1.png,Mergaitė gerai tvarkosi.
Datasets/Real_Handwriting/images/form_080_sentence_3.png,Aš lėtai sportuoja.
Datasets/Real_Handwriting/images/form_291_sentence_4.png,Rūpestingai Gintaras rašo receptą.
Datasets/Real_Handwriting/images/form_006_sentence_2.png,Vyras verkia miške ir darbe.
Datasets/Synthetic_Sentences/images/sentence_00502.png,Studentė perka gėlę.
Datasets/Synthetic_Sentences/images/sentence_00580.png,Renata gyvena mieste.
Datasets/Synthetic_Sentences/images/sentence_00295.png,Mergaitė nori pirkti kavą.
Datasets/Synthetic_Sentences/images/sentence_02489.png,Vakar mokytojas dirbo sode.
Datasets/Synthetic_Sentences/images/sentence_01701.png,Žilvinas perka arbatą.
Datasets/Real_Handwriting/images/form_266_sentence_2.png,Saulius perka gėlę.
Datasets/Synthetic_Sentences/images/sentence_00490.png,Vaikas bando žaisti.
Datasets/Synthetic_Sentences/images/sentence_01599.png,Saulius nori valgyti košę.
Datasets/Synthetic_Sentences/images/sentence_02414.png,Mokytojas skaito laišką.
Datasets/Real_Handwriting/images/form_078_sentence_1.png,Moteris labai kartu galvoja.
Datasets/Real_Handwriting/images/form_038_sentence_4.png,Šiandien mes bėga rytoj.
Datasets/Real_Handwriting/images/form_505_sentence_2.png,Vakar studentas skaitė receptą.
Datasets/Synthetic_Sentences/images/sentence_00287.png,Tomas nori galvoti.
Datasets/Synthetic_Sentences/images/sentence_01141.png,Studentė žaidžia bibliotekoje.
Datasets/Synthetic_Sentences/images/sentence_01477.png,Drąsiai Mindaugas mokosi miške.
Datasets/Real_Handwriting/images/form_235_sentence_5.png,Vaikas džiaugsmingai šokinėja per balas po lietaus.
Datasets/Synthetic_Sentences/images/sentence_00365.png,Rūpestingai vaikas rašo laišką.
Datasets/Synthetic_Sentences/images/sentence_01819.png,Šiandien Danielius mokosi namuose.
Datasets/Synthetic_Sentences/images/sentence_01726.png,Rasa gyvena upės pakrantėje.
Datasets/Real_Handwriting/images/form_467_sentence_4.png,Studentas renka gėles.
Datasets/Synthetic_Sentences/images/sentence_00354.png,Mindaugas valgo duoną.
Datasets/Real_Handwriting/images/form_112_sentence_2.png,Tu rašo mieste ir paplūdimyje.
Datasets/Synthetic_Sentences/images/sentence_00245.png,Ar Eglė nori dirbti?
Datasets/Real_Handwriting/images/form_237_sentence_5.png,Kavinėje kvepėjo kava ir cinamonu.
Datasets/Real_Handwriting/images/form_183_sentence_1.png,Draugas bijo skubėti knygą.
Datasets/Synthetic_Sentences/images/sentence_01335.png,Studentė geria kavą.
Datasets/Real_Handwriting/images/form_170_sentence_2.png,Mergaitė dirba ligoninėje ir kaime.
Datasets/Real_Handwriting/images/form_391_sentence_2.png,Žmogus žaidžia parke.
Datasets/Synthetic_Sentences/images/sentence_01050.png,Gintaras renka obuolius.
Datasets/Real_Handwriting/images/form_386_sentence_5.png,Cukrų ir cinamoną dedame į pyragą.
Datasets/Synthetic_Sentences/images/sentence_02437.png,Tomas nori skaityti žemėlapį.
Datasets/Real_Handwriting/images/form_431_sentence_2.png,Džiaugsmingai Tomas perka žaislą.
Datasets/Real_Handwriting/images/form_199_sentence_1.png,Jie šypsosi maistą stadione.
Datasets/Synthetic_Sentences/images/sentence_00747.png,Lėtai Mindaugas skaito receptą.
Datasets/Real_Handwriting/images/form_394_sentence_5.png,Cecilija čiuožia ant ledo.
Datasets/Real_Handwriting/images/form_054_sentence_5.png,Aš sportuoja maistą mokykloje.
Datasets/Synthetic_Sentences/images/sentence_01487.png,Šiandien Marija perka knygą.
Datasets/Real_Handwriting/images/form_182_sentence_4.png,Jūs labai greitai kalba.
Datasets/Synthetic_Sentences/images/sentence_00550.png,Žilvinas mėgsta gerti kavą.
Datasets/Real_Handwriting/images/form_132_sentence_1.png,Mokytojas mielai keliauoja.
Datasets/Synthetic_Sentences/images/sentence_00496.png,Jonas mėgsta skaityti laišką.
Datasets/Synthetic_Sentences/images/sentence_01229.png,Tomas dirba sode.
Datasets/Real_Handwriting/images/form_223_sentence_4.png,Ar paukštis mėgsta sportuoti?
Datasets/Synthetic_Sentences/images/sentence_00089.png,Šiandien Danielius skaito knygą.
Datasets/Real_Handwriting/images/form_250_sentence_2.png,Ingrida nori dirbti.
Datasets/Real_Handwriting/images/form_331_sentence_2.png,Mindaugas nori statyti.
Datasets/Synthetic_Sentences/images/sentence_01794.png,Mergaitė nori gerti vandenį.
Datasets/Synthetic_Sentences/images/sentence_01243.png,Berniukas perka žaislą.
Datasets/Real_Handwriting/images/form_226_sentence_3.png,Ramiai vaikas skaito receptą.
Datasets/Real_Handwriting/images/form_068_sentence_2.png,Mokytojas kalba namuose ir parke.
Datasets/Real_Handwriting/images/form_261_sentence_3.png,Ar Jonas mokosi ežero pakrantėje?
Datasets/Real_Handwriting/images/form_270_sentence_2.png,Ar mokytojas mokosi parke?
Datasets/Real_Handwriting/images/form_134_sentence_3.png,Vyras kalba namus.
Datasets/Synthetic_Sentences/images/sentence_02276.png,Eglė renka obuolius.
Datasets/Synthetic_Sentences/images/sentence_00171.png,Renata sportuoja mokykloje.
Datasets/Real_Handwriting/images/form_185_sentence_3.png,Gydytojai mėgsta skubėti žemėlapį.
Datasets/Real_Handwriting/images/form_488_sentence_1.png,Žmogus groja simfoniją.
Datasets/Synthetic_Sentences/images/sentence_01097.png,Drąsiai Rasa mokosi stotyje.
Datasets/Synthetic_Sentences/images/sentence_01870.png,Gydytojas mėgsta pirkti dovaną.
Datasets/Synthetic_Sentences/images/sentence_00770.png,Renata nori pirkti duoną.
Datasets/Real_Handwriting/images/form_216_sentence_2.png,Neringa ilsisi stotyje.
Datasets/Real_Handwriting/images/form_463_sentence_4.png,Petras sportuoja bibliotekoje.
Datasets/Real_Handwriting/images/form_066_sentence_5.png,Moterys skaito pamoką paplūdimyje.
Datasets/Real_Handwriting/images/form_118_sentence_5.png,Mergaitė pradeda eiti filmą.
Datasets/Synthetic_Sentences/images/sentence_02171.png,Kristina nori gerti pieną.
Datasets/Synthetic_Sentences/images/sentence_01390.png,Švelniai Žilvinas neša laišką.
Datasets/Real_Handwriting/images/form_189_sentence_5.png,Šiandien moterys dainuoja tyliai.
Datasets/Real_Handwriting/images/form_202_sentence_3.png,Mergaitė žaidžia stadione.
Datasets/Synthetic_Sentences/images/sentence_02112.png,Mergaitė lankosi namuose.
Datasets/Real_Handwriting/images/form_353_sentence_5.png,Kartu keliaujame per kalnų taką.
Datasets/Real_Handwriting/images/form_348_sentence_2.png,Katė sportuoja ežero pakrantėje.
Datasets/Synthetic_Sentences/images/sentence_01189.png,Mergaitė mėgsta eiti.
Datasets/Synthetic_Sentences/images/sentence_00206.png,Šiandien Jurgita perka kavą.
Datasets/Real_Handwriting/images/form_228_sentence_1.png,Marija pradeda dirbti.
Datasets/Synthetic_Sentences/images/sentence_01663.png,Lėtai Saulius valgo obuolį.
Datasets/Synthetic_Sentences/images/sentence_00858.png,Ramiai Laura mokosi stadione.
Datasets/Real_Handwriting/images/form_139_sentence_5.png,Mes skuba daržoves stotyje.
Datasets/Synthetic_Sentences/images/sentence_00654.png,Studentė renka grybus.
Datasets/Synthetic_Sentences/images/sentence_01244.png,Gydytojas mėgsta rašyti.
Datasets/Synthetic_Sentences/images/sentence_01245.png,Jurgita mėgsta skaityti žurnalą.
Datasets/Real_Handwriting/images/form_455_sentence_1.png,Rasa neša knygą.
Datasets/Synthetic_Sentences/images/sentence_00740.png,Studentas nori valgyti košę.
Datasets/Synthetic_Sentences/images/sentence_01508.png,Vakar Laura nešė žaislą.
Datasets/Synthetic_Sentences/images/sentence_01111.png,Ar Tomas mokosi mokykloje?
Datasets/Synthetic_Sentences/images/sentence_01414.png,Neringa renka akmenis.
Datasets/Synthetic_Sentences/images/sentence_01239.png,Ar vaikas dirba mokykloje?
Datasets/Synthetic_Sentences/images/sentence_00032.png,Studentė geria kavą.
Datasets/Synthetic_Sentences/images/sentence_01648.png,Ar Neringa mokosi darbe?
Datasets/Real_Handwriting/images/form_213_sentence_4.png,Ingrida dirba ligoninėje.
Datasets/Synthetic_Sentences/images/sentence_00579.png,Neringa nori gerti pieną.
Datasets/Real_Handwriting/images/form_313_sentence_1.png,Paukštis lankosi pievoje.
Datasets/Real_Handwriting/images/form_241_sentence_2.png,Vaikas žaidžia pievoje.
Datasets/Synthetic_Sentences/images/sentence_01662.png,Šiandien Laura ilsisi bibliotekoje.
Datasets/Real_Handwriting/images/form_322_sentence_2.png,Rasa žaidžia parke.
Datasets/Real_Handwriting/images/form_102_sentence_4.png,Draugai bijo tvarkytis kavą.
Datasets/Synthetic_Sentences/images/sentence_01134.png,Vakar Danielius skaitė žemėlapį.
Datasets/Real_Handwriting/images/form_041_sentence_5.png,Gydytojai niekada klauso.
Datasets/Real_Handwriting/images/form_208_sentence_1.png,Rūpestingai Kristina skaito istoriją.
Datasets/Real_Handwriting/images/form_227_sentence_1.png,Paukštis neša krepšį.
Datasets/Real_Handwriting/images/form_263_sentence_1.png,Šiandien mokytojas skaito laišką.
Datasets/Synthetic_Sentences/images/sentence_01932.png,Studentė perka kavą.
Datasets/Real_Handwriting/images/form_024_sentence_2.png,Niekada vyras valgo mokyklą.
Datasets/Real_Handwriting/images/form_455_sentence_2.png,Ingrida geria vandenį.
Datasets/Synthetic_Sentences/images/sentence_02075.png,Katė dirba mieste.
Datasets/Real_Handwriting/images/form_387_sentence_2.png,Mokytoja žaidžia paplūdimyje.
Datasets/Real_Handwriting/images/form_025_sentence_5.png,Vyrai retai mąsto.
Datasets/Real_Handwriting/images/form_445_sentence_4.png,Rytoj mergaitė skaitys žurnalą.
Datasets/Synthetic_Sentences/images/sentence_02285.png,Marija žaidžia sode.
Datasets/Real_Handwriting/images/form_024_sentence_3.png,Draugai klauso ir klauso.
Datasets/Synthetic_Sentences/images/sentence_00311.png,Mokytoja mėgsta gerti pieną.
Datasets/Real_Handwriting/images/form_434_sentence_1.png,Ar mergaitė skaito laišką?
Datasets/Real_Handwriting/images/form_272_sentence_1.png,Neringa nori šokti laišką.
Datasets/Real_Handwriting/images/form_016_sentence_2.png,Vyrai galvoja maistą stotyje.
Datasets/Real_Handwriting/images/form_204_sentence_5.png,Universiteto studentai žaidžia šachmatais laisvalaikiu.
Datasets/Synthetic_Sentences/images/sentence_01897.png,Marija nori skaityti receptą.
Datasets/Real_Handwriting/images/form_339_sentence_5.png,Eglė eina į egzaminą ramiai.
Datasets/Real_Handwriting/images/form_317_sentence_4.png,Mokytoja žaidžia darbe.
Datasets/Synthetic_Sentences/images/sentence_00863.png,Rasa pradeda groti.
Datasets/Real_Handwriting/images/form_168_sentence_1.png,Paukštis labai kruopščiai valgo.
Datasets/Synthetic_Sentences/images/sentence_00447.png,Ar Gintaras mėgsta dainuoti?
Datasets/Synthetic_Sentences/images/sentence_00377.png,Mokytoja valgo vaisius.
Datasets/Synthetic_Sentences/images/sentence_01887.png,Petras mėgsta groti.
Datasets/Synthetic_Sentences/images/sentence_01374.png,Danielius renka gėles.
Datasets/Synthetic_Sentences/images/sentence_02233.png,Berniukas žaidžia kaime.
Datasets/Synthetic_Sentences/images/sentence_01318.png,Saulius gyvena ežero pakrantėje.
Datasets/Synthetic_Sentences/images/sentence_00190.png,Ar Renata mėgsta plaukti?
Datasets/Synthetic_Sentences/images/sentence_01621.png,Neringa nori valgyti.
Datasets/Real_Handwriting/images/form_263_sentence_4.png,Rasa groja muzikos kūrinį.
Datasets/Synthetic_Sentences/images/sentence_02325.png,Rasa rašo laišką.
Datasets/Real_Handwriting/images/form_203_sentence_3.png,Ar katė dirba stotyje?
Datasets/Real_Handwriting/images/form_119_sentence_1.png,Gydytojas labai ramiai tvarkosi.
Datasets/Synthetic_Sentences/images/sentence_00361.png,Šiandien Ingrida mokosi namuose.
Datasets/Synthetic_Sentences/images/sentence_00532.png,Šiandien studentas mokosi ežero pakrantėje.
Datasets/Real_Handwriting/images/form_492_sentence_3.png,Eglė renka obuolius.
Datasets/Synthetic_Sentences/images/sentence_01845.png,Vakar Marija nešė laišką.
Datasets/Real_Handwriting/images/form_077_sentence_4.png,Aš stengiasi miegoti daržoves.
Datasets/Synthetic_Sentences/images/sentence_01995.png,Vakar studentė skaitė receptą.
Datasets/Real_Handwriting/images/form_025_sentence_1.png,Katė galvoja kalnuose ir mokykloje.
Datasets/Synthetic_Sentences/images/sentence_01017.png,Rytoj Jurgita eis paplūdimyje.
Datasets/Synthetic_Sentences/images/sentence_00999.png,Kristina neša krepšį.
Datasets/Synthetic_Sentences/images/sentence_02425.png,Ar Mindaugas dirba bibliotekoje?
Datasets/Synthetic_Sentences/images/sentence_00628.png,Danielius mėgsta eiti.
Datasets/Synthetic_Sentences/images/sentence_01577.png,Ramiai šuo rašo laišką.
Datasets/Real_Handwriting/images/form_093_sentence_4.png,Jūs labai vakar dirba.
Datasets/Real_Handwriting/images/form_047_sentence_4.png,Jūs garsiai valgo.
Datasets/Real_Handwriting/images/form_109_sentence_2.png,Vaikai baigia šokti mokyklą.
Datasets/Synthetic_Sentences/images/sentence_00751.png,Mergaitė nori rašyti istoriją.
Datasets/Synthetic_Sentences/images/sentence_00277.png,Renata bando plaukti.
Datasets/Synthetic_Sentences/images/sentence_02470.png,Ingrida valgo sriubą.
Datasets/Real_Handwriting/images/form_241_sentence_3.png,Vaikas mėgsta žaisti.
Datasets/Synthetic_Sentences/images/sentence_01353.png,Mokytojas mėgsta groti.
Datasets/Real_Handwriting/images/form_275_sentence_5.png,Cukrų ir cinamoną dedame į pyragą.
Datasets/Real_Handwriting/images/form_017_sentence_5.png,Šiandien moterys eina labai.
Datasets/Synthetic_Sentences/images/sentence_01166.png,Ar Neringa skaito laišką?
Datasets/Real_Handwriting/images/form_115_sentence_1.png,Mokytojas eina prie ežero ir mieste.
Datasets/Synthetic_Sentences/images/sentence_01778.png,Kruopščiai Danielius ilsisi paplūdimyje.
Datasets/Real_Handwriting/images/form_444_sentence_3.png,Vakar Jonas skaitė laišką.
Datasets/Real_Handwriting/images/form_132_sentence_2.png,Šiandien mes rašo labai.
Datasets/Synthetic_Sentences/images/sentence_00417.png,Marija pradeda eiti.
Datasets/Real_Handwriting/images/form_193_sentence_4.png,Ar mokytojai mokosi?
Datasets/Real_Handwriting/images/form_268_sentence_5.png,Žuvėdros skraido žemai virš bangų.
Datasets/Real_Handwriting/images/form_314_sentence_3.png,Berniukas lankosi kalnuose.
Datasets/Real_Handwriting/images/form_469_sentence_2.png,Petras renka grybus.
Datasets/Synthetic_Sentences/images/sentence_01119.png,Ar mokytojas mėgsta sportuoti?
Datasets/Synthetic_Sentences/images/sentence_00838.png,Vakar šuo nešė dovaną.
Datasets/Synthetic_Sentences/images/sentence_01822.png,Mindaugas nori rašyti žemėlapį.
Datasets/Synthetic_Sentences/images/sentence_02452.png,Gydytojas nori valgyti daržoves.
Datasets/Real_Handwriting/images/form_416_sentence_5.png,Vaikai atbėga iš aikštės.
Datasets/Synthetic_Sentences/images/sentence_01102.png,Rasa nori rašyti.
Datasets/Synthetic_Sentences/images/sentence_02051.png,Šiandien Renata skaito knygą.
Datasets/Synthetic_Sentences/images/sentence_01589.png,Greitai Renata valgo duoną.
Datasets/Real_Handwriting/images/form_324_sentence_3.png,Švelniai mokytoja mokosi darbe.
Datasets/Real_Handwriting/images/form_349_sentence_3.png,Mergaitė geria sultis.
Datasets/Real_Handwriting/images/form_154_sentence_5.png,Jis rašo maistą darbe.
Datasets/Real_Handwriting/images/form_100_sentence_3.png,Mergaitės žaidžia paplūdimyje.
Datasets/Synthetic_Sentences/images/sentence_01860.png,Greitai Petras valgo sriubą.
Datasets/Real_Handwriting/images/form_415_sentence_1.png,Mergaitė nori groti paveikslą.
Datasets/Real_Handwriting/images/form_301_sentence_4.png,Vaikas skaito laišką.
Datasets/Real_Handwriting/images/form_175_sentence_3.png,Jie verkia ir verkia.
Datasets/Synthetic_Sentences/images/sentence_00426.png,Ar gydytojas mokosi ežero pakrantėje?
Datasets/Synthetic_Sentences/images/sentence_01882.png,Mokytoja skaito žemėlapį.
Datasets/Real_Handwriting/images/form_385_sentence_1.png,Mindaugas nori eiti.
Datasets/Synthetic_Sentences/images/sentence_00393.png,Vakar Danielius dirbo stadione.
Datasets/Synthetic_Sentences/images/sentence_01286.png,Vaikas rašo projektą.
Datasets/Synthetic_Sentences/images/sentence_01304.png,Džiaugsmingai Kristina rašo laišką.
Datasets/Real_Handwriting/images/form_421_sentence_1.png,Paukštis bando dainuoti.
Datasets/Synthetic_Sentences/images/sentence_00841.png,Šuo nori rašyti projektą.
Datasets/Synthetic_Sentences/images/sentence_02495.png,Šiandien studentas perka arbatą.
Datasets/Synthetic_Sentences/images/sentence_00398.png,Rytoj Saulius eis kalnuose.
Datasets/Real_Handwriting/images/form_236_sentence_2.png,Atidžiai šeima sportuoja pievoje.
Datasets/Synthetic_Sentences/images/sentence_02342.png,Mergaitė nori gerti arbatą.
Datasets/Real_Handwriting/images/form_108_sentence_4.png,Mes stengiasi eiti muziką.
Datasets/Synthetic_Sentences/images/sentence_00865.png,Švelniai Jonas rašo žemėlapį.
Datasets/Real_Handwriting/images/form_329_sentence_4.png,Kruopščiai šuo valgo vaisius.
Datasets/Real_Handwriting/images/form_085_sentence_1.png,Vyras mėgsta skaityti.
Datasets/Real_Handwriting/images/form_356_sentence_5.png,Cukrų ir cinamoną dedame į pyragą.
Datasets/Real_Handwriting/images/form_206_sentence_5.png,Cukrų ir cinamoną dedame į pyragą.
Datasets/Real_Handwriting/images/form_445_sentence_1.png,Vakar šeima nešė knygą.
Datasets/Real_Handwriting/images/form_041_sentence_3.png,Kartu moteris skaito knygą.
Datasets/Real_Handwriting/images/form_282_sentence_3.png,Tyliai žirgas perka dovaną.
Datasets/Synthetic_Sentences/images/sentence_01181.png,Atidžiai berniukas neša gėlę.
Datasets/Synthetic_Sentences/images/sentence_02372.png,Garsiai Žilvinas ilsisi paplūdimyje.
Datasets/Synthetic_Sentences/images/sentence_02344.png,Atidžiai Neringa dirba upės pakrantėje.
Datasets/Synthetic_Sentences/images/sentence_00409.png,Ar Gintaras mokosi stotyje?
Datasets/Synthetic_Sentences/images/sentence_00646.png,Mindaugas nori skaityti istoriją.
Datasets/Real_Handwriting/images/form_390_sentence_3.png,Vakar Žilvinas nešė krepšį.
Datasets/Real_Handwriting/images/form_253_sentence_3.png,Ar Mantas mokosi mieste?
Datasets/Synthetic_Sentences/images/sentence_00029.png,Jonas dirba sode.
Datasets/Synthetic_Sentences/images/sentence_01434.png,Petras skaito knygą.
Datasets/Synthetic_Sentences/images/sentence_01439.png,Danielius rašo receptą.
Datasets/Synthetic_Sentences/images/sentence_01666.png,Ar Danielius mokosi kalnuose?
Datasets/Synthetic_Sentences/images/sentence_01934.png,Ar Jonas dirba mokykloje?
Datasets/Real_Handwriting/images/form_405_sentence_1.png,Studentė bando mokytis.
Datasets/Real_Handwriting/images/form_198_sentence_4.png,Mokytojas žaidžia dainą stotyje.
Datasets/Real_Handwriting/images/form_455_sentence_3.png,Ingrida gyvena parke.
Datasets/Real_Handwriting/images/form_074_sentence_2.png,Jis dainuoja darbą.
Datasets/Synthetic_Sentences/images/sentence_01114.png,Žilvinas žaidžia kalnuose.
Datasets/Real_Handwriting/images/form_278_sentence_2.png,Mindaugas sportuoja ligoninėje.
Datasets/Synthetic_Sentences/images/sentence_00126.png,Katė mėgsta gerti kavą.
Datasets/Real_Handwriting/images/form_016_sentence_5.png,Jis mokosi prie ežero.
Datasets/Real_Handwriting/images/form_455_sentence_4.png,Žirgas groja dainą.
Datasets/Synthetic_Sentences/images/sentence_00839.png,Drąsiai studentė skaito laišką.
Datasets/Synthetic_Sentences/images/sentence_00761.png,Šiandien Mindaugas perka dovaną.
Datasets/Real_Handwriting/images/form_403_sentence_4.png,Renata neša gėlę.
Datasets/Real_Handwriting/images/form_134_sentence_4.png,Paukštis bėga laišką.
Datasets/Synthetic_Sentences/images/sentence_00843.png,Petras nori valgyti sriubą.
Datasets/Synthetic_Sentences/images/sentence_01505.png,Jurgita rašo receptą.
Datasets/Real_Handwriting/images/form_338_sentence_3.png,Mokytoja geria kavą.
Datasets/Synthetic_Sentences/images/sentence_00317.png,Marija neša žaislą.
Datasets/Synthetic_Sentences/images/sentence_00506.png,Mokytojas mėgsta pirkti duoną.
Datasets/Synthetic_Sentences/images/sentence_01306.png,Lėtai Laura valgo vaisius.
Datasets/Synthetic_Sentences/images/sentence_02040.png,Garsiai Jurgita skaito istoriją.
Datasets/Synthetic_Sentences/images/sentence_01947.png,Tomas mokosi pievoje.
Datasets/Synthetic_Sentences/images/sentence_00958.png,Saulius nori gerti sultis.
Datasets/Real_Handwriting/images/form_020_sentence_1.png,Šuo skuba sode ir miške.
Datasets/Synthetic_Sentences/images/sentence_00934.png,Garsiai Petras dirba mieste.
Datasets/Real_Handwriting/images/form_469_sentence_1.png,Jonas neša gėlę.
Datasets/Synthetic_Sentences/images/sentence_01760.png,Jurgita nori pirkti knygą.
Datasets/Synthetic_Sentences/images/sentence_01021.png,Drąsiai studentas skaito receptą.
Datasets/Synthetic_Sentences/images/sentence_00602.png,Mokytoja ilsisi namuose.
Datasets/Real_Handwriting/images/form_469_sentence_5.png,Universiteto studentai žaidžia šachmatais laisvalaikiu.
Datasets/Synthetic_Sentences/images/sentence_01347.png,Šiandien Petras skaito receptą.
Datasets/Synthetic_Sentences/images/sentence_00079.png,Švelniai Neringa mokosi stadione.
Datasets/Real_Handwriting/images/form_217_sentence_3.png,Šeima geria vandenį.
Datasets/Synthetic_Sentences/images/sentence_00247.png,Mergaitė dirba kalnuose.
Datasets/Synthetic_Sentences/images/sentence_00883.png,Eglė dirba stadione.
Datasets/Synthetic_Sentences/images/sentence_01137.png,Rūpestingai studentė perka duoną.
Datasets/Synthetic_Sentences/images/sentence_02347.png,Mokytoja neša laišką.
Datasets/Real_Handwriting/images/form_045_sentence_2.png,Vaikas juokiasi darbą.
Datasets/Real_Handwriting/images/form_257_sentence_4.png,Mielai Kristina perka kavą.
Datasets/Synthetic_Sentences/images/sentence_01438.png,Rytoj katė eis ežero pakrantėje.
Datasets/Real_Handwriting/images/form_347_sentence_5.png,Cecilija čiuožia ant ledo.
Datasets/Real_Handwriting/images/form_015_sentence_3.png,Šiandien mergaitė tvarkosi kruopščiai.
Datasets/Real_Handwriting/images/form_055_sentence_1.png,Katė labai greitai dainuoja.
Datasets/Real_Handwriting/images/form_427_sentence_5.png,Universiteto studentai žaidžia šachmatais laisvalaikiu.
Datasets/Real_Handwriting/images/form_186_sentence_1.png,Lėtai mokytojas mokosi daržoves.
Datasets/Real_Handwriting/images/form_203_sentence_1.png,Drąsiai Ingrida valgo sriubą.
Datasets/Real_Handwriting/images/form_180_sentence_1.png,Ramiai ji dainuoja žemėlapį.
Datasets/Synthetic_Sentences/images/sentence_00852.png,Ar studentė skaito istoriją?
Datasets/Real_Handwriting/images/form_230_sentence_3.png,Ar studentas nori galvoti?
Datasets/Synthetic_Sentences/images/sentence_00687.png,Marija lankosi mieste.
Datasets/Synthetic_Sentences/images/sentence_01481.png,Šiandien mokytoja ilsisi parke.
Datasets/Real_Handwriting/images/form_001_sentence_2.png,Vaikai piešia receptą.
Datasets/Synthetic_Sentences/images/sentence_01447.png,Jurgita rašo žemėlapį.
Datasets/Synthetic_Sentences/images/sentence_01228.png,Ar Eglė mokosi kalnuose?
Datasets/Synthetic_Sentences/images/sentence_01727.png,Ar Laura mėgsta bėgti?
Datasets/Synthetic_Sentences/images/sentence_01117.png,Šiandien Danielius skaito receptą.
Datasets/Real_Handwriting/images/form_048_sentence_1.png,Vaikas labai atidžiai skuba.
Datasets/Real_Handwriting/images/form_399_sentence_4.png,Šuo gyvena bibliotekoje.
Datasets/Real_Handwriting/images/form_014_sentence_5.png,Gydytojas lėtai verkia.
Datasets/Synthetic_Sentences/images/sentence_00389.png,Renata rašo istoriją.
Datasets/Synthetic_Sentences/images/sentence_02017.png,Šuo išbėgo į kiemą ir pradėjo loti.
Datasets/Synthetic_Sentences/images/sentence_01416.png,Eglė geria pieną.
Datasets/Synthetic_Sentences/images/sentence_01206.png,Švelniai Tomas dirba bibliotekoje.
Datasets/Real_Handwriting/images/form_298_sentence_1.png,Ar studentas skaito laišką?
Datasets/Synthetic_Sentences/images/sentence_01100.png,Žilvinas mokosi stadione.
Datasets/Synthetic_Sentences/images/sentence_02257.png,Katė geria kavą.
Datasets/Synthetic_Sentences/images/sentence_01769.png,Gydytojas stengiasi piešti.
Datasets/Synthetic_Sentences/images/sentence_01692.png,Mindaugas nori skaityti istoriją.
Datasets/Real_Handwriting/images/form_382_sentence_4.png,Kruopščiai Jurgita mokosi kaime.
Datasets/Synthetic_Sentences/images/sentence_01327.png,Mokytoja stengiasi rašyti.
Datasets/Real_Handwriting/images/form_488_sentence_2.png,Ar žirgas mokosi kaime?
Datasets/Synthetic_Sentences/images/sentence_00730.png,Ramiai Danielius rašo receptą.
Datasets/Real_Handwriting/images/form_277_sentence_5.png,Šuo išbėgo į kiemą ir pradėjo loti.
Datasets/Real_Handwriting/images/form_201_sentence_1.png,Rytoj Mantas skaitys žurnalą.
Datasets/Synthetic_Sentences/images/sentence_00896.png,Marija sportuoja namuose.
Datasets/Synthetic_Sentences/images/sentence_02359.png,Mokytoja mėgsta skaityti.
Datasets/Real_Handwriting/images/form_158_sentence_2.png,Ar vyras keliauoja?
Datasets/Synthetic_Sentences/images/sentence_02324.png,Gintaras nori rašyti laišką.
Datasets/Real_Handwriting/images/form_139_sentence_4.png,Katė keliauoja mieste.
Datasets/Synthetic_Sentences/images/sentence_01630.png,Rytoj Tomas skaitys knygą.
Datasets/Synthetic_Sentences/images/sentence_01093.png,Šiandien Gintaras ilsisi mieste.
Datasets/Real_Handwriting/images/form_051_sentence_2.png,Jos šoka arbatą namuose.
Datasets/Synthetic_Sentences/images/sentence_01710.png,Mielai Danielius valgo košę.
Datasets/Synthetic_Sentences/images/sentence_01339.png,Vakar Žilvinas skaitė knygą.
Datasets/Real_Handwriting/images/form_256_sentence_5.png,Elnias eina per mišką tyliai.
Datasets/Real_Handwriting/images/form_062_sentence_5.png,Gydytojai skaito žaidimą.
Datasets/Synthetic_Sentences/images/sentence_00243.png,Vakar Rasa dirbo parke.
Datasets/Synthetic_Sentences/images/sentence_01927.png,Vakar Neringa nešė dovaną.
Datasets/Real_Handwriting/images/form_463_sentence_2.png,Paukštis dirba mokykloje.
Datasets/Synthetic_Sentences/images/sentence_01746.png,Eglė nori gerti arbatą.
Datasets/Real_Handwriting/images/form_216_sentence_3.png,Studentė mėgsta žaisti dainą.
Datasets/Synthetic_Sentences/images/sentence_01511.png,Studentas gyvena kavinėje.
Datasets/Synthetic_Sentences/images/sentence_00586.png,Mantas neša žaislą.
Datasets/Real_Handwriting/images/form_396_sentence_3.png,Šiandien berniukas skaito receptą.
Datasets/Synthetic_Sentences/images/sentence_02229.png,Studentė nori rašyti laišką.
Datasets/Synthetic_Sentences/images/sentence_02367.png,Petras mokosi stadione.
Datasets/Synthetic_Sentences/images/sentence_01698.png,Rūpestingai mokytoja neša krepšį.
Datasets/Real_Handwriting/images/form_316_sentence_4.png,Žmogus perka gėlę.
Datasets/Real_Handwriting/images/form_126_sentence_4.png,Vyrai pradeda šokti darbą.
Datasets/Synthetic_Sentences/images/sentence_02046.png,Žilvinas nori valgyti.
Datasets/Real_Handwriting/images/form_422_sentence_1.png,Ar gydytojas dirba darbe?
Datasets/Real_Handwriting/images/form_279_sentence_1.png,Kruopščiai vaikas mokosi kavinėje.
Datasets/Synthetic_Sentences/images/sentence_01830.png,Atidžiai Tomas mokosi darbe.
Datasets/Synthetic_Sentences/images/sentence_00974.png,Mindaugas sportuoja darbe.
Datasets/Real_Handwriting/images/form_442_sentence_1.png,Mergaitė pradeda statyti.
Datasets/Real_Handwriting/images/form_145_sentence_2.png,Mokytojas labai niekada dainuoja.
Datasets/Synthetic_Sentences/images/sentence_01460.png,Saulius ilsisi upės pakrantėje.
Datasets/Real_Handwriting/images/form_276_sentence_4.png,Mantas mokosi upės pakrantėje.
Datasets/Real_Handwriting/images/form_125_sentence_1.png,Vyras nori piešti.
Datasets/Real_Handwriting/images/form_022_sentence_3.png,Studentai mąsto kaime ir prie ežero.
Datasets/Real_Handwriting/images/form_340_sentence_3.png,Ar Petras mėgsta eiti?
Datasets/Synthetic_Sentences/images/sentence_01898.png,Šiandien Mantas perka knygą.
Datasets/Real_Handwriting/images/form_273_sentence_5.png,Žaibas nušvietė tamsų dangų audros metu.
Datasets/Synthetic_Sentences/images/sentence_02250.png,Šiandien Rasa ilsisi kaime.
Datasets/Real_Handwriting/images/form_214_sentence_2.png,Renata renka vaisius.
Datasets/Synthetic_Sentences/images/sentence_01269.png,Mokytoja gyvena kalnuose.
Datasets/Synthetic_Sentences/images/sentence_01893.png,Rūpestingai gydytojas neša laišką.
Datasets/Real_Handwriting/images/form_433_sentence_1.png,Greitai mokytojas neša žaislą.
Datasets/Synthetic_Sentences/images/sentence_02194.png,Saulius mėgsta skaityti žemėlapį.
Datasets/Real_Handwriting/images/form_092_sentence_5.png,Paukštis verkia kavą paplūdimyje.
Datasets/Real_Handwriting/images/form_087_sentence_4.png,Vaikai labai kruopščiai mokosi.
Datasets/Real_Handwriting/images/form_464_sentence_2.png,Ar vaikas skaito knygą?
Datasets/Real_Handwriting/images/form_184_sentence_4.png,Moteris nemėgsta sportuoti.
Datasets/Synthetic_Sentences/images/sentence_02218.png,Šiandien Mindaugas perka dovaną.
Datasets/Real_Handwriting/images/form_202_sentence_2.png,Šiandien žmogus mokosi parke.
Datasets/Synthetic_Sentences/images/sentence_00809.png,Katė perka arbatą.
Datasets/Real_Handwriting/images/form_157_sentence_1.png,Katė šoka maistą stadione.
Datasets/Real_Handwriting/images/form_508_sentence_4.png,Tomas būna ligoninėje.
Datasets/Synthetic_Sentences/images/sentence_00155.png,Šuo rašo laišką.
Datasets/Synthetic_Sentences/images/sentence_01459.png,Renata neša gėlę.
Datasets/Real_Handwriting/images/form_394_sentence_1.png,Greitai Rasa neša dovaną.
Datasets/Real_Handwriting/images/form_363_sentence_4.png,Mokytoja nori mokytis paveikslą.
Datasets/Synthetic_Sentences/images/sentence_01379.png,Šiandien vaikas mokosi kalnuose.
Datasets/Real_Handwriting/images/form_060_sentence_5.png,Kartu studentas tvarkosi laišką.
Datasets/Synthetic_Sentences/images/sentence_02319.png,Saulius sportuoja parke.
Datasets/Real_Handwriting/images/form_341_sentence_3.png,Rytoj studentė eis stadione.
Datasets/Synthetic_Sentences/images/sentence_02217.png,Vakar Mindaugas dirbo pievoje.
Datasets/Real_Handwriting/images/form_197_sentence_3.png,Moteris mėgsta sportuoti istoriją.
Datasets/Real_Handwriting/images/form_143_sentence_5.png,Tyliai studentas bėga vaisius.
Datasets/Synthetic_Sentences/images/sentence_00564.png,Vakar Danielius skaitė receptą.
Datasets/Synthetic_Sentences/images/sentence_00755.png,Mergaitė ilsisi mieste.
Datasets/Real_Handwriting/images/form_191_sentence_1.png,Jos žaidžia mieste.
Datasets/Real_Handwriting/images/form_461_sentence_4.png,Rytoj Mindaugas skaitys receptą.
Datasets/Real_Handwriting/images/form_162_sentence_5.png,Mokytojai pradeda eiti.
Datasets/Synthetic_Sentences/images/sentence_02260.png,Berniukas gyvena upės pakrantėje.
Datasets/Real_Handwriting/images/form_381_sentence_5.png,Cukrų ir cinamoną dedame į pyragą.
Datasets/Synthetic_Sentences/images/sentence_01907.png,Šiandien Jurgita mokosi mieste.
Datasets/Synthetic_Sentences/images/sentence_00893.png,Vakar mergaitė skaitė istoriją.
Datasets/Synthetic_Sentences/images/sentence_02466.png,Šuo renka gėles.
Datasets/Real_Handwriting/images/form_180_sentence_4.png,Šiandien vyrai skuba visada.
Datasets/Synthetic_Sentences/images/sentence_01538.png,Studentė nori pirkti dovaną.
Datasets/Synthetic_Sentences/images/sentence_01529.png,Atidžiai Neringa mokosi upės pakrantėje.
Datasets/Synthetic_Sentences/images/sentence_01791.png,Jonas mėgsta skaityti laišką.
Datasets/Real_Handwriting/images/form_199_sentence_4.png,Jos atidžiai skaito.
Datasets/Real_Handwriting/images/form_031_sentence_3.png,Ar studentas sportuoja?
Datasets/Real_Handwriting/images/form_085_sentence_2.png,Vaikai klauso mokyklą mieste.
Datasets/Synthetic_Sentences/images/sentence_00023.png,Tomas nori valgyti sriubą.
Datasets/Synthetic_Sentences/images/sentence_01651.png,Šiandien Laura perka žaislą.
Datasets/Synthetic_Sentences/images/sentence_01201.png,Šiandien Neringa ilsisi parke.
Datasets/Synthetic_Sentences/images/sentence_00825.png,Rytoj studentė eis namuose.
Datasets/Synthetic_Sentences/images/sentence_01199.png,Ingrida valgo daržoves.
Datasets/Synthetic_Sentences/images/sentence_02213.png,Vakar katė nešė žaislą.
Datasets/Real_Handwriting/images/form_497_sentence_2.png,Drąsiai katė sportuoja miške.
Datasets/Real_Handwriting/images/form_114_sentence_1.png,Mergaitės žiūri receptą.
Datasets/Synthetic_Sentences/images/sentence_01943.png,Saulius sportuoja miške.
Datasets/Synthetic_Sentences/images/sentence_01736.png,Neringa mėgsta skaityti žemėlapį.
Datasets/Real_Handwriting/images/form_226_sentence_4.png,Šiandien Tomas dirba miške.
Datasets/Real_Handwriting/images/form_462_sentence_1.png,Ar Saulius mėgsta statyti?
Datasets/Real_Handwriting/images/form_380_sentence_4.png,Jonas skaito knygą.
Datasets/Synthetic_Sentences/images/sentence_01132.png,Ar šuo nori žaisti?
Datasets/Synthetic_Sentences/images/sentence_02149.png,Švelniai Saulius skaito laišką.
Datasets/Real_Handwriting/images/form_486_sentence_5.png,Žuvėdros skraido žemai virš bangų.
Datasets/Real_Handwriting/images/form_313_sentence_2.png,Rasa ilsisi kavinėje.
Datasets/Synthetic_Sentences/images/sentence_00534.png,Vakar Petras dirbo bibliotekoje.
Datasets/Synthetic_Sentences/images/sentence_00997.png,Šuo nori pirkti gėlę.
Datasets/Synthetic_Sentences/images/sentence_00978.png,Greitai Danielius dirba pievoje.
Datasets/Synthetic_Sentences/images/sentence_00554.png,Ar studentas mėgsta ilsėtis?
Datasets/Synthetic_Sentences/images/sentence_01788.png,Studentas skaito žemėlapį.
Datasets/Synthetic_Sentences/images/sentence_01669.png,Katė geria pieną.
Datasets/Synthetic_Sentences/images/sentence_02291.png,Studentė geria pieną.
Datasets/Real_Handwriting/images/form_073_sentence_2.png,Mergaitės lėtai galvoja.
Datasets/Real_Handwriting/images/form_276_sentence_3.png,Švelniai Renata valgo vaisius.
Datasets/Real_Handwriting/images/form_095_sentence_4.png,Paukštis žiūri žaidimą.
Datasets/Real_Handwriting/images/form_094_sentence_3.png,Šiandien jis dirba visada.
Datasets/Synthetic_Sentences/images/sentence_01556.png,Švelniai berniukas ilsisi mokykloje.
Datasets/Synthetic_Sentences/images/sentence_00340.png,Ar Neringa nori ilsėtis?
Datasets/Real_Handwriting/images/form_452_sentence_3.png,Rytoj Danielius eis stadione.
Datasets/Real_Handwriting/images/form_333_sentence_2.png,Lėtai Danielius sportuoja darbe.
Datasets/Synthetic_Sentences/images/sentence_02383.png,Jonas nori važiuoti.
Datasets/Real_Handwriting/images/form_152_sentence_1.png,Draugai labai šiandien tvarkosi.
Datasets/Real_Handwriting/images/form_320_sentence_1.png,Džiaugsmingai Ingrida dirba kaime.
Datasets/Synthetic_Sentences/images/sentence_00614.png,Neringa rašo istoriją.
Datasets/Synthetic_Sentences/images/sentence_00767.png,Saulius mokosi sode.
Datasets/Real_Handwriting/images/form_499_sentence_5.png,Cecilija čiuožia ant ledo.
Datasets/Synthetic_Sentences/images/sentence_00026.png,Katė mėgsta skaityti istoriją.
Datasets/Real_Handwriting/images/form_125_sentence_5.png,Retai tu skaito dainą.
Datasets/Real_Handwriting/images/form_230_sentence_2.png,Vakar Mantas dirbo stadione.
Datasets/Synthetic_Sentences/images/sentence_00527.png,Vaikas ilsisi mokykloje.
Datasets/Real_Handwriting/images/form_496_sentence_1.png,Katė mėgsta sportuoti.
Datasets/Real_Handwriting/images/form_013_sentence_5.png,Vyras keliauoja filmą.
Datasets/Synthetic_Sentences/images/sentence_02252.png,Švelniai šuo ilsisi namuose.
Datasets/Synthetic_Sentences/images/sentence_00894.png,Gydytojas lankosi paplūdimyje.
Datasets/Real_Handwriting/images/form_111_sentence_3.png,Paukštis piešia ir piešia.
Datasets/Real_Handwriting/images/form_352_sentence_5.png,Čiulba paukščiai ankstų rytą.
Datasets/Real_Handwriting/images/form_465_sentence_5.png,Kavinėje kvepėjo kava ir cinamonu.
Datasets/Real_Handwriting/images/form_192_sentence_2.png,Šiandien draugai mąsto tyliai.
Datasets/Synthetic_Sentences/images/sentence_02048.png,Kristina mėgsta gerti vandenį.
Datasets/Synthetic_Sentences/images/sentence_00897.png,Greitai studentas mokosi upės pakrantėje.
Datasets/Synthetic_Sentences/images/sentence_01042.png,Renata nori gerti kavą.
Datasets/Real_Handwriting/images/form_144_sentence_4.png,Paukštis sportuoja filmą.
Datasets/Real_Handwriting/images/form_283_sentence_3.png,Atidžiai Ingrida valgo vaisius.
Datasets/Real_Handwriting/images/form_272_sentence_2.png,Kruopščiai Danielius perka arbatą.
Datasets/Real_Handwriting/images/form_018_sentence_2.png,Jis galvoja paveikslą.
Datasets/Real_Handwriting/images/form_251_sentence_1.png,Vakar Neringa skaitė knygą.
Datasets/Real_Handwriting/images/form_306_sentence_5.png,Herojus niekada nepraranda drąsos.
Datasets/Synthetic_Sentences/images/sentence_01197.png,Eglė nori gerti kavą.
Datasets/Synthetic_Sentences/images/sentence_02420.png,Jonas mėgsta skaityti istoriją.
Datasets/Synthetic_Sentences/images/sentence_02144.png,Vakar Neringa dirbo paplūdimyje.
Datasets/Synthetic_Sentences/images/sentence_00479.png,Šuo žaidžia paplūdimyje.
Datasets/Real_Handwriting/images/form_434_sentence_2.png,Rytoj Mantas eis ligoninėje.
Datasets/Real_Handwriting/images/form_069_sentence_3.png,Studentai tvarkosi ir tvarkosi.
Datasets/Real_Handwriting/images/form_452_sentence_4.png,Laura bando dirbti.
Datasets/Synthetic_Sentences/images/sentence_01933.png,Lėtai studentas perka dovaną.
Datasets/Real_Handwriting/images/form_457_sentence_5.png,Cukrų ir cinamoną dedame į pyragą.
Datasets/Synthetic_Sentences/images/sentence_00360.png,Šiandien studentas perka knygą.
Datasets/Real_Handwriting/images/form_428_sentence_2.png,Ar vaikas dirba kavinėje?
Datasets/Real_Handwriting/images/form_094_sentence_4.png,Jie labai kartu miega.
Datasets/Synthetic_Sentences/images/sentence_02111.png,Danielius mėgsta skaityti žurnalą.
Datasets/Synthetic_Sentences/images/sentence_01680.png,Katė rašo žemėlapį.
Datasets/Real_Handwriting/images/form_103_sentence_5.png,Šiandien šuo eina atidžiai.
Datasets/Synthetic_Sentences/images/sentence_00907.png,Rasa nori gerti.
Datasets/Synthetic_Sentences/images/sentence_01844.png,Katė nori rašyti užduotį.
Datasets/Real_Handwriting/images/form_383_sentence_4.png,Džiaugsmingai gydytojas perka knygą.
Datasets/Real_Handwriting/images/form_466_sentence_3.png,Jurgita valgo obuolį.
Datasets/Real_Handwriting/images/form_232_sentence_5.png,Obelys žydi baltais žiedais pavasarį.
Datasets/Real_Handwriting/images/form_384_sentence_5.png,Anas vyras atneša arbatos.
Datasets/Real_Handwriting/images/form_396_sentence_5.png,Jonas į darbą važiuoja dviračiu.
Datasets/Real_Handwriting/images/form_260_sentence_3.png,Studentė mėgsta groti.
Datasets/Synthetic_Sentences/images/sentence_00562.png,Šiandien Eglė skaito knygą.
Datasets/Synthetic_Sentences/images/sentence_02186.png,Saulius gyvena bibliotekoje.
Datasets/Synthetic_Sentences/images/sentence_00353.png,Studentė nori gerti arbatą.
Datasets/Synthetic_Sentences/images/sentence_00082.png,Šiandien mokytojas dirba kalnuose.
Datasets/Synthetic_Sentences/images/sentence_01676.png,Mindaugas neša krepšį.
Datasets/Real_Handwriting/images/form_023_sentence_3.png,Moteris mėgsta eiti.
Datasets/Synthetic_Sentences/images/sentence_02170.png,Šiandien Mantas dirba bibliotekoje.
Datasets/Real_Handwriting/images/form_461_sentence_3.png,Mielai mergaitė rašo užduotį.
Datasets/Real_Handwriting/images/form_386_sentence_3.png,Vakar berniukas dirbo kaime.
Datasets/Synthetic_Sentences/images/sentence_00132.png,Ar Ingrida nori gerti?
Datasets/Synthetic_Sentences/images/sentence_01554.png,Rasa gyvena namuose.
Datasets/Synthetic_Sentences/images/sentence_01324.png,Marija ilsisi stotyje.
Datasets/Synthetic_Sentences/images/sentence_01380.png,Vakar gydytojas skaitė knygą.
Datasets/Synthetic_Sentences/images/sentence_00305.png,Džiaugsmingai mergaitė dirba ligoninėje.
Datasets/Real_Handwriting/images/form_270_sentence_3.png,Švelniai Laura perka arbatą.
Datasets/Synthetic_Sentences/images/sentence_01661.png,Saulius skaito knygą.
Datasets/Real_Handwriting/images/form_015_sentence_4.png,Vyrai šoka filmą kaime.
Datasets/Real_Handwriting/images/form_487_sentence_5.png,Cukrų ir cinamoną dedame į pyragą.
Datasets/Synthetic_Sentences/images/sentence_01682.png,Žilvinas mėgsta gerti pieną.
Datasets/Real_Handwriting/images/form_437_sentence_3.png,Danielius gyvena sode.
Datasets/Synthetic_Sentences/images/sentence_02191.png,Mindaugas valgo košę.
Datasets/Synthetic_Sentences/images/sentence_01848.png,Kruopščiai Jurgita ilsisi mieste.
Datasets/Real_Handwriting/images/form_435_sentence_3.png,Ar paukštis skaito istoriją?
Datasets/Synthetic_Sentences/images/sentence_02195.png,Renata mėgsta pirkti arbatą.
Datasets/Synthetic_Sentences/images/sentence_00511.png,Saulius nori rašyti laišką.
Datasets/Real_Handwriting/images/form_250_sentence_1.png,Neringa bando ilsėtis.
Datasets/Synthetic_Sentences/images/sentence_00568.png,Garsiai Marija dirba stadione.
Datasets/Synthetic_Sentences/images/sentence_01254.png,Šiandien Rasa skaito receptą.
Datasets/Synthetic_Sentences/images/sentence_02494.png,Kristina mėgsta gerti sultis.
Datasets/Real_Handwriting/images/form_088_sentence_2.png,Studentas mokosi mieste ir mieste.
Datasets/Synthetic_Sentences/images/sentence_00848.png,Julija juokiasi ir šoka kartu.
Datasets/Synthetic_Sentences/images/sentence_00459.png,Ar studentė mėgsta galvoti?
Datasets/Synthetic_Sentences/images/sentence_01211.png,Žilvinas nori rašyti žemėlapį.
Datasets/Synthetic_Sentences/images/sentence_02230.png,Mergaitė nori rašyti žemėlapį.
Datasets/Synthetic_Sentences/images/sentence_00495.png,Mielai Rasa perka duoną.
Datasets/Synthetic_Sentences/images/sentence_00639.png,Mielai Mantas skaito knygą.
Datasets/Real_Handwriting/images/form_189_sentence_2.png,Mergaitės eina laišką stotyje.
Datasets/Synthetic_Sentences/images/sentence_01412.png,Jonas ilsisi upės pakrantėje.
Datasets/Synthetic_Sentences/images/sentence_00130.png,Greitai mokytoja mokosi sode.
Datasets/Synthetic_Sentences/images/sentence_01143.png,Ar Žilvinas dirba sode?
Datasets/Real_Handwriting/images/form_030_sentence_5.png,Ji mąsto filmą namuose.
Datasets/Synthetic_Sentences/images/sentence_00337.png,Šiandien Danielius perka žaislą.
Datasets/Synthetic_Sentences/images/sentence_01282.png,Rytoj gydytojas eis mokykloje.
Datasets/Synthetic_Sentences/images/sentence_00788.png,Gydytojas renka grybus.
Datasets/Real_Handwriting/images/form_088_sentence_4.png,Aš sportuoja bibliotekoje ir darbe.
Datasets/Real_Handwriting/images/form_046_sentence_1.png,Vaikas ramiai ilsisi.
Datasets/Synthetic_Sentences/images/sentence_01930.png,Gydytojas žaidžia parke.
Datasets/Synthetic_Sentences/images/sentence_02031.png,Greitai Petras neša laišką.
Datasets/Real_Handwriting/images/form_176_sentence_3.png,Draugas labai blogai eina.
Datasets/Synthetic_Sentences/images/sentence_01678.png,Tyliai Renata perka knygą.
Datasets/Real_Handwriting/images/form_122_sentence_1.png,Draugas klauso darbą namuose.
Datasets/Real_Handwriting/images/form_370_sentence_3.png,Rytoj Renata eis ežero pakrantėje.
Datasets/Real_Handwriting/images/form_050_sentence_4.png,Mergaitės sportuoja kaime.
Datasets/Synthetic_Sentences/images/sentence_02386.png,Rūpestingai mokytojas ilsisi mokykloje.
Datasets/Synthetic_Sentences/images/sentence_02122.png,Gydytojas stengiasi eiti.
Datasets/Synthetic_Sentences/images/sentence_02476.png,Šuo ilsisi mokykloje.
Datasets/Synthetic_Sentences/images/sentence_01704.png,Garsiai studentas skaito laišką.
Datasets/Synthetic_Sentences/images/sentence_01753.png,Ar Saulius dirba bibliotekoje?
Datasets/Synthetic_Sentences/images/sentence_02221.png,Katė mėgsta valgyti sriubą.
Datasets/Synthetic_Sentences/images/sentence_01941.png,Mielai berniukas neša žaislą.
Datasets/Real_Handwriting/images/form_312_sentence_1.png,Žirgas pradeda dainuoti.
Datasets/Synthetic_Sentences/images/sentence_00588.png,Gintaras sportuoja darbe.
Datasets/Synthetic_Sentences/images/sentence_01641.png,Vaikas mėgsta rašyti.
Datasets/Real_Handwriting/images/form_286_sentence_1.png,Mielai mokytojas mokosi kavinėje.
Datasets/Real_Handwriting/images/form_492_sentence_4.png,Ar Mantas mėgsta važiuoti?
Datasets/Synthetic_Sentences/images/sentence_01126.png,Rūpestingai Gintaras perka arbatą.
Datasets/Real_Handwriting/images/form_028_sentence_1.png,Smagiai moteris tvarkosi knygą.
Datasets/Real_Handwriting/images/form_451_sentence_4.png,Šiandien šuo mokosi bibliotekoje.
Datasets/Real_Handwriting/images/form_485_sentence_2.png,Mantas mėgsta valgyti.
Datasets/Real_Handwriting/images/form_446_sentence_5.png,Cukrų ir cinamoną dedame į pyragą.
Datasets/Real_Handwriting/images/form_490_sentence_3.png,Kristina stengiasi šokti.
Datasets/Synthetic_Sentences/images/sentence_01906.png,Katė pradeda važiuoti.
Datasets/Real_Handwriting/images/form_044_sentence_3.png,Moteris eina ir eina.
Datasets/Synthetic_Sentences/images/sentence_02307.png,Jonas žaidžia mieste.
Datasets/Real_Handwriting/images/form_101_sentence_4.png,Ar mokytojas dainuoja?
Datasets/Synthetic_Sentences/images/sentence_00705.png,Mokytojas nori valgyti daržoves.
Datasets/Real_Handwriting/images/form_283_sentence_4.png,Studentas mėgsta bėgti.
Datasets/Synthetic_Sentences/images/sentence_00753.png,Vakar Kristina nešė laišką.
Datasets/Synthetic_Sentences/images/sentence_02190.png,Vakar Renata nešė knygą.
Datasets/Real_Handwriting/images/form_180_sentence_3.png,Mokytojas bijo skubėti.
Datasets/Real_Handwriting/images/form_219_sentence_3.png,Šiandien Rasa perka arbatą.
Datasets/Real_Handwriting/images/form_109_sentence_1.png,Šiandien aš mokosi gerai.
Datasets/Real_Handwriting/images/form_477_sentence_1.png,Rasa nori statyti žurnalą.
Datasets/Synthetic_Sentences/images/sentence_02155.png,Gydytojas rašo projektą.
Datasets/Real_Handwriting/images/form_351_sentence_5.png,Cecilija čiuožia ant ledo.
Datasets/Real_Handwriting/images/form_505_sentence_3.png,Drąsiai Jonas perka arbatą.
Datasets/Synthetic_Sentences/images/sentence_01230.png,Ar berniukas dirba sode?
Datasets/Real_Handwriting/images/form_364_sentence_5.png,Kartu keliaujame per kalnų taką.
Datasets/Real_Handwriting/images/form_408_sentence_2.png,Žilvinas mėgsta važiuoti.
Datasets/Real_Handwriting/images/form_082_sentence_2.png,Mergaitė nemėgsta kalbėti muziką.
Datasets/Real_Handwriting/images/form_020_sentence_2.png,Gydytojas dabar galvoja.
Datasets/Real_Handwriting/images/form_499_sentence_3.png,Rytoj studentas skaitys knygą.
Datasets/Synthetic_Sentences/images/sentence_00476.png,Studentas ilsisi stotyje.
Datasets/Real_Handwriting/images/form_294_sentence_2.png,Paukštis skaito laišką.
Datasets/Real_Handwriting/images/form_255_sentence_3.png,Gydytojas būna parke.
Datasets/Real_Handwriting/images/form_257_sentence_1.png,Drąsiai Eglė neša knygą.
Datasets/Synthetic_Sentences/images/sentence_01772.png,Žilvinas renka obuolius.
Datasets/Real_Handwriting/images/form_225_sentence_1.png,Atidžiai Renata sportuoja darbe.
Datasets/Real_Handwriting/images/form_146_sentence_4.png,Ji atidžiai kalba.
Datasets/Real_Handwriting/images/form_339_sentence_3.png,Ramiai Gintaras.
Datasets/Real_Handwriting/images/form_281_sentence_4.png,Mielai studentas neša žaislą.
Datasets/Real_Handwriting/images/form_148_sentence_5.png,Moterys nori žaisti paveikslą.
Datasets/Synthetic_Sentences/images/sentence_02352.png,Gintaras geria arbatą.
Datasets/Synthetic_Sentences/images/sentence_01294.png,Laura gyvena pievoje.
Datasets/Synthetic_Sentences/images/sentence_00878.png,Rytoj Kristina eis stotyje.
Datasets/Real_Handwriting/images/form_104_sentence_4.png,Vyrai nori valgyti mokyklą.
Datasets/Real_Handwriting/images/form_374_sentence_5.png,Cukrų ir cinamoną dedame į pyragą.
Datasets/Synthetic_Sentences/images/sentence_00572.png,Šuo pradeda žaisti.
Datasets/Real_Handwriting/images/form_176_sentence_1.png,Mergaitės kalba stotyje.
Datasets/Synthetic_Sentences/images/sentence_02409.png,Garsiai Gintaras perka arbatą.
Datasets/Real_Handwriting/images/form_414_sentence_4.png,Mokytoja lankosi parke.
Datasets/Synthetic_Sentences/images/sentence_01295.png,Vakar šuo skaitė knygą.
Datasets/Real_Handwriting/images/form_205_sentence_3.png,Vakar mokytojas dirbo mokykloje.
Datasets/Synthetic_Sentences/images/sentence_01602.png,Vaikas nori groti.
Datasets/Synthetic_Sentences/images/sentence_01989.png,Žilvinas valgo daržoves.
Datasets/Synthetic_Sentences/images/sentence_01463.png,Ar Eglė mėgsta bėgti?
Datasets/Real_Handwriting/images/form_213_sentence_5.png,Žvejys žvejojo visą naktį prie upės.
Datasets/Real_Handwriting/images/form_421_sentence_5.png,Cecilija čiuožia ant ledo.
Datasets/Real_Handwriting/images/form_456_sentence_5.png,Universiteto studentai žaidžia šachmatais laisvalaikiu.
Datasets/Synthetic_Sentences/images/sentence_00544.png,Garsiai Renata perka gėlę.
Datasets/Synthetic_Sentences/images/sentence_00068.png,Gintaras bando bėgti.
Datasets/Synthetic_Sentences/images/sentence_00421.png,Mergaitė mėgsta skaityti receptą.
Datasets/Synthetic_Sentences/images/sentence_01022.png,Vakar Gintaras dirbo stotyje.
Datasets/Synthetic_Sentences/images/sentence_00084.png,Ramiai Petras rašo žemėlapį.
Datasets/Real_Handwriting/images/form_109_sentence_5.png,Studentas skuba daržoves.
Datasets/Synthetic_Sentences/images/sentence_01964.png,Mokytoja mėgsta gerti arbatą.
Datasets/Synthetic_Sentences/images/sentence_00187.png,Vakar Laura dirbo kavinėje.
Datasets/Synthetic_Sentences/images/sentence_02431.png,Šiandien studentė ilsisi mieste.
Datasets/Real_Handwriting/images/form_492_sentence_1.png,Ar Mantas mėgsta šokti?
Datasets/Synthetic_Sentences/images/sentence_01095.png,Šuo nori eiti.
Datasets/Real_Handwriting/images/form_447_sentence_2.png,Studentė rašo projektą.
Datasets/Real_Handwriting/images/form_058_sentence_3.png,Moteris juokiasi istoriją.
Datasets/Synthetic_Sentences/images/sentence_00876.png,Katė perka duoną.
Datasets/Synthetic_Sentences/images/sentence_00054.png,Mindaugas dirba mieste.
Datasets/Real_Handwriting/images/form_298_sentence_5.png,Žirgai bėga laisvai per žalią lauką.
Datasets/Synthetic_Sentences/images/sentence_02063.png,Vaikas perka gėlę.
Datasets/Real_Handwriting/images/form_419_sentence_1.png,Laura renka akmenis.
Datasets/Real_Handwriting/images/form_249_sentence_2.png,Džiaugsmingai Jonas sportuoja kavinėje.
Datasets/Real_Handwriting/images/form_331_sentence_1.png,Vakar gydytojas dirbo parke.
Datasets/Real_Handwriting/images/form_272_sentence_4.png,Ramiai mokytoja ilsisi upės pakrantėje.
Datasets/Synthetic_Sentences/images/sentence_01223.png,Mantas nori tvarkytis.
Datasets/Real_Handwriting/images/form_321_sentence_3.png,Neringa nori žaisti paveikslą.
Datasets/Synthetic_Sentences/images/sentence_02321.png,Rasa skaito istoriją.
Datasets/Real_Handwriting/images/form_138_sentence_1.png,Vaikas bijo piešti darbą.
Datasets/Real_Handwriting/images/form_242_sentence_4.png,Garsiai vaikas dirba bibliotekoje.
Datasets/Real_Handwriting/images/form_289_sentence_4.png,Vakar šuo dirbo ligoninėje.
Datasets/Synthetic_Sentences/images/sentence_00510.png,Berniukas nori pirkti kavą.
Datasets/Real_Handwriting/images/form_443_sentence_1.png,Šiandien Eglė mokosi namuose.
Datasets/Real_Handwriting/images/form_464_sentence_1.png,Berniukas groja simfoniją.
Datasets/Real_Handwriting/images/form_210_sentence_3.png,Kruopščiai Renata neša krepšį.
Datasets/Real_Handwriting/images/form_480_sentence_3.png,Katė ilsisi ligoninėje.
Datasets/Real_Handwriting/images/form_462_sentence_2.png,Rytoj Mindaugas eis sode.
Datasets/Real_Handwriting/images/form_129_sentence_5.png,Moterys dirba ir dirba.
Datasets/Real_Handwriting/images/form_323_sentence_1.png,Gydytojas stengiasi groti.
Datasets/Real_Handwriting/images/form_441_sentence_5.png,Universiteto studentai žaidžia šachmatais laisvalaikiu.
Datasets/Synthetic_Sentences/images/sentence_00610.png,Eglė lankosi namuose.
Datasets/Real_Handwriting/images/form_357_sentence_5.png,Žiema atneša sniegą ir šaltį.
Datasets/Real_Handwriting/images/form_159_sentence_3.png,Vaikai greitai skaito.
Datasets/Synthetic_Sentences/images/sentence_01644.png,Šiandien Kristina skaito laišką.
Datasets/Real_Handwriting/images/form_474_sentence_2.png,Rūpestingai Eglė ilsisi kalnuose.
Datasets/Synthetic_Sentences/images/sentence_02281.png,Gintaras rašo žemėlapį.
Datasets/Real_Handwriting/images/form_475_sentence_1.png,Vakar Žilvinas skaitė istoriją.
Datasets/Synthetic_Sentences/images/sentence_00731.png,Mokytojas nori gerti pieną.
Datasets/Synthetic_Sentences/images/sentence_01149.png,Mielai Petras valgo košę.
Datasets/Synthetic_Sentences/images/sentence_01082.png,Studentas ilsisi ežero pakrantėje.
Datasets/Synthetic_Sentences/images/sentence_01400.png,Rytoj Marija skaitys žemėlapį.
Datasets/Real_Handwriting/images/form_193_sentence_1.png,Mokytojai nori kalbėti projektą.
Datasets/Synthetic_Sentences/images/sentence_00895.png,Vakar Mindaugas skaitė žemėlapį.
Datasets/Synthetic_Sentences/images/sentence_00499.png,Ypač skanūs obuoliai auga sode.
Datasets/Real_Handwriting/images/form_085_sentence_5.png,Gerai mes šypsosi egzaminą.
Datasets/Synthetic_Sentences/images/sentence_01281.png,Petras neša krepšį.
Datasets/Real_Handwriting/images/form_441_sentence_4.png,Ar vaikas skaito žurnalą?
Datasets/Real_Handwriting/images/form_366_sentence_1.png,Rytoj Kristina eis paplūdimyje.
Datasets/Synthetic_Sentences/images/sentence_01613.png,Vakar Jonas nešė gėlę.
Datasets/Real_Handwriting/images/form_445_sentence_5.png,Kavinėje kvepėjo kava ir cinamonu.
Datasets/Real_Handwriting/images/form_323_sentence_3.png,Drąsiai žirgas perka knygą.
Datasets/Synthetic_Sentences/images/sentence_00779.png,Rytoj Danielius eis stadione.
Datasets/Synthetic_Sentences/images/sentence_01020.png,Ar vaikas skaito žurnalą?
Datasets/Synthetic_Sentences/images/sentence_00227.png,Eglė dirba stotyje.
Datasets/Real_Handwriting/images/form_448_sentence_4.png,Šiandien Kristina ilsisi kaime.
Datasets/Real_Handwriting/images/form_200_sentence_2.png,Vaikai mąsto kaime ir miške.
Datasets/Real_Handwriting/images/form_314_sentence_2.png,Tyliai Mindaugas valgo košę.
Datasets/Synthetic_Sentences/images/sentence_02354.png,Šiandien Neringa dirba sode.
Datasets/Real_Handwriting/images/form_111_sentence_4.png,Vaikas žiūri ir žiūri.
Datasets/Synthetic_Sentences/images/sentence_00482.png,Mindaugas mėgsta gerti sultis.
Datasets/Synthetic_Sentences/images/sentence_02148.png,Šiandien Jonas perka knygą.
Datasets/Synthetic_Sentences/images/sentence_00269.png,Marija nori valgyti vaisius.
Datasets/Real_Handwriting/images/form_110_sentence_4.png,Ar ji dirba?
Datasets/Synthetic_Sentences/images/sentence_01926.png,Ar mergaitė mėgsta tvarkytis?
Datasets/Synthetic_Sentences/images/sentence_01344.png,Studentė stengiasi groti.
Datasets/Real_Handwriting/images/form_504_sentence_3.png,Rasa valgo sriubą.
Datasets/Synthetic_Sentences/images/sentence_02493.png,Šiandien Mantas ilsisi sode.
Datasets/Real_Handwriting/images/form_454_sentence_3.png,Kristina stato namą.
Datasets/Synthetic_Sentences/images/sentence_00067.png,Ar gydytojas skaito laišką?
Datasets/Synthetic_Sentences/images/sentence_01618.png,Petras nori gerti kavą.
Datasets/Synthetic_Sentences/images/sentence_01268.png,Lėtai mergaitė rašo laišką.
Datasets/Synthetic_Sentences/images/sentence_02486.png,Katė sportuoja kavinėje.
Datasets/Synthetic_Sentences/images/sentence_02355.png,Šuo mėgsta skaityti.
Datasets/Real_Handwriting/images/form_483_sentence_1.png,Tyliai katė perka kavą.
Datasets/Real_Handwriting/images/form_192_sentence_3.png,Studentai dabar galvoja.
Datasets/Real_Handwriting/images/form_187_sentence_5.png,Vaikas dainuoja bibliotekoje ir namuose.
Datasets/Synthetic_Sentences/images/sentence_00676.png,Rytoj studentė skaitys žurnalą.
Datasets/Synthetic_Sentences/images/sentence_02235.png,Berniukas skaito knygą.
Datasets/Synthetic_Sentences/images/sentence_01101.png,Kristina mėgsta žaisti.
Datasets/Synthetic_Sentences/images/sentence_00640.png,Renata mėgsta pirkti kavą.
Datasets/Synthetic_Sentences/images/sentence_00253.png,Studentas renka daržoves.
Datasets/Synthetic_Sentences/images/sentence_01552.png,Rasa dirba mieste.
Datasets/Synthetic_Sentences/images/sentence_01226.png,Greitai Petras ilsisi mokykloje.
Datasets/Real_Handwriting/images/form_304_sentence_4.png,Eglė lankosi miške.
Datasets/Real_Handwriting/images/form_213_sentence_3.png,Gydytojas būna stotyje.
Datasets/Synthetic_Sentences/images/sentence_01462.png,Šiandien Laura dirba mokykloje.
Datasets/Synthetic_Sentences/images/sentence_00162.png,Gydytojas mėgsta valgyti duoną.
Datasets/Synthetic_Sentences/images/sentence_02199.png,Vaikas pradeda keliauti.
Datasets/Real_Handwriting/images/form_046_sentence_2.png,Draugai šypsosi miške ir prie ežero.
Datasets/Real_Handwriting/images/form_232_sentence_3.png,Drąsiai Saulius ilsisi mieste.
Datasets/Synthetic_Sentences/images/sentence_01026.png,Jonas bando galvoti.
Datasets/Real_Handwriting/images/form_090_sentence_2.png,Gerai mergaitė žiūri dainą.
Datasets/Real_Handwriting/images/form_451_sentence_3.png,Eglė nori eiti paveikslą.
Datasets/Synthetic_Sentences/images/sentence_00811.png,Žilvinas lankosi darbe.
Datasets/Real_Handwriting/images/form_116_sentence_3.png,Moterys žaidžia ir žaidžia.
Datasets/Real_Handwriting/images/form_288_sentence_5.png,Žiemą vaikai mėgsta čiuožti ant ežero ledo.
Datasets/Synthetic_Sentences/images/sentence_01410.png,Ar Eglė dirba bibliotekoje?
Datasets/Synthetic_Sentences/images/sentence_00473.png,Jonas stengiasi mokytis.
Datasets/Synthetic_Sentences/images/sentence_02465.png,Lėtai Jonas ilsisi kaime.
Datasets/Synthetic_Sentences/images/sentence_00965.png,Danielius mokosi bibliotekoje.
Datasets/Real_Handwriting/images/form_363_sentence_2.png,Rytoj paukštis eis darbe.
Datasets/Real_Handwriting/images/form_202_sentence_5.png,Piešia studentas spalvingą paveikslą.
Datasets/Real_Handwriting/images/form_392_sentence_5.png,Universiteto studentai žaidžia šachmatais laisvalaikiu.
Datasets/Real_Handwriting/images/form_239_sentence_4.png,Šiandien berniukas perka žaislą.
Datasets/Real_Handwriting/images/form_446_sentence_2.png,Jonas ilsisi kavinėje.
Datasets/Synthetic_Sentences/images/sentence_00638.png,Ar Danielius mėgsta keliauti?
Datasets/Synthetic_Sentences/images/sentence_02044.png,Ar Saulius dirba kavinėje?
Datasets/Synthetic_Sentences/images/sentence_00776.png,Studentė nori gerti arbatą.
Datasets/Real_Handwriting/images/form_444_sentence_5.png,Cukrų ir cinamoną dedame į pyragą.
Datasets/Real_Handwriting/images/form_349_sentence_5.png,Cecilija čiuožia ant ledo.
Datasets/Real_Handwriting/images/form_129_sentence_1.png,Mokytojas klauso ligoninėje.
Datasets/Real_Handwriting/images/form_105_sentence_4.png,Mergaitė blogai mąsto.
Datasets/Real_Handwriting/images/form_427_sentence_3.png,Atidžiai katė neša žaislą.
Datasets/Real_Handwriting/images/form_296_sentence_5.png,Universiteto studentai žaidžia šachmatais laisvalaikiu.
Datasets/Synthetic_Sentences/images/sentence_02382.png,Studentė gyvena stotyje.
Datasets/Real_Handwriting/images/form_116_sentence_1.png,Rytoj jie žaidžia receptą.
Datasets/Real_Handwriting/images/form_493_sentence_5.png,Bitė skraido virš bijūnų.
Datasets/Synthetic_Sentences/images/sentence_00375.png,Rūpestingai Renata perka gėlę.
Datasets/Real_Handwriting/images/form_409_sentence_5.png,Tai buvo tikrai nuostabus vakaras.
Datasets/Synthetic_Sentences/images/sentence_01445.png,Kristina mėgsta pirkti kavą.
Datasets/Synthetic_Sentences/images/sentence_01392.png,Studentė renka obuolius.
Datasets/Synthetic_Sentences/images/sentence_01083.png,Vaikas mėgsta valgyti duoną.
Datasets/Synthetic_Sentences/images/sentence_02121.png,Neringa mėgsta pirkti žaislą.
Datasets/Real_Handwriting/images/form_432_sentence_2.png,Jurgita rašo žemėlapį.
Datasets/Synthetic_Sentences/images/sentence_01909.png,Ar mergaitė skaito knygą?
Datasets/Real_Handwriting/images/form_295_sentence_1.png,Šiandien paukštis mokosi stadione.
Datasets/Real_Handwriting/images/form_005_sentence_3.png,Draugas keliauoja ir keliauoja.
Datasets/Real_Handwriting/images/form_126_sentence_3.png,Katė rašo užduotį bibliotekoje.
Datasets/Real_Handwriting/images/form_120_sentence_3.png,Vyrai valgo paplūdimyje ir bibliotekoje.
Datasets/Real_Handwriting/images/form_343_sentence_1.png,Neringa ilsisi ligoninėje.
Datasets/Synthetic_Sentences/images/sentence_00869.png,Šiandien Rasa mokosi darbe.
Datasets/Synthetic_Sentences/images/sentence_02173.png,Šiandien Jonas ilsisi ligoninėje.
Datasets/Real_Handwriting/images/form_428_sentence_4.png,Rytoj gydytojas skaitys knygą.
Datasets/Synthetic_Sentences/images/sentence_00200.png,Šiandien Eglė mokosi kalnuose.
Datasets/Synthetic_Sentences/images/sentence_02272.png,Mindaugas bando kalbėti.
Datasets/Real_Handwriting/images/form_191_sentence_4.png,Aš bijo miegoti.
Datasets/Synthetic_Sentences/images/sentence_02360.png,Šiandien Jurgita dirba kalnuose.
Datasets/Synthetic_Sentences/images/sentence_00750.png,Mindaugas gyvena mokykloje.
Datasets/Synthetic_Sentences/images/sentence_01874.png,Gydytojas pradeda žaisti.
Datasets/Synthetic_Sentences/images/sentence_01411.png,Katė dirba darbe.
Datasets/Synthetic_Sentences/images/sentence_02086.png,Drąsiai Marija mokosi kavinėje.
Datasets/Real_Handwriting/images/form_316_sentence_5.png,Kavinėje kvepėjo kava ir cinamonu.
Datasets/Synthetic_Sentences/images/sentence_01767.png,Saulius nori valgyti obuolį.
Datasets/Synthetic_Sentences/images/sentence_02308.png,Mokytojas nori skaityti receptą.
Datasets/Synthetic_Sentences/images/sentence_01739.png,Marija mėgsta valgyti duoną.
Datasets/Real_Handwriting/images/form_369_sentence_4.png,Švelniai Marija rašo žemėlapį.
Datasets/Synthetic_Sentences/images/sentence_01950.png,Petras bando važiuoti.
Datasets/Synthetic_Sentences/images/sentence_01136.png,Studentas mėgsta skaityti žemėlapį.
Datasets/Real_Handwriting/images/form_165_sentence_1.png,Vyrai mėgsta piešti.
Datasets/Synthetic_Sentences/images/sentence_00824.png,Tomas dirba ežero pakrantėje.
Datasets/Synthetic_Sentences/images/sentence_00521.png,Šiandien Renata mokosi stotyje.
Datasets/Synthetic_Sentences/images/sentence_02019.png,Studentas nori gerti vandenį.
Datasets/Synthetic_Sentences/images/sentence_01765.png,Mielai berniukas rašo receptą.
Datasets/Real_Handwriting/images/form_269_sentence_1.png,Mielai Rasa neša žaislą.
Datasets/Real_Handwriting/images/form_504_sentence_4.png,Šiandien žmogus ilsisi stadione.
Datasets/Real_Handwriting/images/form_164_sentence_2.png,Mokytojas bijo valgyti egzaminą.
Datasets/Real_Handwriting/images/form_110_sentence_3.png,Šiandien ji tvarkosi dažnai.
Datasets/Real_Handwriting/images/form_127_sentence_4.png,Jūs bijo šokti kavą.
Datasets/Real_Handwriting/images/form_391_sentence_3.png,Studentė gyvena pievoje.
Datasets/Real_Handwriting/images/form_472_sentence_4.png,Ar Mantas skaito receptą?
Datasets/Synthetic_Sentences/images/sentence_00739.png,Šiandien Marija ilsisi namuose.
Datasets/Real_Handwriting/images/form_082_sentence_3.png,Gydytojas pradeda sportuoti.
Datasets/Synthetic_Sentences/images/sentence_01420.png,Studentas mokosi paplūdimyje.
Datasets/Real_Handwriting/images/form_505_sentence_5.png,Žiemą vaikai mėgsta čiuožti ant ežero ledo.
Datasets/Real_Handwriting/images/form_373_sentence_3.png,Ramiai žirgas dirba sode.
Datasets/Real_Handwriting/images/form_455_sentence_5.png,Oras šiandien labai gražus ir šiltas.
Datasets/Real_Handwriting/images/form_467_sentence_3.png,Vakar gydytojas nešė žaislą.
Datasets/Real_Handwriting/images/form_035_sentence_5.png,Gydytojai miega stadione ir parke.
Datasets/Real_Handwriting/images/form_141_sentence_2.png,Mokytojas mokosi ir mokosi.
Datasets/Real_Handwriting/images/form_425_sentence_1.png,Ar Marija mokosi parke?
Datasets/Synthetic_Sentences/images/sentence_00709.png,Petras nori rašyti užduotį.
Datasets/Real_Handwriting/images/form_310_sentence_5.png,Žirgai bėga laisvai per žalią lauką.
Datasets/Synthetic_Sentences/images/sentence_02491.png,Šiandien katė dirba ežero pakrantėje.
Datasets/Real_Handwriting/images/form_079_sentence_5.png,Jūs stengiasi ilsėtis receptą.
Datasets/Real_Handwriting/images/form_358_sentence_5.png,Čiurlionį menininkai laiko išskirtiniu kūrėju.
Datasets/Synthetic_Sentences/images/sentence_00222.png,Rytoj Marija skaitys laišką.
Datasets/Real_Handwriting/images/form_222_sentence_3.png,Kristina perka dovaną.
Datasets/Synthetic_Sentences/images/sentence_01796.png,Ingrida nori gerti kavą.
Datasets/Synthetic_Sentences/images/sentence_01650.png,Garsiai berniukas neša laišką.
Datasets/Real_Handwriting/images/form_486_sentence_3.png,Paukštis perka kavą.
Datasets/Synthetic_Sentences/images/sentence_01033.png,Vakar Saulius nešė žaislą.
Datasets/Real_Handwriting/images/form_055_sentence_4.png,Ji piešia miške ir kalnuose.
Datasets/Real_Handwriting/images/form_194_sentence_4.png,Šiandien moteris skaito smagiai.
Datasets/Synthetic_Sentences/images/sentence_02189.png,Mielai mokytoja neša laišką.
Datasets/Synthetic_Sentences/images/sentence_01733.png,Švelniai Jonas neša dovaną.
Datasets/Real_Handwriting/images/form_186_sentence_2.png,Ar moteris valgo?
Datasets/Synthetic_Sentences/images/sentence_00111.png,Vakar Žilvinas nešė krepšį.
Datasets/Synthetic_Sentences/images/sentence_00446.png,Vakar Saulius skaitė knygą.
Datasets/Synthetic_Sentences/images/sentence_01798.png,Vakar Laura nešė krepšį.
Datasets/Real_Handwriting/images/form_308_sentence_3.png,Rytoj mokytoja skaitys knygą.
Datasets/Synthetic_Sentences/images/sentence_01949.png,Kristina perka žaislą.
Datasets/Real_Handwriting/images/form_013_sentence_2.png,Katė piešia ir piešia.
Datasets/Synthetic_Sentences/images/sentence_01615.png,Rytoj Tomas skaitys laišką.
Datasets/Synthetic_Sentences/images/sentence_02236.png,Mielai Marija ilsisi ežero pakrantėje.
Datasets/Synthetic_Sentences/images/sentence_02345.png,Rūpestingai mokytoja neša knygą.
Datasets/Real_Handwriting/images/form_229_sentence_4.png,Petras renka grybus.
Datasets/Synthetic_Sentences/images/sentence_00775.png,Vaikas pradeda dainuoti.
Datasets/Real_Handwriting/images/form_329_sentence_5.png,Žuvėdros skraido žemai virš bangų.
Datasets/Synthetic_Sentences/images/sentence_00597.png,Šiandien Marija dirba upės pakrantėje.
Datasets/Synthetic_Sentences/images/sentence_01872.png,Neringa sportuoja stadione.
Datasets/Synthetic_Sentences/images/sentence_02123.png,Rytoj Neringa skaitys žurnalą.
Datasets/Synthetic_Sentences/images/sentence_00211.png,Laura stengiasi gerti.
Datasets/Real_Handwriting/images/form_046_sentence_4.png,Rytoj ji žaidžia arbatą.
Datasets/Real_Handwriting/images/form_288_sentence_1.png,Šeima būna upės pakrantėje.
Datasets/Synthetic_Sentences/images/sentence_00244.png,Mergaitė neša žaislą.
Datasets/Real_Handwriting/images/form_221_sentence_4.png,Renata geria vandenį.
Datasets/Real_Handwriting/images/form_118_sentence_3.png,Mokytojas geria mokyklą bibliotekoje.
Datasets/Real_Handwriting/images/form_126_sentence_1.png,Draugas dirba ligoninėje ir kavinėje.
Datasets/Real_Handwriting/images/form_509_sentence_4.png,Ar Ingrida dirba pievoje?
Datasets/Real_Handwriting/images/form_229_sentence_2.png,Žirgas sportuoja darbe.
Datasets/Real_Handwriting/images/form_230_sentence_4.png,Žmogus skaito knygą.
Datasets/Synthetic_Sentences/images/sentence_02168.png,Ar mergaitė nori tvarkytis?
Datasets/Synthetic_Sentences/images/sentence_00371.png,Ar Jurgita mokosi mieste?
Datasets/Synthetic_Sentences/images/sentence_00833.png,Vakar Danielius dirbo upės pakrantėje.
Datasets/Synthetic_Sentences/images/sentence_01722.png,Vakar vaikas nešė gėlę.
Datasets/Synthetic_Sentences/images/sentence_02451.png,Neringa stengiasi dainuoti.
Datasets/Real_Handwriting/images/form_360_sentence_5.png,Universiteto studentai žaidžia šachmatais laisvalaikiu.
Datasets/Real_Handwriting/images/form_102_sentence_3.png,Šuo niekada galvoja.
Datasets/Real_Handwriting/images/form_405_sentence_5.png,Cecilija čiuožia ant ledo.
Datasets/Synthetic_Sentences/images/sentence_00500.png,Kristina žaidžia kalnuose.
Datasets/Synthetic_Sentences/images/sentence_00250.png,Danielius geria sultis.
Datasets/Real_Handwriting/images/form_441_sentence_2.png,Šiandien berniukas mokosi parke.
Datasets/Real_Handwriting/images/form_439_sentence_1.png,Šiandien Žilvinas mokosi mokykloje.
Datasets/Synthetic_Sentences/images/sentence_00649.png,Vakar Žilvinas skaitė laišką.
Datasets/Real_Handwriting/images/form_398_sentence_2.png,Rytoj Gintaras eis darbe.
Datasets/Real_Handwriting/images/form_267_sentence_4.png,Marija neša knygą.
Datasets/Synthetic_Sentences/images/sentence_00993.png,Gydytojas neša dovaną.
Datasets/Synthetic_Sentences/images/sentence_00584.png,Lėtai studentas neša knygą.
Datasets/Synthetic_Sentences/images/sentence_02301.png,Šiandien berniukas dirba ligoninėje.
Datasets/Synthetic_Sentences/images/sentence_02315.png,Petras nori rašyti projektą.
Datasets/Real_Handwriting/images/form_209_sentence_1.png,Garsiai studentas rašo receptą.
Datasets/Real_Handwriting/images/form_197_sentence_5.png,Jis nori valgyti.
Datasets/Synthetic_Sentences/images/sentence_01103.png,Gydytojas rašo receptą.
Datasets/Real_Handwriting/images/form_175_sentence_5.png,Garsiai gydytojas keliauoja namus.
Datasets/Real_Handwriting/images/form_253_sentence_2.png,Renata nori ilsėtis.
Datasets/Real_Handwriting/images/form_061_sentence_3.png,Tu pradeda bėgti.
Datasets/Real_Handwriting/images/form_143_sentence_3.png,Mokytojai bėga darbe.
Datasets/Synthetic_Sentences/images/sentence_01866.png,Ar mokytoja skaito istoriją?
Datasets/Real_Handwriting/images/form_349_sentence_1.png,Ar Kristina mokosi darbe?
Datasets/Real_Handwriting/images/form_028_sentence_2.png,Šiandien gydytojas eina blogai.
Datasets/Real_Handwriting/images/form_124_sentence_3.png,Vyras ilsisi kavą mokykloje.
Datasets/Real_Handwriting/images/form_259_sentence_2.png,Ingrida perka arbatą.
Datasets/Real_Handwriting/images/form_402_sentence_2.png,Žmogus nori šokti.
Datasets/Synthetic_Sentences/images/sentence_00503.png,Gintaras lankosi bibliotekoje.
Datasets/Synthetic_Sentences/images/sentence_01060.png,Studentė ilsisi parke.
Datasets/Real_Handwriting/images/form_098_sentence_2.png,Draugas dirba ir dirba.
Datasets/Synthetic_Sentences/images/sentence_00274.png,Mindaugas mėgsta plaukti.
Datasets/Synthetic_Sentences/images/sentence_01403.png,Gydytojas mokosi kavinėje.
Datasets/Real_Handwriting/images/form_272_sentence_3.png,Šiandien Kristina ilsisi kalnuose.
Datasets/Real_Handwriting/images/form_315_sentence_1.png,Ar žirgas skaito laišką?
Datasets/Synthetic_Sentences/images/sentence_00712.png,Petras mėgsta skaityti žemėlapį.
Datasets/Synthetic_Sentences/images/sentence_01873.png,Šiandien Jonas skaito žurnalą.
Datasets/Real_Handwriting/images/form_119_sentence_4.png,Draugas tvarkosi prie ežero ir kaime.
Datasets/Synthetic_Sentences/images/sentence_02053.png,Berniukas nori valgyti duoną.
Datasets/Synthetic_Sentences/images/sentence_01875.png,Ar vaikas dirba mokykloje?
Datasets/Synthetic_Sentences/images/sentence_01713.png,Berniukas valgo duoną.
Datasets/Real_Handwriting/images/form_422_sentence_2.png,Žilvinas geria vandenį.
Datasets/Synthetic_Sentences/images/sentence_01536.png,Lėtai Danielius skaito receptą.
Datasets/Synthetic_Sentences/images/sentence_01077.png,Ingrida nori pirkti dovaną.
Datasets/Real_Handwriting/images/form_485_sentence_5.png,Čia gyvena labai draugiška šeima.
Datasets/Synthetic_Sentences/images/sentence_00424.png,Šiandien Laura mokosi sode.
Datasets/Real_Handwriting/images/form_124_sentence_4.png,Jis mėgsta žaisti vandenį.
Datasets/Real_Handwriting/images/form_237_sentence_3.png,Neringa būna kavinėje.
Datasets/Real_Handwriting/images/form_381_sentence_2.png,Ar Mindaugas dirba stotyje?
Datasets/Real_Handwriting/images/form_149_sentence_2.png,Ar vyrai keliauoja?
Datasets/Synthetic_Sentences/images/sentence_00431.png,Gydytojas pradeda dainuoti.
Datasets/Real_Handwriting/images/form_370_sentence_5.png,Vaikai atbėga iš aikštės.
Datasets/Synthetic_Sentences/images/sentence_01155.png,Ar mokytoja nori eiti?
Datasets/Real_Handwriting/images/form_006_sentence_4.png,Tu nemėgsta skubėti.
Datasets/Real_Handwriting/images/form_315_sentence_3.png,Ramiai mokytojas perka dovaną.
Datasets/Real_Handwriting/images/form_097_sentence_4.png,Moteris klauso darbą stotyje.
Datasets/Synthetic_Sentences/images/sentence_01323.png,Renata perka knygą.
Datasets/Real_Handwriting/images/form_485_sentence_1.png,Rūpestingai Petras perka arbatą.
Datasets/Synthetic_Sentences/images/sentence_01605.png,Ar Kristina nori dirbti?
Datasets/Real_Handwriting/images/form_225_sentence_3.png,Neringa geria sultis.
Datasets/Synthetic_Sentences/images/sentence_01976.png,Elnias eina per mišką tyliai.
Datasets/Real_Handwriting/images/form_474_sentence_4.png,Ar studentas mėgsta plaukti?
Datasets/Real_Handwriting/images/form_482_sentence_2.png,Ramiai Eglė mokosi ežero pakrantėje.
Datasets/Synthetic_Sentences/images/sentence_01448.png,Šiandien Jonas ilsisi mieste.
Datasets/Synthetic_Sentences/images/sentence_01249.png,Ingrida nori valgyti daržoves.
Datasets/Real_Handwriting/images/form_164_sentence_5.png,Ar studentas galvoja?
Datasets/Synthetic_Sentences/images/sentence_01693.png,Tyliai mokytojas rašo žemėlapį.
Datasets/Real_Handwriting/images/form_145_sentence_4.png,Draugas bijo ilsėtis.
Datasets/Real_Handwriting/images/form_340_sentence_2.png,Šiandien Petras mokosi bibliotekoje.
Datasets/Synthetic_Sentences/images/sentence_01014.png,Ar Danielius dirba parke?
Datasets/Synthetic_Sentences/images/sentence_01221.png,Vakar mergaitė skaitė receptą.
Datasets/Synthetic_Sentences/images/sentence_01001.png,Berniukas mėgsta pirkti arbatą.
Datasets/Real_Handwriting/images/form_242_sentence_2.png,Rasa stengiasi šokti.
Datasets/Synthetic_Sentences/images/sentence_01597.png,Žilvinas lankosi miške.
Datasets/Synthetic_Sentences/images/sentence_02211.png,Mokytoja rašo projektą.
Datasets/Synthetic_Sentences/images/sentence_00650.png,Šuo sportuoja sode.
Datasets/Real_Handwriting/images/form_429_sentence_4.png,Mantas būna darbe.
Datasets/Real_Handwriting/images/form_456_sentence_1.png,Eglė mėgsta šokti.
Datasets/Synthetic_Sentences/images/sentence_01084.png,Laura mokosi kalnuose.
Datasets/Synthetic_Sentences/images/sentence_01779.png,Šiandien Eglė mokosi kaime.
Datasets/Synthetic_Sentences/images/sentence_01470.png,Greitai Rasa rašo projektą.
Datasets/Synthetic_Sentences/images/sentence_00314.png,Mokytoja nori skaityti knygą.
Datasets/Synthetic_Sentences/images/sentence_00119.png,Katė žaidžia kalnuose.
Datasets/Real_Handwriting/images/form_151_sentence_3.png,Vyrai mokosi arbatą.
Datasets/Real_Handwriting/images/form_041_sentence_4.png,Vyras labai kartu sportuoja.
Datasets/Real_Handwriting/images/form_296_sentence_1.png,Mindaugas stato suolą.
Datasets/Real_Handwriting/images/form_442_sentence_2.png,Rytoj Jurgita eis bibliotekoje.
Datasets/Real_Handwriting/images/form_009_sentence_4.png,Moteris mėgsta tvarkytis daržoves.
Datasets/Real_Handwriting/images/form_163_sentence_2.png,Gydytojai retai dainuoja.
Datasets/Real_Handwriting/images/form_223_sentence_1.png,Šiandien Saulius perka arbatą.
Datasets/Synthetic_Sentences/images/sentence_01385.png,Berniukas rašo žemėlapį.
Datasets/Real_Handwriting/images/form_408_sentence_4.png,Ingrida mokosi mokykloje.
Datasets/Real_Handwriting/images/form_233_sentence_5.png,Vytautas visada verčia sunkias knygas.
Datasets/Real_Handwriting/images/form_388_sentence_3.png,Greitai Petras dirba bibliotekoje.
Datasets/Synthetic_Sentences/images/sentence_01164.png,Mokytojas lankosi miške.
Datasets/Synthetic_Sentences/images/sentence_01755.png,Vaikas neša žaislą.
Datasets/Synthetic_Sentences/images/sentence_02364.png,Eglė nori gerti pieną.
Datasets/Real_Handwriting/images/form_115_sentence_2.png,Mergaitės stengiasi tvarkytis maistą.
Datasets/Real_Handwriting/images/form_297_sentence_1.png,Rytoj Renata skaitys žemėlapį.
Datasets/Real_Handwriting/images/form_209_sentence_3.png,Gydytojas geria vandenį.
Datasets/Real_Handwriting/images/form_302_sentence_3.png,Vakar gydytojas nešė žaislą.
Datasets/Real_Handwriting/images/form_116_sentence_4.png,Mes rašo stadione ir mieste.
Datasets/Synthetic_Sentences/images/sentence_01756.png,Tomas nori rašyti istoriją.
Datasets/Synthetic_Sentences/images/sentence_02446.png,Vakar mergaitė nešė laišką.
Datasets/Real_Handwriting/images/form_406_sentence_3.png,Mielai studentas ilsisi stadione.
Datasets/Real_Handwriting/images/form_094_sentence_5.png,Draugai labai rytoj verkia.
Datasets/Real_Handwriting/images/form_074_sentence_3.png,Draugas mąsto mokyklą.
Datasets/Synthetic_Sentences/images/sentence_01521.png,Mindaugas nori skaityti žurnalą.
Datasets/Real_Handwriting/images/form_095_sentence_1.png,Šiandien draugas skuba ramiai.
Datasets/Real_Handwriting/images/form_369_sentence_1.png,Neringa nori sportuoti gėlę.
Datasets/Real_Handwriting/images/form_275_sentence_4.png,Vakar šuo dirbo kavinėje.
Datasets/Synthetic_Sentences/images/sentence_00229.png,Džiaugsmingai Jurgita dirba parke.
Datasets/Synthetic_Sentences/images/sentence_01079.png,Saulius mėgsta gerti.
Datasets/Real_Handwriting/images/form_021_sentence_1.png,Gydytojai klauso ir klauso.
Datasets/Synthetic_Sentences/images/sentence_01783.png,Vakar Danielius dirbo darbe.
Datasets/Synthetic_Sentences/images/sentence_00223.png,Jonas gyvena bibliotekoje.
Datasets/Synthetic_Sentences/images/sentence_01002.png,Vaikas mėgsta pirkti duoną.
Datasets/Real_Handwriting/images/form_244_sentence_2.png,Šuo sportuoja bibliotekoje.
Datasets/Synthetic_Sentences/images/sentence_00047.png,Kristina renka vaisius.
Datasets/Real_Handwriting/images/form_303_sentence_4.png,Šiandien žmogus mokosi namuose.
Datasets/Real_Handwriting/images/form_456_sentence_2.png,Šiandien Ingrida mokosi upės pakrantėje.
Datasets/Real_Handwriting/images/form_330_sentence_4.png,Žmogus nori dirbti.
Datasets/Real_Handwriting/images/form_117_sentence_4.png,Mergaitės dainuoja receptą.
Datasets/Real_Handwriting/images/form_158_sentence_5.png,Mokytojas kalba ir kalba.
Datasets/Real_Handwriting/images/form_131_sentence_4.png,Studentas labai greitai skuba.
Datasets/Synthetic_Sentences/images/sentence_02255.png,Šiandien Mantas dirba miške.
Datasets/Synthetic_Sentences/images/sentence_01724.png,Studentė nori pirkti kavą.
Datasets/Synthetic_Sentences/images/sentence_01889.png,Mokytojas nori skaityti žurnalą.
Datasets/Real_Handwriting/images/form_080_sentence_5.png,Mergaitės šypsosi mieste.
Datasets/Synthetic_Sentences/images/sentence_01074.png,Jurgita mėgsta galvoti.
Datasets/Synthetic_Sentences/images/sentence_02266.png,Studentė nori gerti vandenį.
Datasets/Real_Handwriting/images/form_170_sentence_3.png,Mes labai valgo.
Datasets/Real_Handwriting/images/form_379_sentence_3.png,Ar gydytojas nori sportuoti?
Datasets/Synthetic_Sentences/images/sentence_01185.png,Šuo neša krepšį.
Datasets/Real_Handwriting/images/form_318_sentence_1.png,Mokytojas nori kalbėti žemėlapį.
Datasets/Real_Handwriting/images/form_161_sentence_5.png,Šiandien jos žaidžia greitai.
Datasets/Synthetic_Sentences/images/sentence_00701.png,Mantas nori valgyti duoną.
Datasets/Synthetic_Sentences/images/sentence_02462.png,Laura žaidžia bibliotekoje.
Datasets/Real_Handwriting/images/form_463_sentence_5.png,Cukrų ir cinamoną dedame į pyragą.
Datasets/Real_Handwriting/images/form_449_sentence_2.png,Jurgita rašo istoriją.
Datasets/Real_Handwriting/images/form_093_sentence_1.png,Mergaitės kartu klauso.
Datasets/Real_Handwriting/images/form_173_sentence_2.png,Mes dirba laišką.
Datasets/Synthetic_Sentences/images/sentence_00909.png,Vakar Gintaras nešė žaislą.
Datasets/Real_Handwriting/images/form_089_sentence_1.png,Mokytojai tvarkosi stotyje.
Datasets/Synthetic_Sentences/images/sentence_02119.png,Jonas skaito žurnalą.
Datasets/Synthetic_Sentences/images/sentence_01588.png,Mindaugas nori skaityti istoriją.
Datasets/Synthetic_Sentences/images/sentence_00653.png,Ar Rasa skaito knygą?
Datasets/Real_Handwriting/images/form_382_sentence_3.png,Neringa valgo daržoves.
Datasets/Synthetic_Sentences/images/sentence_00622.png,Ar Ingrida mokosi stotyje?
Datasets/Synthetic_Sentences/images/sentence_02137.png,Rasa neša gėlę.
Datasets/Synthetic_Sentences/images/sentence_01640.png,Vaikas nori gerti arbatą.
Datasets/Real_Handwriting/images/form_275_sentence_2.png,Ar Renata skaito laišką?
Datasets/Real_Handwriting/images/form_211_sentence_2.png,Kristina groja melodiją.
Datasets/Real_Handwriting/images/form_352_sentence_3.png,Rasa pradeda bėgti.
Datasets/Synthetic_Sentences/images/sentence_00935.png,Laura neša krepšį.
Datasets/Real_Handwriting/images/form_105_sentence_3.png,Gydytojai pradeda galvoti.
Datasets/Synthetic_Sentences/images/sentence_00774.png,Ar Saulius skaito knygą?
Datasets/Real_Handwriting/images/form_020_sentence_3.png,Mergaitė šoka stadione ir sode.
Datasets/Synthetic_Sentences/images/sentence_02005.png,Garsiai mokytojas neša laišką.
Datasets/Synthetic_Sentences/images/sentence_00763.png,Kristina neša knygą.
Datasets/Real_Handwriting/images/form_095_sentence_3.png,Katė mėgsta skubėti.
Datasets/Synthetic_Sentences/images/sentence_00066.png,Studentė sportuoja parke.
Datasets/Synthetic_Sentences/images/sentence_00045.png,Vakar Neringa dirbo upės pakrantėje.
Datasets/Synthetic_Sentences/images/sentence_00099.png,Vaikas stengiasi sportuoti.
Datasets/Real_Handwriting/images/form_377_sentence_3.png,Vakar Gintaras nešė krepšį.
Datasets/Synthetic_Sentences/images/sentence_01604.png,Ar šuo mokosi kavinėje?
Datasets/Real_Handwriting/images/form_023_sentence_1.png,Mes tvarkosi ir tvarkosi.
Datasets/Real_Handwriting/images/form_021_sentence_4.png,Gydytojas mokosi knygą.
Datasets/Synthetic_Sentences/images/sentence_01316.png,Ar Renata dirba kavinėje?
Datasets/Synthetic_Sentences/images/sentence_01916.png,Švelniai Laura perka duoną.
Datasets/Real_Handwriting/images/form_059_sentence_5.png,Draugai šypsosi parke.
Datasets/Real_Handwriting/images/form_062_sentence_3.png,Šuo labai kartu piešia.
Datasets/Real_Handwriting/images/form_021_sentence_3.png,Niekada jis miega paveikslą.
Datasets/Synthetic_Sentences/images/sentence_02009.png,Vakar gydytojas nešė krepšį.
Datasets/Real_Handwriting/images/form_201_sentence_5.png,Cecilija čiuožia ant ledo.
Datasets/Synthetic_Sentences/images/sentence_01896.png,Ar Žilvinas mėgsta rašyti?
Datasets/Synthetic_Sentences/images/sentence_00301.png,Džiaugsmingai studentė ilsisi sode.
Datasets/Synthetic_Sentences/images/sentence_00072.png,Saulius bando sportuoti.
Datasets/Real_Handwriting/images/form_113_sentence_2.png,Mokytojai labai blogai mokosi.
Datasets/Real_Handwriting/images/form_205_sentence_4.png,Tyliai Jonas mokosi darbe.
Datasets/Real_Handwriting/images/form_443_sentence_5.png,Jonas į darbą važiuoja dviračiu.
Datasets/Real_Handwriting/images/form_290_sentence_1.png,Rasa sportuoja bibliotekoje.
Datasets/Real_Handwriting/images/form_510_sentence_4.png,Šiandien Ingrida ilsisi parke.
Datasets/Synthetic_Sentences/images/sentence_00207.png,Jonas nori gerti kavą.
Datasets/Real_Handwriting/images/form_124_sentence_1.png,Šiandien jie eina blogai.
Datasets/Synthetic_Sentences/images/sentence_01590.png,Tyliai Danielius dirba stadione.
Datasets/Synthetic_Sentences/images/sentence_00385.png,Šiandien Gintaras perka duoną.
Datasets/Real_Handwriting/images/form_419_sentence_3.png,Ar paukštis mokosi ežero pakrantėje?
Datasets/Synthetic_Sentences/images/sentence_01835.png,Tyliai šuo mokosi sode.
Datasets/Real_Handwriting/images/form_070_sentence_4.png,Studentas baigia keliauti receptą.
Datasets/Real_Handwriting/images/form_493_sentence_2.png,Šuo perka žaislą.
Datasets/Real_Handwriting/images/form_059_sentence_3.png,Studentas retai mąsto.
Datasets/Synthetic_Sentences/images/sentence_02172.png,Gydytojas ilsisi darbe.
Datasets/Real_Handwriting/images/form_509_sentence_3.png,Vakar Tomas dirbo namuose.
Datasets/Real_Handwriting/images/form_292_sentence_1.png,Laura stato bokštą.
Datasets/Synthetic_Sentences/images/sentence_01041.png,Ar Laura skaito žurnalą?
Datasets/Real_Handwriting/images/form_100_sentence_1.png,Ar jos valgo?
Datasets/Synthetic_Sentences/images/sentence_02460.png,Tomas nori skaityti žurnalą.
Datasets/Synthetic_Sentences/images/sentence_01758.png,Vakar Petras skaitė žemėlapį.
Datasets/Real_Handwriting/images/form_275_sentence_3.png,Renata stengiasi važiuoti.
Datasets/Real_Handwriting/images/form_192_sentence_1.png,Mergaitė skuba namus.
Datasets/Synthetic_Sentences/images/sentence_02388.png,Marija perka gėlę.
Datasets/Real_Handwriting/images/form_475_sentence_4.png,Vakar Kristina skaitė istoriją.
Datasets/Synthetic_Sentences/images/sentence_00573.png,Kristina gyvena upės pakrantėje.
Datasets/Real_Handwriting/images/form_117_sentence_2.png,Vyras nori skubėti mokyklą.
Datasets/Real_Handwriting/images/form_042_sentence_2.png,Mes klauso ir klauso.
Datasets/Real_Handwriting/images/form_315_sentence_4.png,Šiandien Petras perka knygą.
Datasets/Real_Handwriting/images/form_157_sentence_2.png,Ji kalba paplūdimyje.
Datasets/Real_Handwriting/images/form_453_sentence_3.png,Švelniai Žilvinas rašo laišką.
Datasets/Synthetic_Sentences/images/sentence_01568.png,Rūpestingai Jonas ilsisi paplūdimyje.
Datasets/Synthetic_Sentences/images/sentence_02397.png,Šiandien mokytojas skaito žurnalą.
Datasets/Real_Handwriting/images/form_159_sentence_4.png,Mokytojai šypsosi filmą.
Datasets/Real_Handwriting/images/form_131_sentence_5.png,Mokytojai juokiasi ir juokiasi.
Datasets/Real_Handwriting/images/form_149_sentence_4.png,Mergaitės greitai bėga.
Datasets/Real_Handwriting/images/form_458_sentence_5.png,Piešia studentas spalvingą paveikslą.
Datasets/Real_Handwriting/images/form_459_sentence_3.png,Mokytojas stato bokštą.
Datasets/Synthetic_Sentences/images/sentence_00192.png,Petras stengiasi važiuoti.
Datasets/Synthetic_Sentences/images/sentence_01754.png,Vakar katė dirbo mokykloje.
Datasets/Synthetic_Sentences/images/sentence_01003.png,Mielai mokytojas rašo receptą.
Datasets/Synthetic_Sentences/images/sentence_02222.png,Kristina nori gerti pieną.
Datasets/Real_Handwriting/images/form_227_sentence_3.png,Mokytojas dirba miške.
Datasets/Synthetic_Sentences/images/sentence_02027.png,Petras stengiasi gerti.
Datasets/Real_Handwriting/images/form_199_sentence_5.png,Vyrai stengiasi šokti darbą.
Datasets/Real_Handwriting/images/form_439_sentence_5.png,Jaunas studentas juda drąsiai į priekį.
Datasets/Synthetic_Sentences/images/sentence_01214.png,Ar Mindaugas dirba stotyje?
Datasets/Synthetic_Sentences/images/sentence_02238.png,Tomas mėgsta valgyti sriubą.
Datasets/Real_Handwriting/images/form_189_sentence_3.png,Vaikai pradeda gerti namus.
Datasets/Real_Handwriting/images/form_357_sentence_4.png,Studentas ilsisi ežero pakrantėje.
Datasets/Real_Handwriting/images/form_228_sentence_3.png,Šiandien Jonas perka arbatą.
Datasets/Synthetic_Sentences/images/sentence_01656.png,Studentas mėgsta pirkti žaislą.
Datasets/Synthetic_Sentences/images/sentence_00823.png,Ingrida nori rašyti istoriją.
Datasets/Real_Handwriting/images/form_215_sentence_2.png,Mindaugas nori gerti paveikslą.
Datasets/Synthetic_Sentences/images/sentence_00656.png,Vakar Gintaras dirbo kavinėje.
Datasets/Synthetic_Sentences/images/sentence_00450.png,Gintaras bando piešti.
Datasets/Real_Handwriting/images/form_266_sentence_5.png,Kavinėje kvepėjo kava ir cinamonu.
Datasets/Synthetic_Sentences/images/sentence_01668.png,Džiaugsmingai Renata ilsisi upės pakrantėje.
Datasets/Real_Handwriting/images/form_404_sentence_1.png,Vakar mokytojas nešė laišką.
Datasets/Synthetic_Sentences/images/sentence_00019.png,Renata sportuoja ežero pakrantėje.
Datasets/Synthetic_Sentences/images/sentence_00773.png,Jonas ilsisi kavinėje.
Datasets/Synthetic_Sentences/images/sentence_00487.png,Mindaugas dirba kalnuose.
Datasets/Real_Handwriting/images/form_509_sentence_5.png,Cukrų ir cinamoną dedame į pyragą.
Datasets/Synthetic_Sentences/images/sentence_00952.png,Rasa nori valgyti sriubą.
Datasets/Real_Handwriting/images/form_226_sentence_2.png,Mokytojas gyvena ežero pakrantėje.
Datasets/Real_Handwriting/images/form_475_sentence_5.png,Daina skamba per visą sodą.
Datasets/Real_Handwriting/images/form_355_sentence_5.png,Jonas į darbą važiuoja dviračiu.
Datasets/Synthetic_Sentences/images/sentence_02127.png,Laura nori rašyti užduotį.
Datasets/Synthetic_Sentences/images/sentence_01054.png,Studentas nori skaityti žurnalą.
Datasets/Synthetic_Sentences/images/sentence_01518.png,Mergaitė skaito žurnalą.
Datasets/Synthetic_Sentences/images/sentence_00454.png,Eglė nori pirkti žaislą.
Datasets/Synthetic_Sentences/images/sentence_02375.png,Katė mėgsta skaityti istoriją.
Datasets/Synthetic_Sentences/images/sentence_00046.png,Mergaitė mėgsta pirkti knygą.
Datasets/Real_Handwriting/images/form_245_sentence_1.png,Greitai mergaitė perka dovaną.
Datasets/Synthetic_Sentences/images/sentence_02459.png,Šuo stengiasi sportuoti.
Datasets/Real_Handwriting/images/form_399_sentence_2.png,Ingrida pradeda tvarkytis.
Datasets/Synthetic_Sentences/images/sentence_00027.png,Vakar Mantas skaitė knygą.
Datasets/Synthetic_Sentences/images/sentence_01176.png,Neringa lankosi darbe.
Datasets/Real_Handwriting/images/form_499_sentence_2.png,Šuo žaidžia kalnuose.
Datasets/Real_Handwriting/images/form_198_sentence_1.png,Katė rytoj piešia.
Datasets/Real_Handwriting/images/form_227_sentence_2.png,Vaikas geria pieną.
Datasets/Real_Handwriting/images/form_311_sentence_3.png,Tyliai Mindaugas mokosi namuose.
Datasets/Synthetic_Sentences/images/sentence_01627.png,Atidžiai Petras ilsisi ligoninėje.
Datasets/Synthetic_Sentences/images/sentence_02283.png,Mindaugas bando galvoti.
Datasets/Real_Handwriting/images/form_496_sentence_3.png,Žirgas nori eiti duoną.
Datasets/Synthetic_Sentences/images/sentence_02052.png,Berniukas nori valgyti.
Datasets/Real_Handwriting/images/form_300_sentence_5.png,Čiurlionį menininkai laiko išskirtiniu kūrėju.
Datasets/Synthetic_Sentences/images/sentence_00215.png,Gydytojas stengiasi važiuoti.
Datasets/Synthetic_Sentences/images/sentence_00312.png,Laura lankosi namuose.
Datasets/Synthetic_Sentences/images/sentence_02120.png,Rytoj Mantas eis kalnuose.
Datasets/Real_Handwriting/images/form_431_sentence_4.png,Jurgita nori valgyti arbatą.
Datasets/Synthetic_Sentences/images/sentence_02159.png,Petras nori rašyti receptą.
Datasets/Real_Handwriting/images/form_058_sentence_2.png,Mergaitė bijo šokti.
Datasets/Synthetic_Sentences/images/sentence_01683.png,Ar katė dirba kavinėje?
Datasets/Real_Handwriting/images/form_409_sentence_2.png,Drąsiai Ingrida rašo laišką.
Datasets/Real_Handwriting/images/form_430_sentence_5.png,Cecilija čiuožia ant ledo.
Datasets/Real_Handwriting/images/form_501_sentence_2.png,Šiandien paukštis mokosi upės pakrantėje.
Datasets/Real_Handwriting/images/form_086_sentence_3.png,Atidžiai vyras galvoja knygą.
Datasets/Real_Handwriting/images/form_148_sentence_1.png,Gydytojas dainuoja namuose ir kalnuose.
Datasets/Synthetic_Sentences/images/sentence_00151.png,Šiandien Saulius perka žaislą.
Datasets/Synthetic_Sentences/images/sentence_01484.png,Mokytoja renka daržoves.
Datasets/Synthetic_Sentences/images/sentence_02104.png,Lėtai studentas mokosi ežero pakrantėje.
Datasets/Synthetic_Sentences/images/sentence_01561.png,Šuo lankosi stadione.
Datasets/Synthetic_Sentences/images/sentence_00283.png,Ar Jonas nori skaityti?
Datasets/Synthetic_Sentences/images/sentence_01224.png,Šiandien Žilvinas skaito laišką.
Datasets/Real_Handwriting/images/form_222_sentence_4.png,Rytoj berniukas skaitys istoriją.
Datasets/Synthetic_Sentences/images/sentence_00400.png,Tyliai katė neša dovaną.
Datasets/Synthetic_Sentences/images/sentence_00412.png,Jurgita pradeda mokytis.
Datasets/Synthetic_Sentences/images/sentence_01068.png,Šuo neša laišką.
Datasets/Synthetic_Sentences/images/sentence_00213.png,Rūpestingai Žilvinas perka žaislą.
Datasets/Synthetic_Sentences/images/sentence_01299.png,Jurgita rašo projektą.
Datasets/Synthetic_Sentences/images/sentence_00576.png,Vakar mokytojas skaitė istoriją.
Datasets/Real_Handwriting/images/form_248_sentence_1.png,Šeima lankosi mieste.
Datasets/Real_Handwriting/images/form_501_sentence_3.png,Ramiai Petras rašo žemėlapį.
Datasets/Real_Handwriting/images/form_098_sentence_5.png,Studentai dirba prie ežero ir ligoninėje.
Datasets/Synthetic_Sentences/images/sentence_00256.png,Čiulba paukščiai ankstų rytą.
Datasets/Synthetic_Sentences/images/sentence_01471.png,Neringa mokosi ežero pakrantėje.
Datasets/Real_Handwriting/images/form_396_sentence_4.png,Mantas dirba mieste.
Datasets/Real_Handwriting/images/form_274_sentence_3.png,Ar Ingrida skaito istoriją?
Datasets/Synthetic_Sentences/images/sentence_02158.png,Ingrida nori važiuoti.
Datasets/Real_Handwriting/images/form_393_sentence_2.png,Ramiai Jurgita mokosi stadione.
Datasets/Synthetic_Sentences/images/sentence_01974.png,Ar Tomas mėgsta dirbti?
Datasets/Synthetic_Sentences/images/sentence_01792.png,Ar Mindaugas skaito receptą?
Datasets/Real_Handwriting/images/form_078_sentence_5.png,Studentas klauso arbatą mokykloje.
Datasets/Real_Handwriting/images/form_311_sentence_2.png,Jurgita bando keliauti.
Datasets/Synthetic_Sentences/images/sentence_02118.png,Šiandien Laura mokosi pievoje.
Datasets/Synthetic_Sentences/images/sentence_00044.png,Mindaugas nori piešti.
Datasets/Real_Handwriting/images/form_291_sentence_1.png,Vakar paukštis dirbo darbe.
Datasets/Real_Handwriting/images/form_081_sentence_2.png,Moterys sportuoja mokyklą.
Datasets/Real_Handwriting/images/form_291_sentence_2.png,Švelniai Danielius valgo košę.
Datasets/Real_Handwriting/images/form_399_sentence_5.png,Universiteto studentai žaidžia šachmatais laisvalaikiu.
Datasets/Real_Handwriting/images/form_086_sentence_4.png,Tu mielai eina.
Datasets/Real_Handwriting/images/form_150_sentence_2.png,Šuo eina ir eina.
Datasets/Real_Handwriting/images/form_008_sentence_3.png,Ar aš šoka?
Datasets/Synthetic_Sentences/images/sentence_00327.png,Šiandien Neringa skaito knygą.
Datasets/Real_Handwriting/images/form_089_sentence_5.png,Mergaitės geria stadione.
Datasets/Real_Handwriting/images/form_154_sentence_2.png,Ar gydytojai dirba?
Datasets/Synthetic_Sentences/images/sentence_00723.png,Greitai Saulius dirba darbe.
Datasets/Real_Handwriting/images/form_426_sentence_5.png,Žiema atneša sniegą ir šaltį.
Datasets/Real_Handwriting/images/form_082_sentence_1.png,Vyras niekada dainuoja.
Datasets/Synthetic_Sentences/images/sentence_02392.png,Ar Kristina nori ilsėtis?
Datasets/Synthetic_Sentences/images/sentence_00444.png,Mokytoja gyvena kaime.
Datasets/Synthetic_Sentences/images/sentence_02423.png,Ar Ingrida dirba darbe?
Datasets/Synthetic_Sentences/images/sentence_00218.png,Jurgita žaidžia kaime.
Datasets/Synthetic_Sentences/images/sentence_02284.png,Jonas renka vaisius.
Datasets/Synthetic_Sentences/images/sentence_00677.png,Kruopščiai Gintaras neša dovaną.
Datasets/Synthetic_Sentences/images/sentence_01152.png,Gintaras neša gėlę.
Datasets/Real_Handwriting/images/form_423_sentence_2.png,Gydytojas skaito žurnalą.
Datasets/Synthetic_Sentences/images/sentence_01612.png,Danielius nori skaityti žurnalą.
Datasets/Real_Handwriting/images/form_181_sentence_5.png,Jos geria sode ir namuose.
Datasets/Synthetic_Sentences/images/sentence_01300.png,Studentas perka arbatą.
Datasets/Synthetic_Sentences/images/sentence_01309.png,Eglė mėgsta pirkti gėlę.
Datasets/Real_Handwriting/images/form_169_sentence_2.png,Šiandien mokytojai sportuoja kartu.
Datasets/Real_Handwriting/images/form_261_sentence_1.png,Studentė mokosi paplūdimyje.
Datasets/Real_Handwriting/images/form_289_sentence_3.png,Jonas gyvena namuose.
Datasets/Synthetic_Sentences/images/sentence_00461.png,Žilvinas mėgsta skaityti žurnalą.
Datasets/Synthetic_Sentences/images/sentence_00204.png,Šiandien Rasa ilsisi ežero pakrantėje.
Datasets/Real_Handwriting/images/form_318_sentence_4.png,Gydytojas lankosi bibliotekoje.
Datasets/Synthetic_Sentences/images/sentence_01118.png,Gydytojas bando plaukti.
Datasets/Real_Handwriting/images/form_192_sentence_4.png,Mes geria kavinėje ir kalnuose.
Datasets/Synthetic_Sentences/images/sentence_01069.png,Ingrida stengiasi mokytis.
Datasets/Real_Handwriting/images/form_170_sentence_5.png,Mergaitės šypsosi parke ir stadione.
Datasets/Real_Handwriting/images/form_380_sentence_5.png,Cukrų ir cinamoną dedame į pyragą.
Datasets/Synthetic_Sentences/images/sentence_02385.png,Tomas tvarko savo kambarį.
Datasets/Real_Handwriting/images/form_399_sentence_3.png,Vakar Ingrida skaitė žurnalą.
Datasets/Synthetic_Sentences/images/sentence_01233.png,Ar vaikas dirba sode?
Datasets/Synthetic_Sentences/images/sentence_01717.png,Vakar Žilvinas dirbo kavinėje.
Datasets/Synthetic_Sentences/images/sentence_00971.png,Laura nori gerti kavą.
Datasets/Synthetic_Sentences/images/sentence_00856.png,Kristina dirba stadione.
Datasets/Synthetic_Sentences/images/sentence_00515.png,Šiandien Eglė skaito žurnalą.
Datasets/Real_Handwriting/images/form_296_sentence_3.png,Ar Saulius nori kalbėti?
Datasets/Synthetic_Sentences/images/sentence_02179.png,Petras nori valgyti košę.
Datasets/Synthetic_Sentences/images/sentence_02013.png,Eglė skaito istoriją.
Datasets/Synthetic_Sentences/images/sentence_00402.png,Rytoj Ingrida skaitys žemėlapį.
Datasets/Synthetic_Sentences/images/sentence_01055.png,Mokytoja rašo receptą.
Datasets/Synthetic_Sentences/images/sentence_01174.png,Vakar Žilvinas nešė laišką.
Datasets/Synthetic_Sentences/images/sentence_01153.png,Ar Jonas mėgsta tvarkytis?
Datasets/Synthetic_Sentences/images/sentence_00467.png,Berniukas nori gerti kavą.
Datasets/Synthetic_Sentences/images/sentence_01608.png,Studentė nori gerti sultis.
Datasets/Synthetic_Sentences/images/sentence_00423.png,Vakar Žilvinas dirbo ežero pakrantėje.
Datasets/Synthetic_Sentences/images/sentence_00844.png,Drąsiai Laura dirba stadione.
Datasets/Real_Handwriting/images/form_011_sentence_2.png,Vaikas bijo bėgti muziką.
Datasets/Synthetic_Sentences/images/sentence_00887.png,Gydytojas neša laišką.
Datasets/Synthetic_Sentences/images/sentence_00429.png,Šiandien Eglė dirba mieste.
Datasets/Synthetic_Sentences/images/sentence_00531.png,Rytoj Rasa eis kaime.
Datasets/Real_Handwriting/images/form_246_sentence_4.png,Rytoj šuo skaitys žemėlapį.
Datasets/Real_Handwriting/images/form_268_sentence_1.png,Jurgita mėgsta valgyti.
Datasets/Real_Handwriting/images/form_220_sentence_4.png,Jurgita pradeda statyti.
Datasets/Real_Handwriting/images/form_036_sentence_5.png,Mergaitė klauso receptą.
Datasets/Synthetic_Sentences/images/sentence_01407.png,Kristina mėgsta gerti sultis.
Datasets/Synthetic_Sentences/images/sentence_01931.png,Vakar Kristina skaitė žemėlapį.
Datasets/Synthetic_Sentences/images/sentence_02258.png,Lėtai mergaitė valgo daržoves.
Datasets/Real_Handwriting/images/form_046_sentence_3.png,Vaikas baigia šokti.
Datasets/Real_Handwriting/images/form_209_sentence_4.png,Mantas žaidžia stotyje.
Datasets/Real_Handwriting/images/form_464_sentence_5.png,Kavinėje kvepėjo kava ir cinamonu.
Datasets/Real_Handwriting/images/form_347_sentence_2.png,Greitai Saulius dirba pievoje.
Datasets/Synthetic_Sentences/images/sentence_01485.png,Rytoj Rasa skaitys laišką.
Datasets/Real_Handwriting/images/form_425_sentence_3.png,Lėtai Danielius ilsisi kaime.
Datasets/Synthetic_Sentences/images/sentence_01706.png,Žilvinas nori rašyti istoriją.
Datasets/Synthetic_Sentences/images/sentence_01911.png,Atidžiai Ingrida ilsisi sode.
Datasets/Synthetic_Sentences/images/sentence_02396.png,Žilvinas bando dirbti.
Datasets/Real_Handwriting/images/form_029_sentence_1.png,Ar mergaitė eina?
Datasets/Synthetic_Sentences/images/sentence_02102.png,Lėtai mergaitė skaito žemėlapį.
Datasets/Real_Handwriting/images/form_040_sentence_1.png,Mergaitės smagiai verkia.
Datasets/Real_Handwriting/images/form_101_sentence_2.png,Retai moterys šypsosi žemėlapį.
Datasets/Synthetic_Sentences/images/sentence_01759.png,Jonas lankosi stotyje.
Datasets/Synthetic_Sentences/images/sentence_02432.png,Kristina bando piešti.
Datasets/Real_Handwriting/images/form_135_sentence_2.png,Jis atidžiai tvarkosi.
Datasets/Synthetic_Sentences/images/sentence_02212.png,"Vaikas verkia, nes pametė žaislą."
Datasets/Real_Handwriting/images/form_042_sentence_1.png,Ar jūs verkia?
Datasets/Synthetic_Sentences/images/sentence_00248.png,Drąsiai Eglė mokosi ežero pakrantėje.
Datasets/Real_Handwriting/images/form_456_sentence_3.png,Kristina būna darbe.
Datasets/Synthetic_Sentences/images/sentence_00298.png,Šiandien Gintaras ilsisi mokykloje.
Datasets/Real_Handwriting/images/form_240_sentence_1.png,Mergaitė dirba parke.
Datasets/Real_Handwriting/images/form_029_sentence_5.png,Vaikas labai šiandien geria.
Datasets/Real_Handwriting/images/form_407_sentence_5.png,Cukrų ir cinamoną dedame į pyragą.
Datasets/Real_Handwriting/images/form_353_sentence_3.png,Jurgita ilsisi ligoninėje.
Datasets/Real_Handwriting/images/form_454_sentence_4.png,Ingrida stengiasi ilsėtis.
Datasets/Synthetic_Sentences/images/sentence_00276.png,Rasa pradeda sportuoti.
Datasets/Real_Handwriting/images/form_388_sentence_1.png,Ar šeima skaito istoriją?
Datasets/Synthetic_Sentences/images/sentence_00818.png,Tyliai Ingrida ilsisi darbe.
Datasets/Synthetic_Sentences/images/sentence_00982.png,Kristina nori važiuoti.
Datasets/Synthetic_Sentences/images/sentence_01557.png,Kristina mėgsta skaityti laišką.
Datasets/Real_Handwriting/images/form_494_sentence_4.png,Greitai vaikas perka žaislą.
Datasets/Synthetic_Sentences/images/sentence_01025.png,Garsiai studentė perka dovaną.
Datasets/Synthetic_Sentences/images/sentence_00715.png,Šiandien studentė ilsisi ligoninėje.
Datasets/Real_Handwriting/images/form_307_sentence_3.png,Žirgas nori galvoti dovaną.
Datasets/Synthetic_Sentences/images/sentence_00874.png,Šiandien berniukas ilsisi paplūdimyje.
Datasets/Real_Handwriting/images/form_395_sentence_2.png,Ar Kristina dirba kavinėje?
Datasets/Real_Handwriting/images/form_395_sentence_3.png,Vakar Petras dirbo kalnuose.
Datasets/Real_Handwriting/images/form_090_sentence_5.png,Draugai kalba darbe ir prie ežero.
Datasets/Synthetic_Sentences/images/sentence_00296.png,Gintaras pradeda keliauti.
Datasets/Synthetic_Sentences/images/sentence_02349.png,Ar Rasa dirba mieste?
Datasets/Real_Handwriting/images/form_060_sentence_3.png,Katė stengiasi galvoti daržoves.
Datasets/Synthetic_Sentences/images/sentence_00713.png,Mokytojas mėgsta skaityti knygą.
Datasets/Real_Handwriting/images/form_115_sentence_5.png,Jūs pradeda šokti daržoves.
Datasets/Synthetic_Sentences/images/sentence_01065.png,Laura dirba kavinėje.
Datasets/Synthetic_Sentences/images/sentence_02317.png,Šiandien gydytojas dirba stotyje.
Datasets/Synthetic_Sentences/images/sentence_01138.png,Laura ilsisi darbe.
Datasets/Synthetic_Sentences/images/sentence_02034.png,Ar Eglė dirba kalnuose?
Datasets/Synthetic_Sentences/images/sentence_01252.png,Žilvinas dirba darbe.
Datasets/Real_Handwriting/images/form_326_sentence_1.png,Ar mergaitė skaito istoriją?
Datasets/Real_Handwriting/images/form_177_sentence_3.png,Šiandien jos eina atidžiai.
Datasets/Real_Handwriting/images/form_030_sentence_2.png,Mokytojai mėgsta dainuoti.
Datasets/Real_Handwriting/images/form_368_sentence_4.png,Švelniai šuo valgo obuolį.
Datasets/Real_Handwriting/images/form_059_sentence_2.png,Smagiai jie galvoja istoriją.
Datasets/Real_Handwriting/images/form_207_sentence_4.png,Džiaugsmingai Eglė skaito žurnalą.
Datasets/Synthetic_Sentences/images/sentence_02093.png,Ar Danielius dirba stadione?
Datasets/Real_Handwriting/images/form_117_sentence_1.png,Mokytojas bėga žaidimą kalnuose.
Datasets/Synthetic_Sentences/images/sentence_00666.png,Studentas dirba mokykloje.
Datasets/Synthetic_Sentences/images/sentence_01016.png,Gintaras skaito receptą.
Datasets/Real_Handwriting/images/form_299_sentence_5.png,Cukrų ir cinamoną dedame į pyragą.
Datasets/Synthetic_Sentences/images/sentence_01567.png,Tomas mėgsta pirkti arbatą.
Datasets/Synthetic_Sentences/images/sentence_00254.png,Saulius nori gerti sultis.
Datasets/Real_Handwriting/images/form_280_sentence_3.png,Katė nori statyti arbatą.
Datasets/Real_Handwriting/images/form_187_sentence_2.png,Tu klauso ir klauso.
Datasets/Synthetic_Sentences/images/sentence_00453.png,Laura mėgsta bėgti.
Datasets/Real_Handwriting/images/form_027_sentence_4.png,Aš šoka kalnuose ir paplūdimyje.
Datasets/Synthetic_Sentences/images/sentence_00853.png,Rytoj Mindaugas skaitys knygą.
Datasets/Real_Handwriting/images/form_383_sentence_2.png,Šiandien šuo skaito istoriją.
Datasets/Real_Handwriting/images/form_207_sentence_2.png,Studentas stato suolą.
Datasets/Synthetic_Sentences/images/sentence_00927.png,Jonas skaito žemėlapį.
Datasets/Synthetic_Sentences/images/sentence_00304.png,Gintaras mėgsta eiti.
Datasets/Synthetic_Sentences/images/sentence_01793.png,Ar Petras nori piešti?
Datasets/Synthetic_Sentences/images/sentence_01634.png,Mokytoja mėgsta gerti arbatą.
Datasets/Real_Handwriting/images/form_397_sentence_4.png,Tyliai Eglė neša žaislą.
Datasets/Real_Handwriting/images/form_413_sentence_2.png,Kruopščiai paukštis dirba namuose.
Datasets/Real_Handwriting/images/form_219_sentence_1.png,Mantas stato bokštą.
Datasets/Synthetic_Sentences/images/sentence_00180.png,Eglė valgo duoną.
Datasets/Synthetic_Sentences/images/sentence_00783.png,Mergaitė geria vandenį.
Datasets/Synthetic_Sentences/images/sentence_02433.png,Rasa geria sultis.
Datasets/Synthetic_Sentences/images/sentence_01885.png,Ar Jonas mėgsta groti?
Datasets/Synthetic_Sentences/images/sentence_01806.png,Ar gydytojas skaito laišką?
Datasets/Real_Handwriting/images/form_313_sentence_4.png,Laura skaito žurnalą.
Datasets/Synthetic_Sentences/images/sentence_00343.png,Šiandien Rasa perka dovaną.
Datasets/Real_Handwriting/images/form_401_sentence_2.png,Tyliai Gintaras valgo duoną.
Datasets/Real_Handwriting/images/form_305_sentence_1.png,Šiandien studentas perka gėlę.
Datasets/Real_Handwriting/images/form_474_sentence_1.png,Švelniai Rasa sportuoja mokykloje.
Datasets/Real_Handwriting/images/form_144_sentence_1.png,Jis nemėgsta rašyti.
Datasets/Real_Handwriting/images/form_404_sentence_5.png,Cukrų ir cinamoną dedame į pyragą.
Datasets/Synthetic_Sentences/images/sentence_02036.png,Berniukas ilsisi stotyje.
Datasets/Synthetic_Sentences/images/sentence_01971.png,Šiandien Mindaugas ilsisi namuose.
Datasets/Real_Handwriting/images/form_263_sentence_3.png,Laura bando važiuoti.
Datasets/Synthetic_Sentences/images/sentence_01162.png,Daktaras dirba didelėje ligoninėje.
Datasets/Synthetic_Sentences/images/sentence_00404.png,Ar mokytoja mokosi mokykloje?
Datasets/Synthetic_Sentences/images/sentence_00087.png,Studentė valgo duoną.
Datasets/Synthetic_Sentences/images/sentence_02271.png,Danielius rašo istoriją.
Datasets/Real_Handwriting/images/form_498_sentence_1.png,Gydytojas dirba mieste.
Datasets/Synthetic_Sentences/images/sentence_01200.png,Rytoj Rasa skaitys žemėlapį.
Datasets/Synthetic_Sentences/images/sentence_00062.png,Šiandien šuo dirba mokykloje.
Datasets/Synthetic_Sentences/images/sentence_02092.png,Renata pradeda mokytis.
Datasets/Real_Handwriting/images/form_190_sentence_1.png,Mokytojai baigia ilsėtis receptą.
Datasets/Synthetic_Sentences/images/sentence_01217.png,Katė stengiasi važiuoti.
Datasets/Real_Handwriting/images/form_272_sentence_5.png,Kavinėje kvepėjo kava ir cinamonu.
Datasets/Real_Handwriting/images/form_214_sentence_3.png,Saulius geria kavą.
Datasets/Real_Handwriting/images/form_460_sentence_5.png,Nuo kalno matosi nuostabus vaizas.
Datasets/Real_Handwriting/images/form_108_sentence_2.png,Paukštis pradeda piešti filmą.
Datasets/Real_Handwriting/images/form_305_sentence_3.png,Renata geria kavą.
Datasets/Real_Handwriting/images/form_341_sentence_1.png,Ar Mindaugas dirba mokykloje?
Datasets/Synthetic_Sentences/images/sentence_01818.png,Eglė skaito istoriją.
Datasets/Synthetic_Sentences/images/sentence_01945.png,Ar mokytojas skaito žurnalą?
Datasets/Real_Handwriting/images/form_375_sentence_5.png,Cecilija čiuožia ant ledo.
Datasets/Synthetic_Sentences/images/sentence_00727.png,Studentas renka gėles.
Datasets/Real_Handwriting/images/form_042_sentence_4.png,Mes ramiai klauso.
Datasets/Real_Handwriting/images/form_172_sentence_4.png,Jie dirba dainą bibliotekoje.
Datasets/Synthetic_Sentences/images/sentence_00696.png,Danielius renka vaisius.
Datasets/Real_Handwriting/images/form_448_sentence_3.png,Šiandien katė ilsisi miške.
Datasets/Synthetic_Sentences/images/sentence_02402.png,Rytoj Danielius skaitys knygą.
Datasets/Real_Handwriting/images/form_235_sentence_1.png,Vaikas rašo projektą.
Datasets/Synthetic_Sentences/images/sentence_01541.png,Vakar Tomas nešė laišką.
Datasets/Synthetic_Sentences/images/sentence_00165.png,Drąsiai Mindaugas ilsisi namuose.
Datasets/Synthetic_Sentences/images/sentence_00921.png,Gintaras mėgsta skaityti žemėlapį.
Datasets/Synthetic_Sentences/images/sentence_00722.png,Vakar Žilvinas dirbo paplūdimyje.
Datasets/Synthetic_Sentences/images/sentence_02182.png,Mindaugas lankosi paplūdimyje.
Datasets/Real_Handwriting/images/form_308_sentence_4.png,Džiaugsmingai mokytoja mokosi kavinėje.
Datasets/Synthetic_Sentences/images/sentence_01383.png,Kruopščiai Rasa dirba ligoninėje.
Datasets/Real_Handwriting/images/form_477_sentence_3.png,Jonas renka grybus.
Datasets/Synthetic_Sentences/images/sentence_00561.png,Ar Žilvinas skaito žemėlapį?
Datasets/Real_Handwriting/images/form_144_sentence_2.png,Ji labai atidžiai miega.
Datasets/Real_Handwriting/images/form_107_sentence_3.png,Mokytojai nemėgsta šokti maistą.
Datasets/Synthetic_Sentences/images/sentence_00185.png,Saulius nori valgyti košę.
Datasets/Real_Handwriting/images/form_077_sentence_3.png,Draugas baigia miegoti muziką.
Datasets/Real_Handwriting/images/form_424_sentence_3.png,Mergaitė geria pieną.
Datasets/Real_Handwriting/images/form_013_sentence_3.png,Jie miega paveikslą.
Datasets/Synthetic_Sentences/images/sentence_00310.png,Šiandien Saulius mokosi sode.
Datasets/Real_Handwriting/images/form_497_sentence_5.png,Čiulba paukščiai ankstų rytą.
Datasets/Synthetic_Sentences/images/sentence_02130.png,Studentė lankosi mokykloje.
Datasets/Synthetic_Sentences/images/sentence_02045.png,Tomas skaito žemėlapį.
Datasets/Real_Handwriting/images/form_234_sentence_2.png,Mielai Rasa rašo laišką.
Datasets/Real_Handwriting/images/form_198_sentence_3.png,Dabar tu kalba knygą.
Datasets/Real_Handwriting/images/form_017_sentence_3.png,Vaikai pradeda skubėti.
Datasets/Real_Handwriting/images/form_154_sentence_1.png,Rytoj jis kalba pamoką.
Datasets/Synthetic_Sentences/images/sentence_00069.png,Mantas sportuoja ligoninėje.
Datasets/Synthetic_Sentences/images/sentence_02478.png,Ar Mantas mėgsta važiuoti?
Datasets/Synthetic_Sentences/images/sentence_01694.png,Atidžiai gydytojas dirba ežero pakrantėje.
Datasets/Synthetic_Sentences/images/sentence_01939.png,Ar studentas mėgsta bėgti?
Datasets/Real_Handwriting/images/form_503_sentence_3.png,Vakar Jurgita dirbo stotyje.
Datasets/Synthetic_Sentences/images/sentence_02084.png,Mergaitė skaito istoriją.
Datasets/Synthetic_Sentences/images/sentence_01973.png,Studentas valgo sriubą.
Datasets/Synthetic_Sentences/images/sentence_00560.png,Šiandien Ingrida skaito knygą.
Datasets/Synthetic_Sentences/images/sentence_01393.png,Petras sportuoja kavinėje.
Datasets/Real_Handwriting/images/form_320_sentence_3.png,Ar Saulius mokosi miške?
Datasets/Synthetic_Sentences/images/sentence_00981.png,Šiandien Neringa mokosi namuose.
Datasets/Synthetic_Sentences/images/sentence_00441.png,Kristina mokosi stadione.
Datasets/Synthetic_Sentences/images/sentence_00577.png,Ar Tomas nori valgyti?
Datasets/Synthetic_Sentences/images/sentence_01396.png,Petras neša laišką.
Datasets/Real_Handwriting/images/form_331_sentence_4.png,Ar paukštis mėgsta dainuoti?
Datasets/Real_Handwriting/images/form_033_sentence_2.png,Šiandien jie geria kartu.
Datasets/Real_Handwriting/images/form_338_sentence_4.png,Garsiai paukštis sportuoja mieste.
Datasets/Real_Handwriting/images/form_231_sentence_2.png,Marija lankosi kalnuose.
Datasets/Real_Handwriting/images/form_194_sentence_2.png,Jie žiūri miške ir kavinėje.
Datasets/Real_Handwriting/images/form_442_sentence_4.png,Danielius žaidžia darbe.
Datasets/Real_Handwriting/images/form_054_sentence_1.png,Jūs klauso projektą.
Datasets/Synthetic_Sentences/images/sentence_01871.png,Šuo sportuoja namuose.
Datasets/Real_Handwriting/images/form_217_sentence_4.png,Greitai Danielius skaito žemėlapį.
Datasets/Synthetic_Sentences/images/sentence_02154.png,Tomas sportuoja upės pakrantėje.
Datasets/Real_Handwriting/images/form_243_sentence_5.png,Kavinėje kvepėjo kava ir cinamonu.
Datasets/Synthetic_Sentences/images/sentence_00563.png,Kristina bando plaukti.
Datasets/Synthetic_Sentences/images/sentence_00864.png,Studentas gyvena stadione.
Datasets/Synthetic_Sentences/images/sentence_00443.png,Tomas mėgsta gerti sultis.
Datasets/Real_Handwriting/images/form_293_sentence_4.png,Žmogus dirba mokykloje.
Datasets/Real_Handwriting/images/form_334_sentence_1.png,Mielai studentas sportuoja kalnuose.
Datasets/Real_Handwriting/images/form_305_sentence_2.png,Mokytojas žaidžia miške.
Datasets/Real_Handwriting/images/form_154_sentence_3.png,Jie atidžiai galvoja.
Datasets/Synthetic_Sentences/images/sentence_00508.png,Šuo mėgsta skaityti žemėlapį.
Datasets/Synthetic_Sentences/images/sentence_00624.png,Mergaitė mėgsta pirkti arbatą.
Datasets/Real_Handwriting/images/form_041_sentence_1.png,Draugas retai keliauoja.
Datasets/Real_Handwriting/images/form_413_sentence_5.png,Šuo išbėgo į kiemą ir pradėjo loti.
Datasets/Real_Handwriting/images/form_172_sentence_3.png,Gydytojai pradeda dainuoti namus.
Datasets/Real_Handwriting/images/form_160_sentence_5.png,Katė bijo ilsėtis.
Datasets/Real_Handwriting/images/form_146_sentence_3.png,Ji miega ligoninėje.
Datasets/Synthetic_Sentences/images/sentence_01144.png,Ar Ingrida nori plaukti?
Datasets/Real_Handwriting/images/form_012_sentence_1.png,Vaikai ilsisi ir ilsisi.
Datasets/Synthetic_Sentences/images/sentence_01981.png,Garsiai Eglė mokosi darbe.
Datasets/Real_Handwriting/images/form_380_sentence_2.png,Ar žmogus mokosi parke?
Datasets/Real_Handwriting/images/form_323_sentence_5.png,Žaibas nušvietė tamsų dangų audros metu.
Datasets/Synthetic_Sentences/images/sentence_01349.png,Lėtai Jurgita skaito laišką.
Datasets/Synthetic_Sentences/images/sentence_02018.png,Mielai Mantas rašo projektą.
Datasets/Synthetic_Sentences/images/sentence_01944.png,Studentas renka grybus.
Datasets/Synthetic_Sentences/images/sentence_01715.png,Šiandien Renata perka knygą.
Datasets/Real_Handwriting/images/form_297_sentence_3.png,Marija groja melodiją.
Datasets/Real_Handwriting/images/form_181_sentence_4.png,Jie bėga kaime.
Datasets/Synthetic_Sentences/images/sentence_00205.png,Ar vaikas nori dainuoti?
Datasets/Synthetic_Sentences/images/sentence_01437.png,Rytoj studentas skaitys žurnalą.
Datasets/Synthetic_Sentences/images/sentence_02429.png,Ar Rasa mokosi stadione?
Datasets/Real_Handwriting/images/form_066_sentence_1.png,Mergaitė baigia bėgti namus.
Datasets/Real_Handwriting/images/form_128_sentence_2.png,Jis bėga žaidimą prie ežero.
Datasets/Real_Handwriting/images/form_238_sentence_5.png,Universiteto studentai žaidžia šachmatais laisvalaikiu.
Datasets/Synthetic_Sentences/images/sentence_00504.png,Studentas mėgsta gerti arbatą.
Datasets/Real_Handwriting/images/form_489_sentence_1.png,Laura gyvena stotyje.
Datasets/Real_Handwriting/images/form_402_sentence_3.png,Vakar gydytojas skaitė receptą.
Datasets/Real_Handwriting/images/form_197_sentence_1.png,Jis juokiasi daržoves.
Datasets/Real_Handwriting/images/form_038_sentence_5.png,Vakar mokytojas mokosi receptą.
Datasets/Synthetic_Sentences/images/sentence_01547.png,Ar Mantas nori dirbti?
Datasets/Synthetic_Sentences/images/sentence_02087.png,Švelniai Marija skaito žemėlapį.
Datasets/Real_Handwriting/images/form_271_sentence_3.png,Šiandien Jurgita mokosi upės pakrantėje.
Datasets/Real_Handwriting/images/form_447_sentence_5.png,Cukrų ir cinamoną dedame į pyragą.
Datasets/Synthetic_Sentences/images/sentence_01691.png,Berniukas žaidžia kalnuose.
Datasets/Real_Handwriting/images/form_376_sentence_5.png,Čiulba paukščiai ankstų rytą.
Datasets/Synthetic_Sentences/images/sentence_01005.png,Eglė nori gerti pieną.
Datasets/Real_Handwriting/images/form_231_sentence_4.png,Šiandien Mindaugas mokosi mokykloje.
Datasets/Real_Handwriting/images/form_120_sentence_1.png,Mes labai atidžiai eina.
Datasets/Synthetic_Sentences/images/sentence_00916.png,Vaikas nori sportuoti.
Datasets/Real_Handwriting/images/form_361_sentence_2.png,Berniukas skaito istoriją.
Datasets/Real_Handwriting/images/form_495_sentence_2.png,Tomas lankosi stadione.
Datasets/Synthetic_Sentences/images/sentence_00031.png,Šiandien Kristina perka dovaną.
Datasets/Real_Handwriting/images/form_089_sentence_4.png,Šiandien paukštis miega vakar.
Datasets/Synthetic_Sentences/images/sentence_00901.png,Lėtai mokytojas rašo istoriją.
Datasets/Synthetic_Sentences/images/sentence_01090.png,Rasa nori plaukti.
Datasets/Real_Handwriting/images/form_452_sentence_1.png,Ar šuo dirba kavinėje?
Datasets/Synthetic_Sentences/images/sentence_01776.png,Mantas sportuoja sode.
Datasets/Real_Handwriting/images/form_031_sentence_2.png,Draugas stengiasi bėgti.
Datasets/Synthetic_Sentences/images/sentence_02117.png,Neringa rašo receptą.
Datasets/Real_Handwriting/images/form_317_sentence_5.png,Kavinėje kvepėjo kava ir cinamonu.
Datasets/Real_Handwriting/images/form_258_sentence_2.png,Vakar Marija nešė laišką.
Datasets/Real_Handwriting/images/form_316_sentence_2.png,Drąsiai Jonas dirba darbe.
Datasets/Synthetic_Sentences/images/sentence_00682.png,Neringa skaito laišką.
Datasets/Synthetic_Sentences/images/sentence_00868.png,Ar šuo mėgsta plaukti?
Datasets/Synthetic_Sentences/images/sentence_00383.png,Rytoj Eglė skaitys istoriją.
Datasets/Real_Handwriting/images/form_270_sentence_5.png,Cecilija čiuožia ant ledo.
Datasets/Synthetic_Sentences/images/sentence_02215.png,Rasa skaito žurnalą.
Datasets/Synthetic_Sentences/images/sentence_01659.png,Švelniai šuo ilsisi paplūdimyje.
Datasets/Synthetic_Sentences/images/sentence_02061.png,Mergaitė nori skaityti receptą.
Datasets/Synthetic_Sentences/images/sentence_00142.png,Mokytoja nori mokytis.
Datasets/Real_Handwriting/images/form_133_sentence_1.png,Dabar moterys klauso filmą.
Datasets/Real_Handwriting/images/form_287_sentence_4.png,Studentas pradeda rašyti.
Datasets/Real_Handwriting/images/form_474_sentence_5.png,"Šiandien šalta, bet sausa."
Datasets/Real_Handwriting/images/form_496_sentence_4.png,Studentas stato tvorą.
Datasets/Synthetic_Sentences/images/sentence_00033.png,Studentė nori gerti arbatą.
Datasets/Real_Handwriting/images/form_051_sentence_4.png,Šiandien jūs juokiasi smagiai.
Datasets/Real_Handwriting/images/form_186_sentence_3.png,Draugai baigia skubėti vandenį.
Datasets/Real_Handwriting/images/form_091_sentence_3.png,Moteris geria kavą mieste.
Datasets/Synthetic_Sentences/images/sentence_00976.png,Petras mėgsta pirkti duoną.
Datasets/Synthetic_Sentences/images/sentence_01632.png,Šiandien mokytojas skaito laišką.
Datasets/Real_Handwriting/images/form_168_sentence_2.png,Mokytojas pradeda tvarkytis muziką.
Datasets/Synthetic_Sentences/images/sentence_02302.png,Lėtai studentas rašo projektą.
Datasets/Real_Handwriting/images/form_378_sentence_4.png,Mielai Mindaugas valgo obuolį.
Datasets/Real_Handwriting/images/form_491_sentence_5.png,Čiurlionį menininkai laiko išskirtiniu kūrėju.
Datasets/Synthetic_Sentences/images/sentence_02143.png,Gydytojas mėgsta važiuoti.
Datasets/Real_Handwriting/images/form_315_sentence_5.png,Cukrų ir cinamoną dedame į pyragą.
Datasets/Real_Handwriting/images/form_299_sentence_3.png,Žmogus geria kavą.
Datasets/Real_Handwriting/images/form_110_sentence_2.png,Jie dirba ir dirba.
Datasets/Synthetic_Sentences/images/sentence_00996.png,Šiandien Renata mokosi ežero pakrantėje.
Datasets/Synthetic_Sentences/images/sentence_02348.png,Gintaras mėgsta šokti.
Datasets/Synthetic_Sentences/images/sentence_02389.png,Švelniai mokytojas rašo užduotį.
Datasets/Real_Handwriting/images/form_278_sentence_3.png,Ar Mantas mėgsta skaityti?
Datasets/Synthetic_Sentences/images/sentence_01834.png,Ar Jurgita mokosi mokykloje?
Datasets/Real_Handwriting/images/form_387_sentence_3.png,Žirgas perka duoną.
Datasets/Real_Handwriting/images/form_450_sentence_1.png,Šiandien studentė skaito žurnalą.
Datasets/Real_Handwriting/images/form_053_sentence_4.png,Studentas skuba vandenį mieste.
Datasets/Real_Handwriting/images/form_032_sentence_3.png,Vaikas mėgsta žaisti.
Datasets/Real_Handwriting/images/form_385_sentence_3.png,Studentė dirba namuose.
Datasets/Real_Handwriting/images/form_466_sentence_5.png,Kavinėje kvepėjo kava ir cinamonu.
Datasets/Real_Handwriting/images/form_142_sentence_3.png,Jis verkia namuose.
Datasets/Real_Handwriting/images/form_309_sentence_1.png,Greitai gydytojas ilsisi darbe.
Datasets/Synthetic_Sentences/images/sentence_00391.png,Kruopščiai Ingrida dirba kalnuose.
Datasets/Real_Handwriting/images/form_097_sentence_3.png,Mergaitės nemėgsta galvoti.
Datasets/Real_Handwriting/images/form_329_sentence_3.png,Eglė neša dovaną.
Datasets/Real_Handwriting/images/form_322_sentence_3.png,Ingrida sportuoja mieste.
Datasets/Real_Handwriting/images/form_379_sentence_1.png,Ingrida dirba namuose.
Datasets/Real_Handwriting/images/form_164_sentence_4.png,Gydytojai labai garsiai šypsosi.
Datasets/Synthetic_Sentences/images/sentence_01912.png,Marija mėgsta valgyti duoną.
Datasets/Real_Handwriting/images/form_205_sentence_5.png,Ona išeina iš namų ankstyvą rytą.
Datasets/Synthetic_Sentences/images/sentence_02421.png,Tyliai Jurgita skaito laišką.
Datasets/Real_Handwriting/images/form_296_sentence_2.png,Berniukas mėgsta gerti duoną.
Datasets/Synthetic_Sentences/images/sentence_02282.png,Šiandien Kristina skaito žurnalą.
Datasets/Real_Handwriting/images/form_260_sentence_5.png,Šventė prasidėjo linksmai ir baigėsi džiaugsmingai.
Datasets/Synthetic_Sentences/images/sentence_02156.png,Ar šuo mėgsta dainuoti?
Datasets/Synthetic_Sentences/images/sentence_01308.png,Kruopščiai Neringa valgo duoną.
Datasets/Synthetic_Sentences/images/sentence_00372.png,Ar Eglė skaito žurnalą?
Datasets/Real_Handwriting/images/form_444_sentence_2.png,Ar Petras mėgsta groti?
Datasets/Real_Handwriting/images/form_087_sentence_1.png,Aš bijo keliauti projektą.
Datasets/Real_Handwriting/images/form_342_sentence_5.png,Cukrų ir cinamoną dedame į pyragą.
Datasets/Synthetic_Sentences/images/sentence_00642.png,Garsiai Mindaugas skaito knygą.
Datasets/Synthetic_Sentences/images/sentence_00299.png,Neringa gyvena stotyje.
Datasets/Synthetic_Sentences/images/sentence_01908.png,Kristina nori pirkti arbatą.
Datasets/Real_Handwriting/images/form_112_sentence_1.png,Draugas bijo tvarkytis.
Datasets/Real_Handwriting/images/form_080_sentence_2.png,Tu šoka ir šoka.
Datasets/Real_Handwriting/images/form_040_sentence_5.png,Studentas šoka miške.
Datasets/Synthetic_Sentences/images/sentence_01488.png,Žilvinas neša dovaną.
Datasets/Real_Handwriting/images/form_407_sentence_3.png,Lėtai Laura mokosi stadione.
Datasets/Synthetic_Sentences/images/sentence_01961.png,Laura nori skaityti žurnalą.
Datasets/Real_Handwriting/images/form_321_sentence_1.png,Švelniai Rasa ilsisi namuose.
Datasets/Synthetic_Sentences/images/sentence_00680.png,Šiandien Petras skaito žurnalą.
Datasets/Real_Handwriting/images/form_366_sentence_3.png,Švelniai Neringa sportuoja mieste.
Datasets/Synthetic_Sentences/images/sentence_01763.png,Garsiai Jurgita rašo projektą.
Datasets/Real_Handwriting/images/form_222_sentence_5.png,Cecilija čiuožia ant ledo.
Datasets/Real_Handwriting/images/form_341_sentence_5.png,Kavinėje kvepėjo kava ir cinamonu.
Datasets/Synthetic_Sentences/images/sentence_00259.png,Tyliai Eglė mokosi kavinėje.
Datasets/Real_Handwriting/images/form_506_sentence_3.png,Katė stato bokštą.
Datasets/Synthetic_Sentences/images/sentence_02370.png,Ar Jurgita nori plaukti?
Datasets/Real_Handwriting/images/form_164_sentence_1.png,Šiandien moteris sportuoja lėtai.
Datasets/Real_Handwriting/images/form_336_sentence_2.png,Ar Mindaugas nori bėgti?
Datasets/Synthetic_Sentences/images/sentence_01837.png,Švelniai berniukas valgo vaisius.
Datasets/Real_Handwriting/images/form_409_sentence_1.png,Mielai Marija rašo žemėlapį.
Datasets/Real_Handwriting/images/form_240_sentence_5.png,Cecilija čiuožia ant ledo.
Datasets/Synthetic_Sentences/images/sentence_02067.png,Vakar Kristina skaitė receptą.
Datasets/Synthetic_Sentences/images/sentence_01302.png,Petras ilsisi paplūdimyje.
Datasets/Real_Handwriting/images/form_481_sentence_5.png,Čempionas treniruojasi kiekvieną dieną.
Datasets/Synthetic_Sentences/images/sentence_02012.png,Vakar šuo dirbo ligoninėje.
Datasets/Real_Handwriting/images/form_391_sentence_1.png,Renata nori važiuoti.
Datasets/Synthetic_Sentences/images/sentence_01261.png,Mantas rašo istoriją.
Datasets/Real_Handwriting/images/form_376_sentence_3.png,Ar žmogus skaito istoriją?
Datasets/Synthetic_Sentences/images/sentence_01531.png,Žilvinas ilsisi darbe.
Datasets/Synthetic_Sentences/images/sentence_00671.png,Ar Neringa dirba mokykloje?
Datasets/Synthetic_Sentences/images/sentence_01191.png,Rūpestingai Rasa perka gėlę.
Datasets/Synthetic_Sentences/images/sentence_00100.png,Šiandien Mantas mokosi sode.
Datasets/Synthetic_Sentences/images/sentence_00826.png,Atidžiai Tomas skaito žurnalą.
Datasets/Real_Handwriting/images/form_378_sentence_5.png,Universiteto studentai žaidžia šachmatais laisvalaikiu.
Datasets/Synthetic_Sentences/images/sentence_00203.png,Šuo dirba parke.
Datasets/Real_Handwriting/images/form_186_sentence_5.png,Mokytojas žiūri stotyje ir paplūdimyje.
Datasets/Real_Handwriting/images/form_118_sentence_1.png,Aš labai blogai kalba.
Datasets/Synthetic_Sentences/images/sentence_02106.png,Gintaras stengiasi šokti.
Datasets/Real_Handwriting/images/form_218_sentence_3.png,Katė geria arbatą.
Datasets/Real_Handwriting/images/form_337_sentence_3.png,Šuo perka gėlę.
Datasets/Real_Handwriting/images/form_482_sentence_4.png,Mantas stato namą.
Datasets/Real_Handwriting/images/form_203_sentence_5.png,Cecilija čiuožia ant ledo.
Datasets/Synthetic_Sentences/images/sentence_02088.png,Gintaras nori pirkti dovaną.
Datasets/Synthetic_Sentences/images/sentence_02100.png,Šiandien Renata skaito receptą.
Datasets/Real_Handwriting/images/form_093_sentence_3.png,Mes sportuoja maistą stadione.
Datasets/Real_Handwriting/images/form_133_sentence_3.png,Paukštis ilsisi mokykloje.
Datasets/Synthetic_Sentences/images/sentence_02249.png,Mindaugas nori eiti.
Datasets/Synthetic_Sentences/images/sentence_00129.png,Ar Ingrida mokosi ežero pakrantėje?
Datasets/Synthetic_Sentences/images/sentence_01745.png,Tyliai Rasa rašo žemėlapį.
Datasets/Synthetic_Sentences/images/sentence_00728.png,Mantas nori skaityti receptą.
Datasets/Synthetic_Sentences/images/sentence_00674.png,Švelniai studentas mokosi bibliotekoje.
Datasets/Real_Handwriting/images/form_257_sentence_3.png,Ar Danielius nori gerti?
Datasets/Synthetic_Sentences/images/sentence_02002.png,Marija žaidžia kaime.
Datasets/Synthetic_Sentences/images/sentence_00094.png,Šiandien Saulius dirba kalnuose.
Datasets/Real_Handwriting/images/form_351_sentence_1.png,Garsiai žmogus ilsisi sode.
Datasets/Synthetic_Sentences/images/sentence_01795.png,Studentė mėgsta gerti sultis.
Datasets/Synthetic_Sentences/images/sentence_00526.png,Petras sportuoja kaime.
Datasets/Real_Handwriting/images/form_411_sentence_2.png,Berniukas žaidžia parke.
Datasets/Synthetic_Sentences/images/sentence_00724.png,Žilvinas stengiasi groti.
Datasets/Synthetic_Sentences/images/sentence_01622.png,Vakar katė skaitė knygą.
Datasets/Real_Handwriting/images/form_316_sentence_1.png,Ar vaikas mokosi upės pakrantėje?
Datasets/Synthetic_Sentences/images/sentence_01802.png,Ingrida valgo daržoves.
Datasets/Real_Handwriting/images/form_398_sentence_5.png,Cecilija čiuožia ant ledo.
Datasets/Real_Handwriting/images/form_286_sentence_5.png,Cukrų ir cinamoną dedame į pyragą.
Datasets/Real_Handwriting/images/form_460_sentence_4.png,Ingrida žaidžia parke.
Datasets/Real_Handwriting/images/form_234_sentence_4.png,Ar Tomas dirba mieste?
Datasets/Real_Handwriting/images/form_404_sentence_2.png,Gintaras groja simfoniją.
Datasets/Synthetic_Sentences/images/sentence_02033.png,Ar Renata mėgsta važiuoti?
Datasets/Synthetic_Sentences/images/sentence_02253.png,Laura rašo receptą.
Datasets/Real_Handwriting/images/form_200_sentence_1.png,Smagiai vyrai mokosi istoriją.
Datasets/Synthetic_Sentences/images/sentence_00984.png,Lėtai Eglė mokosi stotyje.
Datasets/Real_Handwriting/images/form_223_sentence_5.png,Kavinėje kvepėjo kava ir cinamonu.
Datasets/Real_Handwriting/images/form_448_sentence_2.png,Rasa stengiasi sportuoti.
Datasets/Real_Handwriting/images/form_106_sentence_4.png,Dabar jie ilsisi projektą.
Datasets/Synthetic_Sentences/images/sentence_00420.png,Gydytojas rašo užduotį.
Datasets/Synthetic_Sentences/images/sentence_00011.png,Saulius lankosi pievoje.
Datasets/Real_Handwriting/images/form_468_sentence_1.png,Ar Rasa dirba mieste?
Datasets/Synthetic_Sentences/images/sentence_00246.png,Šiandien Marija perka gėlę.
Datasets/Synthetic_Sentences/images/sentence_02498.png,Šiandien studentė skaito žurnalą.
Datasets/Synthetic_Sentences/images/sentence_00448.png,Vakar Eglė skaitė knygą.
Datasets/Real_Handwriting/images/form_136_sentence_1.png,Vyrai rytoj mąsto.
Datasets/Synthetic_Sentences/images/sentence_02485.png,Studentė sportuoja kavinėje.
Datasets/Real_Handwriting/images/form_476_sentence_1.png,Paukštis perka dovaną.
Datasets/Real_Handwriting/images/form_188_sentence_5.png,Mergaitė nori eiti receptą.
Datasets/Real_Handwriting/images/form_078_sentence_2.png,Mergaitė nemėgsta dainuoti.
Datasets/Synthetic_Sentences/images/sentence_01480.png,Neringa nori tvarkytis.
Datasets/Real_Handwriting/images/form_032_sentence_1.png,Vaikai galvoja žaidimą.
Datasets/Real_Handwriting/images/form_195_sentence_4.png,Ji atidžiai verkia.
Datasets/Synthetic_Sentences/images/sentence_01940.png,Vakar Renata dirbo ežero pakrantėje.
Datasets/Synthetic_Sentences/images/sentence_00752.png,Vakar vaikas skaitė istoriją.
Datasets/Synthetic_Sentences/images/sentence_01260.png,Laura nori rašyti receptą.
Datasets/Real_Handwriting/images/form_269_sentence_5.png,Čia gyvena labai draugiška šeima.
Datasets/Synthetic_Sentences/images/sentence_01044.png,Šiandien Gintaras skaito istoriją.
Datasets/Synthetic_Sentences/images/sentence_01045.png,Neringa rašo užduotį.
Datasets/Real_Handwriting/images/form_110_sentence_1.png,Gydytojai nemėgsta keliauti daržoves.
Datasets/Synthetic_Sentences/images/sentence_00197.png,Mokytoja sportuoja kaime.
Datasets/Real_Handwriting/images/form_166_sentence_4.png,Draugas nori valgyti pamoką.
Datasets/Synthetic_Sentences/images/sentence_00291.png,Greitai Eglė dirba kaime.
Datasets/Real_Handwriting/images/form_428_sentence_1.png,Šiandien Neringa ilsisi pievoje.
Datasets/Synthetic_Sentences/images/sentence_01890.png,Gintaras nori pirkti dovaną.
Datasets/Real_Handwriting/images/form_358_sentence_4.png,Renata mokosi stotyje.
Datasets/Synthetic_Sentences/images/sentence_02240.png,Žilvinas nori pirkti gėlę.
Datasets/Real_Handwriting/images/form_419_sentence_2.png,Ramiai berniukas perka arbatą.
Datasets/Real_Handwriting/images/form_229_sentence_3.png,Ar Ingrida skaito žurnalą?
Datasets/Real_Handwriting/images/form_374_sentence_3.png,Jonas žaidžia miške.
Datasets/Synthetic_Sentences/images/sentence_02089.png,Berniukas stengiasi valgyti.
Datasets/Real_Handwriting/images/form_367_sentence_3.png,Jonas lankosi ligoninėje.
Datasets/Real_Handwriting/images/form_359_sentence_2.png,Katė dirba stotyje.
Datasets/Real_Handwriting/images/form_435_sentence_5.png,Futbolininkas šokinėja per kliūtis.
Datasets/Real_Handwriting/images/form_049_sentence_3.png,Paukštis baigia valgyti.
Datasets/Real_Handwriting/images/form_359_sentence_3.png,Mokytojas būna bibliotekoje.
Datasets/Real_Handwriting/images/form_241_sentence_5.png,Anas vyras atneša arbatos.
Datasets/Real_Handwriting/images/form_282_sentence_5.png,Cukrų ir cinamoną dedame į pyragą.
Datasets/Real_Handwriting/images/form_135_sentence_1.png,Ar draugai skuba?
Datasets/Synthetic_Sentences/images/sentence_01969.png,Šiandien gydytojas perka žaislą.
Datasets/Real_Handwriting/images/form_342_sentence_4.png,Ar mokytojas nori valgyti?
Datasets/Real_Handwriting/images/form_083_sentence_3.png,Ar mes dirba?
Datasets/Synthetic_Sentences/images/sentence_02270.png,Saulius žaidžia sode.
Datasets/Real_Handwriting/images/form_395_sentence_1.png,Neringa mokosi mieste.
Datasets/Real_Handwriting/images/form_247_sentence_1.png,Mindaugas sportuoja namuose.
Datasets/Real_Handwriting/images/form_190_sentence_5.png,Vyras šoka pamoką.
Datasets/Real_Handwriting/images/form_472_sentence_1.png,Žilvinas bando plaukti.
Datasets/Synthetic_Sentences/images/sentence_01348.png,Šiandien Laura dirba stotyje.
Datasets/Synthetic_Sentences/images/sentence_01464.png,Šiandien Žilvinas ilsisi bibliotekoje.
Datasets/Real_Handwriting/images/form_407_sentence_1.png,Rasa būna kavinėje.
Datasets/Synthetic_Sentences/images/sentence_00536.png,Vakar Eglė dirbo bibliotekoje.
Datasets/Synthetic_Sentences/images/sentence_02418.png,Šiandien Laura mokosi mieste.
Datasets/Synthetic_Sentences/images/sentence_01088.png,Lėtai Kristina valgo košę.
Datasets/Real_Handwriting/images/form_472_sentence_2.png,Žirgas valgo duoną.
Datasets/Real_Handwriting/images/form_149_sentence_1.png,Gydytojas sportuoja kalnuose ir ligoninėje.
Datasets/Synthetic_Sentences/images/sentence_01558.png,Marija nori pirkti gėlę.
Datasets/Real_Handwriting/images/form_228_sentence_2.png,Greitai berniukas rašo laišką.
Datasets/Real_Handwriting/images/form_461_sentence_1.png,Šiandien šeima mokosi pievoje.
Datasets/Real_Handwriting/images/form_087_sentence_3.png,Jūs valgo paveikslą.
Datasets/Real_Handwriting/images/form_058_sentence_1.png,Mokytojas baigia keliauti mokyklą.
Datasets/Synthetic_Sentences/images/sentence_02468.png,Švelniai Kristina dirba parke.
Datasets/Real_Handwriting/images/form_273_sentence_3.png,Mantas nori keliauti.
Datasets/Synthetic_Sentences/images/sentence_01124.png,Neringa renka vaisius.
Datasets/Synthetic_Sentences/images/sentence_00748.png,Vakar Mindaugas nešė laišką.
Datasets/Synthetic_Sentences/images/sentence_00902.png,Neringa bando žaisti.
Datasets/Synthetic_Sentences/images/sentence_00396.png,Mantas dirba parke.
Datasets/Real_Handwriting/images/form_053_sentence_5.png,Paukštis dirba žemėlapį bibliotekoje.
Datasets/Real_Handwriting/images/form_194_sentence_3.png,Jūs baigia skubėti.
Datasets/Synthetic_Sentences/images/sentence_01888.png,Ar Laura dirba parke?
Datasets/Synthetic_Sentences/images/sentence_01475.png,Petras mėgsta skaityti knygą.
Datasets/Real_Handwriting/images/form_210_sentence_4.png,Švelniai Jurgita dirba kavinėje.
Datasets/Real_Handwriting/images/form_016_sentence_3.png,Jūs skuba žemėlapį ligoninėje.
Datasets/Real_Handwriting/images/form_259_sentence_5.png,Kavinėje kvepėjo kava ir cinamonu.
Datasets/Real_Handwriting/images/form_301_sentence_1.png,Šeima groja melodiją.
Datasets/Synthetic_Sentences/images/sentence_02169.png,Tyliai Danielius ilsisi parke.
Datasets/Real_Handwriting/images/form_148_sentence_3.png,Mergaitė mėgsta mokytis.
Datasets/Synthetic_Sentences/images/sentence_01854.png,Šiandien studentas mokosi paplūdimyje.
Datasets/Synthetic_Sentences/images/sentence_01946.png,Šiandien Marija dirba stotyje.
Datasets/Real_Handwriting/images/form_220_sentence_2.png,Žmogus stato suolą.
Datasets/Synthetic_Sentences/images/sentence_01167.png,Gydytojas renka daržoves.
Datasets/Synthetic_Sentences/images/sentence_01371.png,Ingrida nori gerti vandenį.
Datasets/Real_Handwriting/images/form_437_sentence_1.png,Ramiai Danielius neša dovaną.
Datasets/Synthetic_Sentences/images/sentence_01128.png,Mokytoja žaidžia sode.
Datasets/Synthetic_Sentences/images/sentence_01147.png,Rytoj mergaitė skaitys receptą.
Datasets/Real_Handwriting/images/form_129_sentence_4.png,Studentai skuba parke.
Datasets/Synthetic_Sentences/images/sentence_02187.png,Vaikas nori skaityti istoriją.
Datasets/Real_Handwriting/images/form_284_sentence_1.png,Kruopščiai Tomas sportuoja miške.
Datasets/Synthetic_Sentences/images/sentence_01970.png,Katė renka obuolius.
Datasets/Synthetic_Sentences/images/sentence_02024.png,Petras ilsisi sode.
Datasets/Synthetic_Sentences/images/sentence_00605.png,Rytoj Tomas skaitys laišką.
Datasets/Real_Handwriting/images/form_169_sentence_3.png,Ji nemėgsta ilsėtis darbą.
Datasets/Real_Handwriting/images/form_438_sentence_3.png,Žirgas rašo istoriją.
Datasets/Synthetic_Sentences/images/sentence_01027.png,Ingrida mėgsta valgyti obuolį.
Datasets/Synthetic_Sentences/images/sentence_00015.png,Šiandien Danielius perka knygą.
Datasets/Real_Handwriting/images/form_114_sentence_4.png,Vyras eina ir eina.
Datasets/Synthetic_Sentences/images/sentence_00176.png,Mantas ilsisi kalnuose.
Datasets/Real_Handwriting/images/form_284_sentence_5.png,Cukrų ir cinamoną dedame į pyragą.
Datasets/Real_Handwriting/images/form_493_sentence_3.png,Mantas žaidžia ežero pakrantėje.
Datasets/Synthetic_Sentences/images/sentence_02103.png,Studentas bando piešti.
Datasets/Synthetic_Sentences/images/sentence_01549.png,Katė dirba kalnuose.
Datasets/Synthetic_Sentences/images/sentence_00599.png,Studentė perka knygą.
Datasets/Real_Handwriting/images/form_345_sentence_1.png,Šiandien šuo skaito istoriją.
Datasets/Synthetic_Sentences/images/sentence_01869.png,Tomas rašo užduotį.
Datasets/Synthetic_Sentences/images/sentence_00081.png,Švelniai Saulius rašo laišką.
Datasets/Real_Handwriting/images/form_310_sentence_1.png,Ramiai Petras ilsisi miške.
Datasets/Real_Handwriting/images/form_221_sentence_5.png,Katė keliasi anksti kiekvieną rytą.
Datasets/Synthetic_Sentences/images/sentence_00451.png,Gintaras gyvena kaime.
Datasets/Real_Handwriting/images/form_165_sentence_5.png,Mes rytoj dainuoja.
Datasets/Synthetic_Sentences/images/sentence_02264.png,Studentas sportuoja kaime.
Datasets/Synthetic_Sentences/images/sentence_02185.png,Žilvinas mėgsta žaisti.
Datasets/Synthetic_Sentences/images/sentence_01127.png,Rasa pradeda ilsėtis.
Datasets/Synthetic_Sentences/images/sentence_01904.png,Rytoj Danielius eis upės pakrantėje.
Datasets/Synthetic_Sentences/images/sentence_00609.png,Ar Jurgita mėgsta ilsėtis?
Datasets/Real_Handwriting/images/form_161_sentence_3.png,Jie tyliai eina.
Datasets/Synthetic_Sentences/images/sentence_02401.png,Mokytoja bando bėgti.
Datasets/Synthetic_Sentences/images/sentence_01469.png,Jonas mėgsta valgyti daržoves.
Datasets/Synthetic_Sentences/images/sentence_02279.png,Šuo mėgsta gerti pieną.
Datasets/Synthetic_Sentences/images/sentence_00980.png,Šiandien katė skaito žurnalą.
Datasets/Synthetic_Sentences/images/sentence_00198.png,Šiandien Mindaugas perka knygą.
Datasets/Real_Handwriting/images/form_068_sentence_4.png,Paukštis stengiasi keliauti.
Datasets/Synthetic_Sentences/images/sentence_00470.png,Jonas žaidžia mokykloje.
Datasets/Real_Handwriting/images/form_190_sentence_4.png,Mes valgo namuose ir bibliotekoje.
Datasets/Synthetic_Sentences/images/sentence_00744.png,Ar katė mėgsta gerti?
Datasets/Synthetic_Sentences/images/sentence_00264.png,Mielai vaikas ilsisi mokykloje.
Datasets/Real_Handwriting/images/form_333_sentence_1.png,Mantas dirba stadione.
Datasets/Synthetic_Sentences/images/sentence_01542.png,Danielius mėgsta rašyti.
Datasets/Synthetic_Sentences/images/sentence_01735.png,Tyliai katė dirba stadione.
Datasets/Real_Handwriting/images/form_405_sentence_2.png,Studentė mokosi pievoje.
Datasets/Synthetic_Sentences/images/sentence_00954.png,Vakar mokytojas dirbo bibliotekoje.
Datasets/Real_Handwriting/images/form_208_sentence_5.png,Cecilija čiuožia ant ledo.
Datasets/Real_Handwriting/images/form_046_sentence_5.png,Studentas nemėgsta tvarkytis pamoką.
Datasets/Real_Handwriting/images/form_206_sentence_2.png,Ar šeima dirba ežero pakrantėje?
Datasets/Synthetic_Sentences/images/sentence_00289.png,Rytoj studentė skaitys istoriją.
Datasets/Real_Handwriting/images/form_182_sentence_1.png,Šiandien moterys skaito dabar.
Datasets/Real_Handwriting/images/form_075_sentence_2.png,Jis mąsto sode.
Datasets/Synthetic_Sentences/images/sentence_00780.png,Ar berniukas mokosi darbe?
Datasets/Synthetic_Sentences/images/sentence_00832.png,Šiandien Saulius dirba kavinėje.
Datasets/Real_Handwriting/images/form_283_sentence_1.png,Ar Saulius skaito receptą?
Datasets/Real_Handwriting/images/form_343_sentence_3.png,Mielai Gintaras rašo žemėlapį.
Datasets/Synthetic_Sentences/images/sentence_01232.png,Mokytojas mėgsta pirkti gėlę.
Datasets/Real_Handwriting/images/form_384_sentence_2.png,Paukštis skaito žurnalą.
Datasets/Real_Handwriting/images/form_510_sentence_1.png,Mantas valgo košę.
Datasets/Synthetic_Sentences/images/sentence_01307.png,Šuo žaidžia stadione.
Datasets/Real_Handwriting/images/form_378_sentence_2.png,Saulius mėgsta tvarkytis arbatą.
Datasets/Real_Handwriting/images/form_051_sentence_3.png,Vaikai dabar rašo.
Datasets/Real_Handwriting/images/form_423_sentence_5.png,Kavinėje kvepėjo kava ir cinamonu.
Datasets/Synthetic_Sentences/images/sentence_01215.png,Rasa ilsisi mieste.
Datasets/Real_Handwriting/images/form_133_sentence_5.png,Ar vyrai skuba?
Datasets/Synthetic_Sentences/images/sentence_00995.png,Tyliai studentas skaito knygą.
Datasets/Synthetic_Sentences/images/sentence_00439.png,Šiandien Jurgita ilsisi mieste.
Datasets/Real_Handwriting/images/form_179_sentence_3.png,Jis geria sode ir stotyje.
Datasets/Real_Handwriting/images/form_031_sentence_5.png,Vaikai bijo valgyti.
Datasets/Synthetic_Sentences/images/sentence_00737.png,Rytoj Saulius eis stotyje.
Datasets/Real_Handwriting/images/form_367_sentence_5.png,Universiteto studentai žaidžia šachmatais laisvalaikiu.
Datasets/Synthetic_Sentences/images/sentence_01855.png,Berniukas renka gėles.
Datasets/Synthetic_Sentences/images/sentence_01768.png,Laura stengiasi keliauti.
Datasets/Real_Handwriting/images/form_427_sentence_4.png,Greitai žirgas valgo košę.
Datasets/Synthetic_Sentences/images/sentence_01372.png,Šiandien Marija perka arbatą.
Datasets/Synthetic_Sentences/images/sentence_01131.png,Garsiai mokytojas mokosi namuose.
Datasets/Real_Handwriting/images/form_252_sentence_4.png,Žirgas mokosi ligoninėje.
Datasets/Synthetic_Sentences/images/sentence_01987.png,Petras sportuoja pievoje.
Datasets/Synthetic_Sentences/images/sentence_00607.png,Eglė stengiasi sportuoti.
Datasets/Synthetic_Sentences/images/sentence_00904.png,Žilvinas nori rašyti istoriją.
Datasets/Synthetic_Sentences/images/sentence_02150.png,Gintaras nori skaityti laišką.
Datasets/Synthetic_Sentences/images/sentence_01483.png,Ar studentė dirba kavinėje?
Datasets/Real_Handwriting/images/form_321_sentence_4.png,Rūpestingai mokytojas rašo projektą.
Datasets/Synthetic_Sentences/images/sentence_02124.png,Rasa stengiasi bėgti.
Datasets/Real_Handwriting/images/form_336_sentence_4.png,Šiandien Eglė perka knygą.
Datasets/Real_Handwriting/images/form_378_sentence_1.png,Petras sportuoja ligoninėje.
Datasets/Synthetic_Sentences/images/sentence_00384.png,Kristina nori pirkti gėlę.
Datasets/Real_Handwriting/images/form_084_sentence_4.png,Šiandien gydytojai šypsosi kruopščiai.
Datasets/Synthetic_Sentences/images/sentence_02393.png,Jonas nori gerti vandenį.
Datasets/Real_Handwriting/images/form_093_sentence_2.png,Mokytojai piešia parke.
Datasets/Synthetic_Sentences/images/sentence_02481.png,Gintaras mėgsta mokytis.
Datasets/Synthetic_Sentences/images/sentence_00020.png,Lėtai gydytojas neša knygą.
Datasets/Synthetic_Sentences/images/sentence_01062.png,Marija mėgsta skaityti istoriją.
Datasets/Real_Handwriting/images/form_410_sentence_5.png,Universiteto studentai žaidžia šachmatais laisvalaikiu.
Datasets/Real_Handwriting/images/form_337_sentence_5.png,Žaibas nušvietė tamsų dangų audros metu.
Datasets/Synthetic_Sentences/images/sentence_01491.png,Rytoj Jonas eis ligoninėje.
Datasets/Synthetic_Sentences/images/sentence_01766.png,Studentas bando dirbti.
Datasets/Real_Handwriting/images/form_332_sentence_2.png,Marija ilsisi darbe.
Datasets/Synthetic_Sentences/images/sentence_00249.png,Rasa mėgsta gerti sultis.
Datasets/Real_Handwriting/images/form_043_sentence_5.png,Vyrai labai smagiai verkia.
Datasets/Real_Handwriting/images/form_212_sentence_1.png,Paukštis gyvena paplūdimyje.
Datasets/Synthetic_Sentences/images/sentence_00949.png,Ar mergaitė mokosi kavinėje?
Datasets/Real_Handwriting/images/form_360_sentence_2.png,Ar Kristina nori piešti?
Datasets/Real_Handwriting/images/form_146_sentence_2.png,Šiandien jos keliauoja labai.
Datasets/Real_Handwriting/images/form_208_sentence_4.png,Šiandien Rasa skaito laišką.
Datasets/Real_Handwriting/images/form_132_sentence_3.png,Gydytojas rašo stotyje.
Datasets/Synthetic_Sentences/images/sentence_01820.png,Šiandien Mantas perka duoną.
Datasets/Synthetic_Sentences/images/sentence_00123.png,Petras gyvena mieste.
Datasets/Real_Handwriting/images/form_339_sentence_1.png,Žirgas stengiasi bėgti.
Datasets/Real_Handwriting/images/form_285_sentence_4.png,Šiandien Mindaugas mokosi miške.
Datasets/Real_Handwriting/images/form_082_sentence_4.png,Blogai mergaitė žiūri laišką.
Datasets/Synthetic_Sentences/images/sentence_00320.png,Katė geria arbatą.
Datasets/Synthetic_Sentences/images/sentence_00086.png,Saulius renka grybus.
Datasets/Synthetic_Sentences/images/sentence_01626.png,Mantas pradeda kalbėti.
Datasets/Real_Handwriting/images/form_438_sentence_4.png,Šiandien Marija dirba parke.
Datasets/Real_Handwriting/images/form_486_sentence_4.png,Studentė mėgsta groti dovaną.
Datasets/Real_Handwriting/images/form_180_sentence_5.png,Vaikas dirba istoriją bibliotekoje.
Datasets/Real_Handwriting/images/form_088_sentence_1.png,Ji piešia ir piešia.
Datasets/Synthetic_Sentences/images/sentence_00422.png,Vakar Gintaras dirbo stotyje.
Datasets/Real_Handwriting/images/form_415_sentence_5.png,Žirgai bėga laisvai per žalią lauką.
Datasets/Real_Handwriting/images/form_495_sentence_5.png,"Šiandien šalta, bet sausa."
Datasets/Real_Handwriting/images/form_058_sentence_4.png,Jie labai rytoj galvoja.
Datasets/Synthetic_Sentences/images/sentence_01690.png,Ar studentė mokosi kaime?
Datasets/Real_Handwriting/images/form_284_sentence_3.png,Žmogus stato tvorą.
Datasets/Synthetic_Sentences/images/sentence_02138.png,Gintaras žaidžia ežero pakrantėje.
Datasets/Real_Handwriting/images/form_140_sentence_4.png,Vaikas žaidžia ir žaidžia.
Datasets/Real_Handwriting/images/form_103_sentence_1.png,Mes ilsisi kalnuose ir ligoninėje.
Datasets/Real_Handwriting/images/form_270_sentence_1.png,Švelniai Gintaras mokosi parke.
Datasets/Real_Handwriting/images/form_352_sentence_4.png,Rytoj Mantas skaitys receptą.
Datasets/Synthetic_Sentences/images/sentence_01422.png,Ar Rasa nori dirbti?
Datasets/Synthetic_Sentences/images/sentence_01061.png,Laura nori dainuoti.
Datasets/Real_Handwriting/images/form_138_sentence_5.png,Moterys sportuoja ir sportuoja.
Datasets/Real_Handwriting/images/form_504_sentence_1.png,Vakar katė skaitė knygą.
Datasets/Synthetic_Sentences/images/sentence_00691.png,Kristina mėgsta pirkti knygą.
Datasets/Real_Handwriting/images/form_254_sentence_2.png,Šiandien Renata dirba kaime.
Datasets/Synthetic_Sentences/images/sentence_00736.png,Lėtai gydytojas perka žaislą.
Datasets/Real_Handwriting/images/form_239_sentence_1.png,Paukštis būna bibliotekoje.
Datasets/Real_Handwriting/images/form_125_sentence_4.png,Ar mergaitės galvoja?
Datasets/Synthetic_Sentences/images/sentence_01963.png,Šuo stengiasi eiti.
Datasets/Synthetic_Sentences/images/sentence_00480.png,Greitai Jurgita dirba paplūdimyje.
Datasets/Synthetic_Sentences/images/sentence_01441.png,Žilvinas mėgsta skaityti žurnalą.
Datasets/Synthetic_Sentences/images/sentence_00689.png,Šiandien mokytoja ilsisi darbe.
Datasets/Synthetic_Sentences/images/sentence_00166.png,Kruopščiai Gintaras rašo užduotį.
Datasets/Synthetic_Sentences/images/sentence_02133.png,Katė nori ilsėtis.
Datasets/Real_Handwriting/images/form_232_sentence_2.png,Ar studentė skaito žemėlapį?
Datasets/Real_Handwriting/images/form_111_sentence_2.png,Jūs baigia skaityti.
Datasets/Synthetic_Sentences/images/sentence_01331.png,Ramiai mergaitė skaito žemėlapį.
Datasets/Real_Handwriting/images/form_084_sentence_1.png,Lėtai studentai geria filmą.
Datasets/Real_Handwriting/images/form_410_sentence_4.png,Ingrida valgo košę.
Datasets/Synthetic_Sentences/images/sentence_00889.png,Marija geria vandenį.
Datasets/Real_Handwriting/images/form_449_sentence_1.png,Drąsiai šeima ilsisi parke.
Datasets/Real_Handwriting/images/form_210_sentence_5.png,Kavinėje kvepėjo kava ir cinamonu.
Datasets/Synthetic_Sentences/images/sentence_01492.png,Mielai mokytojas skaito laišką.
Datasets/Synthetic_Sentences/images/sentence_00030.png,Šuo nori valgyti duoną.
Datasets/Synthetic_Sentences/images/sentence_01280.png,Mielai Kristina valgo duoną.
Datasets/Synthetic_Sentences/images/sentence_00634.png,Ar Ingrida skaito žemėlapį?
Datasets/Synthetic_Sentences/images/sentence_00408.png,Studentas stengiasi važiuoti.
Datasets/Synthetic_Sentences/images/sentence_00555.png,Studentas ilsisi sode.
Datasets/Synthetic_Sentences/images/sentence_00708.png,Petras mėgsta valgyti sriubą.
Datasets/Synthetic_Sentences/images/sentence_01479.png,Renata pradeda ilsėtis.
Datasets/Synthetic_Sentences/images/sentence_00235.png,Šiandien Eglė perka žaislą.
Datasets/Real_Handwriting/images/form_311_sentence_1.png,Ar Danielius nori važiuoti?
Datasets/Synthetic_Sentences/images/sentence_02350.png,Greitai Petras dirba kalnuose.
Datasets/Real_Handwriting/images/form_294_sentence_5.png,Cecilija čiuožia ant ledo.
Datasets/Real_Handwriting/images/form_376_sentence_2.png,Mokytoja rašo receptą.
Datasets/Real_Handwriting/images/form_019_sentence_3.png,Šuo baigia galvoti.
Datasets/Real_Handwriting/images/form_027_sentence_1.png,Draugas šoka ir šoka.
Datasets/Real_Handwriting/images/form_088_sentence_5.png,Moteris labai greitai rašo.
Datasets/Synthetic_Sentences/images/sentence_01428.png,Vakar vaikas dirbo miške.
Datasets/Synthetic_Sentences/images/sentence_00405.png,Mantas renka gėles.
Datasets/Synthetic_Sentences/images/sentence_01332.png,Vakar Gintaras skaitė knygą.
Datasets/Synthetic_Sentences/images/sentence_00141.png,Eglė mėgsta valgyti vaisius.
Datasets/Real_Handwriting/images/form_215_sentence_4.png,Katė stato bokštą.
Datasets/Synthetic_Sentences/images/sentence_01007.png,Ar gydytojas dirba paplūdimyje?
Datasets/Synthetic_Sentences/images/sentence_00326.png,Vaikas renka vaisius.
Datasets/Real_Handwriting/images/form_055_sentence_3.png,Tu nori valgyti.
Datasets/Synthetic_Sentences/images/sentence_00805.png,Ar studentė nori ilsėtis?
Datasets/Synthetic_Sentences/images/sentence_00189.png,Rytoj mokytojas eis mieste.
Datasets/Real_Handwriting/images/form_015_sentence_2.png,Jis labai niekada sportuoja.
Datasets/Real_Handwriting/images/form_483_sentence_4.png,Vakar Žilvinas dirbo miške.
Datasets/Synthetic_Sentences/images/sentence_01516.png,Kruopščiai studentas dirba stadione.
Datasets/Real_Handwriting/images/form_400_sentence_3.png,Neringa sportuoja sode.
Datasets/Synthetic_Sentences/images/sentence_01186.png,Džiaugsmingai Gintaras dirba parke.
Datasets/Real_Handwriting/images/form_174_sentence_3.png,Gydytojai nori tvarkytis.
Datasets/Synthetic_Sentences/images/sentence_00804.png,Renata ilsisi darbe.
Datasets/Synthetic_Sentences/images/sentence_01406.png,Eglė renka grybus.
Datasets/Real_Handwriting/images/form_208_sentence_3.png,Tomas mokosi kalnuose.
Datasets/Synthetic_Sentences/images/sentence_00338.png,Rasa mėgsta gerti pieną.
Datasets/Synthetic_Sentences/images/sentence_01034.png,Ar šuo dirba kalnuose?
Datasets/Synthetic_Sentences/images/sentence_01363.png,Studentas nori skaityti žemėlapį.
Datasets/Synthetic_Sentences/images/sentence_01461.png,Marija neša knygą.
Datasets/Real_Handwriting/images/form_364_sentence_1.png,Ingrida ilsisi ežero pakrantėje.
Datasets/Real_Handwriting/images/form_352_sentence_2.png,Rytoj šuo skaitys žurnalą.
Datasets/Synthetic_Sentences/images/sentence_00698.png,Tyliai Jonas perka arbatą.
Datasets/Real_Handwriting/images/form_339_sentence_2.png,Mindaugas sportuoja darbe.
Datasets/Real_Handwriting/images/form_417_sentence_1.png,Studentė stengiasi šokti.
Datasets/Synthetic_Sentences/images/sentence_00182.png,Saulius lankosi kalnuose.
Datasets/Synthetic_Sentences/images/sentence_00648.png,Rytoj gydytojas skaitys receptą.
Datasets/Real_Handwriting/images/form_414_sentence_2.png,Šiandien katė ilsisi kavinėje.
Datasets/Synthetic_Sentences/images/sentence_00474.png,Eglė mėgsta gerti pieną.
Datasets/Real_Handwriting/images/form_187_sentence_3.png,Mergaitė miega mokyklą.
Datasets/Synthetic_Sentences/images/sentence_00943.png,Ramiai Tomas rašo užduotį.
Datasets/Real_Handwriting/images/form_274_sentence_4.png,Rytoj Kristina skaitys knygą.
Datasets/Real_Handwriting/images/form_136_sentence_3.png,Gerai mokytojai žiūri užduotį.
Datasets/Real_Handwriting/images/form_167_sentence_2.png,Mokytojas labai kruopščiai verkia.
Datasets/Synthetic_Sentences/images/sentence_01255.png,Šiandien mergaitė mokosi mokykloje.
Datasets/Real_Handwriting/images/form_406_sentence_2.png,Kruopščiai šeima dirba namuose.
Datasets/Synthetic_Sentences/images/sentence_01440.png,Ar Kristina mėgsta keliauti?
Datasets/Real_Handwriting/images/form_020_sentence_5.png,Vyrai bėga ir bėga.
Datasets/Synthetic_Sentences/images/sentence_01502.png,Laura nori skaityti receptą.
Datasets/Synthetic_Sentences/images/sentence_01116.png,Šuo mėgsta valgyti obuolį.
Datasets/Real_Handwriting/images/form_291_sentence_5.png,"Gieda paukščiai, kol saulė leidžiasi."
Datasets/Synthetic_Sentences/images/sentence_00717.png,Kruopščiai Renata valgo košę.
Datasets/Synthetic_Sentences/images/sentence_01313.png,Greitai Rasa ilsisi stotyje.
Datasets/Synthetic_Sentences/images/sentence_01853.png,Studentas gyvena ežero pakrantėje.
Datasets/Synthetic_Sentences/images/sentence_00366.png,Berniukas nori tvarkytis.
Datasets/Synthetic_Sentences/images/sentence_00016.png,Danielius mėgsta skaityti žemėlapį.
Datasets/Real_Handwriting/images/form_328_sentence_1.png,Lėtai Renata rašo receptą.
Datasets/Synthetic_Sentences/images/sentence_00989.png,Neringa nori skaityti žurnalą.
Datasets/Synthetic_Sentences/images/sentence_01314.png,Danielius rašo laišką.
Datasets/Real_Handwriting/images/form_211_sentence_1.png,Vakar katė skaitė žurnalą.
Datasets/Real_Handwriting/images/form_238_sentence_1.png,Rūpestingai mokytoja ilsisi kalnuose.
Datasets/Synthetic_Sentences/images/sentence_00608.png,Studentas gyvena ligoninėje.
Datasets/Real_Handwriting/images/form_079_sentence_3.png,Draugas mokosi užduotį kavinėje.
Datasets/Synthetic_Sentences/images/sentence_01142.png,Gintaras mėgsta pirkti žaislą.
Datasets/Real_Handwriting/images/form_287_sentence_2.png,Rytoj Danielius skaitys laišką.
Datasets/Real_Handwriting/images/form_417_sentence_4.png,Šiandien Kristina mokosi kavinėje.
Datasets/Synthetic_Sentences/images/sentence_00523.png,Šiandien Danielius mokosi parke.
Datasets/Synthetic_Sentences/images/sentence_01592.png,Katė mėgsta skaityti žemėlapį.
Datasets/Real_Handwriting/images/form_184_sentence_5.png,Šiandien draugai kalba kartu.
Datasets/Synthetic_Sentences/images/sentence_02363.png,Garsiai Danielius neša gėlę.
Datasets/Real_Handwriting/images/form_341_sentence_2.png,Renata skaito knygą.
Datasets/Synthetic_Sentences/images/sentence_00191.png,Lėtai Tomas mokosi paplūdimyje.
Datasets/Synthetic_Sentences/images/sentence_00615.png,Atidžiai Tomas mokosi ligoninėje.
Datasets/Real_Handwriting/images/form_256_sentence_4.png,Lėtai mergaitė dirba kaime.
Datasets/Real_Handwriting/images/form_039_sentence_4.png,Jie pradeda eiti.
Datasets/Synthetic_Sentences/images/sentence_01921.png,Ar šuo skaito receptą?
Datasets/Synthetic_Sentences/images/sentence_00900.png,Rūpestingai Gintaras rašo žemėlapį.
Datasets/Real_Handwriting/images/form_318_sentence_3.png,Tyliai mokytoja dirba stotyje.
Datasets/Real_Handwriting/images/form_160_sentence_1.png,Vaikas bėga darbe ir ligoninėje.
Datasets/Real_Handwriting/images/form_346_sentence_4.png,Ar Rasa skaito žemėlapį?
Datasets/Real_Handwriting/images/form_025_sentence_2.png,Paukštis nemėgsta žaisti.
Datasets/Synthetic_Sentences/images/sentence_01824.png,Ar vaikas mėgsta sportuoti?
Datasets/Synthetic_Sentences/images/sentence_02368.png,Šiandien vaikas mokosi kavinėje.
Datasets/Real_Handwriting/images/form_034_sentence_3.png,Draugas žaidžia ligoninėje.
Datasets/Synthetic_Sentences/images/sentence_02427.png,Rytoj Jurgita skaitys receptą.
Datasets/Synthetic_Sentences/images/sentence_00357.png,Mielai Danielius dirba sode.
Datasets/Synthetic_Sentences/images/sentence_00240.png,Garsiai Mindaugas skaito istoriją.
Datasets/Real_Handwriting/images/form_220_sentence_3.png,Laura pradeda plaukti.
Datasets/Real_Handwriting/images/form_176_sentence_4.png,Studentai dirba sode.
Datasets/Real_Handwriting/images/form_296_sentence_4.png,Danielius būna miške.
Datasets/Real_Handwriting/images/form_139_sentence_2.png,Rytoj vaikas klauso žemėlapį.
Datasets/Synthetic_Sentences/images/sentence_00378.png,Kristina nori gerti arbatą.
Datasets/Synthetic_Sentences/images/sentence_00103.png,Ingrida bando kalbėti.
Datasets/Synthetic_Sentences/images/sentence_00122.png,Rytoj Marija skaitys istoriją.
Datasets/Real_Handwriting/images/form_069_sentence_4.png,Šiandien mergaitė skaito kartu.
Datasets/Synthetic_Sentences/images/sentence_01048.png,Rytoj Žilvinas eis ežero pakrantėje.
Datasets/Synthetic_Sentences/images/sentence_00910.png,Jurgita mėgsta pirkti gėlę.
Datasets/Synthetic_Sentences/images/sentence_01787.png,Petras geria sultis.
Datasets/Real_Handwriting/images/form_197_sentence_2.png,Ar tu šoka?
Datasets/Synthetic_Sentences/images/sentence_01115.png,Švelniai Mantas skaito laišką.
Datasets/Synthetic_Sentences/images/sentence_00969.png,Vaikas nori gerti vandenį.
Datasets/Real_Handwriting/images/form_445_sentence_2.png,Šiandien mokytoja ilsisi darbe.
Datasets/Real_Handwriting/images/form_017_sentence_1.png,Rytoj vyrai geria istoriją.
Datasets/Real_Handwriting/images/form_466_sentence_4.png,Rasa rašo užduotį.
Datasets/Real_Handwriting/images/form_135_sentence_3.png,Vakar šuo verkia paveikslą.
Datasets/Synthetic_Sentences/images/sentence_01868.png,Saulius valgo vaisius.
Datasets/Synthetic_Sentences/images/sentence_01716.png,Ramiai katė skaito istoriją.
Datasets/Synthetic_Sentences/images/sentence_01381.png,Laura perka dovaną.
Datasets/Real_Handwriting/images/form_233_sentence_4.png,Džiaugsmingai šuo mokosi ežero pakrantėje.
Datasets/Real_Handwriting/images/form_115_sentence_3.png,Vyrai bijo rašyti.
Datasets/Real_Handwriting/images/form_373_sentence_4.png,Šiandien Danielius ilsisi stadione.
Datasets/Real_Handwriting/images/form_177_sentence_1.png,Paukštis keliauoja kavą.
Datasets/Synthetic_Sentences/images/sentence_02028.png,Vakar Mindaugas skaitė žurnalą.
Datasets/Synthetic_Sentences/images/sentence_00905.png,Šiandien Mantas mokosi stotyje.
Datasets/Real_Handwriting/images/form_411_sentence_4.png,Ar katė mokosi mokykloje?
Datasets/Synthetic_Sentences/images/sentence_01177.png,Džiaugsmingai Ingrida rašo žemėlapį.
Datasets/Real_Handwriting/images/form_443_sentence_3.png,Šeima lankosi mieste.
Datasets/Synthetic_Sentences/images/sentence_02289.png,Studentas dirba mokykloje.
Datasets/Real_Handwriting/images/form_463_sentence_1.png,Žmogus valgo vaisius.
Datasets/Synthetic_Sentences/images/sentence_01029.png,Šiandien Žilvinas mokosi stadione.
Datasets/Real_Handwriting/images/form_390_sentence_5.png,Petras pasivaikščioja prie ežero.
Datasets/Real_Handwriting/images/form_346_sentence_2.png,Žmogus nori eiti.
Datasets/Synthetic_Sentences/images/sentence_01738.png,Saulius sportuoja namuose.
Datasets/Synthetic_Sentences/images/sentence_00178.png,Marija mokosi ežero pakrantėje.
Datasets/Synthetic_Sentences/images/sentence_00060.png,Drąsiai Jurgita neša krepšį.
Datasets/Real_Handwriting/images/form_161_sentence_2.png,Vyrai mėgsta rašyti darbą.
Datasets/Synthetic_Sentences/images/sentence_01421.png,Šiandien Jonas dirba parke.
Datasets/Real_Handwriting/images/form_121_sentence_4.png,Mergaitės pradeda valgyti darbą.
Datasets/Synthetic_Sentences/images/sentence_01240.png,Ar studentė skaito istoriją?
Datasets/Real_Handwriting/images/form_264_sentence_5.png,Cukrų ir cinamoną dedame į pyragą.
Datasets/Real_Handwriting/images/form_036_sentence_3.png,Jūs verkia mieste.
Datasets/Real_Handwriting/images/form_480_sentence_5.png,Kavinėje kvepėjo kava ir cinamonu.
Datasets/Real_Handwriting/images/form_303_sentence_3.png,Garsiai Marija skaito žurnalą.
Datasets/Synthetic_Sentences/images/sentence_00729.png,Šiandien Mantas skaito istoriją.
Datasets/Real_Handwriting/images/form_155_sentence_3.png,Mergaitė žiūri paveikslą kavinėje.
Datasets/Real_Handwriting/images/form_502_sentence_5.png,Danielius dažnai dalyvauja varžybose.
Datasets/Synthetic_Sentences/images/sentence_02458.png,Ar Jurgita mėgsta sportuoti?
Datasets/Real_Handwriting/images/form_013_sentence_4.png,Gydytojai pradeda miegoti vaisius.
Datasets/Real_Handwriting/images/form_131_sentence_2.png,Kartu mes kalba darbą.
Datasets/Synthetic_Sentences/images/sentence_01617.png,Studentė stengiasi dainuoti.
Datasets/Synthetic_Sentences/images/sentence_01399.png,Ar katė nori keliauti?
Datasets/Synthetic_Sentences/images/sentence_01504.png,Laura bando gerti.
Datasets/Real_Handwriting/images/form_365_sentence_3.png,Mielai mergaitė neša knygą.
Datasets/Real_Handwriting/images/form_162_sentence_2.png,Vaikas stengiasi eiti.
Datasets/Real_Handwriting/images/form_378_sentence_3.png,Mantas mėgsta žaisti.
Datasets/Real_Handwriting/images/form_190_sentence_3.png,Jie pradeda galvoti.
Datasets/Synthetic_Sentences/images/sentence_00195.png,Katė mėgsta pirkti duoną.
Datasets/Real_Handwriting/images/form_212_sentence_5.png,Šį vakarą žvaigždės ypač ryškiai šviečia.
Datasets/Synthetic_Sentences/images/sentence_01800.png,Tomas sportuoja ežero pakrantėje.
Datasets/Synthetic_Sentences/images/sentence_00285.png,Mokytojas perka dovaną.
Datasets/Real_Handwriting/images/form_423_sentence_4.png,Atidžiai Tomas mokosi mokykloje.
Datasets/Real_Handwriting/images/form_377_sentence_1.png,Tyliai mokytojas sportuoja kaime.
Datasets/Synthetic_Sentences/images/sentence_02196.png,Ar Rasa mėgsta rašyti?
Datasets/Synthetic_Sentences/images/sentence_00466.png,Studentas mėgsta skaityti žurnalą.
Datasets/Real_Handwriting/images/form_396_sentence_1.png,Ar berniukas mokosi namuose?
Datasets/Synthetic_Sentences/images/sentence_00348.png,Atidžiai Rasa dirba stadione.
Datasets/Real_Handwriting/images/form_182_sentence_3.png,Draugas dainuoja ir dainuoja.
Datasets/Synthetic_Sentences/images/sentence_01503.png,Ar berniukas dirba kalnuose?
Datasets/Synthetic_Sentences/images/sentence_00051.png,Tomas neša dovaną.
Datasets/Synthetic_Sentences/images/sentence_00201.png,Mielai katė ilsisi mokykloje.
Datasets/Real_Handwriting/images/form_257_sentence_2.png,Ar vaikas mėgsta ilsėtis?
Datasets/Synthetic_Sentences/images/sentence_01112.png,Ramiai gydytojas skaito istoriją.
Datasets/Real_Handwriting/images/form_283_sentence_2.png,Vakar Ingrida nešė gėlę.
Datasets/Synthetic_Sentences/images/sentence_01322.png,Ar berniukas mokosi pievoje?
Datasets/Synthetic_Sentences/images/sentence_00525.png,Mokytoja geria vandenį.
Datasets/Synthetic_Sentences/images/sentence_02471.png,Šiandien berniukas mokosi mokykloje.
Datasets/Real_Handwriting/images/form_266_sentence_4.png,Drąsiai Saulius mokosi paplūdimyje.
Datasets/Real_Handwriting/images/form_469_sentence_4.png,Vakar mergaitė skaitė laišką.
Datasets/Synthetic_Sentences/images/sentence_01986.png,Mantas nori skaityti knygą.
Datasets/Real_Handwriting/images/form_480_sentence_4.png,Eglė dirba mokykloje.
Datasets/Real_Handwriting/images/form_036_sentence_4.png,Šuo žiūri mokykloje ir parke.
Datasets/Synthetic_Sentences/images/sentence_01454.png,Švelniai Neringa valgo daržoves.
Datasets/Real_Handwriting/images/form_394_sentence_3.png,Rytoj Žilvinas eis bibliotekoje.
Datasets/Synthetic_Sentences/images/sentence_01624.png,Berniukas mėgsta mokytis.
Datasets/Real_Handwriting/images/form_094_sentence_1.png,Mokytojas mėgsta keliauti knygą.
Datasets/Real_Handwriting/images/form_092_sentence_1.png,Retai katė valgo egzaminą.
Datasets/Synthetic_Sentences/images/sentence_01494.png,Ar Žilvinas mėgsta kalbėti?
Datasets/Real_Handwriting/images/form_310_sentence_3.png,Studentas bando tvarkytis.
Datasets/Synthetic_Sentences/images/sentence_02365.png,Ar Renata dirba namuose?
Datasets/Real_Handwriting/images/form_217_sentence_5.png,Cukrų ir cinamoną dedame į pyragą.
Datasets/Synthetic_Sentences/images/sentence_00460.png,Jurgita bando plaukti.
Datasets/Real_Handwriting/images/form_443_sentence_2.png,Lėtai Tomas valgo košę.
Datasets/Synthetic_Sentences/images/sentence_01493.png,Danielius mėgsta gerti arbatą.
Datasets/Real_Handwriting/images/form_446_sentence_4.png,Katė perka arbatą.
Datasets/Synthetic_Sentences/images/sentence_01838.png,Gintaras ilsisi bibliotekoje.
Datasets/Real_Handwriting/images/form_173_sentence_4.png,Šiandien studentas geria gerai.
Datasets/Real_Handwriting/images/form_391_sentence_5.png,Jaunas studentas juda drąsiai į priekį.
Datasets/Real_Handwriting/images/form_478_sentence_1.png,Žirgas ilsisi bibliotekoje.
Datasets/Real_Handwriting/images/form_450_sentence_5.png,Danielius dažnai dalyvauja varžybose.
Datasets/Real_Handwriting/images/form_387_sentence_5.png,Nuo kalno matosi nuostabus vaizas.
Datasets/Synthetic_Sentences/images/sentence_01225.png,Kruopščiai Mantas dirba stadione.
Datasets/Real_Handwriting/images/form_007_sentence_1.png,Mielai tu mąsto istoriją.
Datasets/Synthetic_Sentences/images/sentence_00073.png,Švelniai Ingrida ilsisi mokykloje.
Datasets/Synthetic_Sentences/images/sentence_02047.png,Vakar Ingrida skaitė istoriją.
Datasets/Synthetic_Sentences/images/sentence_00335.png,Tomas pradeda skaityti.
Datasets/Real_Handwriting/images/form_293_sentence_1.png,Garsiai berniukas rašo užduotį.
Datasets/Synthetic_Sentences/images/sentence_01797.png,Katė rašo žemėlapį.
Datasets/Synthetic_Sentences/images/sentence_01979.png,Švelniai Renata mokosi parke.
Datasets/Synthetic_Sentences/images/sentence_02467.png,Studentas mėgsta skaityti žurnalą.
Datasets/Real_Handwriting/images/form_178_sentence_2.png,Šuo bijo bėgti.
Datasets/Synthetic_Sentences/images/sentence_02003.png,Jonas žaidžia ežero pakrantėje.
Datasets/Real_Handwriting/images/form_508_sentence_1.png,Kristina bando gerti.
Datasets/Real_Handwriting/images/form_340_sentence_4.png,Šiandien Žilvinas ilsisi darbe.
Datasets/Synthetic_Sentences/images/sentence_02346.png,Ar berniukas skaito receptą?
Datasets/Real_Handwriting/images/form_068_sentence_5.png,Ar draugai mokosi?
Datasets/Real_Handwriting/images/form_332_sentence_3.png,Mantas stato namą.
Datasets/Real_Handwriting/images/form_023_sentence_2.png,Mergaitė miega mokyklą sode.
Datasets/Synthetic_Sentences/images/sentence_00530.png,Tyliai vaikas dirba mieste.
Datasets/Synthetic_Sentences/images/sentence_00559.png,Rytoj studentė eis stotyje.
Datasets/Real_Handwriting/images/form_348_sentence_4.png,Petras dirba mieste.
Datasets/Synthetic_Sentences/images/sentence_01171.png,Berniukas renka grybus.
Datasets/Real_Handwriting/images/form_251_sentence_4.png,Petras bando kalbėti.
Datasets/Real_Handwriting/images/form_129_sentence_3.png,Aš stengiasi piešti kavą.
Datasets/Real_Handwriting/images/form_479_sentence_2.png,Gintaras ilsisi pievoje.
Datasets/Synthetic_Sentences/images/sentence_01190.png,Mergaitė mėgsta gerti sultis.
Datasets/Synthetic_Sentences/images/sentence_00462.png,Tomas nori gerti pieną.
Datasets/Real_Handwriting/images/form_423_sentence_3.png,Žirgas gyvena kalnuose.
Datasets/Real_Handwriting/images/form_262_sentence_4.png,Džiaugsmingai Žilvinas skaito istoriją.
Datasets/Real_Handwriting/images/form_037_sentence_1.png,Mergaitės skaito ir skaito.
Datasets/Real_Handwriting/images/form_096_sentence_1.png,Šuo nemėgsta ilsėtis laišką.
Datasets/Synthetic_Sentences/images/sentence_02331.png,Šiandien Jurgita dirba namuose.
Datasets/Synthetic_Sentences/images/sentence_00374.png,Tomas valgo daržoves.
Datasets/Real_Handwriting/images/form_387_sentence_1.png,Danielius pradeda mokytis.
Datasets/Synthetic_Sentences/images/sentence_02164.png,Ar Petras nori šokti?
Datasets/Real_Handwriting/images/form_487_sentence_3.png,Ingrida sportuoja mieste.
Datasets/Synthetic_Sentences/images/sentence_02114.png,Tomas nori gerti kavą.
Datasets/Real_Handwriting/images/form_224_sentence_5.png,Tvarka namuose labai svarbi.
Datasets/Synthetic_Sentences/images/sentence_00675.png,Mindaugas nori gerti kavą.
Datasets/Synthetic_Sentences/images/sentence_01876.png,Ar Danielius nori sportuoti?
Datasets/Synthetic_Sentences/images/sentence_01321.png,Laura mėgsta skaityti žurnalą.
Datasets/Real_Handwriting/images/form_297_sentence_5.png,Obelys žydi baltais žiedais pavasarį.
Datasets/Synthetic_Sentences/images/sentence_00699.png,Jurgita geria kavą.
Datasets/Synthetic_Sentences/images/sentence_02125.png,Šiandien šuo skaito žemėlapį.
Datasets/Synthetic_Sentences/images/sentence_00041.png,Mokytojas rašo laišką.
Datasets/Synthetic_Sentences/images/sentence_01816.png,Ar Kristina mėgsta mokytis?
Datasets/Synthetic_Sentences/images/sentence_01387.png,Gintaras ilsisi paplūdimyje.
Datasets/Synthetic_Sentences/images/sentence_01404.png,Mergaitė sportuoja miške.
Datasets/Real_Handwriting/images/form_121_sentence_1.png,Draugai pradeda kalbėti žaidimą.
Datasets/Real_Handwriting/images/form_249_sentence_5.png,Jonas į darbą važiuoja dviračiu.
Datasets/Synthetic_Sentences/images/sentence_02263.png,Lėtai Žilvinas dirba mokykloje.
Datasets/Synthetic_Sentences/images/sentence_01204.png,Lėtai katė ilsisi upės pakrantėje.
Datasets/Synthetic_Sentences/images/sentence_02147.png,Gintaras mėgsta valgyti daržoves.
Datasets/Synthetic_Sentences/images/sentence_01194.png,Rasa mokosi bibliotekoje.
Datasets/Synthetic_Sentences/images/sentence_01183.png,Rytoj šuo eis stotyje.
Datasets/Synthetic_Sentences/images/sentence_01801.png,Mokytojas mėgsta gerti arbatą.
Datasets/Real_Handwriting/images/form_332_sentence_5.png,Cecilija čiuožia ant ledo.
Datasets/Synthetic_Sentences/images/sentence_02151.png,Mergaitė perka dovaną.
Datasets/Real_Handwriting/images/form_091_sentence_4.png,Šuo galvoja prie ežero.
Datasets/Real_Handwriting/images/form_354_sentence_5.png,Tėtis treniruoja vaikus kiekvieną savaitę.
Datasets/Synthetic_Sentences/images/sentence_02455.png,Rūpestingai Ingrida neša laišką.
Datasets/Synthetic_Sentences/images/sentence_01790.png,Renata mėgsta valgyti.
Datasets/Synthetic_Sentences/images/sentence_02184.png,Šiandien Jurgita perka duoną.
Datasets/Real_Handwriting/images/form_298_sentence_3.png,Žilvinas stato tvorą.
Datasets/Synthetic_Sentences/images/sentence_02339.png,Tyliai Saulius mokosi upės pakrantėje.
Datasets/Real_Handwriting/images/form_127_sentence_3.png,Aš šypsosi bibliotekoje ir kaime.
Datasets/Real_Handwriting/images/form_233_sentence_3.png,Vakar vaikas skaitė receptą.
Datasets/Synthetic_Sentences/images/sentence_01578.png,Petras stengiasi plaukti.
Datasets/Real_Handwriting/images/form_498_sentence_4.png,Ar žmogus mėgsta piešti?
Datasets/Synthetic_Sentences/images/sentence_01528.png,Ar Neringa skaito istoriją?
Datasets/Real_Handwriting/images/form_257_sentence_5.png,Filharmonijoje groja nuostabus orkestras.
Datasets/Synthetic_Sentences/images/sentence_02488.png,Atidžiai šuo ilsisi upės pakrantėje.
Datasets/Synthetic_Sentences/images/sentence_00319.png,Mergaitė nori gerti arbatą.
Datasets/Real_Handwriting/images/form_427_sentence_1.png,Džiaugsmingai paukštis perka žaislą.
Datasets/Real_Handwriting/images/form_434_sentence_3.png,Mergaitė stengiasi eiti.
Datasets/Real_Handwriting/images/form_328_sentence_2.png,Tyliai Danielius neša krepšį.
Datasets/Synthetic_Sentences/images/sentence_00468.png,Renata mėgsta gerti kavą.
Datasets/Synthetic_Sentences/images/sentence_00334.png,Eglė ilsisi ligoninėje.
Datasets/Real_Handwriting/images/form_420_sentence_4.png,Ramiai Ingrida valgo košę.
Datasets/Real_Handwriting/images/form_242_sentence_1.png,Jonas rašo projektą.
Datasets/Real_Handwriting/images/form_323_sentence_2.png,Rytoj Rasa skaitys žemėlapį.
Datasets/Real_Handwriting/images/form_471_sentence_1.png,Jurgita nori dainuoti.
Datasets/Synthetic_Sentences/images/sentence_01638.png,Petras lankosi upės pakrantėje.
Datasets/Synthetic_Sentences/images/sentence_01125.png,Drąsiai Jonas valgo sriubą.
Datasets/Synthetic_Sentences/images/sentence_02336.png,Šiandien Gintaras ilsisi pievoje.
Datasets/Real_Handwriting/images/form_273_sentence_2.png,Tyliai Rasa ilsisi kavinėje.
Datasets/Synthetic_Sentences/images/sentence_02415.png,Ar Žilvinas nori plaukti?
Datasets/Synthetic_Sentences/images/sentence_01315.png,Studentas mėgsta plaukti.
Datasets/Real_Handwriting/images/form_249_sentence_4.png,Laura stengiasi ilsėtis.
Datasets/Synthetic_Sentences/images/sentence_01564.png,Gydytojas neša žaislą.
Datasets/Synthetic_Sentences/images/sentence_00208.png,Vakar mokytoja nešė dovaną.
Datasets/Synthetic_Sentences/images/sentence_00202.png,Ingrida mėgsta gerti pieną.
Datasets/Real_Handwriting/images/form_262_sentence_1.png,Rytoj studentė eis parke.
Datasets/Real_Handwriting/images/form_411_sentence_1.png,Ar žirgas dirba stotyje?
Datasets/Real_Handwriting/images/form_278_sentence_4.png,Rytoj Ingrida eis sode.
Datasets/Synthetic_Sentences/images/sentence_00829.png,Danielius nori rašyti receptą.
Datasets/Synthetic_Sentences/images/sentence_00238.png,Vaikas renka vaisius.
Datasets/Synthetic_Sentences/images/sentence_01881.png,Šiandien Mindaugas dirba upės pakrantėje.
Datasets/Real_Handwriting/images/form_121_sentence_2.png,Paukštis klauso kavą stotyje.
Datasets/Synthetic_Sentences/images/sentence_02241.png,Šiandien studentas dirba kavinėje.
Datasets/Synthetic_Sentences/images/sentence_01360.png,Vaikas sportuoja miške.
Datasets/Synthetic_Sentences/images/sentence_01544.png,Ramiai mergaitė dirba paplūdimyje.
Datasets/Real_Handwriting/images/form_412_sentence_3.png,Mantas ilsisi miške.
Datasets/Real_Handwriting/images/form_047_sentence_5.png,Mes klauso ir klauso.
Datasets/Synthetic_Sentences/images/sentence_01382.png,Mokytojas stengiasi bėgti.
Datasets/Real_Handwriting/images/form_290_sentence_4.png,Petras gyvena pievoje.
Datasets/Real_Handwriting/images/form_215_sentence_5.png,Universiteto studentai žaidžia šachmatais laisvalaikiu.
Datasets/Synthetic_Sentences/images/sentence_01734.png,Gydytojas sportuoja kaime.
Datasets/Real_Handwriting/images/form_281_sentence_2.png,Rasa perka kavą.
Datasets/Real_Handwriting/images/form_238_sentence_2.png,Šiandien gydytojas perka kavą.
Datasets/Synthetic_Sentences/images/sentence_02328.png,Ar katė nori groti?
Datasets/Real_Handwriting/images/form_265_sentence_5.png,Ona išeina iš namų ankstyvą rytą.
Datasets/Synthetic_Sentences/images/sentence_00919.png,Lėtai gydytojas skaito žurnalą.
Datasets/Real_Handwriting/images/form_237_sentence_1.png,Ar Mantas dirba stadione?
Datasets/Synthetic_Sentences/images/sentence_01914.png,Ar Rasa dirba pievoje?
Datasets/Real_Handwriting/images/form_299_sentence_4.png,Šiandien studentas skaito žemėlapį.
Datasets/Synthetic_Sentences/images/sentence_00635.png,Žilvinas nori pirkti kavą.
Datasets/Real_Handwriting/images/form_083_sentence_1.png,Gydytojai labai šiandien dainuoja.
Datasets/Real_Handwriting/images/form_091_sentence_5.png,Tu blogai eina.
Datasets/Real_Handwriting/images/form_471_sentence_2.png,Drąsiai Ingrida sportuoja kaime.
Datasets/Real_Handwriting/images/form_204_sentence_1.png,Ingrida būna stadione.
Datasets/Real_Handwriting/images/form_178_sentence_5.png,Katė labai lėtai žiūri.
Datasets/Real_Handwriting/images/form_042_sentence_5.png,Jos šiandien klauso.
Datasets/Synthetic_Sentences/images/sentence_02305.png,Vakar mokytoja skaitė istoriją.
Datasets/Real_Handwriting/images/form_235_sentence_2.png,Marija perka duoną.
Datasets/Real_Handwriting/images/form_255_sentence_2.png,Jurgita neša krepšį.
Datasets/Synthetic_Sentences/images/sentence_00886.png,Ingrida nori skaityti istoriją.
Datasets/Synthetic_Sentences/images/sentence_02059.png,Vaikas žaidžia pievoje.
Datasets/Real_Handwriting/images/form_469_sentence_3.png,Rytoj Mindaugas eis kalnuose.
Datasets/Synthetic_Sentences/images/sentence_01476.png,Gintaras gyvena ežero pakrantėje.
Datasets/Real_Handwriting/images/form_477_sentence_5.png,Cecilija čiuožia ant ledo.
Datasets/Synthetic_Sentences/images/sentence_01629.png,Kruopščiai Ingrida skaito istoriją.
Datasets/Synthetic_Sentences/images/sentence_02054.png,Saulius perka knygą.
Datasets/Real_Handwriting/images/form_138_sentence_4.png,Gydytojas rašo stadione.
Datasets/Real_Handwriting/images/form_108_sentence_3.png,Ji rašo stadione ir stotyje.
Datasets/Real_Handwriting/images/form_191_sentence_5.png,Vyrai šypsosi miške.
Datasets/Real_Handwriting/images/form_291_sentence_3.png,Ar Mantas mėgsta žaisti?
Datasets/Real_Handwriting/images/form_264_sentence_4.png,Jonas į darbą važiuoja dviračiu.
Datasets/Real_Handwriting/images/form_137_sentence_3.png,Gydytojai rytoj ilsisi.
Datasets/Real_Handwriting/images/form_385_sentence_5.png,Cukrų ir cinamoną dedame į pyragą.
Datasets/Synthetic_Sentences/images/sentence_00416.png,Greitai mokytojas dirba namuose.
Datasets/Real_Handwriting/images/form_084_sentence_3.png,Ramiai vyras mokosi žaidimą.
Datasets/Synthetic_Sentences/images/sentence_02356.png,Šiandien Saulius skaito receptą.
Datasets/Synthetic_Sentences/images/sentence_01362.png,Kruopščiai Marija mokosi stadione.
Datasets/Synthetic_Sentences/images/sentence_01359.png,Ar katė mėgsta plaukti?
Datasets/Synthetic_Sentences/images/sentence_00512.png,Saulius skaito receptą.
Datasets/Real_Handwriting/images/form_389_sentence_3.png,Šiandien Eglė mokosi sode.
Datasets/Real_Handwriting/images/form_465_sentence_2.png,Ramiai Jonas sportuoja namuose.
Datasets/Real_Handwriting/images/form_445_sentence_3.png,Marija nori groti.
Datasets/Synthetic_Sentences/images/sentence_00297.png,Šuo mokosi namuose.
Datasets/Real_Handwriting/images/form_433_sentence_5.png,Kavinėje kvepėjo kava ir cinamonu.
Datasets/Real_Handwriting/images/form_205_sentence_1.png,Ar šeima mėgsta ilsėtis?
Datasets/Real_Handwriting/images/form_201_sentence_3.png,Šiandien Marija dirba stotyje.
Datasets/Synthetic_Sentences/images/sentence_01099.png,Mokytoja stengiasi ilsėtis.
Datasets/Synthetic_Sentences/images/sentence_01158.png,Eglė rašo laišką.
Datasets/Synthetic_Sentences/images/sentence_00931.png,Mokytojas mėgsta tvarkytis.
Datasets/Real_Handwriting/images/form_177_sentence_4.png,Jis skuba ir skuba.
Datasets/Real_Handwriting/images/form_002_sentence_2.png,Moteris mąsto egzaminą.
Datasets/Synthetic_Sentences/images/sentence_00009.png,Petras dirba kaime.
Datasets/Synthetic_Sentences/images/sentence_02099.png,Ar Petras skaito knygą?
Datasets/Synthetic_Sentences/images/sentence_00604.png,Mantas perka arbatą.
Datasets/Real_Handwriting/images/form_371_sentence_1.png,Vakar Tomas nešė krepšį.
Datasets/Real_Handwriting/images/form_402_sentence_5.png,Anas vyras atneša arbatos.
Datasets/Synthetic_Sentences/images/sentence_00437.png,Katė skaito istoriją.
Datasets/Real_Handwriting/images/form_339_sentence_4.png,Mantas valgo košę.
Datasets/Real_Handwriting/images/form_321_sentence_5.png,Cukrų ir cinamoną dedame į pyragą.
Datasets/Real_Handwriting/images/form_357_sentence_1.png,Rasa neša gėlę.
Datasets/Synthetic_Sentences/images/sentence_01070.png,Ar katė mokosi upės pakrantėje?
Datasets/Real_Handwriting/images/form_234_sentence_3.png,Mindaugas nori ilsėtis dainą.
Datasets/Synthetic_Sentences/images/sentence_00782.png,Džiaugsmingai studentė mokosi ligoninėje.
Datasets/Synthetic_Sentences/images/sentence_00056.png,Atidžiai mokytoja neša krepšį.
Datasets/Synthetic_Sentences/images/sentence_00922.png,Greitai Marija dirba namuose.
Datasets/Synthetic_Sentences/images/sentence_01179.png,Šiandien studentė perka žaislą.
Datasets/Synthetic_Sentences/images/sentence_00816.png,Gydytojas geria kavą.
Datasets/Real_Handwriting/images/form_089_sentence_2.png,Mes nori dirbti.
Datasets/Real_Handwriting/images/form_171_sentence_2.png,Moterys rašo ir rašo.
Datasets/Synthetic_Sentences/images/sentence_01851.png,Šiandien šuo dirba kavinėje.
Datasets/Synthetic_Sentences/images/sentence_01035.png,Žilvinas žaidžia paplūdimyje.
Datasets/Synthetic_Sentences/images/sentence_00679.png,Rasa stengiasi keliauti.
Datasets/Synthetic_Sentences/images/sentence_01812.png,Atidžiai berniukas skaito žemėlapį.
Datasets/Synthetic_Sentences/images/sentence_01850.png,Laura perka duoną.
Datasets/Synthetic_Sentences/images/sentence_01057.png,Neringa ilsisi upės pakrantėje.
Datasets/Real_Handwriting/images/form_003_sentence_3.png,Ramiai vaikas miega darbą.
Datasets/Synthetic_Sentences/images/sentence_00136.png,Ar studentas mėgsta dainuoti?
Datasets/Real_Handwriting/images/form_006_sentence_1.png,Katė skaito ir skaito.
Datasets/Synthetic_Sentences/images/sentence_01937.png,Vakar Žilvinas nešė knygą.
Datasets/Synthetic_Sentences/images/sentence_00346.png,Rasa nori pirkti žaislą.
Datasets/Real_Handwriting/images/form_198_sentence_5.png,Ar tu žiūri?
Datasets/Real_Handwriting/images/form_245_sentence_2.png,Saulius nori valgyti duoną.
Datasets/Real_Handwriting/images/form_024_sentence_1.png,Šiandien mes miega smagiai.
Datasets/Real_Handwriting/images/form_219_sentence_5.png,Universiteto studentai žaidžia šachmatais laisvalaikiu.
Datasets/Synthetic_Sentences/images/sentence_01761.png,Studentė žaidžia upės pakrantėje.
Datasets/Synthetic_Sentences/images/sentence_00759.png,Vakar Laura dirbo kalnuose.
Datasets/Synthetic_Sentences/images/sentence_00483.png,Šiandien Tomas mokosi kaime.
Datasets/Real_Handwriting/images/form_007_sentence_3.png,Tu mąsto sode ir darbe.
Datasets/Real_Handwriting/images/form_223_sentence_3.png,Šuo valgo košę.
Datasets/Real_Handwriting/images/form_304_sentence_1.png,Danielius dirba mokykloje.
Datasets/Real_Handwriting/images/form_393_sentence_4.png,Mielai katė skaito laišką.
Datasets/Synthetic_Sentences/images/sentence_00362.png,Kruopščiai katė valgo košę.
Datasets/Real_Handwriting/images/form_392_sentence_2.png,Rasa dirba bibliotekoje.
Datasets/Synthetic_Sentences/images/sentence_02065.png,Rytoj Neringa skaitys laišką.
Datasets/Synthetic_Sentences/images/sentence_01762.png,Kruopščiai Kristina perka dovaną.
Datasets/Synthetic_Sentences/images/sentence_01748.png,Mielai Jonas neša gėlę.
Datasets/Real_Handwriting/images/form_344_sentence_3.png,Drąsiai Jurgita perka duoną.
Datasets/Synthetic_Sentences/images/sentence_01370.png,Šiandien Tomas mokosi stotyje.
Datasets/Synthetic_Sentences/images/sentence_01915.png,Drąsiai Eglė perka dovaną.
Datasets/Real_Handwriting/images/form_131_sentence_1.png,Jis labai šiandien šoka.
Datasets/Synthetic_Sentences/images/sentence_01803.png,Gydytojas stengiasi važiuoti.
Datasets/Real_Handwriting/images/form_033_sentence_4.png,Šiandien mokytojas rašo vakar.
Datasets/Real_Handwriting/images/form_218_sentence_5.png,Cukrų ir cinamoną dedame į pyragą.
Datasets/Synthetic_Sentences/images/sentence_00115.png,Rytoj studentas skaitys laišką.
Datasets/Synthetic_Sentences/images/sentence_01395.png,Mokytojas mokosi stadione.
Datasets/Synthetic_Sentences/images/sentence_00071.png,Rytoj studentas eis mokykloje.
Datasets/Synthetic_Sentences/images/sentence_00230.png,Ar Tomas skaito žemėlapį?
Datasets/Synthetic_Sentences/images/sentence_00196.png,Kristina perka dovaną.
Datasets/Synthetic_Sentences/images/sentence_00303.png,Tomas neša knygą.
Datasets/Synthetic_Sentences/images/sentence_02441.png,Mergaitė žaidžia stotyje.
Datasets/Synthetic_Sentences/images/sentence_00651.png,Kruopščiai Eglė ilsisi pievoje.
Datasets/Real_Handwriting/images/form_409_sentence_3.png,Kristina nori žaisti žemėlapį.
Datasets/Synthetic_Sentences/images/sentence_01030.png,Šiandien Saulius perka arbatą.
Datasets/Real_Handwriting/images/form_430_sentence_2.png,Garsiai berniukas dirba stotyje.
Datasets/Synthetic_Sentences/images/sentence_00796.png,Žilvinas mėgsta pirkti gėlę.
Datasets/Real_Handwriting/images/form_354_sentence_2.png,Kruopščiai Eglė skaito receptą.
Datasets/Synthetic_Sentences/images/sentence_01145.png,Ar Jonas skaito istoriją?
Datasets/Synthetic_Sentences/images/sentence_02243.png,Katė perka kavą.
Datasets/Synthetic_Sentences/images/sentence_00595.png,Ar Žilvinas dirba parke?
Datasets/Real_Handwriting/images/form_351_sentence_2.png,Mindaugas groja muzikos kūrinį.
Datasets/Real_Handwriting/images/form_018_sentence_3.png,Vyrai nemėgsta bėgti.
Datasets/Synthetic_Sentences/images/sentence_00092.png,Eglė skaito žemėlapį.
Datasets/Real_Handwriting/images/form_356_sentence_4.png,Rasa mėgsta žaisti arbatą.
Datasets/Real_Handwriting/images/form_140_sentence_3.png,Moteris geria mokykloje ir ligoninėje.
Datasets/Synthetic_Sentences/images/sentence_00746.png,Šuo mėgsta valgyti vaisius.
Datasets/Real_Handwriting/images/form_149_sentence_5.png,Kruopščiai jūs tvarkosi vaisius.
Datasets/Real_Handwriting/images/form_421_sentence_2.png,Ar Marija mokosi paplūdimyje?
Datasets/Real_Handwriting/images/form_334_sentence_5.png,Hanah sheji skaito hinduistų filosofiją.
Datasets/Real_Handwriting/images/form_165_sentence_4.png,Ar studentas šypsosi?
Datasets/Synthetic_Sentences/images/sentence_00458.png,Šiandien studentas dirba sode.
Datasets/Synthetic_Sentences/images/sentence_02330.png,Ar studentė dirba paplūdimyje?
Datasets/Synthetic_Sentences/images/sentence_02204.png,Katė neša knygą.
Datasets/Synthetic_Sentences/images/sentence_01408.png,Neringa nori pirkti duoną.
Datasets/Synthetic_Sentences/images/sentence_01752.png,Švelniai Danielius neša gėlę.
Datasets/Real_Handwriting/images/form_222_sentence_2.png,Studentė valgo košę.
Datasets/Synthetic_Sentences/images/sentence_00866.png,Šiandien berniukas ilsisi upės pakrantėje.
Datasets/Synthetic_Sentences/images/sentence_02338.png,Rasa mėgsta valgyti daržoves.
Datasets/Synthetic_Sentences/images/sentence_01265.png,Studentas perka knygą.
Datasets/Real_Handwriting/images/form_261_sentence_4.png,Ar Saulius mokosi kavinėje?
Datasets/Real_Handwriting/images/form_382_sentence_1.png,Marija mokosi mieste.
Datasets/Synthetic_Sentences/images/sentence_02197.png,Žilvinas pradeda keliauti.
Datasets/Synthetic_Sentences/images/sentence_01150.png,Laura nori gerti sultis.
Datasets/Synthetic_Sentences/images/sentence_01649.png,Mergaitė mėgsta skaityti laišką.
Datasets/Synthetic_Sentences/images/sentence_01388.png,Laura sportuoja upės pakrantėje.
Datasets/Synthetic_Sentences/images/sentence_02245.png,Laura valgo košę.
Datasets/Synthetic_Sentences/images/sentence_01707.png,Berniukas renka akmenis.
Datasets/Real_Handwriting/images/form_336_sentence_3.png,Žmogus valgo vaisius.
Datasets/Real_Handwriting/images/form_380_sentence_1.png,Studentė gyvena kalnuose.
Datasets/Real_Handwriting/images/form_120_sentence_5.png,Katė labai kartu mąsto.
Datasets/Synthetic_Sentences/images/sentence_01000.png,Ar Kristina skaito žemėlapį?
Datasets/Real_Handwriting/images/form_435_sentence_2.png,Atidžiai žirgas neša žaislą.
Datasets/Synthetic_Sentences/images/sentence_01473.png,Vakar mokytoja dirbo parke.
Datasets/Synthetic_Sentences/images/sentence_02293.png,Studentė nori rašyti žemėlapį.
Datasets/Real_Handwriting/images/form_024_sentence_5.png,Mes ramiai žaidžia.
Datasets/Real_Handwriting/images/form_189_sentence_1.png,Jos mąsto stadione.
Datasets/Real_Handwriting/images/form_265_sentence_2.png,Petras groja muzikos kūrinį.
Datasets/Real_Handwriting/images/form_229_sentence_5.png,Cukrų ir cinamoną dedame į pyragą.
Datasets/Real_Handwriting/images/form_390_sentence_4.png,Ar katė dirba namuose?
Datasets/Real_Handwriting/images/form_150_sentence_3.png,Ji rašo ir rašo.
Datasets/Real_Handwriting/images/form_035_sentence_3.png,Gydytojas tvarkosi arbatą.
Datasets/Synthetic_Sentences/images/sentence_01066.png,Petras nori skaityti.
Datasets/Synthetic_Sentences/images/sentence_01058.png,Berniukas mėgsta pirkti knygą.
Datasets/Synthetic_Sentences/images/sentence_02410.png,Šiandien studentė dirba pievoje.
Datasets/Real_Handwriting/images/form_123_sentence_4.png,Mokytojai labai visada miega.
Datasets/Real_Handwriting/images/form_077_sentence_2.png,Vyrai baigia kalbėti.
Datasets/Synthetic_Sentences/images/sentence_01570.png,Mokytojas nori rašyti istoriją.
Datasets/Real_Handwriting/images/form_438_sentence_2.png,Laura ilsisi paplūdimyje.
Datasets/Synthetic_Sentences/images/sentence_02004.png,Gintaras lankosi namuose.
Datasets/Real_Handwriting/images/form_027_sentence_2.png,Draugai šoka laišką.
Datasets/Synthetic_Sentences/images/sentence_00022.png,Rūpestingai mokytojas skaito žurnalą.
Datasets/Real_Handwriting/images/form_052_sentence_1.png,Mergaitės skuba miške.
Datasets/Synthetic_Sentences/images/sentence_02378.png,Petras renka vaisius.
Datasets/Synthetic_Sentences/images/sentence_01997.png,Šiandien Petras mokosi miške.
Datasets/Real_Handwriting/images/form_446_sentence_1.png,Ar žirgas skaito žurnalą?
Datasets/Real_Handwriting/images/form_061_sentence_2.png,Mes sportuoja sode.
Datasets/Synthetic_Sentences/images/sentence_02057.png,Garsiai Rasa dirba mokykloje.
Datasets/Real_Handwriting/images/form_434_sentence_5.png,Knyga gulėjo ant kambario suolo.
Datasets/Synthetic_Sentences/images/sentence_00120.png,Studentė mėgsta skaityti knygą.
Datasets/Real_Handwriting/images/form_295_sentence_3.png,Rytoj Marija skaitys knygą.
Datasets/Synthetic_Sentences/images/sentence_01781.png,Šuo žaidžia upės pakrantėje.
Datasets/Real_Handwriting/images/form_494_sentence_3.png,Mantas geria vandenį.
Datasets/Real_Handwriting/images/form_356_sentence_1.png,Studentas valgo obuolį.
Datasets/Synthetic_Sentences/images/sentence_00386.png,Šiandien Mantas mokosi darbe.
Datasets/Synthetic_Sentences/images/sentence_01729.png,Rūpestingai studentas dirba ligoninėje.
Datasets/Real_Handwriting/images/form_286_sentence_3.png,Ar šuo mokosi stotyje?
Datasets/Real_Handwriting/images/form_035_sentence_4.png,Mokytojai piešia kavą.
Datasets/Synthetic_Sentences/images/sentence_01274.png,Švelniai Petras rašo žemėlapį.
Datasets/Real_Handwriting/images/form_009_sentence_3.png,Mokytojai verkia paveikslą.
Datasets/Synthetic_Sentences/images/sentence_00940.png,Ar Jonas dirba kavinėje?
Datasets/Synthetic_Sentences/images/sentence_00387.png,Lėtai mokytojas neša laišką.
Datasets/Real_Handwriting/images/form_105_sentence_2.png,Gydytojas bijo gerti arbatą.
Datasets/Real_Handwriting/images/form_220_sentence_5.png,Čia gyvena labai draugiška šeima.
Datasets/Real_Handwriting/images/form_150_sentence_4.png,Mokytojas sportuoja kalnuose ir kalnuose.
Datasets/Synthetic_Sentences/images/sentence_00321.png,Lėtai Rasa valgo obuolį.
Datasets/Real_Handwriting/images/form_104_sentence_2.png,Mes pradeda ilsėtis istoriją.
Datasets/Real_Handwriting/images/form_372_sentence_4.png,Ar Rasa dirba kaime?
Datasets/Synthetic_Sentences/images/sentence_00260.png,Ar Eglė nori rašyti?
Datasets/Synthetic_Sentences/images/sentence_02234.png,Rūpestingai Danielius ilsisi mokykloje.
Datasets/Synthetic_Sentences/images/sentence_00156.png,Ar Tomas mėgsta keliauti?
Datasets/Real_Handwriting/images/form_083_sentence_2.png,Gydytojas kalba ir kalba.
Datasets/Synthetic_Sentences/images/sentence_02472.png,Rytoj Mantas eis kavinėje.
Datasets/Real_Handwriting/images/form_422_sentence_3.png,Šuo stato tvorą.
Datasets/Real_Handwriting/images/form_262_sentence_3.png,Petras žaidžia parke.
Datasets/Synthetic_Sentences/images/sentence_01376.png,Ar šuo skaito žemėlapį?
Datasets/Synthetic_Sentences/images/sentence_02081.png,Vakar Tomas nešė laišką.
Datasets/Real_Handwriting/images/form_390_sentence_2.png,Šiandien Jurgita dirba paplūdimyje.
Datasets/Real_Handwriting/images/form_185_sentence_2.png,Mes dirba žemėlapį stotyje.
Datasets/Real_Handwriting/images/form_467_sentence_1.png,Šiandien Ingrida skaito žemėlapį.
Datasets/Real_Handwriting/images/form_042_sentence_3.png,Vaikas bijo keliauti.
Datasets/Real_Handwriting/images/form_457_sentence_1.png,Tyliai mergaitė perka gėlę.
Datasets/Real_Handwriting/images/form_259_sentence_4.png,Saulius nori groti.
Datasets/Real_Handwriting/images/form_142_sentence_1.png,Studentas labai visada valgo.
Datasets/Real_Handwriting/images/form_318_sentence_5.png,Cukrų ir cinamoną dedame į pyragą.
Datasets/Synthetic_Sentences/images/sentence_00520.png,Neringa mėgsta gerti pieną.
Datasets/Synthetic_Sentences/images/sentence_00144.png,Mergaitė ilsisi kaime.
Datasets/Synthetic_Sentences/images/sentence_00034.png,Ingrida skaito knygą.
Datasets/Synthetic_Sentences/images/sentence_01326.png,Šiandien Eglė mokosi sode.
Datasets/Real_Handwriting/images/form_111_sentence_5.png,Aš nori žaisti dainą.
Datasets/Synthetic_Sentences/images/sentence_02435.png,Renata nori valgyti sriubą.
Datasets/Synthetic_Sentences/images/sentence_00667.png,Studentė neša gėlę.
Datasets/Real_Handwriting/images/form_033_sentence_1.png,Draugas nori rašyti paveikslą.
Datasets/Synthetic_Sentences/images/sentence_00917.png,Vakar Laura nešė gėlę.
Datasets/Synthetic_Sentences/images/sentence_02416.png,Rūpestingai Renata valgo obuolį.
Datasets/Synthetic_Sentences/images/sentence_00519.png,Šiandien Saulius dirba paplūdimyje.
Datasets/Real_Handwriting/images/form_330_sentence_1.png,Vakar Ingrida nešė dovaną.
Datasets/Synthetic_Sentences/images/sentence_02192.png,Atidžiai mokytoja valgo sriubą.
Datasets/Real_Handwriting/images/form_322_sentence_5.png,Emilija eina į pamoką.
Datasets/Real_Handwriting/images/form_470_sentence_5.png,Žirgai bėga laisvai per žalią lauką.
Datasets/Real_Handwriting/images/form_080_sentence_4.png,Šiandien draugai verkia visada.
Datasets/Real_Handwriting/images/form_385_sentence_4.png,Garsiai Petras skaito žurnalą.
Datasets/Synthetic_Sentences/images/sentence_00055.png,Ar berniukas mokosi mokykloje?
Datasets/Synthetic_Sentences/images/sentence_00745.png,Renata pradeda tvarkytis.
Datasets/Synthetic_Sentences/images/sentence_02419.png,Gintaras gyvena kavinėje.
Datasets/Real_Handwriting/images/form_117_sentence_3.png,Aš juokiasi stotyje ir ligoninėje.
Datasets/Real_Handwriting/images/form_215_sentence_1.png,Paukštis bando galvoti.
Datasets/Synthetic_Sentences/images/sentence_01433.png,Ar gydytojas nori sportuoti?
Datasets/Real_Handwriting/images/form_026_sentence_5.png,Gydytojas stengiasi skaityti.
Datasets/Real_Handwriting/images/form_081_sentence_3.png,Gydytojas juokiasi ir juokiasi.
Datasets/Synthetic_Sentences/images/sentence_01175.png,Ar Ingrida skaito žurnalą?
Datasets/Synthetic_Sentences/images/sentence_00440.png,Rasa mėgsta gerti kavą.
Datasets/Synthetic_Sentences/images/sentence_00645.png,Šiandien Danielius dirba ligoninėje.
Datasets/Real_Handwriting/images/form_271_sentence_4.png,Paukštis bando važiuoti.
Datasets/Synthetic_Sentences/images/sentence_01686.png,Rasa lankosi upės pakrantėje.
Datasets/Synthetic_Sentences/images/sentence_00324.png,Studentė geria arbatą.
Datasets/Real_Handwriting/images/form_414_sentence_1.png,Garsiai katė rašo laišką.
Datasets/Real_Handwriting/images/form_160_sentence_3.png,Draugai tvarkosi miške.
Datasets/Synthetic_Sentences/images/sentence_00127.png,Garsiai studentė mokosi pievoje.
Datasets/Real_Handwriting/images/form_337_sentence_1.png,Jonas neša krepšį.
Datasets/Real_Handwriting/images/form_454_sentence_1.png,Garsiai katė sportuoja ligoninėje.
Datasets/Synthetic_Sentences/images/sentence_02309.png,Neringa nori rašyti laišką.
Datasets/Real_Handwriting/images/form_007_sentence_2.png,Mergaitės skuba ir skuba.
Datasets/Real_Handwriting/images/form_127_sentence_1.png,Ji mokosi mieste ir namuose.
Datasets/Real_Handwriting/images/form_421_sentence_4.png,Katė mokosi parke.
Datasets/Synthetic_Sentences/images/sentence_00913.png,Šiandien mokytoja ilsisi kalnuose.
Datasets/Synthetic_Sentences/images/sentence_02206.png,Laura mėgsta šokti.
Datasets/Synthetic_Sentences/images/sentence_00359.png,Ar Mindaugas nori piešti?
Datasets/Synthetic_Sentences/images/sentence_02014.png,Vakar Kristina dirbo pievoje.
Datasets/Real_Handwriting/images/form_190_sentence_2.png,Lėtai moteris verkia istoriją.
Datasets/Real_Handwriting/images/form_082_sentence_5.png,Vaikai bėga vaisius.
Datasets/Synthetic_Sentences/images/sentence_00547.png,Kruopščiai mokytoja mokosi pievoje.
Datasets/Real_Handwriting/images/form_074_sentence_4.png,Jūs verkia laišką.
Datasets/Synthetic_Sentences/images/sentence_01465.png,Rytoj mergaitė eis kalnuose.
Datasets/Synthetic_Sentences/images/sentence_01852.png,Ar Petras dirba stadione?
Datasets/Real_Handwriting/images/form_023_sentence_4.png,Jie skuba miške ir stadione.
Datasets/Real_Handwriting/images/form_470_sentence_2.png,Ar Jurgita mėgsta statyti?
Datasets/Synthetic_Sentences/images/sentence_01714.png,Laura geria pieną.
Datasets/Real_Handwriting/images/form_026_sentence_1.png,Jis labai kartu verkia.
Datasets/Real_Handwriting/images/form_346_sentence_5.png,Žiema atneša sniegą ir šaltį.
Datasets/Synthetic_Sentences/images/sentence_00960.png,Šiandien Kristina mokosi sode.
Datasets/Real_Handwriting/images/form_155_sentence_2.png,Draugai sportuoja ir sportuoja.
Datasets/Real_Handwriting/images/form_470_sentence_1.png,Gydytojas būna kaime.
Datasets/Synthetic_Sentences/images/sentence_01972.png,Šuo neša žaislą.
Datasets/Real_Handwriting/images/form_012_sentence_2.png,Jos miega pamoką.
Datasets/Synthetic_Sentences/images/sentence_01188.png,Vakar mokytojas nešė žaislą.
Datasets/Synthetic_Sentences/images/sentence_00231.png,Ingrida gyvena mieste.
Datasets/Synthetic_Sentences/images/sentence_01498.png,Mindaugas nori gerti sultis.
Datasets/Synthetic_Sentences/images/sentence_00882.png,Ar Marija mokosi kaime?
Datasets/Real_Handwriting/images/form_361_sentence_3.png,Studentas gyvena ežero pakrantėje.
Datasets/Real_Handwriting/images/form_439_sentence_4.png,Petras stengiasi gerti.
Datasets/Synthetic_Sentences/images/sentence_00700.png,Šiandien mokytojas mokosi kavinėje.
Datasets/Real_Handwriting/images/form_032_sentence_4.png,Jos valgo žemėlapį kalnuose.
Datasets/Real_Handwriting/images/form_346_sentence_1.png,Gintaras sportuoja mieste.
Datasets/Real_Handwriting/images/form_309_sentence_4.png,Garsiai berniukas rašo žemėlapį.
Datasets/Synthetic_Sentences/images/sentence_01702.png,Ar Laura skaito receptą?
Datasets/Synthetic_Sentences/images/sentence_01959.png,Vakar Jurgita dirbo mieste.
Datasets/Real_Handwriting/images/form_150_sentence_1.png,Šiandien aš klauso kartu.
Datasets/Synthetic_Sentences/images/sentence_00668.png,Renata skaito laišką.
Datasets/Real_Handwriting/images/form_095_sentence_2.png,Jie piešia darbe.
Datasets/Synthetic_Sentences/images/sentence_01455.png,Rasa stengiasi šokti.
Datasets/Real_Handwriting/images/form_244_sentence_5.png,Cukrų ir cinamoną dedame į pyragą.
Datasets/Real_Handwriting/images/form_278_sentence_1.png,Vaikas stengiasi kalbėti.
Datasets/Real_Handwriting/images/form_473_sentence_1.png,Mantas renka grybus.
Datasets/Real_Handwriting/images/form_200_sentence_3.png,Gydytojai sportuoja darbe ir sode.
Datasets/Real_Handwriting/images/form_343_sentence_2.png,Studentas neša dovaną.
Datasets/Synthetic_Sentences/images/sentence_01828.png,Mokytojas perka arbatą.
Datasets/Real_Handwriting/images/form_509_sentence_1.png,Žmogus rašo laišką.
Datasets/Synthetic_Sentences/images/sentence_00758.png,Šuo renka daržoves.
Datasets/Synthetic_Sentences/images/sentence_01664.png,Katė pradeda šokti.
Datasets/Synthetic_Sentences/images/sentence_01742.png,Laura nori rašyti laišką.
Datasets/Synthetic_Sentences/images/sentence_01442.png,Rytoj šuo skaitys istoriją.
Datasets/Real_Handwriting/images/form_328_sentence_5.png,Tvarka namuose labai svarbi.
Datasets/Synthetic_Sentences/images/sentence_00764.png,Šiandien Kristina skaito knygą.
Datasets/Synthetic_Sentences/images/sentence_00406.png,Rūpestingai Gintaras skaito receptą.
Datasets/Synthetic_Sentences/images/sentence_02082.png,Ar studentas skaito knygą?
Datasets/Synthetic_Sentences/images/sentence_00212.png,Mokytoja geria sultis.
Datasets/Real_Handwriting/images/form_364_sentence_3.png,Berniukas gyvena pievoje.
Datasets/Real_Handwriting/images/form_126_sentence_5.png,Mielai paukštis sportuoja egzaminą.
Datasets/Synthetic_Sentences/images/sentence_01672.png,Laura mėgsta valgyti obuolį.
Datasets/Synthetic_Sentences/images/sentence_00173.png,Gintaras renka daržoves.
Datasets/Real_Handwriting/images/form_012_sentence_3.png,Šuo mėgsta keliauti.
Datasets/Real_Handwriting/images/form_037_sentence_4.png,Ji sportuoja kaime.
Datasets/Real_Handwriting/images/form_234_sentence_1.png,Mergaitė mėgsta žaisti žaislą.
Datasets/Synthetic_Sentences/images/sentence_01004.png,Kristina geria pieną.
Datasets/Synthetic_Sentences/images/sentence_00566.png,Vakar Neringa skaitė receptą.
Datasets/Real_Handwriting/images/form_491_sentence_4.png,Šiandien mergaitė skaito receptą.
Datasets/Real_Handwriting/images/form_263_sentence_2.png,Ar šuo dirba ežero pakrantėje?
Datasets/Real_Handwriting/images/form_284_sentence_2.png,Šiandien Rasa perka arbatą.
Datasets/Real_Handwriting/images/form_048_sentence_4.png,Mes dabar galvoja.
Datasets/Real_Handwriting/images/form_386_sentence_1.png,Džiaugsmingai šeima valgo duoną.
Datasets/Real_Handwriting/images/form_103_sentence_4.png,Gydytojai tvarkosi muziką miške.
Datasets/Synthetic_Sentences/images/sentence_00225.png,Šuo žaidžia pievoje.
Datasets/Synthetic_Sentences/images/sentence_01901.png,Švelniai Gintaras mokosi sode.
Datasets/Synthetic_Sentences/images/sentence_02299.png,Rūpestingai Mantas dirba ežero pakrantėje.
Datasets/Synthetic_Sentences/images/sentence_00351.png,Vakar studentė dirbo upės pakrantėje.
Datasets/Synthetic_Sentences/images/sentence_01292.png,Mokytojas valgo sriubą.
Datasets/Synthetic_Sentences/images/sentence_00505.png,Studentas mėgsta gerti.
Datasets/Synthetic_Sentences/images/sentence_01207.png,Mantas mėgsta valgyti vaisius.
Datasets/Real_Handwriting/images/form_045_sentence_4.png,Tu geria stadione.
Datasets/Real_Handwriting/images/form_362_sentence_2.png,Tyliai šuo sportuoja darbe.
Datasets/Synthetic_Sentences/images/sentence_02227.png,Mindaugas dirba darbe.
Datasets/Synthetic_Sentences/images/sentence_00589.png,Danielius mėgsta gerti pieną.
Datasets/Synthetic_Sentences/images/sentence_01809.png,Šiandien katė dirba pievoje.
Datasets/Synthetic_Sentences/images/sentence_01705.png,Gydytojas lankosi parke.
Datasets/Real_Handwriting/images/form_271_sentence_5.png,Kavinėje kvepėjo kava ir cinamonu.
Datasets/Real_Handwriting/images/form_245_sentence_4.png,Kristina groja simfoniją.
Datasets/Real_Handwriting/images/form_393_sentence_5.png,Šuo išbėgo į kiemą ir pradėjo loti.
Datasets/Real_Handwriting/images/form_441_sentence_1.png,Šiandien studentė skaito žurnalą.
Datasets/Synthetic_Sentences/images/sentence_00214.png,Mokytoja nori gerti sultis.
Datasets/Real_Handwriting/images/form_183_sentence_5.png,Visada moteris galvoja egzaminą.
Datasets/Synthetic_Sentences/images/sentence_00154.png,Ar Eglė mokosi ligoninėje?
Datasets/Synthetic_Sentences/images/sentence_00078.png,Gintaras mėgsta gerti arbatą.
Datasets/Synthetic_Sentences/images/sentence_01675.png,Marija nori skaityti laišką.
Datasets/Synthetic_Sentences/images/sentence_01984.png,Tolumoje matosi aukšti kalnai.
Datasets/Synthetic_Sentences/images/sentence_02049.png,Katė mėgsta skaityti žemėlapį.
Datasets/Synthetic_Sentences/images/sentence_00268.png,Rytoj vaikas skaitys receptą.
Datasets/Synthetic_Sentences/images/sentence_02335.png,Neringa ilsisi mokykloje.
Datasets/Synthetic_Sentences/images/sentence_02085.png,Studentė ilsisi pievoje.
Datasets/Synthetic_Sentences/images/sentence_01011.png,Gintaras bando gerti.
Datasets/Real_Handwriting/images/form_307_sentence_4.png,Kristina renka vaisius.
Datasets/Real_Handwriting/images/form_019_sentence_4.png,Moterys sportuoja užduotį.
Datasets/Synthetic_Sentences/images/sentence_02405.png,Kruopščiai Marija mokosi mieste.
Datasets/Synthetic_Sentences/images/sentence_01655.png,Renata nori gerti vandenį.
Datasets/Real_Handwriting/images/form_097_sentence_2.png,Jūs valgo arbatą.
Datasets/Synthetic_Sentences/images/sentence_01775.png,Lėtai Jurgita perka gėlę.
Datasets/Real_Handwriting/images/form_321_sentence_2.png,Paukštis dirba stadione.
Datasets/Synthetic_Sentences/images/sentence_00892.png,Eglė geria arbatą.
Datasets/Real_Handwriting/images/form_144_sentence_3.png,Šiandien jis bėga niekada.
Datasets/Real_Handwriting/images/form_371_sentence_2.png,Studentas žaidžia kalnuose.
Datasets/Synthetic_Sentences/images/sentence_01993.png,Šiandien šuo perka knygą.
Datasets/Synthetic_Sentences/images/sentence_01113.png,Šuo seka šeimininką visur.
Datasets/Real_Handwriting/images/form_244_sentence_4.png,Lėtai šeima ilsisi bibliotekoje.
Datasets/Real_Handwriting/images/form_110_sentence_5.png,Gydytojai skaito stotyje ir namuose.
Datasets/Synthetic_Sentences/images/sentence_00024.png,Saulius valgo vaisius.
Datasets/Real_Handwriting/images/form_130_sentence_1.png,Moterys nori tvarkytis žaidimą.
Datasets/Synthetic_Sentences/images/sentence_00600.png,Ramiai Kristina valgo košę.
Datasets/Synthetic_Sentences/images/sentence_00623.png,Ingrida valgo košę.
Datasets/Real_Handwriting/images/form_009_sentence_2.png,Gydytojai nori keliauti dainą.
Datasets/Real_Handwriting/images/form_298_sentence_2.png,Marija gyvena ligoninėje.
Datasets/Synthetic_Sentences/images/sentence_01719.png,Ingrida nori valgyti duoną.
Datasets/Real_Handwriting/images/form_045_sentence_3.png,Moteris nori sportuoti vaisius.
Datasets/Synthetic_Sentences/images/sentence_02096.png,Mindaugas lankosi stotyje.
Datasets/Synthetic_Sentences/images/sentence_00625.png,Ar Saulius mokosi darbe?
Datasets/Synthetic_Sentences/images/sentence_00102.png,Petras stengiasi sportuoti.
Datasets/Synthetic_Sentences/images/sentence_00846.png,Šiandien mokytoja ilsisi kalnuose.
Datasets/Real_Handwriting/images/form_250_sentence_5.png,Universiteto studentai žaidžia šachmatais laisvalaikiu.
Datasets/Real_Handwriting/images/form_248_sentence_2.png,Mielai Saulius ilsisi paplūdimyje.
Datasets/Synthetic_Sentences/images/sentence_01695.png,Saulius gyvena kaime.
Datasets/Real_Handwriting/images/form_265_sentence_1.png,Džiaugsmingai Marija mokosi bibliotekoje.
Datasets/Real_Handwriting/images/form_453_sentence_2.png,Kruopščiai Eglė neša gėlę.
Datasets/Synthetic_Sentences/images/sentence_00660.png,Jonas nori skaityti receptą.
Datasets/Synthetic_Sentences/images/sentence_00125.png,Gydytojas nori pirkti kavą.
Datasets/Real_Handwriting/images/form_113_sentence_4.png,Šiandien vyras žiūri labai.
Datasets/Real_Handwriting/images/form_255_sentence_5.png,Hanah sheji skaito hinduistų filosofiją.
Datasets/Synthetic_Sentences/images/sentence_00038.png,Gydytojas sportuoja kalnuose.
Datasets/Real_Handwriting/images/form_386_sentence_2.png,Vakar Eglė nešė gėlę.
Datasets/Real_Handwriting/images/form_214_sentence_4.png,Gintaras pradeda piešti.
Datasets/Real_Handwriting/images/form_270_sentence_4.png,Mokytojas dirba mieste.
Datasets/Real_Handwriting/images/form_261_sentence_2.png,Gydytojas nori skaityti.
Datasets/Synthetic_Sentences/images/sentence_02022.png,Mielai Marija mokosi upės pakrantėje.
Datasets/Real_Handwriting/images/form_163_sentence_1.png,Ar jie mąsto?
Datasets/Real_Handwriting/images/form_056_sentence_3.png,Draugai dainuoja namuose ir stotyje.
Datasets/Synthetic_Sentences/images/sentence_00175.png,Šiandien katė mokosi ligoninėje.
Datasets/Synthetic_Sentences/images/sentence_00181.png,Mokytoja nori rašyti žemėlapį.
Datasets/Real_Handwriting/images/form_426_sentence_1.png,Saulius mokosi bibliotekoje.
Datasets/Synthetic_Sentences/images/sentence_02464.png,Kristina valgo košę.
Datasets/Real_Handwriting/images/form_408_sentence_5.png,Universiteto studentai žaidžia šachmatais laisvalaikiu.
Datasets/Real_Handwriting/images/form_185_sentence_5.png,Tu pradeda kalbėti vaisius.
Datasets/Real_Handwriting/images/form_300_sentence_3.png,Ar šeima skaito receptą?
Datasets/Synthetic_Sentences/images/sentence_02297.png,Ar mergaitė skaito knygą?
Datasets/Synthetic_Sentences/images/sentence_00537.png,Šiandien gydytojas ilsisi mokykloje.
Datasets/Real_Handwriting/images/form_440_sentence_2.png,Šiandien mokytojas mokosi mieste.
Datasets/Real_Handwriting/images/form_340_sentence_5.png,Ona išeina iš namų ankstyvą rytą.
Datasets/Synthetic_Sentences/images/sentence_01205.png,Žilvinas skaito laišką.
Datasets/Real_Handwriting/images/form_064_sentence_3.png,Ar jūs ilsisi?
Datasets/Real_Handwriting/images/form_105_sentence_1.png,Katė mokosi ir mokosi.
Datasets/Synthetic_Sentences/images/sentence_02450.png,Laura perka arbatą.
Datasets/Synthetic_Sentences/images/sentence_00621.png,Ramiai vaikas dirba darbe.
Datasets/Synthetic_Sentences/images/sentence_00800.png,Saulius mėgsta skaityti receptą.
Datasets/Synthetic_Sentences/images/sentence_01744.png,Žilvinas lankosi bibliotekoje.
Datasets/Real_Handwriting/images/form_064_sentence_4.png,Gydytojai mąsto egzaminą kavinėje.
Datasets/Synthetic_Sentences/images/sentence_02316.png,Katė stengiasi šokti.
Datasets/Real_Handwriting/images/form_370_sentence_2.png,Ar Jonas skaito laišką?
Datasets/Real_Handwriting/images/form_052_sentence_4.png,Jos bijo žaisti knygą.
Datasets/Real_Handwriting/images/form_479_sentence_4.png,Žilvinas perka gėlę.
Datasets/Real_Handwriting/images/form_216_sentence_4.png,Vakar Mindaugas nešė laišką.
Datasets/Synthetic_Sentences/images/sentence_00410.png,Saulius pradeda žaisti.
Datasets/Synthetic_Sentences/images/sentence_01248.png,Vakar Petras dirbo ligoninėje.
Datasets/Synthetic_Sentences/images/sentence_00284.png,Šiandien Rasa perka gėlę.
Datasets/Synthetic_Sentences/images/sentence_02203.png,Ar Laura dirba stotyje?
Datasets/Synthetic_Sentences/images/sentence_01905.png,Mokytoja geria pieną.
Datasets/Real_Handwriting/images/form_067_sentence_5.png,Smagiai vaikas šoka žemėlapį.
Datasets/Synthetic_Sentences/images/sentence_02411.png,Ar Saulius nori dainuoti?
Datasets/Synthetic_Sentences/images/sentence_01270.png,Petras mėgsta pirkti duoną.
Datasets/Synthetic_Sentences/images/sentence_00209.png,Šuo žaidžia stotyje.
Datasets/Real_Handwriting/images/form_491_sentence_1.png,Žmogus mėgsta skaityti.
Datasets/Real_Handwriting/images/form_375_sentence_2.png,Gydytojas stato tvorą.
Datasets/Synthetic_Sentences/images/sentence_01514.png,Vakar gydytojas dirbo miške.
Datasets/Synthetic_Sentences/images/sentence_00632.png,Rytoj Žilvinas eis bibliotekoje.
Datasets/Synthetic_Sentences/images/sentence_02073.png,Vakar Eglė nešė dovaną.
Datasets/Synthetic_Sentences/images/sentence_00643.png,Vakar mokytojas nešė krepšį.
Datasets/Real_Handwriting/images/form_265_sentence_3.png,Šeima gyvena kalnuose.
Datasets/Synthetic_Sentences/images/sentence_02216.png,Tyliai mergaitė neša žaislą.
Datasets/Real_Handwriting/images/form_075_sentence_3.png,Šiandien mokytojas piešia rytoj.
Datasets/Synthetic_Sentences/images/sentence_01496.png,Saulius renka vaisius.
Datasets/Real_Handwriting/images/form_494_sentence_5.png,Kavinėje kvepėjo kava ir cinamonu.
Datasets/Real_Handwriting/images/form_306_sentence_1.png,Žirgas sportuoja kavinėje.
Datasets/Real_Handwriting/images/form_187_sentence_4.png,Studentas labai garsiai tvarkosi.
Datasets/Synthetic_Sentences/images/sentence_00792.png,Šiandien berniukas dirba stadione.
Datasets/Synthetic_Sentences/images/sentence_00810.png,Vaikas renka vaisius.
Datasets/Real_Handwriting/images/form_290_sentence_5.png,Šį vakarą žvaigždės ypač ryškiai šviečia.
Datasets/Real_Handwriting/images/form_002_sentence_3.png,Vaikai verkia knygą stadione.
Datasets/Synthetic_Sentences/images/sentence_02132.png,Vakar studentas dirbo mieste.
Datasets/Synthetic_Sentences/images/sentence_00145.png,Tyliai berniukas perka kavą.
Datasets/Real_Handwriting/images/form_101_sentence_3.png,Vaikai mąsto ligoninėje ir stotyje.
Datasets/Real_Handwriting/images/form_173_sentence_1.png,Studentai verkia kavą.
Datasets/Synthetic_Sentences/images/sentence_01740.png,Rūpestingai Jonas rašo projektą.
Datasets/Real_Handwriting/images/form_205_sentence_2.png,Ar Tomas mokosi ežero pakrantėje?
Datasets/Real_Handwriting/images/form_366_sentence_4.png,Kristina nori piešti knygą.
Datasets/Synthetic_Sentences/images/sentence_00704.png,Ingrida dirba parke.
Datasets/Real_Handwriting/images/form_146_sentence_5.png,Jie bėga paveikslą.
Datasets/Real_Handwriting/images/form_362_sentence_4.png,Jurgita mėgsta valgyti žaislą.
Datasets/Synthetic_Sentences/images/sentence_00039.png,Švelniai Marija mokosi stotyje.
Datasets/Real_Handwriting/images/form_328_sentence_4.png,Eglė gyvena namuose.
Datasets/Synthetic_Sentences/images/sentence_00552.png,Studentas renka gėles.
Datasets/Real_Handwriting/images/form_030_sentence_3.png,Mergaitė galvoja ir galvoja.
Datasets/Real_Handwriting/images/form_294_sentence_3.png,Eglė sportuoja pievoje.
Datasets/Real_Handwriting/images/form_279_sentence_5.png,Universiteto studentai žaidžia šachmatais laisvalaikiu.
Datasets/Real_Handwriting/images/form_171_sentence_3.png,Ji žiūri darbą.
Datasets/Synthetic_Sentences/images/sentence_02202.png,Neringa mokosi kalnuose.
Datasets/Synthetic_Sentences/images/sentence_02428.png,Rasa neša gėlę.
Datasets/Synthetic_Sentences/images/sentence_01777.png,Mergaitė sportuoja ligoninėje.
Datasets/Synthetic_Sentences/images/sentence_01409.png,Gintaras ilsisi bibliotekoje.
Datasets/Real_Handwriting/images/form_308_sentence_5.png,Cecilija čiuožia ant ledo.
Datasets/Synthetic_Sentences/images/sentence_02006.png,Kruopščiai berniukas skaito knygą.
Datasets/Synthetic_Sentences/images/sentence_00975.png,Katė ilsisi paplūdimyje.
Datasets/Synthetic_Sentences/images/sentence_01611.png,Ar katė mėgsta eiti?
Datasets/Real_Handwriting/images/form_299_sentence_1.png,Ar mergaitė dirba miške?
Datasets/Synthetic_Sentences/images/sentence_00471.png,Studentė gyvena ligoninėje.
Datasets/Real_Handwriting/images/form_143_sentence_2.png,Šiandien jie miega šiandien.
Datasets/Synthetic_Sentences/images/sentence_01965.png,Rasa neša dovaną.
Datasets/Synthetic_Sentences/images/sentence_00139.png,Vaikas geria vandenį.
Datasets/Real_Handwriting/images/form_436_sentence_4.png,Ar Petras dirba ligoninėje?
Datasets/Synthetic_Sentences/images/sentence_00035.png,Drąsiai Ingrida dirba stadione.
Datasets/Synthetic_Sentences/images/sentence_01684.png,Žilvinas skaito laišką.
Datasets/Synthetic_Sentences/images/sentence_01043.png,Ar Gintaras mokosi ligoninėje?
Datasets/Synthetic_Sentences/images/sentence_01524.png,Petras skaito laišką.
Datasets/Real_Handwriting/images/form_064_sentence_1.png,Vyrai valgo kaime ir stadione.
Datasets/Real_Handwriting/images/form_486_sentence_2.png,Renata ilsisi ligoninėje.
Datasets/Synthetic_Sentences/images/sentence_00541.png,Švelniai Jonas mokosi ežero pakrantėje.
Datasets/Real_Handwriting/images/form_502_sentence_2.png,Mindaugas mėgsta valgyti dovaną.
Datasets/Synthetic_Sentences/images/sentence_01712.png,Ar Saulius nori skaityti?
Datasets/Real_Handwriting/images/form_492_sentence_2.png,Tyliai mokytoja dirba stotyje.
Datasets/Synthetic_Sentences/images/sentence_00465.png,Vakar gydytojas skaitė receptą.
Datasets/Synthetic_Sentences/images/sentence_01956.png,Šiandien Tomas mokosi namuose.
Datasets/Synthetic_Sentences/images/sentence_00210.png,Žilvinas nori dainuoti.
Datasets/Synthetic_Sentences/images/sentence_02101.png,Drąsiai Gintaras ilsisi paplūdimyje.
Datasets/Synthetic_Sentences/images/sentence_00449.png,Vakar Žilvinas nešė laišką.
Datasets/Synthetic_Sentences/images/sentence_01202.png,Šiandien Renata dirba stotyje.
Datasets/Real_Handwriting/images/form_258_sentence_4.png,Vakar Renata dirbo kaime.
Datasets/Synthetic_Sentences/images/sentence_01576.png,Mindaugas skaito knygą.
Datasets/Real_Handwriting/images/form_498_sentence_5.png,Cukrų ir cinamoną dedame į pyragą.
Datasets/Synthetic_Sentences/images/sentence_01148.png,Mantas stengiasi rašyti.
Datasets/Real_Handwriting/images/form_017_sentence_2.png,Šiandien vaikas mąsto dažnai.
Datasets/Synthetic_Sentences/images/sentence_00043.png,Žilvinas ilsisi pievoje.
Datasets/Real_Handwriting/images/form_328_sentence_3.png,Katė gyvena upės pakrantėje.
Datasets/Synthetic_Sentences/images/sentence_00403.png,Žilvinas nori galvoti.
Datasets/Synthetic_Sentences/images/sentence_01685.png,Studentė gyvena mokykloje.
Datasets/Synthetic_Sentences/images/sentence_00294.png,Gintaras žaidžia kaime.
Datasets/Real_Handwriting/images/form_471_sentence_3.png,Rūpestingai berniukas sportuoja namuose.
Datasets/Synthetic_Sentences/images/sentence_02025.png,Katė nori pirkti kavą.
Datasets/Synthetic_Sentences/images/sentence_01091.png,Kristina gyvena upės pakrantėje.
Datasets/Synthetic_Sentences/images/sentence_00025.png,Petras nori rašyti istoriją.
Datasets/Synthetic_Sentences/images/sentence_01999.png,Marija rašo žemėlapį.
Datasets/Synthetic_Sentences/images/sentence_00174.png,Katė dirba bibliotekoje.
Datasets/Synthetic_Sentences/images/sentence_02162.png,Mergaitė skaito receptą.
Datasets/Real_Handwriting/images/form_359_sentence_1.png,Jurgita būna kavinėje.
Datasets/Synthetic_Sentences/images/sentence_02380.png,Eglė nori rašyti laišką.
Datasets/Synthetic_Sentences/images/sentence_02030.png,Eglė nori skaityti žemėlapį.
Datasets/Synthetic_Sentences/images/sentence_01833.png,Kruopščiai Neringa mokosi darbe.
Datasets/Synthetic_Sentences/images/sentence_02391.png,Džiaugsmingai vaikas valgo košę.
Datasets/Synthetic_Sentences/images/sentence_00316.png,Gintaras renka akmenis.
Datasets/Real_Handwriting/images/form_008_sentence_1.png,Studentas galvoja projektą.
Datasets/Synthetic_Sentences/images/sentence_01750.png,Saulius nori gerti.
Datasets/Real_Handwriting/images/form_468_sentence_2.png,Mielai mokytoja sportuoja mokykloje.
Datasets/Synthetic_Sentences/images/sentence_01917.png,Studentas mėgsta pirkti žaislą.
Datasets/Real_Handwriting/images/form_336_sentence_5.png,Kavinėje kvepėjo kava ir cinamonu.
Datasets/Real_Handwriting/images/form_404_sentence_3.png,Danielius valgo duoną.
Datasets/Real_Handwriting/images/form_360_sentence_3.png,Ar Jurgita mokosi darbe?
Datasets/Real_Handwriting/images/form_011_sentence_1.png,Šuo žiūri darbą.
Datasets/Real_Handwriting/images/form_226_sentence_1.png,Vakar Gintaras dirbo namuose.
Datasets/Synthetic_Sentences/images/sentence_00160.png,Daina skamba per visą sodą.
Datasets/Synthetic_Sentences/images/sentence_02076.png,Vakar mokytoja dirbo stadione.
Datasets/Real_Handwriting/images/form_507_sentence_4.png,Ar Kristina mokosi mokykloje?
Datasets/Synthetic_Sentences/images/sentence_01878.png,Mantas žaidžia bibliotekoje.
Datasets/Synthetic_Sentences/images/sentence_01814.png,Šiandien Ingrida dirba stotyje.
Datasets/Real_Handwriting/images/form_401_sentence_5.png,Cecilija čiuožia ant ledo.
Datasets/Real_Handwriting/images/form_075_sentence_5.png,Jos skuba žaidimą.
Datasets/Real_Handwriting/images/form_037_sentence_3.png,Tyliai tu dirba užduotį.
Datasets/Real_Handwriting/images/form_142_sentence_4.png,Katė žiūri egzaminą miške.
Datasets/Real_Handwriting/images/form_360_sentence_1.png,Gintaras skaito žemėlapį.
Datasets/Synthetic_Sentences/images/sentence_01212.png,Saulius rašo receptą.
Datasets/Synthetic_Sentences/images/sentence_00436.png,Tomas valgo duoną.
Datasets/Synthetic_Sentences/images/sentence_01495.png,Saulius neša dovaną.
Datasets/Synthetic_Sentences/images/sentence_02023.png,Katė rašo projektą.
Datasets/Real_Handwriting/images/form_167_sentence_5.png,Vyrai stengiasi mokytis.
Datasets/Synthetic_Sentences/images/sentence_01858.png,Mantas nori skaityti žemėlapį.
Datasets/Real_Handwriting/images/form_507_sentence_5.png,Odė orkestro muzika yra labai gili.
Datasets/Real_Handwriting/images/form_463_sentence_3.png,Gintaras nori plaukti duoną.
Datasets/Synthetic_Sentences/images/sentence_00153.png,Ar katė mėgsta gerti?
Datasets/Synthetic_Sentences/images/sentence_00355.png,Vaikas nori rašyti laišką.
Datasets/Synthetic_Sentences/images/sentence_00706.png,Kruopščiai Renata skaito receptą.
Datasets/Synthetic_Sentences/images/sentence_02300.png,Rasa rašo projektą.
Datasets/Real_Handwriting/images/form_034_sentence_2.png,Šiandien vaikas šoka blogai.
Datasets/Real_Handwriting/images/form_123_sentence_3.png,Moteris bijo keliauti.
Datasets/Synthetic_Sentences/images/sentence_01537.png,Kristina skaito žurnalą.
Datasets/Real_Handwriting/images/form_365_sentence_5.png,Cukrų ir cinamoną dedame į pyragą.
Datasets/Real_Handwriting/images/form_355_sentence_3.png,Mindaugas neša knygą.
Datasets/Synthetic_Sentences/images/sentence_02408.png,Katė bando ilsėtis.
Datasets/Real_Handwriting/images/form_277_sentence_2.png,Šuo geria pieną.
Datasets/Synthetic_Sentences/images/sentence_00152.png,Rytoj gydytojas skaitys žemėlapį.
Datasets/Real_Handwriting/images/form_008_sentence_5.png,Katė mokosi paveikslą sode.
Datasets/Synthetic_Sentences/images/sentence_01109.png,Šuo gyvena stadione.
Datasets/Real_Handwriting/images/form_281_sentence_3.png,Tomas būna ligoninėje.
Datasets/Synthetic_Sentences/images/sentence_01159.png,Greitai vaikas ilsisi ligoninėje.
Datasets/Synthetic_Sentences/images/sentence_01450.png,Berniukas mėgsta valgyti vaisius.
Datasets/Real_Handwriting/images/form_047_sentence_2.png,Ar jis tvarkosi?
Datasets/Synthetic_Sentences/images/sentence_01012.png,Šiandien berniukas skaito istoriją.
Datasets/Real_Handwriting/images/form_435_sentence_1.png,Ingrida ilsisi stadione.
Datasets/Synthetic_Sentences/images/sentence_01935.png,Vaikas mokosi miške.
Datasets/Real_Handwriting/images/form_186_sentence_4.png,Jūs žiūri žaidimą mokykloje.
Datasets/Synthetic_Sentences/images/sentence_02280.png,Šiandien Gintaras dirba mokykloje.
Datasets/Real_Handwriting/images/form_142_sentence_2.png,Mokytojas kalba ir kalba.
Datasets/Real_Handwriting/images/form_372_sentence_3.png,Ar berniukas nori važiuoti?
Datasets/Synthetic_Sentences/images/sentence_00692.png,Ar Mantas mėgsta mokytis?
Datasets/Synthetic_Sentences/images/sentence_02295.png,Ar mokytojas nori ilsėtis?
Datasets/Real_Handwriting/images/form_333_sentence_4.png,Greitai Danielius perka duoną.
Datasets/Real_Handwriting/images/form_250_sentence_3.png,Šiandien Tomas perka žaislą.
Datasets/Synthetic_Sentences/images/sentence_00953.png,Renata mokosi kavinėje.
Datasets/Synthetic_Sentences/images/sentence_00236.png,Vakar Mantas skaitė laišką.
Datasets/Real_Handwriting/images/form_054_sentence_4.png,Draugas bėga maistą stadione.
Datasets/Real_Handwriting/images/form_491_sentence_2.png,Ar Kristina mokosi parke?
Datasets/Real_Handwriting/images/form_214_sentence_5.png,Grybų miške randa vaikai ir suaugusieji.
Datasets/Real_Handwriting/images/form_475_sentence_3.png,Saulius perka duoną.
Datasets/Real_Handwriting/images/form_331_sentence_3.png,Šiandien Rasa skaito žurnalą.
Datasets/Synthetic_Sentences/images/sentence_01811.png,Ar Danielius skaito laišką?
Datasets/Real_Handwriting/images/form_309_sentence_2.png,Šiandien Gintaras dirba miške.
Datasets/Synthetic_Sentences/images/sentence_01512.png,Šiandien studentas skaito žurnalą.
Datasets/Real_Handwriting/images/form_117_sentence_5.png,Ar moteris skuba?
Datasets/Real_Handwriting/images/form_293_sentence_5.png,Cecilija čiuožia ant ledo.
Datasets/Synthetic_Sentences/images/sentence_01006.png,Šiandien Laura perka žaislą.
Datasets/Real_Handwriting/images/form_487_sentence_1.png,Petras neša gėlę.
Datasets/Real_Handwriting/images/form_012_sentence_5.png,Šiandien mokytojas miega atidžiai.
Datasets/Real_Handwriting/images/form_361_sentence_4.png,Šiandien Jurgita perka dovaną.
Datasets/Real_Handwriting/images/form_061_sentence_4.png,Šiandien mergaitė sportuoja šiandien.
Datasets/Real_Handwriting/images/form_006_sentence_5.png,Moterys miega prie ežero.
Datasets/Synthetic_Sentences/images/sentence_01198.png,Mokytojas bando valgyti.
Datasets/Real_Handwriting/images/form_287_sentence_5.png,Žuvėdros skraido žemai virš bangų.
Datasets/Real_Handwriting/images/form_416_sentence_1.png,Vaikas gyvena kalnuose.
Datasets/Real_Handwriting/images/form_293_sentence_3.png,Šiandien vaikas skaito žemėlapį.
Datasets/Real_Handwriting/images/form_195_sentence_3.png,Aš geria kaime ir namuose.
Datasets/Synthetic_Sentences/images/sentence_01336.png,Ar Tomas dirba sode?
Datasets/Synthetic_Sentences/images/sentence_00962.png,Petras renka daržoves.
Datasets/Real_Handwriting/images/form_141_sentence_1.png,Tu geria stadione.
Datasets/Synthetic_Sentences/images/sentence_01298.png,Vakar Jonas skaitė laišką.
Datasets/Real_Handwriting/images/form_014_sentence_1.png,Ji miega dainą mokykloje.
Datasets/Synthetic_Sentences/images/sentence_02269.png,Renata nori pirkti gėlę.
Datasets/Synthetic_Sentences/images/sentence_01983.png,Žilvinas mėgsta skaityti receptą.
Datasets/Real_Handwriting/images/form_452_sentence_2.png,Vaikas lankosi pievoje.
Datasets/Real_Handwriting/images/form_124_sentence_2.png,Dabar jos verkia muziką.
Datasets/Synthetic_Sentences/images/sentence_01355.png,Mokytojas perka kavą.
Datasets/Synthetic_Sentences/images/sentence_00101.png,Gintaras sportuoja kalnuose.
Datasets/Real_Handwriting/images/form_118_sentence_2.png,Moterys tyliai piešia.
Datasets/Real_Handwriting/images/form_144_sentence_5.png,Jie galvoja maistą.
Datasets/Synthetic_Sentences/images/sentence_00179.png,Rytoj studentas eis upės pakrantėje.
Datasets/Synthetic_Sentences/images/sentence_02449.png,Jonas geria kavą.
Datasets/Real_Handwriting/images/form_292_sentence_2.png,Šiandien šeima ilsisi miške.
Datasets/Synthetic_Sentences/images/sentence_00977.png,Šiandien Eglė perka duoną.
Datasets/Real_Handwriting/images/form_377_sentence_5.png,"Vaikas verkia, nes pametė žaislą."
Datasets/Synthetic_Sentences/images/sentence_00399.png,Saulius mėgsta valgyti vaisius.
Datasets/Synthetic_Sentences/images/sentence_00963.png,Jonas nori rašyti laišką.
Datasets/Synthetic_Sentences/images/sentence_00891.png,Danielius ilsisi stotyje.
Datasets/Real_Handwriting/images/form_025_sentence_3.png,Šiandien tu žiūri retai.
Datasets/Synthetic_Sentences/images/sentence_00070.png,Petras ilsisi parke.
Datasets/Synthetic_Sentences/images/sentence_01703.png,Rasa mėgsta skaityti receptą.
Datasets/Real_Handwriting/images/form_018_sentence_4.png,Studentas baigia sportuoti.
Datasets/Real_Handwriting/images/form_489_sentence_5.png,"Šiandien šalta, bet sausa."
Datasets/Real_Handwriting/images/form_336_sentence_1.png,Rytoj Renata eis kavinėje.
Datasets/Real_Handwriting/images/form_269_sentence_4.png,Paukštis stato namą.
Datasets/Real_Handwriting/images/form_107_sentence_5.png,Paukštis mėgsta galvoti.
Datasets/Real_Handwriting/images/form_289_sentence_2.png,Laura mėgsta eiti duoną.
Datasets/Real_Handwriting/images/form_480_sentence_2.png,Šeima žaidžia ežero pakrantėje.
Datasets/Real_Handwriting/images/form_493_sentence_1.png,Studentė lankosi mieste.
Datasets/Synthetic_Sentences/images/sentence_00529.png,Rytoj šuo eis paplūdimyje.
Datasets/Real_Handwriting/images/form_510_sentence_5.png,Ingrida ir Irena eina į kiną.
Datasets/Real_Handwriting/images/form_050_sentence_3.png,Tu galvoja prie ežero ir mieste.
Datasets/Synthetic_Sentences/images/sentence_00879.png,Vakar Eglė nešė dovaną.
Datasets/Real_Handwriting/images/form_486_sentence_1.png,Ar Žilvinas nori važiuoti?
Datasets/Synthetic_Sentences/images/sentence_00124.png,Kristina mėgsta dainuoti.
Datasets/Real_Handwriting/images/form_361_sentence_5.png,Kavinėje kvepėjo kava ir cinamonu.
Datasets/Real_Handwriting/images/form_161_sentence_4.png,Jos pradeda šokti.
Datasets/Synthetic_Sentences/images/sentence_02457.png,Rūpestingai studentas valgo daržoves.
Datasets/Real_Handwriting/images/form_473_sentence_3.png,Eglė groja simfoniją.
Datasets/Real_Handwriting/images/form_347_sentence_4.png,Mantas geria arbatą.
Datasets/Synthetic_Sentences/images/sentence_01405.png,Marija mėgsta pirkti knygą.
Datasets/Synthetic_Sentences/images/sentence_01747.png,Mantas nori rašyti žemėlapį.
Datasets/Synthetic_Sentences/images/sentence_01780.png,Gydytojas skaito istoriją.
Datasets/Real_Handwriting/images/form_490_sentence_4.png,Tomas žaidžia stotyje.
Datasets/Real_Handwriting/images/form_293_sentence_2.png,Lėtai Mantas rašo laišką.
Datasets/Synthetic_Sentences/images/sentence_01319.png,Ar Mindaugas skaito receptą?
Datasets/Real_Handwriting/images/form_316_sentence_3.png,Žilvinas ilsisi kaime.
Datasets/Real_Handwriting/images/form_191_sentence_2.png,Gydytojai klauso ir klauso.
Datasets/Real_Handwriting/images/form_075_sentence_1.png,Moteris tvarkosi ir tvarkosi.
Datasets/Synthetic_Sentences/images/sentence_01466.png,Vakar Neringa dirbo kaime.
Datasets/Synthetic_Sentences/images/sentence_01631.png,Studentė rašo žemėlapį.
Datasets/Synthetic_Sentences/images/sentence_01427.png,Vaikas lankosi mokykloje.
Datasets/Synthetic_Sentences/images/sentence_01757.png,Žilvinas mokosi bibliotekoje.
Datasets/Synthetic_Sentences/images/sentence_00606.png,Mindaugas stengiasi gerti.
Datasets/Real_Handwriting/images/form_076_sentence_2.png,Ji tvarkosi darbe ir ligoninėje.
Datasets/Real_Handwriting/images/form_070_sentence_2.png,Moteris sportuoja ir sportuoja.
Datasets/Real_Handwriting/images/form_062_sentence_4.png,Vyras miega maistą.
Datasets/Synthetic_Sentences/images/sentence_00333.png,Gydytojas sportuoja darbe.
Datasets/Synthetic_Sentences/images/sentence_00434.png,Ar Renata nori eiti?
Datasets/Real_Handwriting/images/form_219_sentence_2.png,Studentė ilsisi mokykloje.
Datasets/Synthetic_Sentences/images/sentence_02497.png,Gintaras nori valgyti vaisius.
Datasets/Real_Handwriting/images/form_039_sentence_2.png,Jos juokiasi parke.
Datasets/Real_Handwriting/images/form_254_sentence_5.png,Universiteto studentai žaidžia šachmatais laisvalaikiu.
Datasets/Real_Handwriting/images/form_287_sentence_3.png,Ar Rasa mėgsta galvoti?
Datasets/Real_Handwriting/images/form_239_sentence_2.png,Ar Tomas dirba darbe?
Datasets/Real_Handwriting/images/form_335_sentence_1.png,Mokytoja mėgsta skaityti.
Datasets/Real_Handwriting/images/form_454_sentence_5.png,Obelys žydi baltais žiedais pavasarį.
Datasets/Synthetic_Sentences/images/sentence_00315.png,Ar Saulius nori eiti?
Datasets/Synthetic_Sentences/images/sentence_01530.png,Kruopščiai Neringa dirba darbe.
Datasets/Synthetic_Sentences/images/sentence_01028.png,Ar Eglė mėgsta piešti?
Datasets/Synthetic_Sentences/images/sentence_01424.png,Katė mėgsta skaityti knygą.
Datasets/Real_Handwriting/images/form_368_sentence_5.png,Kavinėje kvepėjo kava ir cinamonu.
Datasets/Real_Handwriting/images/form_120_sentence_2.png,Vaikas žaidžia ir žaidžia.
Datasets/Synthetic_Sentences/images/sentence_01977.png,Tomas ilsisi upės pakrantėje.
Datasets/Real_Handwriting/images/form_246_sentence_2.png,Šiandien Žilvinas dirba ežero pakrantėje.
Datasets/Real_Handwriting/images/form_107_sentence_2.png,Jis stengiasi dirbti knygą.
Datasets/Real_Handwriting/images/form_162_sentence_4.png,Studentas gerai žiūri.
Datasets/Synthetic_Sentences/images/sentence_01954.png,Laura valgo obuolį.
Datasets/Synthetic_Sentences/images/sentence_01310.png,Šiandien katė dirba stadione.
Datasets/Real_Handwriting/images/form_264_sentence_3.png,Jonas renka obuolius.
Datasets/Real_Handwriting/images/form_282_sentence_2.png,Jurgita nori ilsėtis dovaną.
Datasets/Real_Handwriting/images/form_464_sentence_4.png,Ar žmogus mėgsta šokti?
Datasets/Synthetic_Sentences/images/sentence_00524.png,Studentė rašo užduotį.
Datasets/Real_Handwriting/images/form_008_sentence_2.png,Paukštis mokosi receptą.
Datasets/Real_Handwriting/images/form_208_sentence_2.png,Gintaras mokosi darbe.
Datasets/Synthetic_Sentences/images/sentence_01351.png,Lėtai Rasa mokosi ligoninėje.
Datasets/Synthetic_Sentences/images/sentence_00516.png,Jonas renka gėles.
Datasets/Synthetic_Sentences/images/sentence_00177.png,Ar šuo skaito istoriją?
Datasets/Synthetic_Sentences/images/sentence_01929.png,Renata bando žaisti.
Datasets/Real_Handwriting/images/form_509_sentence_2.png,Vaikas gyvena kavinėje.
Datasets/Real_Handwriting/images/form_062_sentence_2.png,Aš labai gerai miega.
Datasets/Real_Handwriting/images/form_022_sentence_2.png,Ramiai vaikas keliauoja mokyklą.
Datasets/Real_Handwriting/images/form_482_sentence_5.png,Senoji bibliotekininkė žino visų knygų vietas.
Datasets/Synthetic_Sentences/images/sentence_00228.png,Vaikas pradeda šokti.
Datasets/Real_Handwriting/images/form_137_sentence_5.png,Rytoj mokytojai galvoja daržoves.
Datasets/Real_Handwriting/images/form_417_sentence_2.png,Rytoj Danielius eis sode.
Datasets/Real_Handwriting/images/form_017_sentence_4.png,Mokytojai skaito ir skaito.
Datasets/Synthetic_Sentences/images/sentence_01375.png,Gydytojas skaito žemėlapį.
Datasets/Synthetic_Sentences/images/sentence_01358.png,Kruopščiai Neringa perka arbatą.
Datasets/Real_Handwriting/images/form_479_sentence_5.png,Cukrų ir cinamoną dedame į pyragą.
Datasets/Real_Handwriting/images/form_041_sentence_2.png,Moterys keliauoja kaime ir ligoninėje.
Datasets/Synthetic_Sentences/images/sentence_00263.png,Katė nori gerti kavą.
Datasets/Synthetic_Sentences/images/sentence_02444.png,Ar Renata dirba bibliotekoje?
Datasets/Real_Handwriting/images/form_363_sentence_1.png,Vakar žirgas skaitė žemėlapį.
Datasets/Real_Handwriting/images/form_179_sentence_1.png,Mergaitės labai garsiai skuba.
Datasets/Real_Handwriting/images/form_248_sentence_3.png,Gydytojas neša laišką.
Datasets/Synthetic_Sentences/images/sentence_00880.png,Studentė mokosi parke.
Datasets/Real_Handwriting/images/form_365_sentence_4.png,Džiaugsmingai Danielius ilsisi stadione.
Datasets/Synthetic_Sentences/images/sentence_00065.png,Gydytojas lankosi kaime.
Datasets/Synthetic_Sentences/images/sentence_01539.png,Kruopščiai gydytojas ilsisi kaime.
Datasets/Real_Handwriting/images/form_267_sentence_3.png,Vaikas geria kavą.
Datasets/Synthetic_Sentences/images/sentence_01098.png,Kruopščiai Rasa dirba kalnuose.
Datasets/Real_Handwriting/images/form_252_sentence_1.png,Žirgas būna pievoje.
Datasets/Synthetic_Sentences/images/sentence_00438.png,Vakar berniukas nešė laišką.
Datasets/Synthetic_Sentences/images/sentence_00457.png,Renata gyvena upės pakrantėje.
Datasets/Real_Handwriting/images/form_204_sentence_2.png,Švelniai mergaitė mokosi namuose.
Datasets/Real_Handwriting/images/form_416_sentence_2.png,Šiandien katė skaito žurnalą.
Datasets/Synthetic_Sentences/images/sentence_01700.png,Mergaitė mėgsta valgyti vaisius.
Datasets/Synthetic_Sentences/images/sentence_01329.png,Mokytojas rašo projektą.
Datasets/Real_Handwriting/images/form_152_sentence_5.png,Vaikai mėgsta piešti.
Datasets/Synthetic_Sentences/images/sentence_00075.png,Lapai krenta nuo liepos rugsėjį.
Datasets/Real_Handwriting/images/form_139_sentence_3.png,Ar studentai rašo?
Datasets/Synthetic_Sentences/images/sentence_01284.png,Šiandien šuo skaito laišką.
Datasets/Synthetic_Sentences/images/sentence_02261.png,Neringa geria sultis.
Datasets/Real_Handwriting/images/form_500_sentence_1.png,Mokytoja rašo istoriją.
Datasets/Synthetic_Sentences/images/sentence_02403.png,Greitai Renata dirba ligoninėje.
Datasets/Real_Handwriting/images/form_457_sentence_2.png,Šiandien Ingrida dirba kavinėje.
Datasets/Real_Handwriting/images/form_335_sentence_5.png,Universiteto studentai žaidžia šachmatais laisvalaikiu.
Datasets/Synthetic_Sentences/images/sentence_01417.png,Ar Laura mėgsta važiuoti?
Datasets/Synthetic_Sentences/images/sentence_00812.png,Ar Ingrida nori sportuoti?
Datasets/Synthetic_Sentences/images/sentence_00598.png,Ingrida ilsisi stadione.
Datasets/Synthetic_Sentences/images/sentence_00669.png,Greitai mokytojas mokosi ligoninėje.
Datasets/Real_Handwriting/images/form_442_sentence_5.png,Hanah sheji skaito hinduistų filosofiją.
Datasets/Real_Handwriting/images/form_320_sentence_2.png,Kristina būna kalnuose.
Datasets/Synthetic_Sentences/images/sentence_01671.png,Danielius nori gerti sultis.
Datasets/Synthetic_Sentences/images/sentence_00052.png,Renata nori valgyti.
Datasets/Synthetic_Sentences/images/sentence_02037.png,Ar Eglė mokosi mieste?
Datasets/Synthetic_Sentences/images/sentence_01902.png,Petras sportuoja stotyje.
Datasets/Real_Handwriting/images/form_081_sentence_4.png,Paukštis žiūri mokykloje ir bibliotekoje.
Datasets/Synthetic_Sentences/images/sentence_01287.png,Garsiai Petras dirba stotyje.
Datasets/Real_Handwriting/images/form_003_sentence_5.png,Moterys stengiasi skaityti.
Datasets/Real_Handwriting/images/form_277_sentence_3.png,Eglė stengiasi galvoti.
Datasets/Real_Handwriting/images/form_194_sentence_5.png,Mes valgo kavą sode.
Datasets/Real_Handwriting/images/form_035_sentence_1.png,Jūs labai mielai valgo.
Datasets/Synthetic_Sentences/images/sentence_00807.png,Studentė mokosi kaime.
Datasets/Real_Handwriting/images/form_278_sentence_5.png,Kartu keliaujame per kalnų taką.
Datasets/Real_Handwriting/images/form_172_sentence_5.png,Ar moterys tvarkosi?
Datasets/Real_Handwriting/images/form_060_sentence_2.png,Moteris labai blogai skuba.
Datasets/Synthetic_Sentences/images/sentence_01566.png,Džiaugsmingai vaikas valgo obuolį.
Datasets/Synthetic_Sentences/images/sentence_01895.png,Vaikas renka gėles.
Datasets/Synthetic_Sentences/images/sentence_02135.png,Danielius pradeda piešti.
Datasets/Real_Handwriting/images/form_437_sentence_4.png,Šiandien Rasa mokosi ežero pakrantėje.
Datasets/Real_Handwriting/images/form_307_sentence_5.png,Cukrų ir cinamoną dedame į pyragą.
Datasets/Synthetic_Sentences/images/sentence_00258.png,Mergaitė mėgsta gerti arbatą.
Datasets/Synthetic_Sentences/images/sentence_02077.png,Jonas mėgsta pirkti arbatą.
Datasets/Real_Handwriting/images/form_115_sentence_4.png,Moterys labai garsiai rašo.
Datasets/Synthetic_Sentences/images/sentence_00037.png,Mantas sportuoja kavinėje.
Datasets/Synthetic_Sentences/images/sentence_01089.png,Ar Žilvinas mėgsta plaukti?
Datasets/Synthetic_Sentences/images/sentence_01991.png,Mokytojas geria sultis.
Datasets/Synthetic_Sentences/images/sentence_02083.png,Mindaugas nori skaityti receptą.
Datasets/Real_Handwriting/images/form_123_sentence_5.png,Mokytojai labai rytoj piešia.
Datasets/Synthetic_Sentences/images/sentence_02220.png,Ar Saulius mėgsta skaityti?
Datasets/Real_Handwriting/images/form_311_sentence_4.png,Ar Kristina nori eiti?
Datasets/Synthetic_Sentences/images/sentence_00966.png,Gintaras mėgsta keliauti.
Datasets/Real_Handwriting/images/form_184_sentence_1.png,Gydytojai nemėgsta galvoti.
Datasets/Real_Handwriting/images/form_324_sentence_1.png,Mokytoja mokosi sode.
Datasets/Synthetic_Sentences/images/sentence_01425.png,Šuo mėgsta valgyti daržoves.
Datasets/Synthetic_Sentences/images/sentence_00994.png,Šiandien studentė mokosi miške.
Datasets/Real_Handwriting/images/form_240_sentence_2.png,Šiandien Mindaugas perka knygą.
Datasets/Real_Handwriting/images/form_338_sentence_2.png,Rytoj mergaitė skaitys žurnalą.
Datasets/Real_Handwriting/images/form_481_sentence_2.png,Studentas mėgsta ilsėtis.
Datasets/Real_Handwriting/images/form_051_sentence_1.png,Šiandien mergaitė skuba kartu.
Datasets/Synthetic_Sentences/images/sentence_00546.png,Šuo rašo laišką.
Datasets/Synthetic_Sentences/images/sentence_00163.png,Rytoj Kristina skaitys receptą.
Datasets/Real_Handwriting/images/form_358_sentence_1.png,Ingrida valgo sriubą.
Datasets/Synthetic_Sentences/images/sentence_00661.png,Ar studentas skaito žurnalą?
Datasets/Real_Handwriting/images/form_424_sentence_1.png,Šiandien Gintaras dirba ežero pakrantėje.
Datasets/Real_Handwriting/images/form_459_sentence_5.png,Kavinėje kvepėjo kava ir cinamonu.
Datasets/Synthetic_Sentences/images/sentence_00128.png,Marija nori gerti kavą.
Datasets/Real_Handwriting/images/form_130_sentence_4.png,Moteris verkia mieste.
Datasets/Synthetic_Sentences/images/sentence_02268.png,Berniukas mėgsta pirkti kavą.
Datasets/Synthetic_Sentences/images/sentence_02214.png,Mielai Rasa neša knygą.
Datasets/Real_Handwriting/images/form_065_sentence_4.png,Vaikai labai ramiai piešia.
Datasets/Real_Handwriting/images/form_421_sentence_3.png,Vakar gydytojas skaitė laišką.
Datasets/Synthetic_Sentences/images/sentence_01278.png,Ar mokytoja dirba stadione?
Datasets/Real_Handwriting/images/form_472_sentence_3.png,Paukštis mėgsta piešti užduotį.
Datasets/Real_Handwriting/images/form_213_sentence_1.png,Eglė valgo daržoves.
Datasets/Synthetic_Sentences/images/sentence_01721.png,Kristina nori skaityti žemėlapį.
Datasets/Synthetic_Sentences/images/sentence_00381.png,Rytoj studentė eis parke.
Datasets/Real_Handwriting/images/form_468_sentence_4.png,Šiandien Gintaras mokosi mieste.
Datasets/Real_Handwriting/images/form_418_sentence_2.png,Ar Laura skaito knygą?
Datasets/Synthetic_Sentences/images/sentence_02379.png,Atidžiai Laura mokosi bibliotekoje.
Datasets/Synthetic_Sentences/images/sentence_00349.png,Šiandien katė ilsisi bibliotekoje.
Datasets/Real_Handwriting/images/form_285_sentence_2.png,Rasa stato bokštą.
Datasets/Real_Handwriting/images/form_091_sentence_2.png,Moterys rašo ir rašo.
Datasets/Real_Handwriting/images/form_418_sentence_4.png,Žilvinas valgo sriubą.
Datasets/Synthetic_Sentences/images/sentence_01490.png,Berniukas nori pirkti gėlę.
Datasets/Synthetic_Sentences/images/sentence_00955.png,Ar Mantas dirba bibliotekoje?
Datasets/Real_Handwriting/images/form_120_sentence_4.png,Ar mokytojas klauso?
Datasets/Real_Handwriting/images/form_093_sentence_5.png,Mes tyliai kalba.
Datasets/Real_Handwriting/images/form_079_sentence_2.png,Šiandien vyrai skaito kartu.
Datasets/Synthetic_Sentences/images/sentence_00352.png,Šiandien Petras dirba paplūdimyje.
Datasets/Real_Handwriting/images/form_482_sentence_3.png,Studentas groja melodiją.
Datasets/Real_Handwriting/images/form_218_sentence_2.png,Jonas pradeda ilsėtis.
Datasets/Synthetic_Sentences/images/sentence_00890.png,Katė lankosi kalnuose.
Datasets/Synthetic_Sentences/images/sentence_01009.png,Mantas lankosi parke.
Datasets/Synthetic_Sentences/images/sentence_00842.png,Šiandien mokytoja dirba kalnuose.
Datasets/Synthetic_Sentences/images/sentence_00088.png,Šiandien Jonas mokosi miške.
Datasets/Synthetic_Sentences/images/sentence_00492.png,Šiandien Tomas dirba stotyje.
Datasets/Real_Handwriting/images/form_221_sentence_2.png,Katė lankosi bibliotekoje.
Datasets/Synthetic_Sentences/images/sentence_00133.png,Rasa mėgsta pirkti žaislą.
Datasets/Real_Handwriting/images/form_043_sentence_1.png,Moteris lėtai dirba.
Datasets/Real_Handwriting/images/form_221_sentence_1.png,Rasa stengiasi gerti.
Datasets/Synthetic_Sentences/images/sentence_01369.png,Ar berniukas dirba mieste?
Datasets/Synthetic_Sentences/images/sentence_01580.png,Tomas pradeda dirbti.
Datasets/Synthetic_Sentences/images/sentence_01443.png,Kristina dirba paplūdimyje.
Datasets/Synthetic_Sentences/images/sentence_00513.png,Mokytoja žaidžia ligoninėje.
Datasets/Real_Handwriting/images/form_440_sentence_1.png,Ramiai Laura perka žaislą.
Datasets/Real_Handwriting/images/form_414_sentence_3.png,Rasa mėgsta dainuoti.
Datasets/Real_Handwriting/images/form_363_sentence_3.png,Švelniai Mantas neša knygą.
Datasets/Synthetic_Sentences/images/sentence_02157.png,Mielai Mantas ilsisi mieste.
Datasets/Synthetic_Sentences/images/sentence_00107.png,Tyliai Laura perka žaislą.
Datasets/Synthetic_Sentences/images/sentence_01728.png,Eglė mėgsta skaityti laišką.
Datasets/Synthetic_Sentences/images/sentence_00574.png,Ar Neringa dirba darbe?
Datasets/Synthetic_Sentences/images/sentence_00983.png,Šiandien mergaitė skaito laišką.
Datasets/Synthetic_Sentences/images/sentence_00074.png,Vakar studentė nešė laišką.
Datasets/Real_Handwriting/images/form_453_sentence_1.png,Mindaugas sportuoja mieste.
Datasets/Real_Handwriting/images/form_297_sentence_4.png,Vakar Marija skaitė istoriją.
Datasets/Real_Handwriting/images/form_384_sentence_1.png,Žmogus pradeda eiti.
Datasets/Synthetic_Sentences/images/sentence_01366.png,Ar Ingrida nori mokytis?
Datasets/Synthetic_Sentences/images/sentence_02110.png,Vaikas bando eiti.
Datasets/Real_Handwriting/images/form_276_sentence_2.png,Ingrida skaito laišką.
Datasets/Real_Handwriting/images/form_002_sentence_5.png,Vakar vaikas bėga paveikslą.
Datasets/Synthetic_Sentences/images/sentence_01340.png,Gydytojas bando bėgti.
Datasets/Synthetic_Sentences/images/sentence_01770.png,Danielius neša laišką.
Datasets/Real_Handwriting/images/form_319_sentence_2.png,Ramiai katė perka žaislą.
Datasets/Synthetic_Sentences/images/sentence_01291.png,Mielai Gintaras neša dovaną.
Datasets/Synthetic_Sentences/images/sentence_01337.png,Atidžiai Kristina neša krepšį.
Datasets/Synthetic_Sentences/images/sentence_02357.png,Mergaitė dirba stadione.
Datasets/Real_Handwriting/images/form_267_sentence_5.png,Hibiskusas žydi ryškiomis rožinėmis žiedais.
Datasets/Real_Handwriting/images/form_429_sentence_5.png,Universiteto studentai žaidžia šachmatais laisvalaikiu.
Datasets/Synthetic_Sentences/images/sentence_02314.png,Šiandien Kristina perka knygą.
Datasets/Real_Handwriting/images/form_104_sentence_5.png,Šiandien katė bėga kartu.
Datasets/Real_Handwriting/images/form_413_sentence_4.png,Ar Kristina mokosi stadione?
Datasets/Synthetic_Sentences/images/sentence_01920.png,Kruopščiai Laura valgo vaisius.
Datasets/Real_Handwriting/images/form_379_sentence_4.png,Saulius mokosi bibliotekoje.
Datasets/Real_Handwriting/images/form_136_sentence_2.png,Greitai jie skuba knygą.
Datasets/Synthetic_Sentences/images/sentence_01785.png,Saulius ilsisi stotyje.
Datasets/Synthetic_Sentences/images/sentence_01345.png,Kristina lankosi stotyje.
Datasets/Synthetic_Sentences/images/sentence_01052.png,Jurgita geria pieną.
Datasets/Synthetic_Sentences/images/sentence_00967.png,Vakar Marija nešė žaislą.
Datasets/Real_Handwriting/images/form_397_sentence_1.png,Drąsiai Renata dirba stadione.
Datasets/Real_Handwriting/images/form_341_sentence_4.png,Šeima dirba mokykloje.
Datasets/Synthetic_Sentences/images/sentence_00926.png,Mokytoja mėgsta gerti vandenį.
Datasets/Real_Handwriting/images/form_024_sentence_4.png,Šiandien vaikas galvoja šiandien.
Datasets/Real_Handwriting/images/form_315_sentence_2.png,Šiandien mergaitė dirba stotyje.
Datasets/Synthetic_Sentences/images/sentence_01996.png,Jurgita lankosi upės pakrantėje.
Datasets/Real_Handwriting/images/form_385_sentence_2.png,Vakar gydytojas skaitė žemėlapį.
Datasets/Synthetic_Sentences/images/sentence_01208.png,Petras nori skaityti žemėlapį.
Datasets/Real_Handwriting/images/form_473_sentence_5.png,Universiteto studentai žaidžia šachmatais laisvalaikiu.
Datasets/Real_Handwriting/images/form_266_sentence_3.png,Saulius būna kalnuose.
Datasets/Real_Handwriting/images/form_353_sentence_2.png,Tomas renka vaisius.
Datasets/Synthetic_Sentences/images/sentence_00711.png,Šiandien mergaitė mokosi mieste.
Datasets/Real_Handwriting/images/form_505_sentence_4.png,Mokytojas pradeda žaisti.
Datasets/Synthetic_Sentences/images/sentence_00861.png,Jonas sportuoja ligoninėje.
Datasets/Synthetic_Sentences/images/sentence_02208.png,Mokytojas žaidžia stotyje.
Datasets/Real_Handwriting/images/form_415_sentence_3.png,Petras mokosi mieste.
Datasets/Synthetic_Sentences/images/sentence_00344.png,Neringa pradeda rašyti.
Datasets/Synthetic_Sentences/images/sentence_01123.png,Ar Eglė dirba paplūdimyje?
Datasets/Real_Handwriting/images/form_010_sentence_3.png,Studentai labai greitai valgo.
Datasets/Synthetic_Sentences/images/sentence_01637.png,Rūpestingai berniukas neša dovaną.
Datasets/Synthetic_Sentences/images/sentence_01293.png,Šiandien Mantas skaito žemėlapį.
Datasets/Real_Handwriting/images/form_480_sentence_1.png,Ar Rasa skaito laišką?
Datasets/Real_Handwriting/images/form_311_sentence_5.png,Draugas davė dovaną per gimtadienį.
Datasets/Synthetic_Sentences/images/sentence_01708.png,Šiandien Jurgita ilsisi kaime.
Datasets/Real_Handwriting/images/form_392_sentence_3.png,Mindaugas lankosi namuose.
Datasets/Synthetic_Sentences/images/sentence_00533.png,Ar Ingrida mokosi darbe?
Datasets/Real_Handwriting/images/form_241_sentence_1.png,Vakar mokytoja skaitė istoriją.
Datasets/Synthetic_Sentences/images/sentence_02239.png,Garsiai Gintaras ilsisi sode.
Datasets/Real_Handwriting/images/form_471_sentence_4.png,Žmogus sportuoja kaime.
Datasets/Real_Handwriting/images/form_060_sentence_4.png,Jūs mąsto vandenį.
Datasets/Synthetic_Sentences/images/sentence_00986.png,Neringa ilsisi mieste.
Datasets/Real_Handwriting/images/form_285_sentence_1.png,Jurgita pradeda dirbti.
Datasets/Synthetic_Sentences/images/sentence_00394.png,Saulius mėgsta skaityti.
Datasets/Real_Handwriting/images/form_474_sentence_3.png,Rytoj Gintaras skaitys žurnalą.
Datasets/Real_Handwriting/images/form_201_sentence_4.png,Paukštis skaito žurnalą.
Datasets/Real_Handwriting/images/form_236_sentence_4.png,Vakar Marija dirbo ligoninėje.
Datasets/Real_Handwriting/images/form_103_sentence_2.png,Jie smagiai sportuoja.
Datasets/Real_Handwriting/images/form_181_sentence_1.png,Šuo garsiai rašo.
Datasets/Synthetic_Sentences/images/sentence_00658.png,Tomas dirba namuose.
Datasets/Real_Handwriting/images/form_066_sentence_3.png,Retai moterys keliauoja daržoves.
Datasets/Real_Handwriting/images/form_382_sentence_2.png,Ar Ingrida skaito žurnalą?
Datasets/Real_Handwriting/images/form_465_sentence_3.png,Šiandien Jonas skaito knygą.
Datasets/Real_Handwriting/images/form_492_sentence_5.png,Vasarą važiuojame prie jūros.
Datasets/Synthetic_Sentences/images/sentence_00217.png,Rytoj Renata eis pievoje.
Datasets/Real_Handwriting/images/form_301_sentence_3.png,Marija perka arbatą.
Datasets/Synthetic_Sentences/images/sentence_00972.png,Vaikas rašo projektą.
Datasets/Synthetic_Sentences/images/sentence_00058.png,Jonas bando važiuoti.
Datasets/Real_Handwriting/images/form_049_sentence_5.png,Moterys keliauoja mokykloje ir mieste.
Datasets/Synthetic_Sentences/images/sentence_00356.png,Rasa mėgsta gerti kavą.
Datasets/Synthetic_Sentences/images/sentence_01967.png,Danielius geria sultis.
Datasets/Synthetic_Sentences/images/sentence_01032.png,Jurgita neša gėlę.
Datasets/Synthetic_Sentences/images/sentence_00096.png,Marija nori pirkti gėlę.
Datasets/Real_Handwriting/images/form_003_sentence_2.png,Mergaitė labai atidžiai verkia.
Datasets/Synthetic_Sentences/images/sentence_00158.png,Saulius sportuoja pievoje.
Datasets/Synthetic_Sentences/images/sentence_01958.png,Šiandien Danielius skaito knygą.
Datasets/Real_Handwriting/images/form_133_sentence_2.png,Mokytojas geria mieste.
Datasets/Synthetic_Sentences/images/sentence_02231.png,Šiandien mokytoja ilsisi namuose.
Datasets/Synthetic_Sentences/images/sentence_02417.png,Šiandien Kristina dirba miške.
Datasets/Real_Handwriting/images/form_410_sentence_2.png,Ar katė mėgsta plaukti?
Datasets/Synthetic_Sentences/images/sentence_02166.png,Švelniai gydytojas ilsisi kalnuose.
Datasets/Real_Handwriting/images/form_452_sentence_5.png,Jonas į darbą važiuoja dviračiu.
Datasets/Real_Handwriting/images/form_231_sentence_5.png,Daktaras dirba didelėje ligoninėje.
Datasets/Synthetic_Sentences/images/sentence_02318.png,Rytoj Mindaugas eis kalnuose.
Datasets/Real_Handwriting/images/form_478_sentence_4.png,Atidžiai Petras skaito knygą.
Datasets/Synthetic_Sentences/images/sentence_02290.png,Šiandien mergaitė dirba mokykloje.
Datasets/Real_Handwriting/images/form_344_sentence_2.png,Mergaitė perka kavą.
Datasets/Real_Handwriting/images/form_086_sentence_5.png,Šiandien mes eina retai.
Datasets/Synthetic_Sentences/images/sentence_00998.png,Vakar berniukas nešė laišką.
Datasets/Synthetic_Sentences/images/sentence_00509.png,Studentė mėgsta skaityti žurnalą.
Datasets/Synthetic_Sentences/images/sentence_02232.png,Katė nori gerti pieną.
Datasets/Real_Handwriting/images/form_088_sentence_3.png,Mokytojai labai vakar keliauoja.
Datasets/Real_Handwriting/images/form_005_sentence_4.png,Paukštis dainuoja filmą.
Datasets/Synthetic_Sentences/images/sentence_00681.png,Saulius mėgsta pirkti knygą.
Datasets/Real_Handwriting/images/form_184_sentence_3.png,Ar gydytojas žaidžia?
Datasets/Real_Handwriting/images/form_292_sentence_4.png,Mokytojas geria arbatą.
Datasets/Real_Handwriting/images/form_279_sentence_4.png,Ar mokytoja mėgsta kalbėti?
Datasets/Real_Handwriting/images/form_013_sentence_1.png,Šuo valgo projektą.
Datasets/Real_Handwriting/images/form_267_sentence_2.png,Mantas perka žaislą.
Datasets/Real_Handwriting/images/form_021_sentence_5.png,Mes miega stadione.
Datasets/Synthetic_Sentences/images/sentence_00138.png,Šiandien Jonas ilsisi kavinėje.
Datasets/Real_Handwriting/images/form_380_sentence_3.png,Ar Mantas nori kalbėti?
Datasets/Real_Handwriting/images/form_252_sentence_2.png,Šiandien mokytoja ilsisi mokykloje.
Datasets/Real_Handwriting/images/form_429_sentence_3.png,Džiaugsmingai Gintaras rašo projektą.
Datasets/Real_Handwriting/images/form_312_sentence_3.png,Mokytojas stato namą.
Datasets/Real_Handwriting/images/form_488_sentence_4.png,Ar žirgas nori šokti?
Datasets/Synthetic_Sentences/images/sentence_01419.png,Ar mokytojas mokosi ežero pakrantėje?
Datasets/Real_Handwriting/images/form_415_sentence_4.png,Džiaugsmingai katė ilsisi stadione.
Datasets/Synthetic_Sentences/images/sentence_01603.png,Berniukas neša gėlę.
Datasets/Real_Handwriting/images/form_477_sentence_2.png,Ar Jurgita mokosi kalnuose?
Datasets/Synthetic_Sentences/images/sentence_00164.png,Vakar Jurgita nešė krepšį.
Datasets/Real_Handwriting/images/form_156_sentence_5.png,Vaikai sportuoja ligoninėje.
Datasets/Real_Handwriting/images/form_418_sentence_5.png,Universiteto studentai žaidžia šachmatais laisvalaikiu.
Datasets/Synthetic_Sentences/images/sentence_00535.png,Mantas mokosi darbe.
Datasets/Synthetic_Sentences/images/sentence_00957.png,Tomas geria pieną.
Datasets/Synthetic_Sentences/images/sentence_02115.png,Mokytojas neša dovaną.
Datasets/Synthetic_Sentences/images/sentence_02294.png,Vakar katė nešė dovaną.
Datasets/Synthetic_Sentences/images/sentence_01368.png,Mokytoja gyvena kavinėje.
Datasets/Real_Handwriting/images/form_122_sentence_4.png,Vaikai ilsisi sode.
Datasets/Synthetic_Sentences/images/sentence_00491.png,Švelniai Kristina perka gėlę.
Datasets/Synthetic_Sentences/images/sentence_01373.png,Ingrida lankosi kaime.
Datasets/Real_Handwriting/images/form_023_sentence_5.png,Mokytojai verkia kaime ir prie ežero.
Datasets/Synthetic_Sentences/images/sentence_01988.png,Mindaugas mokosi miške.
Datasets/Synthetic_Sentences/images/sentence_00413.png,Mantas geria pieną.
Datasets/Real_Handwriting/images/form_459_sentence_4.png,Šiandien Tomas ilsisi ligoninėje.
Datasets/Synthetic_Sentences/images/sentence_00380.png,Ar Neringa skaito istoriją?
Datasets/Synthetic_Sentences/images/sentence_00116.png,Saulius dirba ligoninėje.
Datasets/Real_Handwriting/images/form_453_sentence_5.png,Daktaras dirba didelėje ligoninėje.
Datasets/Synthetic_Sentences/images/sentence_02079.png,Mielai Neringa ilsisi sode.
Datasets/Synthetic_Sentences/images/sentence_00242.png,Eglė bando sportuoti.
Datasets/Synthetic_Sentences/images/sentence_00765.png,Šiandien Mantas dirba kalnuose.
Datasets/Synthetic_Sentences/images/sentence_00469.png,Renata nori ilsėtis.
Datasets/Real_Handwriting/images/form_456_sentence_4.png,Rytoj Saulius skaitys laišką.
Datasets/Real_Handwriting/images/form_317_sentence_3.png,Paukštis pradeda galvoti.
Datasets/Real_Handwriting/images/form_470_sentence_3.png,Šiandien Laura ilsisi ežero pakrantėje.
Datasets/Real_Handwriting/images/form_462_sentence_4.png,Šeima valgo vaisius.
Datasets/Real_Handwriting/images/form_048_sentence_5.png,Vyrai galvoja arbatą darbe.
Datasets/Synthetic_Sentences/images/sentence_01827.png,Petras mėgsta valgyti sriubą.
Datasets/Synthetic_Sentences/images/sentence_01665.png,Studentas bando kalbėti.
Datasets/Real_Handwriting/images/form_188_sentence_3.png,Mergaitė valgo ir valgo.
Datasets/Synthetic_Sentences/images/sentence_00517.png,Petras nori skaityti receptą.
Datasets/Real_Handwriting/images/form_157_sentence_4.png,Katė mėgsta kalbėti dainą.
Datasets/Synthetic_Sentences/images/sentence_02413.png,Mindaugas rašo žemėlapį.
Datasets/Real_Handwriting/images/form_369_sentence_5.png,Daktaras dirba didelėje ligoninėje.
Datasets/Synthetic_Sentences/images/sentence_01106.png,Lėtai Žilvinas rašo projektą.
Datasets/Real_Handwriting/images/form_430_sentence_3.png,Drąsiai Petras sportuoja upės pakrantėje.
Datasets/Synthetic_Sentences/images/sentence_00822.png,Šiandien Renata skaito knygą.
Datasets/Real_Handwriting/images/form_156_sentence_3.png,Studentai šoka istoriją kavinėje.
Datasets/Synthetic_Sentences/images/sentence_01073.png,Saulius pradeda šokti.
Datasets/Real_Handwriting/images/form_274_sentence_1.png,Ar studentė skaito istoriją?
Datasets/Synthetic_Sentences/images/sentence_01305.png,Šiandien šuo dirba pievoje.
Datasets/Real_Handwriting/images/form_297_sentence_2.png,Gintaras gyvena parke.
Datasets/Real_Handwriting/images/form_070_sentence_3.png,Studentai verkia ir verkia.
Datasets/Real_Handwriting/images/form_107_sentence_4.png,Moterys klauso ir klauso.
Datasets/Synthetic_Sentences/images/sentence_00557.png,Petras žaidžia miške.
Datasets/Synthetic_Sentences/images/sentence_00049.png,Džiaugsmingai Jonas valgo obuolį.
Datasets/Synthetic_Sentences/images/sentence_02080.png,Marija mėgsta pirkti knygą.
Datasets/Real_Handwriting/images/form_286_sentence_4.png,Berniukas skaito laišką.
Datasets/Synthetic_Sentences/images/sentence_01378.png,Ar gydytojas nori tvarkytis?
Datasets/Real_Handwriting/images/form_304_sentence_5.png,Šuo seka šeimininką visur.
Datasets/Real_Handwriting/images/form_238_sentence_3.png,Rūpestingai Mindaugas mokosi sode.
Datasets/Real_Handwriting/images/form_033_sentence_5.png,Šiandien šuo miega gerai.
Datasets/Synthetic_Sentences/images/sentence_01863.png,Švelniai šuo dirba kavinėje.
Datasets/Real_Handwriting/images/form_451_sentence_1.png,Šuo perka dovaną.
Datasets/Real_Handwriting/images/form_495_sentence_1.png,Vakar Jonas nešė dovaną.
Datasets/Real_Handwriting/images/form_074_sentence_5.png,Katė geria ir geria.
Datasets/Real_Handwriting/images/form_203_sentence_4.png,Mantas nori eiti žaislą.
Datasets/Synthetic_Sentences/images/sentence_01584.png,Eglė dirba miške.
Datasets/Real_Handwriting/images/form_253_sentence_1.png,Eglė groja melodiją.
Datasets/Real_Handwriting/images/form_010_sentence_1.png,Vyras šoka dainą.
Datasets/Synthetic_Sentences/images/sentence_01449.png,Renata nori piešti.
Datasets/Synthetic_Sentences/images/sentence_01581.png,Šuo nori rašyti receptą.
Datasets/Real_Handwriting/images/form_210_sentence_2.png,Mokytojas mokosi ežero pakrantėje.
Datasets/Synthetic_Sentences/images/sentence_01122.png,Ramiai mokytojas dirba upės pakrantėje.
Datasets/Synthetic_Sentences/images/sentence_00821.png,Marija nori rašyti projektą.
Datasets/Real_Handwriting/images/form_368_sentence_1.png,Lėtai Laura dirba miške.
Datasets/Synthetic_Sentences/images/sentence_00942.png,Studentė mėgsta valgyti košę.
Datasets/Synthetic_Sentences/images/sentence_00908.png,Šiandien Eglė ilsisi stadione.
Datasets/Synthetic_Sentences/images/sentence_01301.png,Kristina nori skaityti žemėlapį.
Datasets/Synthetic_Sentences/images/sentence_00522.png,Garsiai Jonas dirba sode.
Datasets/Real_Handwriting/images/form_404_sentence_4.png,Ar mokytojas dirba stotyje?
Datasets/Real_Handwriting/images/form_090_sentence_4.png,Ar paukštis klauso?
Datasets/Real_Handwriting/images/form_345_sentence_5.png,Filmas buvo labai įdomus ir jaudinantis.
Datasets/Real_Handwriting/images/form_502_sentence_1.png,Kruopščiai žirgas mokosi upės pakrantėje.
Datasets/Synthetic_Sentences/images/sentence_02193.png,Mokytojas mėgsta valgyti košę.
Datasets/Real_Handwriting/images/form_147_sentence_2.png,Ar jūs eina?
Datasets/Synthetic_Sentences/images/sentence_00791.png,Berniukas nori gerti pieną.
Datasets/Synthetic_Sentences/images/sentence_02362.png,Žilvinas nori pirkti arbatą.
Datasets/Synthetic_Sentences/images/sentence_00558.png,Petras nori skaityti istoriją.
Datasets/Synthetic_Sentences/images/sentence_01652.png,Gydytojas nori pirkti kavą.
Datasets/Synthetic_Sentences/images/sentence_00742.png,Žilvinas dirba miške.
Datasets/Real_Handwriting/images/form_073_sentence_1.png,Moterys nori sportuoti vandenį.
Datasets/Synthetic_Sentences/images/sentence_00553.png,Jurgita skaito žemėlapį.
Datasets/Real_Handwriting/images/form_268_sentence_3.png,Eglė mėgsta važiuoti knygą.
Datasets/Real_Handwriting/images/form_243_sentence_4.png,Ingrida nori skaityti žemėlapį.
Datasets/Real_Handwriting/images/form_175_sentence_1.png,Studentas juokiasi istoriją stotyje.
Datasets/Real_Handwriting/images/form_483_sentence_2.png,Paukštis nori tvarkytis žemėlapį.
Datasets/Synthetic_Sentences/images/sentence_01856.png,Šiandien mergaitė perka žaislą.
Datasets/Real_Handwriting/images/form_359_sentence_5.png,Buvo labai šalta tą žiemos rytą.
Datasets/Synthetic_Sentences/images/sentence_01506.png,Švelniai Jonas skaito istoriją.
Datasets/Real_Handwriting/images/form_250_sentence_4.png,Rytoj Jonas eis stadione.
Datasets/Real_Handwriting/images/form_457_sentence_4.png,Laura mokosi upės pakrantėje.
Datasets/Synthetic_Sentences/images/sentence_00655.png,Danielius neša knygą.
Datasets/Real_Handwriting/images/form_302_sentence_1.png,Lėtai studentė dirba upės pakrantėje.
Datasets/Synthetic_Sentences/images/sentence_01595.png,Šuo renka obuolius.
Datasets/Synthetic_Sentences/images/sentence_00936.png,Studentė nori ilsėtis.
Datasets/Synthetic_Sentences/images/sentence_00083.png,Džiaugsmingai Marija rašo receptą.
Datasets/Real_Handwriting/images/form_285_sentence_5.png,Universiteto studentai žaidžia šachmatais laisvalaikiu.
Datasets/Real_Handwriting/images/form_189_sentence_4.png,Mergaitės piešia paplūdimyje ir bibliotekoje.
Datasets/Synthetic_Sentences/images/sentence_00973.png,Ar Renata skaito knygą?
Datasets/Real_Handwriting/images/form_003_sentence_4.png,Mergaitė nori žaisti.
Datasets/Real_Handwriting/images/form_240_sentence_3.png,Rytoj žmogus eis upės pakrantėje.
Datasets/Synthetic_Sentences/images/sentence_00255.png,Ar Žilvinas dirba kalnuose?
Datasets/Real_Handwriting/images/form_056_sentence_1.png,Jos labai dabar valgo.
Datasets/Real_Handwriting/images/form_498_sentence_2.png,Rytoj Petras skaitys istoriją.
Datasets/Synthetic_Sentences/images/sentence_00591.png,Ar Žilvinas mokosi mieste?
Datasets/Real_Handwriting/images/form_428_sentence_3.png,Švelniai katė rašo receptą.
Datasets/Synthetic_Sentences/images/sentence_02463.png,Neringa geria pieną.
Datasets/Synthetic_Sentences/images/sentence_00455.png,Rytoj mergaitė skaitys laišką.
Datasets/Real_Handwriting/images/form_271_sentence_1.png,Gydytojas mokosi upės pakrantėje.
Datasets/Real_Handwriting/images/form_081_sentence_5.png,Draugas blogai bėga.
Datasets/Synthetic_Sentences/images/sentence_00575.png,Garsiai mokytojas mokosi stadione.
Datasets/Synthetic_Sentences/images/sentence_01317.png,Ar Jonas mokosi mokykloje?
Datasets/Real_Handwriting/images/form_040_sentence_4.png,Draugas nemėgsta sportuoti istoriją.
Datasets/Real_Handwriting/images/form_216_sentence_5.png,Cecilija čiuožia ant ledo.
Datasets/Real_Handwriting/images/form_036_sentence_1.png,Mergaitė mąsto ir mąsto.
Datasets/Real_Handwriting/images/form_356_sentence_3.png,Tomas mėgsta valgyti knygą.
Datasets/Real_Handwriting/images/form_350_sentence_4.png,Vakar žmogus skaitė laišką.
Datasets/Real_Handwriting/images/form_350_sentence_2.png,Žirgas neša knygą.
Datasets/Synthetic_Sentences/images/sentence_02473.png,Vakar Jurgita skaitė laišką.
Datasets/Synthetic_Sentences/images/sentence_00784.png,Marija mėgsta pirkti duoną.
Datasets/Synthetic_Sentences/images/sentence_02134.png,Šiandien gydytojas perka knygą.
Datasets/Real_Handwriting/images/form_142_sentence_5.png,Vaikas mėgsta bėgti.
Datasets/Real_Handwriting/images/form_215_sentence_3.png,Gintaras stengiasi piešti.
Datasets/Synthetic_Sentences/images/sentence_01520.png,Ingrida dirba ligoninėje.
Datasets/Synthetic_Sentences/images/sentence_01436.png,Vakar berniukas skaitė receptą.
Datasets/Real_Handwriting/images/form_056_sentence_5.png,Moteris žiūri egzaminą.
Datasets/Real_Handwriting/images/form_031_sentence_4.png,Mergaitės labai greitai geria.
Datasets/Real_Handwriting/images/form_039_sentence_3.png,Gydytojas geria žemėlapį.
Datasets/Real_Handwriting/images/form_054_sentence_3.png,Lėtai jos piešia kavą.
Datasets/Real_Handwriting/images/form_169_sentence_1.png,Moterys mąsto parke ir bibliotekoje.
Datasets/Synthetic_Sentences/images/sentence_01583.png,Ramiai Kristina mokosi bibliotekoje.
Datasets/Synthetic_Sentences/images/sentence_00988.png,Šiandien studentė skaito receptą.
Datasets/Synthetic_Sentences/images/sentence_00633.png,Vakar Neringa skaitė žurnalą.
Datasets/Real_Handwriting/images/form_266_sentence_1.png,Ar mokytojas skaito istoriją?
Datasets/Real_Handwriting/images/form_318_sentence_2.png,Kristina stato tvorą.
Datasets/Synthetic_Sentences/images/sentence_00786.png,Neringa stengiasi groti.
Datasets/Synthetic_Sentences/images/sentence_02109.png,Rytoj gydytojas skaitys knygą.
Datasets/Synthetic_Sentences/images/sentence_00275.png,Vakar Renata nešė žaislą.
Datasets/Real_Handwriting/images/form_006_sentence_3.png,Katė labai garsiai miega.
Datasets/Synthetic_Sentences/images/sentence_01966.png,Rytoj Danielius skaitys receptą.
Datasets/Real_Handwriting/images/form_494_sentence_1.png,Šiandien berniukas skaito žurnalą.
Datasets/Real_Handwriting/images/form_446_sentence_3.png,Šiandien Gintaras skaito žurnalą.
Datasets/Synthetic_Sentences/images/sentence_01847.png,Ar berniukas skaito receptą?
Datasets/Synthetic_Sentences/images/sentence_00828.png,Ar studentė mėgsta galvoti?
Datasets/Real_Handwriting/images/form_376_sentence_1.png,Rytoj studentas skaitys istoriją.
Datasets/Synthetic_Sentences/images/sentence_00014.png,Studentė mėgsta pirkti arbatą.
Datasets/Real_Handwriting/images/form_170_sentence_4.png,Ar jie klauso?
Datasets/Real_Handwriting/images/form_067_sentence_3.png,Jūs verkia mieste.
Datasets/Synthetic_Sentences/images/sentence_01220.png,Kristina dirba parke.
Datasets/Synthetic_Sentences/images/sentence_02454.png,Mokytojas nori valgyti vaisius.
Datasets/Synthetic_Sentences/images/sentence_01333.png,Mielai Saulius perka žaislą.
Datasets/Synthetic_Sentences/images/sentence_01857.png,Gintaras valgo daržoves.
Datasets/Real_Handwriting/images/form_076_sentence_3.png,Mergaitė miega receptą.
Datasets/Real_Handwriting/images/form_158_sentence_4.png,Gydytojas žiūri receptą kalnuose.
Datasets/Synthetic_Sentences/images/sentence_00637.png,Berniukas geria vandenį.
Datasets/Synthetic_Sentences/images/sentence_00819.png,Eglė nori rašyti istoriją.
Datasets/Synthetic_Sentences/images/sentence_01346.png,Eglė nori skaityti žemėlapį.
Datasets/Real_Handwriting/images/form_412_sentence_2.png,Berniukas bando groti.
Datasets/Synthetic_Sentences/images/sentence_00370.png,Berniukas geria kavą.
Datasets/Real_Handwriting/images/form_299_sentence_2.png,Džiaugsmingai Neringa perka gėlę.
Datasets/Real_Handwriting/images/form_466_sentence_1.png,Mindaugas valgo duoną.
Datasets/Synthetic_Sentences/images/sentence_00872.png,Atidžiai Eglė dirba parke.
Datasets/Synthetic_Sentences/images/sentence_02492.png,Petras nori skaityti knygą.
Datasets/Synthetic_Sentences/images/sentence_01639.png,Berniukas renka gėles.
Datasets/Real_Handwriting/images/form_209_sentence_2.png,Ar Renata nori sportuoti?
Datasets/Real_Handwriting/images/form_074_sentence_1.png,Ar jis galvoja?
Datasets/Real_Handwriting/images/form_200_sentence_5.png,Ar jie verkia?
Datasets/Synthetic_Sentences/images/sentence_01386.png,Gintaras dirba darbe.
Datasets/Synthetic_Sentences/images/sentence_01573.png,Atidžiai Mantas perka knygą.
Datasets/Real_Handwriting/images/form_437_sentence_5.png,Buvo labai šalta tą žiemos rytą.
Datasets/Real_Handwriting/images/form_070_sentence_1.png,Mokytojai bėga paplūdimyje.
Datasets/Real_Handwriting/images/form_131_sentence_3.png,Ji nemėgsta rašyti maistą.
Datasets/Real_Handwriting/images/form_224_sentence_2.png,Vakar studentė skaitė istoriją.
Datasets/Synthetic_Sentences/images/sentence_02183.png,Ar Danielius mokosi miške?
Datasets/Real_Handwriting/images/form_211_sentence_3.png,Neringa bando statyti.
Datasets/Synthetic_Sentences/images/sentence_00281.png,Kristina nori rašyti laišką.
Datasets/Synthetic_Sentences/images/sentence_01849.png,Neringa renka gėles.
Datasets/Real_Handwriting/images/form_451_sentence_5.png,Cukrų ir cinamoną dedame į pyragą.
Datasets/Real_Handwriting/images/form_100_sentence_2.png,Šiandien šuo žaidžia rytoj.
