0,1
Datasets/Synthetic_Sentences/images/sentence_04068.png,Šiandien studentė skaito receptą.
Datasets/Synthetic_Sentences/images/sentence_18993.png,Katė sportuoja upės pakrantėje.
Datasets/Synthetic_Sentences/images/sentence_20900.png,Ar Neringa mėgsta piešti?
Datasets/Synthetic_Sentences/images/sentence_35877.png,Katė dirba upės pakrantėje.
Datasets/Synthetic_Sentences/images/sentence_67280.png,Ar gydytojas mėgsta žaisti?
Datasets/Synthetic_Sentences/images/sentence_63793.png,Jonas rašo žemėlapį.
Datasets/Synthetic_Sentences/images/sentence_02440.png,Kristina mėgsta valgyti vaisius.
Datasets/Synthetic_Sentences/images/sentence_27806.png,Laura gyvena ežero pakrantėje.
Datasets/Synthetic_Sentences/images/sentence_36545.png,Mindaugas bando sportuoti.
Datasets/Real_Handwriting/images/form_148_sentence_2.png,Jūs nemėgsta valgyti egzaminą.
Datasets/Real_Handwriting/images/form_208_sentence_1.png,Rūpestingai Kristina skaito istoriją.
Datasets/Synthetic_Sentences/images/sentence_68104.png,Kodėl Neringa dirba ligoninėje?
Datasets/Synthetic_Sentences/images/sentence_54573.png,Lėtai mokytoja perka knygą.
Datasets/Synthetic_Sentences/images/sentence_32896.png,Kodėl berniukas dirba kaime?
Datasets/Real_Handwriting/images/form_020_sentence_5.png,Vyrai bėga ir bėga.
Datasets/Synthetic_Sentences/images/sentence_62427.png,Mokytojas pradeda kalbėti.
Datasets/Real_Handwriting/images/form_033_sentence_5.png,Šiandien šuo miega gerai.
Datasets/Synthetic_Sentences/images/sentence_40715.png,Rasa mėgsta gerti kavą.
Datasets/Real_Handwriting/images/form_111_sentence_4.png,Vaikas žiūri ir žiūri.
Datasets/Synthetic_Sentences/images/sentence_63520.png,Rytoj Gintaras eis mieste.
Datasets/Real_Handwriting/images/form_391_sentence_4.png,Neringa pradeda šokti.
Datasets/Synthetic_Sentences/images/sentence_60401.png,Žilvinas mokosi kavinėje ryte.
Datasets/Synthetic_Sentences/images/sentence_23867.png,Šiandien Kristina ilsisi stadione.
Datasets/Synthetic_Sentences/images/sentence_57653.png,Džiaugsmingai Neringa neša gėlę.
Datasets/Synthetic_Sentences/images/sentence_03059.png,Tomas mėgsta pirkti arbatą.
Datasets/Synthetic_Sentences/images/sentence_07588.png,Garsiai Marija valgo duoną.
Datasets/Synthetic_Sentences/images/sentence_40460.png,Eglė neša knygą.
Datasets/Synthetic_Sentences/images/sentence_03818.png,Šiandien Tomas dirba upės pakrantėje.
Datasets/Synthetic_Sentences/images/sentence_23943.png,Jurgita renka grybus.
Datasets/Real_Handwriting/images/form_026_sentence_5.png,Gydytojas stengiasi skaityti.
Datasets/Synthetic_Sentences/images/sentence_60332.png,Kruopščiai Renata ilsisi ežero pakrantėje.
Datasets/Synthetic_Sentences/images/sentence_47406.png,Ingrida nori pirkti arbatą.
Datasets/Real_Handwriting/images/form_508_sentence_5.png,Tėtis treniruoja vaikus kiekvieną savaitę.
Datasets/Synthetic_Sentences/images/sentence_27190.png,Studentas skaito seną žemėlapį.
Datasets/Synthetic_Sentences/images/sentence_63627.png,Šiandien Mindaugas skaito istoriją.
Datasets/Synthetic_Sentences/images/sentence_42351.png,Studentas nenori mokytis.
Datasets/Synthetic_Sentences/images/sentence_65590.png,Ramiai Saulius dirba mieste.
Datasets/Synthetic_Sentences/images/sentence_03328.png,Mokytoja dirba namuose ir skaito laišką.
Datasets/Synthetic_Sentences/images/sentence_55505.png,Ramiai vaikas rašo laišką.
Datasets/Real_Handwriting/images/form_353_sentence_5.png,Kartu keliaujame per kalnų taką.
Datasets/Synthetic_Sentences/images/sentence_68832.png,Šiandien Gintaras perka gėlę.
Datasets/Synthetic_Sentences/images/sentence_05422.png,Džiaugsmingai Petras mokosi pievoje naktį.
Datasets/Synthetic_Sentences/images/sentence_43138.png,Šiandien Danielius ilsisi kaime.
Datasets/Synthetic_Sentences/images/sentence_69511.png,Vaikas mėgsta šokti.
Datasets/Synthetic_Sentences/images/sentence_52930.png,Katė nori pirkti dovaną.
Datasets/Synthetic_Sentences/images/sentence_38285.png,Renata mėgsta skaityti žurnalą.
Datasets/Synthetic_Sentences/images/sentence_67889.png,Ką Neringa skaito?
Datasets/Synthetic_Sentences/images/sentence_16158.png,Marija nori rašyti laišką.
Datasets/Synthetic_Sentences/images/sentence_03447.png,Studentas geria kavą.
Datasets/Synthetic_Sentences/images/sentence_51367.png,Kodėl Mindaugas dirba stotyje?
Datasets/Synthetic_Sentences/images/sentence_26142.png,Vakar mokytoja nešė laišką.
Datasets/Real_Handwriting/images/form_212_sentence_5.png,Šį vakarą žvaigždės ypač ryškiai šviečia.
Datasets/Real_Handwriting/images/form_394_sentence_1.png,Greitai Rasa neša dovaną.
Datasets/Real_Handwriting/images/form_108_sentence_2.png,Paukštis pradeda piešti filmą.
Datasets/Synthetic_Sentences/images/sentence_01463.png,Petras mėgsta gerti sultis.
Datasets/Synthetic_Sentences/images/sentence_47572.png,Saulius pradeda dainuoti.
Datasets/Synthetic_Sentences/images/sentence_00100.png,Kodėl Eglė dirba mieste?
Datasets/Synthetic_Sentences/images/sentence_62663.png,Kur mokytoja dirba?
Datasets/Synthetic_Sentences/images/sentence_63518.png,Eglė renka vaisius.
Datasets/Synthetic_Sentences/images/sentence_24460.png,Eglė mėgsta pirkti gėlę.
Datasets/Real_Handwriting/images/form_474_sentence_1.png,Švelniai Rasa sportuoja mokykloje.
Datasets/Synthetic_Sentences/images/sentence_63961.png,Eglė neša laišką.
Datasets/Synthetic_Sentences/images/sentence_08103.png,Danielius perka seną gėlę.
Datasets/Synthetic_Sentences/images/sentence_28985.png,"Mokytoja mokosi stadione, bet nori dainuoti."
Datasets/Synthetic_Sentences/images/sentence_12490.png,Ramiai Gintaras ilsisi upės pakrantėje.
Datasets/Synthetic_Sentences/images/sentence_48032.png,Ramiai mokytoja dirba sode.
Datasets/Real_Handwriting/images/form_054_sentence_1.png,Jūs klauso projektą.
Datasets/Real_Handwriting/images/form_403_sentence_3.png,Mokytoja perka arbatą.
Datasets/Synthetic_Sentences/images/sentence_34738.png,Mergaitė bando šokti.
Datasets/Real_Handwriting/images/form_301_sentence_1.png,Šeima groja melodiją.
Datasets/Real_Handwriting/images/form_437_sentence_5.png,Buvo labai šalta tą žiemos rytą.
Datasets/Synthetic_Sentences/images/sentence_48788.png,Saulius sportuoja pievoje.
Datasets/Synthetic_Sentences/images/sentence_64385.png,Tomas skaito naują receptą.
Datasets/Synthetic_Sentences/images/sentence_34275.png,Jurgita sportuoja darbe.
Datasets/Synthetic_Sentences/images/sentence_30866.png,Vakar Tomas nešė knygą.
Datasets/Synthetic_Sentences/images/sentence_02433.png,Studentė mėgsta skaityti žemėlapį.
Datasets/Synthetic_Sentences/images/sentence_60052.png,Mindaugas renka daržoves.
Datasets/Synthetic_Sentences/images/sentence_06558.png,Studentė nori pirkti kavą.
Datasets/Synthetic_Sentences/images/sentence_42392.png,Berniukas nori pirkti duoną.
Datasets/Synthetic_Sentences/images/sentence_05809.png,Mindaugas nori skaityti laišką.
Datasets/Real_Handwriting/images/form_301_sentence_4.png,Vaikas skaito laišką.
Datasets/Synthetic_Sentences/images/sentence_13111.png,Tomas nori žaisti.
Datasets/Synthetic_Sentences/images/sentence_10703.png,Eglė mokosi bibliotekoje naktį.
Datasets/Synthetic_Sentences/images/sentence_66718.png,Laura nori sportuoti.
Datasets/Real_Handwriting/images/form_151_sentence_1.png,Katė geria žemėlapį mieste.
Datasets/Synthetic_Sentences/images/sentence_42575.png,Mokytojas nori pirkti dovaną.
Datasets/Synthetic_Sentences/images/sentence_26018.png,Danielius dirba ežero pakrantėje.
Datasets/Synthetic_Sentences/images/sentence_63410.png,Mokytoja perka kavą.
Datasets/Synthetic_Sentences/images/sentence_56628.png,Mokytojas gyvena upės pakrantėje.
Datasets/Synthetic_Sentences/images/sentence_46996.png,Šiandien Marija mokosi mokykloje.
Datasets/Synthetic_Sentences/images/sentence_45960.png,Ar Mindaugas mėgsta mokytis?
Datasets/Real_Handwriting/images/form_276_sentence_1.png,Žilvinas geria vandenį.
Datasets/Real_Handwriting/images/form_355_sentence_1.png,Berniukas sportuoja stadione.
Datasets/Synthetic_Sentences/images/sentence_49582.png,Ar gydytojas mėgsta dainuoti?
Datasets/Real_Handwriting/images/form_333_sentence_1.png,Mantas dirba stadione.
Datasets/Synthetic_Sentences/images/sentence_25527.png,Vaikas žaidžia kalnuose.
Datasets/Real_Handwriting/images/form_494_sentence_3.png,Mantas geria vandenį.
Datasets/Synthetic_Sentences/images/sentence_36556.png,Mokytoja renka grybus.
Datasets/Real_Handwriting/images/form_178_sentence_2.png,Šuo bijo bėgti.
Datasets/Real_Handwriting/images/form_339_sentence_5.png,Eglė eina į egzaminą ramiai.
Datasets/Synthetic_Sentences/images/sentence_32399.png,Šuo žaidžia parke.
Datasets/Real_Handwriting/images/form_323_sentence_3.png,Drąsiai žirgas perka knygą.
Datasets/Real_Handwriting/images/form_353_sentence_4.png,Ar Petras mokosi darbe?
Datasets/Synthetic_Sentences/images/sentence_05363.png,Tomas nori valgyti košę.
Datasets/Synthetic_Sentences/images/sentence_23306.png,Ingrida nori piešti.
Datasets/Synthetic_Sentences/images/sentence_68570.png,Studentė neša knygą.
Datasets/Synthetic_Sentences/images/sentence_13457.png,Jurgita nori valgyti košę.
Datasets/Synthetic_Sentences/images/sentence_00448.png,Rytoj Tomas skaitys knygą.
Datasets/Synthetic_Sentences/images/sentence_13280.png,Ką Kristina skaito?
Datasets/Synthetic_Sentences/images/sentence_14417.png,"Rasa nori valgyti, nes nes reikia pasiruošti."
Datasets/Synthetic_Sentences/images/sentence_33383.png,Petras nori pirkti knygą.
Datasets/Synthetic_Sentences/images/sentence_05751.png,Petras renka obuolius.
Datasets/Synthetic_Sentences/images/sentence_36430.png,Berniukas dirba kalnuose ir skaito receptą.
Datasets/Synthetic_Sentences/images/sentence_17809.png,Garsiai Marija ilsisi mieste.
Datasets/Synthetic_Sentences/images/sentence_27517.png,Eglė nedirba kalnuose.
Datasets/Synthetic_Sentences/images/sentence_22195.png,"Katė nori ilsėtis, nes nes turi daug darbo."
Datasets/Synthetic_Sentences/images/sentence_58954.png,Eglė lankosi ežero pakrantėje.
Datasets/Real_Handwriting/images/form_286_sentence_1.png,Mielai mokytojas mokosi kavinėje.
Datasets/Synthetic_Sentences/images/sentence_44281.png,Ar mergaitė dirba bibliotekoje?
Datasets/Real_Handwriting/images/form_295_sentence_2.png,Kristina būna namuose.
Datasets/Synthetic_Sentences/images/sentence_11048.png,Rasa perka šviesų duoną.
Datasets/Synthetic_Sentences/images/sentence_38749.png,Renata mėgsta tvarkytis.
Datasets/Synthetic_Sentences/images/sentence_33578.png,Ar Mindaugas nori eiti?
Datasets/Synthetic_Sentences/images/sentence_64465.png,Renata gyvena kalnuose.
Datasets/Synthetic_Sentences/images/sentence_02299.png,Kristina nori ilsėtis.
Datasets/Real_Handwriting/images/form_046_sentence_4.png,Rytoj ji žaidžia arbatą.
Datasets/Synthetic_Sentences/images/sentence_02046.png,Jurgita gyvena mieste.
Datasets/Synthetic_Sentences/images/sentence_11544.png,Jonas sportuoja paplūdimyje.
Datasets/Synthetic_Sentences/images/sentence_04690.png,Danielius mokosi upės pakrantėje.
Datasets/Synthetic_Sentences/images/sentence_48429.png,Rūpestingai gydytojas rašo užduotį.
Datasets/Synthetic_Sentences/images/sentence_12185.png,Mokytojas skaito istoriją.
Datasets/Synthetic_Sentences/images/sentence_28131.png,Saulius dirba miške naktį.
Datasets/Real_Handwriting/images/form_089_sentence_4.png,Šiandien paukštis miega vakar.
Datasets/Synthetic_Sentences/images/sentence_40162.png,Ar vaikas dirba kaime?
Datasets/Real_Handwriting/images/form_131_sentence_3.png,Ji nemėgsta rašyti maistą.
Datasets/Synthetic_Sentences/images/sentence_28013.png,Šiandien Laura perka žaislą.
Datasets/Real_Handwriting/images/form_194_sentence_1.png,Jie bėga ir bėga.
Datasets/Real_Handwriting/images/form_370_sentence_5.png,Vaikai atbėga iš aikštės.
Datasets/Synthetic_Sentences/images/sentence_36614.png,Jonas mėgsta valgyti duoną.
Datasets/Synthetic_Sentences/images/sentence_45717.png,Lėtai studentas perka žaislą.
Datasets/Synthetic_Sentences/images/sentence_27115.png,Laura mėgsta gerti vandenį.
Datasets/Synthetic_Sentences/images/sentence_36204.png,Tomas sportuoja mieste.
Datasets/Synthetic_Sentences/images/sentence_04758.png,Mantas nori rašyti žemėlapį.
Datasets/Synthetic_Sentences/images/sentence_06439.png,Jurgita dirba mokykloje.
Datasets/Synthetic_Sentences/images/sentence_57231.png,Jurgita žaidžia parke.
Datasets/Synthetic_Sentences/images/sentence_48850.png,Švelniai Jonas skaito istoriją mieste.
Datasets/Real_Handwriting/images/form_155_sentence_1.png,Tyliai aš kalba dainą.
Datasets/Synthetic_Sentences/images/sentence_27187.png,Ingrida skaito šviesų žurnalą.
Datasets/Synthetic_Sentences/images/sentence_51910.png,Lėtai Saulius rašo žemėlapį.
Datasets/Synthetic_Sentences/images/sentence_04680.png,Šiandien Tomas skaito žemėlapį.
Datasets/Synthetic_Sentences/images/sentence_45778.png,Mokytoja mokosi miške po pietų.
Datasets/Real_Handwriting/images/form_223_sentence_2.png,Mokytoja nori groti.
Datasets/Synthetic_Sentences/images/sentence_16556.png,Berniukas neskaito receptą.
Datasets/Synthetic_Sentences/images/sentence_12585.png,Jonas nedirba bibliotekoje.
Datasets/Synthetic_Sentences/images/sentence_39416.png,Ką gydytojas skaito?
Datasets/Synthetic_Sentences/images/sentence_10240.png,Eglė nori pirkti dovaną.
Datasets/Synthetic_Sentences/images/sentence_54805.png,Gydytojas lankosi kavinėje.
Datasets/Synthetic_Sentences/images/sentence_26013.png,Tyliai Laura dirba miške.
Datasets/Real_Handwriting/images/form_275_sentence_2.png,Ar Renata skaito laišką?
Datasets/Synthetic_Sentences/images/sentence_59181.png,Vakar Mantas skaitė žemėlapį.
Datasets/Real_Handwriting/images/form_469_sentence_4.png,Vakar mergaitė skaitė laišką.
Datasets/Real_Handwriting/images/form_106_sentence_1.png,Paukštis kalba namus.
Datasets/Synthetic_Sentences/images/sentence_41416.png,Gydytojas neskaito istoriją.
Datasets/Real_Handwriting/images/form_215_sentence_5.png,Universiteto studentai žaidžia šachmatais laisvalaikiu.
Datasets/Synthetic_Sentences/images/sentence_17171.png,Ramiai Eglė mokosi kavinėje ryte.
Datasets/Synthetic_Sentences/images/sentence_45225.png,Šiandien Mantas dirba mokykloje.
Datasets/Synthetic_Sentences/images/sentence_24048.png,Mantas mokosi kavinėje.
Datasets/Synthetic_Sentences/images/sentence_63322.png,Studentė gyvena miške.
Datasets/Real_Handwriting/images/form_051_sentence_5.png,Jos atidžiai skaito.
Datasets/Real_Handwriting/images/form_453_sentence_3.png,Švelniai Žilvinas rašo laišką.
Datasets/Real_Handwriting/images/form_312_sentence_1.png,Žirgas pradeda dainuoti.
Datasets/Real_Handwriting/images/form_150_sentence_3.png,Ji rašo ir rašo.
Datasets/Real_Handwriting/images/form_078_sentence_3.png,Vaikai mėgsta mokytis pamoką.
Datasets/Real_Handwriting/images/form_273_sentence_2.png,Tyliai Rasa ilsisi kavinėje.
Datasets/Synthetic_Sentences/images/sentence_60931.png,Berniukas nenori sportuoti.
Datasets/Real_Handwriting/images/form_443_sentence_1.png,Šiandien Eglė mokosi namuose.
Datasets/Synthetic_Sentences/images/sentence_22351.png,Eglė mėgsta skaityti žurnalą.
Datasets/Real_Handwriting/images/form_118_sentence_1.png,Aš labai blogai kalba.
Datasets/Synthetic_Sentences/images/sentence_09669.png,Šiandien Jonas ilsisi pievoje.
Datasets/Synthetic_Sentences/images/sentence_46372.png,Mokytoja mėgsta pirkti dovaną.
Datasets/Synthetic_Sentences/images/sentence_04705.png,Gydytojas skaito žemėlapį.
Datasets/Real_Handwriting/images/form_176_sentence_4.png,Studentai dirba sode.
Datasets/Synthetic_Sentences/images/sentence_62706.png,Neringa mėgsta valgyti daržoves.
Datasets/Synthetic_Sentences/images/sentence_05764.png,Danielius neskaito žurnalą.
Datasets/Synthetic_Sentences/images/sentence_48169.png,Danielius lankosi pievoje.
Datasets/Real_Handwriting/images/form_250_sentence_4.png,Rytoj Jonas eis stadione.
Datasets/Synthetic_Sentences/images/sentence_68874.png,Rasa žaidžia mieste.
Datasets/Synthetic_Sentences/images/sentence_42713.png,Vakar Eglė nešė knygą.
Datasets/Synthetic_Sentences/images/sentence_36202.png,Žilvinas valgo obuolį.
Datasets/Synthetic_Sentences/images/sentence_48375.png,"Neringa dirba stadione, nes tai labai įdomu."
Datasets/Synthetic_Sentences/images/sentence_07110.png,Mokytoja stengiasi dainuoti.
Datasets/Synthetic_Sentences/images/sentence_65525.png,Ar mokytoja dirba miške?
Datasets/Synthetic_Sentences/images/sentence_68309.png,Šiandien Neringa ilsisi darbe.
Datasets/Synthetic_Sentences/images/sentence_63464.png,Švelniai Mindaugas skaito knygą kaime.
Datasets/Synthetic_Sentences/images/sentence_24331.png,Gintaras neša gėlę.
Datasets/Synthetic_Sentences/images/sentence_37747.png,Ar Tomas mokosi parke?
Datasets/Real_Handwriting/images/form_152_sentence_2.png,Šiandien moterys rašo greitai.
Datasets/Synthetic_Sentences/images/sentence_55067.png,Jurgita nori skaityti laišką.
Datasets/Synthetic_Sentences/images/sentence_42144.png,Vaikas dirba kavinėje.
Datasets/Real_Handwriting/images/form_008_sentence_3.png,Ar aš šoka?
Datasets/Synthetic_Sentences/images/sentence_38699.png,Studentas dirba namuose naktį.
Datasets/Real_Handwriting/images/form_416_sentence_4.png,Rūpestingai šeima mokosi namuose.
Datasets/Synthetic_Sentences/images/sentence_12567.png,Laura sportuoja namuose.
Datasets/Real_Handwriting/images/form_141_sentence_5.png,Mokytojas mėgsta rašyti.
Datasets/Synthetic_Sentences/images/sentence_23650.png,Kodėl studentas dirba pievoje?
Datasets/Synthetic_Sentences/images/sentence_01345.png,Ar Saulius mokosi kalnuose?
Datasets/Synthetic_Sentences/images/sentence_67818.png,Mantas perka knygą.
Datasets/Synthetic_Sentences/images/sentence_59650.png,Šiandien Saulius skaito receptą.
Datasets/Synthetic_Sentences/images/sentence_46604.png,Berniukas rašo projektą.
Datasets/Synthetic_Sentences/images/sentence_19777.png,Ąžuolas auga atokiame kaimo kampe.
Datasets/Synthetic_Sentences/images/sentence_67610.png,Atidžiai Kristina neša gėlę.
Datasets/Synthetic_Sentences/images/sentence_64474.png,Ramiai Gintaras mokosi kavinėje.
Datasets/Synthetic_Sentences/images/sentence_13055.png,Berniukas neskaito laišką.
Datasets/Real_Handwriting/images/form_336_sentence_1.png,Rytoj Renata eis kavinėje.
Datasets/Real_Handwriting/images/form_214_sentence_3.png,Saulius geria kavą.
Datasets/Synthetic_Sentences/images/sentence_19027.png,Neringa stengiasi bėgti.
Datasets/Real_Handwriting/images/form_161_sentence_4.png,Jos pradeda šokti.
Datasets/Synthetic_Sentences/images/sentence_39773.png,Ar Petras nori rašyti?
Datasets/Real_Handwriting/images/form_173_sentence_4.png,Šiandien studentas geria gerai.
Datasets/Synthetic_Sentences/images/sentence_08392.png,Lėtai Eglė dirba kavinėje.
Datasets/Real_Handwriting/images/form_111_sentence_3.png,Paukštis piešia ir piešia.
Datasets/Synthetic_Sentences/images/sentence_25983.png,Vakar studentas dirbo mokykloje.
Datasets/Synthetic_Sentences/images/sentence_46942.png,Ar Eglė dirba paplūdimyje?
Datasets/Real_Handwriting/images/form_328_sentence_2.png,Tyliai Danielius neša krepšį.
Datasets/Synthetic_Sentences/images/sentence_66897.png,Ramiai Jonas ilsisi stadione.
Datasets/Real_Handwriting/images/form_403_sentence_2.png,Vakar vaikas dirbo kalnuose.
Datasets/Synthetic_Sentences/images/sentence_07386.png,Vakar studentė skaitė laišką.
Datasets/Synthetic_Sentences/images/sentence_36013.png,Marija mėgsta gerti.
Datasets/Synthetic_Sentences/images/sentence_21744.png,Kristina nedirba kalnuose.
Datasets/Real_Handwriting/images/form_218_sentence_2.png,Jonas pradeda ilsėtis.
Datasets/Synthetic_Sentences/images/sentence_38436.png,Jonas renka grybus.
Datasets/Synthetic_Sentences/images/sentence_22347.png,Ramiai gydytojas ilsisi kavinėje.
Datasets/Synthetic_Sentences/images/sentence_09322.png,Danielius bando keliauti.
Datasets/Synthetic_Sentences/images/sentence_37604.png,Tomas renka gėles.
Datasets/Synthetic_Sentences/images/sentence_10677.png,Garsiai Renata ilsisi darbe.
Datasets/Synthetic_Sentences/images/sentence_10534.png,Renata dirba ligoninėje po pietų.
Datasets/Real_Handwriting/images/form_480_sentence_5.png,Kavinėje kvepėjo kava ir cinamonu.
Datasets/Synthetic_Sentences/images/sentence_21155.png,Drąsiai Laura skaito laišką.
Datasets/Synthetic_Sentences/images/sentence_61158.png,Mokytoja nori skaityti žemėlapį.
Datasets/Real_Handwriting/images/form_324_sentence_4.png,Žmogus lankosi ligoninėje.
Datasets/Synthetic_Sentences/images/sentence_35070.png,Šuo perka didelį duoną.
Datasets/Synthetic_Sentences/images/sentence_34753.png,Saulius neša dovaną.
Datasets/Synthetic_Sentences/images/sentence_31177.png,Gintaras mėgsta valgyti vaisius.
Datasets/Synthetic_Sentences/images/sentence_32726.png,Lėtai šuo mokosi mokykloje anksti ryte.
Datasets/Synthetic_Sentences/images/sentence_23986.png,Kur Renata dirba?
Datasets/Synthetic_Sentences/images/sentence_63812.png,Petras mėgsta pirkti dovaną.
Datasets/Synthetic_Sentences/images/sentence_05555.png,Lėtai Jonas rašo receptą.
Datasets/Synthetic_Sentences/images/sentence_28783.png,Ramiai katė neša krepšį.
Datasets/Synthetic_Sentences/images/sentence_32334.png,Tyliai Marija neša knygą.
Datasets/Synthetic_Sentences/images/sentence_07873.png,Lėtai Petras perka duoną.
Datasets/Real_Handwriting/images/form_433_sentence_5.png,Kavinėje kvepėjo kava ir cinamonu.
Datasets/Synthetic_Sentences/images/sentence_40721.png,Marija mėgsta valgyti obuolį.
Datasets/Synthetic_Sentences/images/sentence_10899.png,Ar studentas mėgsta tvarkytis?
Datasets/Synthetic_Sentences/images/sentence_66053.png,Šiandien vaikas ilsisi upės pakrantėje.
Datasets/Synthetic_Sentences/images/sentence_19510.png,Švelniai vaikas mokosi bibliotekoje po pietų.
Datasets/Real_Handwriting/images/form_255_sentence_3.png,Gydytojas būna parke.
Datasets/Synthetic_Sentences/images/sentence_53133.png,Petras valgo duoną.
Datasets/Synthetic_Sentences/images/sentence_65317.png,Šiandien studentė skaito žurnalą.
Datasets/Real_Handwriting/images/form_360_sentence_5.png,Universiteto studentai žaidžia šachmatais laisvalaikiu.
Datasets/Real_Handwriting/images/form_053_sentence_1.png,Šuo baigia mokytis.
Datasets/Synthetic_Sentences/images/sentence_16532.png,Gintaras mokosi namuose anksti ryte.
Datasets/Real_Handwriting/images/form_428_sentence_3.png,Švelniai katė rašo receptą.
Datasets/Real_Handwriting/images/form_445_sentence_4.png,Rytoj mergaitė skaitys žurnalą.
Datasets/Synthetic_Sentences/images/sentence_21781.png,Tyliai studentė ilsisi parke.
Datasets/Real_Handwriting/images/form_165_sentence_1.png,Vyrai mėgsta piešti.
Datasets/Synthetic_Sentences/images/sentence_67557.png,Gintaras dirba stotyje.
Datasets/Synthetic_Sentences/images/sentence_08400.png,Šiandien berniukas skaito žemėlapį.
Datasets/Synthetic_Sentences/images/sentence_49294.png,Marija skaito receptą.
Datasets/Synthetic_Sentences/images/sentence_63511.png,Vakar Mindaugas nešė gėlę.
Datasets/Synthetic_Sentences/images/sentence_35815.png,Renata žaidžia upės pakrantėje.
Datasets/Synthetic_Sentences/images/sentence_46874.png,Gydytojas nori gerti kavą.
Datasets/Real_Handwriting/images/form_338_sentence_2.png,Rytoj mergaitė skaitys žurnalą.
Datasets/Synthetic_Sentences/images/sentence_27359.png,Jurgita perka naują duoną.
Datasets/Synthetic_Sentences/images/sentence_62804.png,Šiandien Laura dirba stotyje.
Datasets/Synthetic_Sentences/images/sentence_68613.png,Ar Petras nori šokti?
Datasets/Synthetic_Sentences/images/sentence_48348.png,Marija pradeda dainuoti.
Datasets/Synthetic_Sentences/images/sentence_35792.png,Kodėl Laura dirba stotyje?
Datasets/Synthetic_Sentences/images/sentence_69353.png,Švelniai Neringa dirba pievoje.
Datasets/Synthetic_Sentences/images/sentence_06646.png,Neringa pradeda plaukti.
Datasets/Synthetic_Sentences/images/sentence_10580.png,Garsiai Eglė neša krepšį.
Datasets/Real_Handwriting/images/form_178_sentence_5.png,Katė labai lėtai žiūri.
Datasets/Synthetic_Sentences/images/sentence_36495.png,Saulius pradeda skaityti.
Datasets/Synthetic_Sentences/images/sentence_20334.png,Studentė renka gėles.
Datasets/Real_Handwriting/images/form_100_sentence_4.png,Rytoj jos žaidžia pamoką.
Datasets/Synthetic_Sentences/images/sentence_31169.png,Laura perka arbatą.
Datasets/Synthetic_Sentences/images/sentence_34298.png,Rūpestingai Žilvinas dirba ligoninėje.
Datasets/Real_Handwriting/images/form_234_sentence_3.png,Mindaugas nori ilsėtis dainą.
Datasets/Synthetic_Sentences/images/sentence_47963.png,Berniukas sportuoja stadione.
Datasets/Real_Handwriting/images/form_191_sentence_1.png,Jos žaidžia mieste.
Datasets/Real_Handwriting/images/form_280_sentence_4.png,Kruopščiai mergaitė mokosi mokykloje.
Datasets/Synthetic_Sentences/images/sentence_14611.png,Eglė neša knygą.
Datasets/Synthetic_Sentences/images/sentence_38889.png,Šiandien Jurgita ilsisi kalnuose.
Datasets/Synthetic_Sentences/images/sentence_68669.png,Garsiai mokytojas perka gėlę.
Datasets/Synthetic_Sentences/images/sentence_54040.png,Mergaitė mokosi stotyje vėlai vakare.
Datasets/Synthetic_Sentences/images/sentence_45308.png,Mergaitė perka dovaną.
Datasets/Real_Handwriting/images/form_145_sentence_1.png,Jie pradeda skaityti.
Datasets/Real_Handwriting/images/form_124_sentence_3.png,Vyras ilsisi kavą mokykloje.
Datasets/Synthetic_Sentences/images/sentence_08433.png,Šiandien Gintaras ilsisi mokykloje.
Datasets/Synthetic_Sentences/images/sentence_63491.png,Gydytojas mokosi stotyje.
Datasets/Synthetic_Sentences/images/sentence_63386.png,"Petras mokosi stadione, bet nori galvoti."
Datasets/Real_Handwriting/images/form_478_sentence_4.png,Atidžiai Petras skaito knygą.
Datasets/Synthetic_Sentences/images/sentence_07038.png,Žilvinas bando bėgti.
Datasets/Real_Handwriting/images/form_299_sentence_5.png,Cukrų ir cinamoną dedame į pyragą.
Datasets/Real_Handwriting/images/form_350_sentence_4.png,Vakar žmogus skaitė laišką.
Datasets/Synthetic_Sentences/images/sentence_20080.png,Katė nori pirkti žaislą.
Datasets/Synthetic_Sentences/images/sentence_14297.png,Vakar Marija dirbo namuose.
Datasets/Synthetic_Sentences/images/sentence_00808.png,Rytoj Ingrida skaitys laišką.
Datasets/Real_Handwriting/images/form_335_sentence_2.png,Marija būna miške.
Datasets/Synthetic_Sentences/images/sentence_16116.png,Renata stengiasi žaisti.
Datasets/Synthetic_Sentences/images/sentence_49643.png,Mindaugas neskaito receptą.
Datasets/Real_Handwriting/images/form_103_sentence_4.png,Gydytojai tvarkosi muziką miške.
Datasets/Synthetic_Sentences/images/sentence_29463.png,Berniukas dirba kaime vėlai vakare.
Datasets/Real_Handwriting/images/form_393_sentence_4.png,Mielai katė skaito laišką.
Datasets/Real_Handwriting/images/form_451_sentence_4.png,Šiandien šuo mokosi bibliotekoje.
Datasets/Synthetic_Sentences/images/sentence_33329.png,Studentas nori valgyti duoną.
Datasets/Synthetic_Sentences/images/sentence_64748.png,Ar mokytojas mėgsta kalbėti?
Datasets/Real_Handwriting/images/form_127_sentence_1.png,Ji mokosi mieste ir namuose.
Datasets/Synthetic_Sentences/images/sentence_01691.png,Kodėl Jonas dirba stadione?
Datasets/Synthetic_Sentences/images/sentence_20991.png,Tyliai berniukas mokosi kavinėje po pietų.
Datasets/Synthetic_Sentences/images/sentence_34653.png,Vaikas nedirba stotyje.
Datasets/Synthetic_Sentences/images/sentence_40733.png,Vaikas nedirba kaime.
Datasets/Real_Handwriting/images/form_194_sentence_3.png,Jūs baigia skubėti.
Datasets/Real_Handwriting/images/form_353_sentence_1.png,Danielius ilsisi ežero pakrantėje.
Datasets/Synthetic_Sentences/images/sentence_61799.png,Gydytojas stengiasi gerti.
Datasets/Synthetic_Sentences/images/sentence_03949.png,Šuo lankosi miške.
Datasets/Synthetic_Sentences/images/sentence_13094.png,Mindaugas skaito istoriją.
Datasets/Real_Handwriting/images/form_257_sentence_3.png,Ar Danielius nori gerti?
Datasets/Synthetic_Sentences/images/sentence_35353.png,Draugas davė dovaną per gimtadienį.
Datasets/Synthetic_Sentences/images/sentence_28506.png,Garsiai Danielius perka knygą.
Datasets/Synthetic_Sentences/images/sentence_40945.png,Mantas perka nuobodų arbatą.
Datasets/Real_Handwriting/images/form_220_sentence_4.png,Jurgita pradeda statyti.
Datasets/Synthetic_Sentences/images/sentence_21329.png,Kruopščiai studentė valgo duoną.
Datasets/Synthetic_Sentences/images/sentence_69690.png,Rytoj Renata skaitys istoriją.
Datasets/Real_Handwriting/images/form_161_sentence_2.png,Vyrai mėgsta rašyti darbą.
Datasets/Synthetic_Sentences/images/sentence_17201.png,Garsiai šuo rašo receptą.
Datasets/Real_Handwriting/images/form_359_sentence_2.png,Katė dirba stotyje.
Datasets/Synthetic_Sentences/images/sentence_28371.png,Drąsiai studentas mokosi pievoje naktį.
Datasets/Synthetic_Sentences/images/sentence_20552.png,Studentas dirba miške ir skaito receptą.
Datasets/Synthetic_Sentences/images/sentence_61291.png,Danielius perka gražų dovaną.
Datasets/Synthetic_Sentences/images/sentence_26103.png,Kristina mėgsta gerti pieną.
Datasets/Synthetic_Sentences/images/sentence_12655.png,Tomas renka obuolius.
Datasets/Synthetic_Sentences/images/sentence_06639.png,Kur šuo dirba?
Datasets/Real_Handwriting/images/form_410_sentence_2.png,Ar katė mėgsta plaukti?
Datasets/Synthetic_Sentences/images/sentence_33918.png,Šiandien Mantas ilsisi namuose.
Datasets/Synthetic_Sentences/images/sentence_46968.png,Gintaras dirba miške ir skaito žemėlapį.
Datasets/Real_Handwriting/images/form_091_sentence_5.png,Tu blogai eina.
Datasets/Synthetic_Sentences/images/sentence_58907.png,Gydytojas nori groti.
Datasets/Synthetic_Sentences/images/sentence_49737.png,Lėtai studentas perka žaislą.
Datasets/Synthetic_Sentences/images/sentence_68831.png,Šiandien Kristina perka arbatą.
Datasets/Synthetic_Sentences/images/sentence_47080.png,Gydytojas dirba pievoje po pietų.
Datasets/Real_Handwriting/images/form_029_sentence_2.png,Mokytojai kalba namus.
Datasets/Synthetic_Sentences/images/sentence_27465.png,Šiandien mergaitė perka knygą.
Datasets/Real_Handwriting/images/form_445_sentence_3.png,Marija nori groti.
Datasets/Real_Handwriting/images/form_334_sentence_1.png,Mielai studentas sportuoja kalnuose.
Datasets/Real_Handwriting/images/form_241_sentence_4.png,Renata skaito žurnalą.
Datasets/Real_Handwriting/images/form_469_sentence_3.png,Rytoj Mindaugas eis kalnuose.
Datasets/Synthetic_Sentences/images/sentence_15219.png,Katė nedirba paplūdimyje.
Datasets/Synthetic_Sentences/images/sentence_27668.png,Eglė mokosi stadione.
Datasets/Synthetic_Sentences/images/sentence_37031.png,Danielius ilsisi darbe.
Datasets/Synthetic_Sentences/images/sentence_53577.png,Rasa pradeda mokytis.
Datasets/Real_Handwriting/images/form_314_sentence_2.png,Tyliai Mindaugas valgo košę.
Datasets/Real_Handwriting/images/form_495_sentence_1.png,Vakar Jonas nešė dovaną.
Datasets/Synthetic_Sentences/images/sentence_52651.png,Ar Laura skaito žemėlapį?
Datasets/Real_Handwriting/images/form_268_sentence_2.png,Gintaras mėgsta gerti užduotį.
Datasets/Synthetic_Sentences/images/sentence_18195.png,Neringa nori valgyti sriubą.
Datasets/Synthetic_Sentences/images/sentence_07572.png,Ar Tomas mokosi ežero pakrantėje?
Datasets/Synthetic_Sentences/images/sentence_36525.png,Jonas mėgsta valgyti košę.
Datasets/Synthetic_Sentences/images/sentence_50130.png,Laura mokosi pievoje.
Datasets/Real_Handwriting/images/form_069_sentence_3.png,Studentai tvarkosi ir tvarkosi.
Datasets/Synthetic_Sentences/images/sentence_31755.png,Drąsiai Marija mokosi kalnuose.
Datasets/Synthetic_Sentences/images/sentence_23171.png,"Neringa mokosi namuose, bet nori kalbėti."
Datasets/Synthetic_Sentences/images/sentence_68119.png,Mokytoja nori valgyti obuolį.
Datasets/Real_Handwriting/images/form_344_sentence_1.png,Danielius neša krepšį.
Datasets/Synthetic_Sentences/images/sentence_58506.png,Mergaitė renka akmenis.
Datasets/Synthetic_Sentences/images/sentence_56028.png,Rytoj Marija eis ežero pakrantėje.
Datasets/Synthetic_Sentences/images/sentence_47105.png,Renata dirba sode naktį.
Datasets/Synthetic_Sentences/images/sentence_24169.png,Mindaugas žaidžia mokykloje.
Datasets/Synthetic_Sentences/images/sentence_12518.png,Mindaugas nedirba miške.
Datasets/Real_Handwriting/images/form_215_sentence_3.png,Gintaras stengiasi piešti.
Datasets/Synthetic_Sentences/images/sentence_37945.png,Gintaras mėgsta valgyti daržoves.
Datasets/Synthetic_Sentences/images/sentence_56952.png,"Mokytoja mokosi namuose, bet nori dirbti."
Datasets/Synthetic_Sentences/images/sentence_17239.png,Mantas gyvena kavinėje.
Datasets/Synthetic_Sentences/images/sentence_00175.png,Šuo pradeda rašyti.
Datasets/Real_Handwriting/images/form_062_sentence_1.png,Ar jos rašo?
Datasets/Synthetic_Sentences/images/sentence_25504.png,Ar Neringa mėgsta gerti?
Datasets/Synthetic_Sentences/images/sentence_29421.png,Eglė nori gerti kavą.
Datasets/Real_Handwriting/images/form_159_sentence_4.png,Mokytojai šypsosi filmą.
Datasets/Real_Handwriting/images/form_119_sentence_2.png,Mokytojai geria ir geria.
Datasets/Synthetic_Sentences/images/sentence_12459.png,Berniukas mokosi ligoninėje.
Datasets/Synthetic_Sentences/images/sentence_26593.png,Rasa mokosi mokykloje anksti ryte.
Datasets/Real_Handwriting/images/form_211_sentence_2.png,Kristina groja melodiją.
Datasets/Synthetic_Sentences/images/sentence_55189.png,Jurgita skaito knygą.
Datasets/Synthetic_Sentences/images/sentence_66782.png,Mantas neša krepšį.
Datasets/Synthetic_Sentences/images/sentence_28023.png,Vaikas mėgsta valgyti košę.
Datasets/Synthetic_Sentences/images/sentence_21506.png,Jurgita nori pirkti kavą.
Datasets/Synthetic_Sentences/images/sentence_03631.png,Gintaras nori rašyti užduotį.
Datasets/Real_Handwriting/images/form_149_sentence_1.png,Gydytojas sportuoja kalnuose ir ligoninėje.
Datasets/Real_Handwriting/images/form_315_sentence_3.png,Ramiai mokytojas perka dovaną.
Datasets/Real_Handwriting/images/form_170_sentence_3.png,Mes labai valgo.
Datasets/Synthetic_Sentences/images/sentence_39151.png,Šiandien Renata mokosi parke.
Datasets/Synthetic_Sentences/images/sentence_57051.png,Petras nori pirkti duoną.
Datasets/Synthetic_Sentences/images/sentence_65917.png,Mindaugas valgo daržoves.
Datasets/Real_Handwriting/images/form_005_sentence_4.png,Paukštis dainuoja filmą.
Datasets/Synthetic_Sentences/images/sentence_33645.png,Šiandien Neringa mokosi bibliotekoje.
Datasets/Synthetic_Sentences/images/sentence_47004.png,Vaikas stengiasi valgyti.
Datasets/Real_Handwriting/images/form_083_sentence_5.png,Greitai katė keliauoja vandenį.
Datasets/Real_Handwriting/images/form_085_sentence_1.png,Vyras mėgsta skaityti.
Datasets/Synthetic_Sentences/images/sentence_42080.png,Ar Marija dirba paplūdimyje?
Datasets/Real_Handwriting/images/form_402_sentence_5.png,Anas vyras atneša arbatos.
Datasets/Synthetic_Sentences/images/sentence_68604.png,Rasa mėgsta žaisti.
Datasets/Real_Handwriting/images/form_214_sentence_2.png,Renata renka vaisius.
Datasets/Real_Handwriting/images/form_476_sentence_1.png,Paukštis perka dovaną.
Datasets/Real_Handwriting/images/form_435_sentence_4.png,Vakar Mindaugas skaitė žemėlapį.
Datasets/Synthetic_Sentences/images/sentence_44113.png,Katė pradeda žaisti.
Datasets/Synthetic_Sentences/images/sentence_31952.png,Šiandien Jurgita mokosi pievoje.
Datasets/Real_Handwriting/images/form_330_sentence_2.png,Vakar Danielius skaitė istoriją.
Datasets/Synthetic_Sentences/images/sentence_04801.png,Saulius stengiasi gerti.
Datasets/Real_Handwriting/images/form_291_sentence_2.png,Švelniai Danielius valgo košę.
Datasets/Synthetic_Sentences/images/sentence_09618.png,Garsiai Petras rašo laišką.
Datasets/Synthetic_Sentences/images/sentence_55283.png,Rūpestingai Tomas dirba ežero pakrantėje.
Datasets/Synthetic_Sentences/images/sentence_31082.png,Gintaras dirba parke ir skaito istoriją.
Datasets/Synthetic_Sentences/images/sentence_34691.png,Danielius dirba kalnuose vakare.
Datasets/Synthetic_Sentences/images/sentence_65347.png,Neringa mokosi mokykloje naktį.
Datasets/Synthetic_Sentences/images/sentence_27354.png,Šiandien Petras skaito laišką.
Datasets/Synthetic_Sentences/images/sentence_37301.png,Vakar mergaitė nešė dovaną.
Datasets/Synthetic_Sentences/images/sentence_19900.png,Mokytojas nori valgyti vaisius.
Datasets/Synthetic_Sentences/images/sentence_46721.png,Vaikas mėgsta pirkti duoną.
Datasets/Synthetic_Sentences/images/sentence_45900.png,Šiandien Eglė perka knygą.
Datasets/Real_Handwriting/images/form_195_sentence_2.png,Paukštis eina istoriją.
Datasets/Synthetic_Sentences/images/sentence_02361.png,Gintaras lankosi stotyje.
Datasets/Synthetic_Sentences/images/sentence_08937.png,Mergaitė nori skaityti žurnalą.
Datasets/Synthetic_Sentences/images/sentence_49951.png,Ar Jonas mokosi darbe?
Datasets/Synthetic_Sentences/images/sentence_48606.png,Vakar Ingrida nešė laišką.
Datasets/Synthetic_Sentences/images/sentence_01132.png,Kruopščiai Kristina dirba parke.
Datasets/Real_Handwriting/images/form_209_sentence_2.png,Ar Renata nori sportuoti?
Datasets/Synthetic_Sentences/images/sentence_51652.png,Vaikas pradeda tvarkytis.
Datasets/Synthetic_Sentences/images/sentence_57007.png,Ar Renata mokosi stotyje?
Datasets/Synthetic_Sentences/images/sentence_26020.png,Rytoj Neringa skaitys žemėlapį.
Datasets/Synthetic_Sentences/images/sentence_34789.png,Greitai Saulius ilsisi stotyje.
Datasets/Synthetic_Sentences/images/sentence_20642.png,Tomas mėgsta valgyti daržoves.
Datasets/Synthetic_Sentences/images/sentence_04434.png,Tomas mėgsta gerti sultis.
Datasets/Real_Handwriting/images/form_253_sentence_1.png,Eglė groja melodiją.
Datasets/Synthetic_Sentences/images/sentence_11280.png,Gydytojas mokosi parke.
Datasets/Real_Handwriting/images/form_267_sentence_3.png,Vaikas geria kavą.
Datasets/Synthetic_Sentences/images/sentence_18121.png,Laura dirba darbe ir skaito žurnalą.
Datasets/Real_Handwriting/images/form_404_sentence_3.png,Danielius valgo duoną.
Datasets/Real_Handwriting/images/form_460_sentence_5.png,Nuo kalno matosi nuostabus vaizas.
Datasets/Real_Handwriting/images/form_301_sentence_2.png,Šiandien Marija dirba ežero pakrantėje.
Datasets/Real_Handwriting/images/form_349_sentence_1.png,Ar Kristina mokosi darbe?
Datasets/Synthetic_Sentences/images/sentence_57333.png,Greitai Marija skaito žemėlapį.
Datasets/Real_Handwriting/images/form_066_sentence_2.png,Šiandien aš skaito smagiai.
Datasets/Synthetic_Sentences/images/sentence_31404.png,Šiandien Marija ilsisi namuose.
Datasets/Real_Handwriting/images/form_273_sentence_5.png,Žaibas nušvietė tamsų dangų audros metu.
Datasets/Synthetic_Sentences/images/sentence_41270.png,Studentė perka šaltą duoną.
Datasets/Real_Handwriting/images/form_170_sentence_4.png,Ar jie klauso?
Datasets/Real_Handwriting/images/form_379_sentence_2.png,Garsiai mokytojas neša knygą.
Datasets/Real_Handwriting/images/form_167_sentence_5.png,Vyrai stengiasi mokytis.
Datasets/Synthetic_Sentences/images/sentence_23544.png,Ar Neringa skaito žurnalą?
Datasets/Synthetic_Sentences/images/sentence_49548.png,Marija perka greitą gėlę.
Datasets/Synthetic_Sentences/images/sentence_17077.png,Ramiai studentė neša knygą.
Datasets/Synthetic_Sentences/images/sentence_33096.png,Tomas stengiasi groti.
Datasets/Real_Handwriting/images/form_356_sentence_2.png,Šiandien Jurgita ilsisi parke.
Datasets/Synthetic_Sentences/images/sentence_02196.png,Šiandien mokytojas perka žaislą.
Datasets/Synthetic_Sentences/images/sentence_68733.png,Renata dirba pievoje ir skaito istoriją.
Datasets/Synthetic_Sentences/images/sentence_67739.png,Danielius nori pirkti gėlę.
Datasets/Synthetic_Sentences/images/sentence_64717.png,Šiandien Mindaugas mokosi mokykloje.
Datasets/Synthetic_Sentences/images/sentence_10764.png,Eglė perka spalvotą dovaną.
Datasets/Synthetic_Sentences/images/sentence_17464.png,Ar Eglė skaito žemėlapį?
Datasets/Synthetic_Sentences/images/sentence_14099.png,Studentė neša laišką.
Datasets/Synthetic_Sentences/images/sentence_36958.png,Kruopščiai Saulius perka dovaną.
Datasets/Real_Handwriting/images/form_046_sentence_2.png,Draugai šypsosi miške ir prie ežero.
Datasets/Synthetic_Sentences/images/sentence_36354.png,Šiandien Gintaras skaito laišką.
Datasets/Real_Handwriting/images/form_006_sentence_4.png,Tu nemėgsta skubėti.
Datasets/Synthetic_Sentences/images/sentence_10995.png,Lėtai Mindaugas perka gėlę.
Datasets/Real_Handwriting/images/form_091_sentence_4.png,Šuo galvoja prie ežero.
Datasets/Real_Handwriting/images/form_052_sentence_3.png,Šiandien gydytojai mąsto niekada.
Datasets/Synthetic_Sentences/images/sentence_24476.png,Rasa mėgsta pirkti žaislą.
Datasets/Synthetic_Sentences/images/sentence_33017.png,Kodėl Danielius dirba pievoje?
Datasets/Synthetic_Sentences/images/sentence_25645.png,Vakar berniukas nešė dovaną.
Datasets/Real_Handwriting/images/form_050_sentence_2.png,Moterys labai visada žaidžia.
Datasets/Synthetic_Sentences/images/sentence_02112.png,Žilvinas ilsisi ežero pakrantėje.
Datasets/Synthetic_Sentences/images/sentence_29531.png,Ar Rasa mokosi namuose?
Datasets/Synthetic_Sentences/images/sentence_28852.png,"Žilvinas mokosi kavinėje, nes jam patinka."
Datasets/Real_Handwriting/images/form_252_sentence_2.png,Šiandien mokytoja ilsisi mokykloje.
Datasets/Synthetic_Sentences/images/sentence_38563.png,Džiaugsmingai mokytojas mokosi miške naktį.
Datasets/Real_Handwriting/images/form_003_sentence_4.png,Mergaitė nori žaisti.
Datasets/Synthetic_Sentences/images/sentence_34887.png,Ką mokytojas skaito?
Datasets/Synthetic_Sentences/images/sentence_45166.png,Mantas skaito seną istoriją.
Datasets/Synthetic_Sentences/images/sentence_37125.png,Marija nori pirkti duoną.
Datasets/Synthetic_Sentences/images/sentence_30971.png,Mokytojas žaidžia kalnuose.
Datasets/Real_Handwriting/images/form_236_sentence_1.png,Mokytoja dirba upės pakrantėje.
Datasets/Synthetic_Sentences/images/sentence_49504.png,Tomas geria sultis.
Datasets/Real_Handwriting/images/form_044_sentence_5.png,Šiandien tu geria greitai.
Datasets/Synthetic_Sentences/images/sentence_69320.png,Petras nori skaityti žemėlapį.
Datasets/Real_Handwriting/images/form_500_sentence_2.png,Šiandien Rasa perka gėlę.
Datasets/Synthetic_Sentences/images/sentence_52396.png,Berniukas rašo užduotį.
Datasets/Real_Handwriting/images/form_098_sentence_3.png,Aš bijo miegoti receptą.
Datasets/Synthetic_Sentences/images/sentence_23263.png,Laura gyvena mieste.
Datasets/Synthetic_Sentences/images/sentence_68877.png,Studentė mokosi stadione.
Datasets/Synthetic_Sentences/images/sentence_69574.png,Kodėl Žilvinas dirba parke?
Datasets/Synthetic_Sentences/images/sentence_31597.png,Mokytojas valgo vaisius.
Datasets/Synthetic_Sentences/images/sentence_60263.png,Ingrida dirba paplūdimyje anksti ryte.
Datasets/Synthetic_Sentences/images/sentence_48642.png,Tomas nenori skaityti.
Datasets/Synthetic_Sentences/images/sentence_33043.png,Šiandien šuo perka duoną.
Datasets/Real_Handwriting/images/form_264_sentence_1.png,Ingrida nori dainuoti.
Datasets/Synthetic_Sentences/images/sentence_57707.png,Neringa mėgsta skaityti.
Datasets/Real_Handwriting/images/form_387_sentence_2.png,Mokytoja žaidžia paplūdimyje.
Datasets/Synthetic_Sentences/images/sentence_42631.png,Vakar Neringa dirbo bibliotekoje.
Datasets/Synthetic_Sentences/images/sentence_08687.png,Gydytojas skaito naują knygą.
Datasets/Real_Handwriting/images/form_372_sentence_4.png,Ar Rasa dirba kaime?
Datasets/Real_Handwriting/images/form_109_sentence_3.png,Dažnai gydytojai sportuoja egzaminą.
Datasets/Synthetic_Sentences/images/sentence_54693.png,Katė žaidžia miške.
Datasets/Real_Handwriting/images/form_427_sentence_2.png,Ingrida mėgsta kalbėti.
Datasets/Synthetic_Sentences/images/sentence_56811.png,Kur gydytojas dirba?
Datasets/Real_Handwriting/images/form_290_sentence_1.png,Rasa sportuoja bibliotekoje.
Datasets/Synthetic_Sentences/images/sentence_13491.png,Švelniai Marija valgo duoną.
Datasets/Synthetic_Sentences/images/sentence_65735.png,"Studentė dirba pievoje, nes jam patinka."
Datasets/Real_Handwriting/images/form_292_sentence_3.png,Ar vaikas mokosi pievoje?
Datasets/Real_Handwriting/images/form_217_sentence_5.png,Cukrų ir cinamoną dedame į pyragą.
Datasets/Synthetic_Sentences/images/sentence_54022.png,Rūpestingai Marija ilsisi stotyje.
Datasets/Real_Handwriting/images/form_374_sentence_4.png,Ramiai Danielius perka gėlę.
Datasets/Real_Handwriting/images/form_187_sentence_3.png,Mergaitė miega mokyklą.
Datasets/Synthetic_Sentences/images/sentence_48960.png,Saulius pradeda mokytis.
Datasets/Real_Handwriting/images/form_370_sentence_2.png,Ar Jonas skaito laišką?
Datasets/Synthetic_Sentences/images/sentence_61902.png,Gintaras dirba stadione ir skaito knygą.
Datasets/Synthetic_Sentences/images/sentence_15655.png,Gydytojas gyvena paplūdimyje.
Datasets/Synthetic_Sentences/images/sentence_61203.png,"Mokytoja mokosi mieste, bet nori mokytis."
Datasets/Real_Handwriting/images/form_456_sentence_5.png,Universiteto studentai žaidžia šachmatais laisvalaikiu.
Datasets/Synthetic_Sentences/images/sentence_59512.png,Katė skaito šviesų žurnalą.
Datasets/Real_Handwriting/images/form_464_sentence_5.png,Kavinėje kvepėjo kava ir cinamonu.
Datasets/Synthetic_Sentences/images/sentence_32851.png,Petras nedirba namuose.
Datasets/Synthetic_Sentences/images/sentence_48300.png,Žilvinas dirba kalnuose.
Datasets/Synthetic_Sentences/images/sentence_26824.png,Lėtai vaikas skaito žurnalą.
Datasets/Synthetic_Sentences/images/sentence_49014.png,Vakar Jurgita dirbo ligoninėje.
Datasets/Real_Handwriting/images/form_182_sentence_1.png,Šiandien moterys skaito dabar.
Datasets/Synthetic_Sentences/images/sentence_42862.png,Petras mėgsta valgyti košę.
Datasets/Real_Handwriting/images/form_375_sentence_1.png,Vakar Danielius dirbo sode.
Datasets/Synthetic_Sentences/images/sentence_64806.png,Jurgita mėgsta skaityti istoriją.
Datasets/Real_Handwriting/images/form_400_sentence_4.png,Gydytojas lankosi namuose.
Datasets/Synthetic_Sentences/images/sentence_23511.png,Lėtai Kristina dirba kalnuose.
Datasets/Synthetic_Sentences/images/sentence_13532.png,Šiandien Tomas dirba stotyje.
Datasets/Synthetic_Sentences/images/sentence_61560.png,Šiandien Mindaugas dirba upės pakrantėje.
Datasets/Synthetic_Sentences/images/sentence_16096.png,Eglė renka daržoves.
Datasets/Real_Handwriting/images/form_383_sentence_1.png,Vakar mergaitė skaitė receptą.
Datasets/Real_Handwriting/images/form_175_sentence_4.png,Šiandien mergaitės žaidžia retai.
Datasets/Real_Handwriting/images/form_360_sentence_3.png,Ar Jurgita mokosi darbe?
Datasets/Synthetic_Sentences/images/sentence_52955.png,Šiandien vaikas dirba ligoninėje.
Datasets/Synthetic_Sentences/images/sentence_59277.png,Mergaitė dirba mokykloje ir skaito istoriją.
Datasets/Real_Handwriting/images/form_061_sentence_4.png,Šiandien mergaitė sportuoja šiandien.
Datasets/Synthetic_Sentences/images/sentence_62443.png,Mergaitė skaito istoriją.
Datasets/Synthetic_Sentences/images/sentence_00545.png,Gydytojas bando sportuoti.
Datasets/Synthetic_Sentences/images/sentence_66908.png,Tomas mėgsta dainuoti.
Datasets/Synthetic_Sentences/images/sentence_17212.png,Studentė dirba ligoninėje po pietų.
Datasets/Synthetic_Sentences/images/sentence_49666.png,Jurgita stengiasi skaityti.
Datasets/Synthetic_Sentences/images/sentence_55864.png,Šiandien studentas dirba darbe.
Datasets/Synthetic_Sentences/images/sentence_04166.png,Mantas renka daržoves.
Datasets/Synthetic_Sentences/images/sentence_48796.png,Gydytojas neskaito knygą.
Datasets/Synthetic_Sentences/images/sentence_15165.png,Jonas lankosi bibliotekoje.
Datasets/Synthetic_Sentences/images/sentence_14537.png,Rytoj Rasa eis stadione.
Datasets/Synthetic_Sentences/images/sentence_26039.png,Ar Jurgita mėgsta dainuoti?
Datasets/Synthetic_Sentences/images/sentence_67326.png,Šuo nori keliauti.
Datasets/Synthetic_Sentences/images/sentence_12111.png,Eglė nedirba parke.
Datasets/Real_Handwriting/images/form_213_sentence_3.png,Gydytojas būna stotyje.
Datasets/Real_Handwriting/images/form_003_sentence_5.png,Moterys stengiasi skaityti.
Datasets/Synthetic_Sentences/images/sentence_30336.png,Danielius skaito istoriją.
Datasets/Real_Handwriting/images/form_207_sentence_5.png,Ežeras ežiukui atrodo labai didelis.
Datasets/Real_Handwriting/images/form_163_sentence_3.png,Gydytojai smagiai rašo.
Datasets/Real_Handwriting/images/form_299_sentence_2.png,Džiaugsmingai Neringa perka gėlę.
Datasets/Real_Handwriting/images/form_293_sentence_3.png,Šiandien vaikas skaito žemėlapį.
Datasets/Real_Handwriting/images/form_292_sentence_2.png,Šiandien šeima ilsisi miške.
Datasets/Synthetic_Sentences/images/sentence_26809.png,"Marija dirba pievoje, nes tai labai įdomu."
Datasets/Synthetic_Sentences/images/sentence_39317.png,Rūpestingai Neringa ilsisi mokykloje.
Datasets/Synthetic_Sentences/images/sentence_18142.png,"Mindaugas mokosi parke, bet nori skaityti."
Datasets/Synthetic_Sentences/images/sentence_15630.png,Gydytojas žaidžia upės pakrantėje.
Datasets/Synthetic_Sentences/images/sentence_64745.png,Marija valgo obuolį.
Datasets/Synthetic_Sentences/images/sentence_02752.png,Šiandien Laura ilsisi namuose.
Datasets/Synthetic_Sentences/images/sentence_53118.png,Danielius valgo daržoves.
Datasets/Synthetic_Sentences/images/sentence_00965.png,Kodėl Marija dirba mieste?
Datasets/Synthetic_Sentences/images/sentence_69983.png,Ar Ingrida mėgsta kalbėti?
Datasets/Synthetic_Sentences/images/sentence_42098.png,Marija skaito istoriją.
Datasets/Synthetic_Sentences/images/sentence_50825.png,Eglė sportuoja ligoninėje.
Datasets/Synthetic_Sentences/images/sentence_68041.png,"Mokytoja mokosi mieste, nes nori pailsėti."
Datasets/Real_Handwriting/images/form_216_sentence_4.png,Vakar Mindaugas nešė laišką.
Datasets/Real_Handwriting/images/form_217_sentence_2.png,Greitai mergaitė sportuoja pievoje.
Datasets/Synthetic_Sentences/images/sentence_51794.png,Gintaras stengiasi tvarkytis.
Datasets/Real_Handwriting/images/form_179_sentence_2.png,Vaikas sportuoja kaime ir sode.
Datasets/Synthetic_Sentences/images/sentence_63350.png,Mergaitė nori valgyti obuolį.
Datasets/Synthetic_Sentences/images/sentence_22775.png,Kruopščiai Renata dirba ligoninėje.
Datasets/Synthetic_Sentences/images/sentence_55483.png,Petras stengiasi kalbėti.
Datasets/Synthetic_Sentences/images/sentence_19185.png,Ar berniukas mėgsta važiuoti?
Datasets/Real_Handwriting/images/form_457_sentence_4.png,Laura mokosi upės pakrantėje.
Datasets/Real_Handwriting/images/form_281_sentence_2.png,Rasa perka kavą.
Datasets/Synthetic_Sentences/images/sentence_29163.png,Lėtai Mindaugas mokosi stadione.
Datasets/Real_Handwriting/images/form_162_sentence_5.png,Mokytojai pradeda eiti.
Datasets/Real_Handwriting/images/form_421_sentence_1.png,Paukštis bando dainuoti.
Datasets/Real_Handwriting/images/form_084_sentence_4.png,Šiandien gydytojai šypsosi kruopščiai.
Datasets/Real_Handwriting/images/form_008_sentence_1.png,Studentas galvoja projektą.
Datasets/Synthetic_Sentences/images/sentence_32819.png,Laura renka gėles.
Datasets/Synthetic_Sentences/images/sentence_47869.png,Jurgita skaito tamsų laišką.
Datasets/Synthetic_Sentences/images/sentence_27384.png,Katė valgo sriubą.
Datasets/Synthetic_Sentences/images/sentence_45206.png,Gintaras pradeda šokti.
Datasets/Real_Handwriting/images/form_018_sentence_4.png,Studentas baigia sportuoti.
Datasets/Synthetic_Sentences/images/sentence_49431.png,Katė renka daržoves.
Datasets/Real_Handwriting/images/form_394_sentence_3.png,Rytoj Žilvinas eis bibliotekoje.
Datasets/Real_Handwriting/images/form_500_sentence_1.png,Mokytoja rašo istoriją.
Datasets/Synthetic_Sentences/images/sentence_01295.png,Rūpestingai gydytojas dirba ežero pakrantėje.
Datasets/Synthetic_Sentences/images/sentence_32301.png,Eglė ilsisi mokykloje.
Datasets/Synthetic_Sentences/images/sentence_50896.png,Ar Tomas nori bėgti?
Datasets/Real_Handwriting/images/form_133_sentence_2.png,Mokytojas geria mieste.
Datasets/Synthetic_Sentences/images/sentence_58747.png,Mokytojas skaito lėtą receptą.
Datasets/Synthetic_Sentences/images/sentence_49368.png,Berniukas perka naują arbatą.
Datasets/Synthetic_Sentences/images/sentence_25616.png,Drąsiai mokytojas skaito istoriją.
Datasets/Synthetic_Sentences/images/sentence_13258.png,Šiandien Rasa skaito receptą.
Datasets/Synthetic_Sentences/images/sentence_09949.png,"Gintaras mokosi miške, bet nori dirbti."
Datasets/Real_Handwriting/images/form_503_sentence_5.png,Kartu keliaujame per kalnų taką.
Datasets/Real_Handwriting/images/form_489_sentence_1.png,Laura gyvena stotyje.
Datasets/Real_Handwriting/images/form_051_sentence_4.png,Šiandien jūs juokiasi smagiai.
Datasets/Synthetic_Sentences/images/sentence_08176.png,Studentas nori valgyti daržoves.
Datasets/Real_Handwriting/images/form_482_sentence_2.png,Ramiai Eglė mokosi ežero pakrantėje.
Datasets/Real_Handwriting/images/form_086_sentence_2.png,Mokytojas skaito maistą.
Datasets/Synthetic_Sentences/images/sentence_16817.png,Ingrida nori tvarkytis.
Datasets/Real_Handwriting/images/form_015_sentence_1.png,Jis ramiai rašo.
Datasets/Synthetic_Sentences/images/sentence_29803.png,Marija stengiasi dirbti.
Datasets/Real_Handwriting/images/form_269_sentence_1.png,Mielai Rasa neša žaislą.
Datasets/Synthetic_Sentences/images/sentence_54202.png,Studentas nori valgyti košę.
Datasets/Synthetic_Sentences/images/sentence_47775.png,Ar Kristina nori dirbti?
Datasets/Synthetic_Sentences/images/sentence_03507.png,Jurgita neskaito žurnalą.
Datasets/Real_Handwriting/images/form_275_sentence_5.png,Cukrų ir cinamoną dedame į pyragą.
Datasets/Synthetic_Sentences/images/sentence_52844.png,Vakar vaikas nešė dovaną.
Datasets/Real_Handwriting/images/form_043_sentence_2.png,Vaikas labai kruopščiai sportuoja.
Datasets/Synthetic_Sentences/images/sentence_53112.png,Neringa stengiasi keliauti.
Datasets/Synthetic_Sentences/images/sentence_30067.png,Kodėl Eglė dirba darbe?
Datasets/Synthetic_Sentences/images/sentence_49859.png,Šiandien Jurgita ilsisi mokykloje.
Datasets/Synthetic_Sentences/images/sentence_67751.png,Ar Jurgita nori ilsėtis?
Datasets/Real_Handwriting/images/form_150_sentence_5.png,Šiandien moterys ilsisi dabar.
Datasets/Real_Handwriting/images/form_191_sentence_4.png,Aš bijo miegoti.
Datasets/Real_Handwriting/images/form_224_sentence_1.png,Rūpestingai Tomas rašo užduotį.
Datasets/Synthetic_Sentences/images/sentence_38701.png,Neringa nenori gerti.
Datasets/Synthetic_Sentences/images/sentence_49097.png,Studentas nori skaityti laišką.
Datasets/Synthetic_Sentences/images/sentence_59448.png,Ingrida nedirba upės pakrantėje.
Datasets/Synthetic_Sentences/images/sentence_33174.png,Petras skaito seną žemėlapį.
Datasets/Synthetic_Sentences/images/sentence_01167.png,Kristina renka vaisius.
Datasets/Synthetic_Sentences/images/sentence_03975.png,"Studentas dirba kalnuose, nes nori pailsėti."
Datasets/Real_Handwriting/images/form_401_sentence_1.png,Ar Jurgita dirba bibliotekoje?
Datasets/Synthetic_Sentences/images/sentence_42567.png,Gintaras rašo projektą.
Datasets/Real_Handwriting/images/form_442_sentence_4.png,Danielius žaidžia darbe.
Datasets/Synthetic_Sentences/images/sentence_54671.png,Danielius nori skaityti laišką.
Datasets/Synthetic_Sentences/images/sentence_46209.png,Ramiai Mindaugas mokosi kalnuose.
Datasets/Synthetic_Sentences/images/sentence_46853.png,Šiandien Gintaras ilsisi bibliotekoje.
Datasets/Synthetic_Sentences/images/sentence_67110.png,Mantas neskaito žurnalą.
Datasets/Synthetic_Sentences/images/sentence_31132.png,Marija mėgsta valgyti obuolį.
Datasets/Synthetic_Sentences/images/sentence_42514.png,Katė geria vandenį.
Datasets/Synthetic_Sentences/images/sentence_07626.png,Vaikas perka dovaną.
Datasets/Synthetic_Sentences/images/sentence_47838.png,Gydytojas dirba upės pakrantėje po pietų.
Datasets/Real_Handwriting/images/form_457_sentence_5.png,Cukrų ir cinamoną dedame į pyragą.
Datasets/Real_Handwriting/images/form_251_sentence_1.png,Vakar Neringa skaitė knygą.
Datasets/Synthetic_Sentences/images/sentence_08317.png,Petras skaito žemėlapį.
Datasets/Synthetic_Sentences/images/sentence_69220.png,Mantas geria vandenį.
Datasets/Synthetic_Sentences/images/sentence_63487.png,Renata mėgsta pirkti dovaną.
Datasets/Real_Handwriting/images/form_307_sentence_3.png,Žirgas nori galvoti dovaną.
Datasets/Real_Handwriting/images/form_303_sentence_3.png,Garsiai Marija skaito žurnalą.
Datasets/Synthetic_Sentences/images/sentence_30084.png,Ar Jurgita mokosi ežero pakrantėje?
Datasets/Real_Handwriting/images/form_282_sentence_2.png,Jurgita nori ilsėtis dovaną.
Datasets/Real_Handwriting/images/form_115_sentence_2.png,Mergaitės stengiasi tvarkytis maistą.
Datasets/Real_Handwriting/images/form_347_sentence_2.png,Greitai Saulius dirba pievoje.
Datasets/Real_Handwriting/images/form_007_sentence_4.png,Ar draugas rašo?
Datasets/Synthetic_Sentences/images/sentence_26417.png,Kruopščiai Rasa valgo obuolį.
Datasets/Synthetic_Sentences/images/sentence_52514.png,Mergaitė nori gerti arbatą.
Datasets/Real_Handwriting/images/form_313_sentence_1.png,Paukštis lankosi pievoje.
Datasets/Synthetic_Sentences/images/sentence_19179.png,Katė mėgsta gerti arbatą.
Datasets/Synthetic_Sentences/images/sentence_26923.png,Mindaugas dirba stadione.
Datasets/Real_Handwriting/images/form_031_sentence_4.png,Mergaitės labai greitai geria.
Datasets/Real_Handwriting/images/form_270_sentence_1.png,Švelniai Gintaras mokosi parke.
Datasets/Real_Handwriting/images/form_272_sentence_5.png,Kavinėje kvepėjo kava ir cinamonu.
Datasets/Synthetic_Sentences/images/sentence_11750.png,Mantas mėgsta gerti sultis.
Datasets/Synthetic_Sentences/images/sentence_56052.png,Danielius lankosi kavinėje.
Datasets/Real_Handwriting/images/form_265_sentence_5.png,Ona išeina iš namų ankstyvą rytą.
Datasets/Real_Handwriting/images/form_075_sentence_3.png,Šiandien mokytojas piešia rytoj.
Datasets/Real_Handwriting/images/form_066_sentence_1.png,Mergaitė baigia bėgti namus.
Datasets/Real_Handwriting/images/form_134_sentence_4.png,Paukštis bėga laišką.
Datasets/Synthetic_Sentences/images/sentence_50073.png,Mergaitė žaidžia paplūdimyje.
Datasets/Synthetic_Sentences/images/sentence_14068.png,Kruopščiai Eglė neša gėlę.
Datasets/Synthetic_Sentences/images/sentence_15579.png,Vakar Žilvinas skaitė laišką.
Datasets/Synthetic_Sentences/images/sentence_30131.png,Šiandien Danielius dirba parke.
Datasets/Synthetic_Sentences/images/sentence_22741.png,Petras dirba paplūdimyje ir skaito žemėlapį.
Datasets/Real_Handwriting/images/form_293_sentence_5.png,Cecilija čiuožia ant ledo.
Datasets/Synthetic_Sentences/images/sentence_53531.png,Jonas nori pirkti gėlę.
Datasets/Real_Handwriting/images/form_095_sentence_2.png,Jie piešia darbe.
Datasets/Synthetic_Sentences/images/sentence_05187.png,Šiandien Marija skaito žurnalą.
Datasets/Real_Handwriting/images/form_437_sentence_4.png,Šiandien Rasa mokosi ežero pakrantėje.
Datasets/Synthetic_Sentences/images/sentence_36169.png,Studentas mokosi stotyje anksti ryte.
Datasets/Synthetic_Sentences/images/sentence_55997.png,Atidžiai gydytojas skaito žurnalą parke.
Datasets/Synthetic_Sentences/images/sentence_27602.png,Eglė dirba ežero pakrantėje ir skaito knygą.
Datasets/Synthetic_Sentences/images/sentence_16680.png,Ką mergaitė skaito?
Datasets/Synthetic_Sentences/images/sentence_17184.png,Mindaugas geria arbatą.
Datasets/Synthetic_Sentences/images/sentence_58256.png,Džiaugsmingai mergaitė neša knygą.
Datasets/Synthetic_Sentences/images/sentence_48577.png,Kur Saulius dirba?
Datasets/Real_Handwriting/images/form_443_sentence_3.png,Šeima lankosi mieste.
Datasets/Real_Handwriting/images/form_049_sentence_4.png,Vaikas stengiasi tvarkytis.
Datasets/Synthetic_Sentences/images/sentence_24927.png,Ar mokytojas nori tvarkytis?
Datasets/Synthetic_Sentences/images/sentence_07388.png,Ingrida mėgsta pirkti gėlę.
Datasets/Real_Handwriting/images/form_377_sentence_4.png,Atidžiai Neringa mokosi upės pakrantėje.
Datasets/Synthetic_Sentences/images/sentence_66421.png,Gintaras mėgsta groti.
Datasets/Synthetic_Sentences/images/sentence_03769.png,Ingrida skaito spalvotą receptą.
Datasets/Synthetic_Sentences/images/sentence_38971.png,Studentas neša dovaną.
Datasets/Synthetic_Sentences/images/sentence_61174.png,Neringa žaidžia upės pakrantėje.
Datasets/Synthetic_Sentences/images/sentence_61613.png,Mindaugas dirba upės pakrantėje.
Datasets/Synthetic_Sentences/images/sentence_54604.png,Ar berniukas nori piešti?
Datasets/Synthetic_Sentences/images/sentence_43839.png,Tyliai vaikas perka kavą.
Datasets/Real_Handwriting/images/form_313_sentence_3.png,Vakar gydytojas dirbo mokykloje.
Datasets/Real_Handwriting/images/form_467_sentence_2.png,Šeima ilsisi namuose.
Datasets/Real_Handwriting/images/form_065_sentence_5.png,Ar studentai ilsisi?
Datasets/Synthetic_Sentences/images/sentence_50011.png,Drąsiai Mindaugas mokosi kaime vakare.
Datasets/Synthetic_Sentences/images/sentence_09371.png,Danielius mėgsta gerti pieną.
Datasets/Synthetic_Sentences/images/sentence_46998.png,"Berniukas mokosi stadione, nes jam patinka."
Datasets/Real_Handwriting/images/form_410_sentence_4.png,Ingrida valgo košę.
Datasets/Synthetic_Sentences/images/sentence_50127.png,Šuo mėgsta valgyti obuolį.
Datasets/Synthetic_Sentences/images/sentence_67630.png,Šiandien Jurgita ilsisi kalnuose.
Datasets/Synthetic_Sentences/images/sentence_42866.png,Šiandien Danielius mokosi parke.
Datasets/Real_Handwriting/images/form_212_sentence_3.png,Šiandien šuo ilsisi pievoje.
Datasets/Synthetic_Sentences/images/sentence_32747.png,Vakar šuo skaitė knygą.
Datasets/Synthetic_Sentences/images/sentence_08193.png,Vakar Petras skaitė istoriją.
Datasets/Real_Handwriting/images/form_478_sentence_1.png,Žirgas ilsisi bibliotekoje.
Datasets/Synthetic_Sentences/images/sentence_62021.png,Danielius neskaito laišką.
Datasets/Synthetic_Sentences/images/sentence_04499.png,Danielius neskaito žurnalą.
Datasets/Synthetic_Sentences/images/sentence_04431.png,Tyliai Gintaras neša žaislą.
Datasets/Synthetic_Sentences/images/sentence_38587.png,Tomas dirba pievoje anksti ryte.
Datasets/Real_Handwriting/images/form_159_sentence_3.png,Vaikai greitai skaito.
Datasets/Synthetic_Sentences/images/sentence_50077.png,Studentė geria sultis.
Datasets/Synthetic_Sentences/images/sentence_32547.png,Mokytoja mėgsta skaityti istoriją.
Datasets/Synthetic_Sentences/images/sentence_15977.png,Ar Kristina dirba ligoninėje?
Datasets/Synthetic_Sentences/images/sentence_51885.png,Šiandien Žilvinas mokosi paplūdimyje.
Datasets/Synthetic_Sentences/images/sentence_53530.png,Kodėl Saulius dirba kavinėje?
Datasets/Synthetic_Sentences/images/sentence_65777.png,Laura mėgsta gerti sultis.
Datasets/Synthetic_Sentences/images/sentence_37384.png,Vaikas skaito receptą.
Datasets/Synthetic_Sentences/images/sentence_51398.png,Džiaugsmingai Žilvinas skaito laišką.
Datasets/Real_Handwriting/images/form_212_sentence_1.png,Paukštis gyvena paplūdimyje.
Datasets/Synthetic_Sentences/images/sentence_53956.png,Jonas žaidžia paplūdimyje.
Datasets/Real_Handwriting/images/form_200_sentence_3.png,Gydytojai sportuoja darbe ir sode.
Datasets/Synthetic_Sentences/images/sentence_25297.png,Šiandien gydytojas skaito žurnalą.
Datasets/Synthetic_Sentences/images/sentence_07445.png,Mokytoja sportuoja ežero pakrantėje.
Datasets/Synthetic_Sentences/images/sentence_64887.png,Šiandien Ingrida dirba ežero pakrantėje.
Datasets/Synthetic_Sentences/images/sentence_15430.png,Kodėl Jurgita dirba sode?
Datasets/Synthetic_Sentences/images/sentence_56512.png,Renata dirba kaime po pietų.
Datasets/Synthetic_Sentences/images/sentence_39889.png,Švelniai mergaitė perka arbatą.
Datasets/Synthetic_Sentences/images/sentence_28487.png,Petras nenori žaisti.
Datasets/Synthetic_Sentences/images/sentence_05049.png,Vaikas mėgsta valgyti vaisius.
Datasets/Real_Handwriting/images/form_205_sentence_3.png,Vakar mokytojas dirbo mokykloje.
Datasets/Synthetic_Sentences/images/sentence_07188.png,Rūpestingai Gintaras skaito knygą sode.
Datasets/Synthetic_Sentences/images/sentence_55239.png,Mindaugas rašo žemėlapį.
Datasets/Real_Handwriting/images/form_214_sentence_1.png,Rasa rašo užduotį.
Datasets/Synthetic_Sentences/images/sentence_23813.png,Mokytoja lankosi kavinėje.
Datasets/Synthetic_Sentences/images/sentence_39573.png,Laura skaito didelį žemėlapį.
Datasets/Real_Handwriting/images/form_126_sentence_5.png,Mielai paukštis sportuoja egzaminą.
Datasets/Real_Handwriting/images/form_021_sentence_2.png,Niekada mergaitės žaidžia vandenį.
Datasets/Synthetic_Sentences/images/sentence_25325.png,Renata nori pirkti kavą.
Datasets/Real_Handwriting/images/form_031_sentence_5.png,Vaikai bijo valgyti.
Datasets/Synthetic_Sentences/images/sentence_60611.png,Kristina neskaito knygą.
Datasets/Real_Handwriting/images/form_470_sentence_1.png,Gydytojas būna kaime.
Datasets/Synthetic_Sentences/images/sentence_28974.png,Danielius skaito žemėlapį.
Datasets/Synthetic_Sentences/images/sentence_59298.png,Ingrida sportuoja pievoje.
Datasets/Real_Handwriting/images/form_426_sentence_3.png,Džiaugsmingai paukštis mokosi kaime.
Datasets/Synthetic_Sentences/images/sentence_60641.png,Džiaugsmingai Ingrida perka kavą.
Datasets/Synthetic_Sentences/images/sentence_57090.png,Mergaitė nori rašyti žemėlapį.
Datasets/Real_Handwriting/images/form_095_sentence_5.png,Tyliai aš kalba arbatą.
Datasets/Synthetic_Sentences/images/sentence_42277.png,Šuo perka seną gėlę.
Datasets/Real_Handwriting/images/form_354_sentence_2.png,Kruopščiai Eglė skaito receptą.
Datasets/Synthetic_Sentences/images/sentence_56342.png,Šiandien gydytojas mokosi kavinėje.
Datasets/Synthetic_Sentences/images/sentence_03280.png,Vaikas rašo projektą.
Datasets/Synthetic_Sentences/images/sentence_54825.png,Šuo nori rašyti užduotį.
Datasets/Real_Handwriting/images/form_379_sentence_1.png,Ingrida dirba namuose.
Datasets/Real_Handwriting/images/form_470_sentence_5.png,Žirgai bėga laisvai per žalią lauką.
Datasets/Real_Handwriting/images/form_054_sentence_4.png,Draugas bėga maistą stadione.
Datasets/Synthetic_Sentences/images/sentence_37286.png,Jurgita perka žaislą.
Datasets/Synthetic_Sentences/images/sentence_14702.png,Šiandien katė dirba bibliotekoje.
Datasets/Synthetic_Sentences/images/sentence_24068.png,Mielai Mindaugas mokosi stotyje naktį.
Datasets/Real_Handwriting/images/form_140_sentence_5.png,Šuo keliauoja ir keliauoja.
Datasets/Real_Handwriting/images/form_127_sentence_2.png,Šiandien mes žiūri mielai.
Datasets/Real_Handwriting/images/form_472_sentence_4.png,Ar Mantas skaito receptą?
Datasets/Synthetic_Sentences/images/sentence_53093.png,"Vaikas mokosi paplūdimyje, bet nori rašyti."
Datasets/Real_Handwriting/images/form_502_sentence_5.png,Danielius dažnai dalyvauja varžybose.
Datasets/Synthetic_Sentences/images/sentence_26656.png,Gintaras mėgsta valgyti obuolį.
Datasets/Real_Handwriting/images/form_078_sentence_5.png,Studentas klauso arbatą mokykloje.
Datasets/Synthetic_Sentences/images/sentence_37797.png,Saulius mokosi kaime.
Datasets/Synthetic_Sentences/images/sentence_32381.png,Šuo renka vaisius.
Datasets/Synthetic_Sentences/images/sentence_12697.png,Berniukas ilsisi bibliotekoje.
Datasets/Real_Handwriting/images/form_419_sentence_4.png,Kruopščiai žirgas valgo košę.
Datasets/Synthetic_Sentences/images/sentence_29674.png,Mantas nedirba mieste.
Datasets/Synthetic_Sentences/images/sentence_66554.png,Renata mokosi mokykloje.
Datasets/Synthetic_Sentences/images/sentence_04168.png,Tomas geria arbatą.
Datasets/Synthetic_Sentences/images/sentence_21854.png,Jonas sportuoja kalnuose.
Datasets/Synthetic_Sentences/images/sentence_11333.png,Garsiai Mantas skaito žemėlapį.
Datasets/Synthetic_Sentences/images/sentence_20797.png,Ar Ingrida dirba stadione?
Datasets/Synthetic_Sentences/images/sentence_64093.png,Studentė lankosi kaime.
Datasets/Synthetic_Sentences/images/sentence_35935.png,Tyliai katė skaito istoriją stadione.
Datasets/Real_Handwriting/images/form_277_sentence_4.png,Mielai Rasa skaito laišką.
Datasets/Synthetic_Sentences/images/sentence_54045.png,Jurgita renka gėles.
Datasets/Synthetic_Sentences/images/sentence_16560.png,Gydytojas sportuoja mieste.
Datasets/Synthetic_Sentences/images/sentence_33682.png,Šuo rašo receptą.
Datasets/Synthetic_Sentences/images/sentence_37036.png,Kristina rašo receptą.
Datasets/Synthetic_Sentences/images/sentence_42220.png,Ar šuo dirba kavinėje?
Datasets/Synthetic_Sentences/images/sentence_12766.png,Gintaras nedirba paplūdimyje.
Datasets/Synthetic_Sentences/images/sentence_15494.png,Neringa perka skanų dovaną.
Datasets/Synthetic_Sentences/images/sentence_24110.png,Petras nori pirkti dovaną.
Datasets/Real_Handwriting/images/form_059_sentence_5.png,Draugai šypsosi parke.
Datasets/Real_Handwriting/images/form_240_sentence_1.png,Mergaitė dirba parke.
Datasets/Real_Handwriting/images/form_427_sentence_1.png,Džiaugsmingai paukštis perka žaislą.
Datasets/Synthetic_Sentences/images/sentence_27098.png,Ar Danielius mokosi stadione?
Datasets/Synthetic_Sentences/images/sentence_40031.png,Atidžiai Tomas dirba kavinėje.
Datasets/Real_Handwriting/images/form_187_sentence_5.png,Vaikas dainuoja bibliotekoje ir namuose.
Datasets/Synthetic_Sentences/images/sentence_57760.png,Šiandien Laura skaito knygą.
Datasets/Synthetic_Sentences/images/sentence_56279.png,Ingrida nenori plaukti.
Datasets/Synthetic_Sentences/images/sentence_16890.png,Šiandien Ingrida mokosi kavinėje.
Datasets/Synthetic_Sentences/images/sentence_00371.png,Jonas nori pirkti gėlę.
Datasets/Real_Handwriting/images/form_330_sentence_3.png,Rytoj vaikas eis mokykloje.
Datasets/Real_Handwriting/images/form_048_sentence_3.png,Mergaitės kruopščiai keliauoja.
Datasets/Synthetic_Sentences/images/sentence_20205.png,Rūpestingai studentė skaito žurnalą.
Datasets/Real_Handwriting/images/form_366_sentence_4.png,Kristina nori piešti knygą.
Datasets/Synthetic_Sentences/images/sentence_09519.png,Mokytojas bando važiuoti.
Datasets/Synthetic_Sentences/images/sentence_55200.png,Ką katė skaito?
Datasets/Synthetic_Sentences/images/sentence_50840.png,Ramiai katė neša knygą.
Datasets/Synthetic_Sentences/images/sentence_26363.png,Studentas nori rašyti receptą.
Datasets/Synthetic_Sentences/images/sentence_61499.png,Vakar mergaitė dirbo stotyje.
Datasets/Real_Handwriting/images/form_377_sentence_5.png,"Vaikas verkia, nes pametė žaislą."
Datasets/Synthetic_Sentences/images/sentence_00183.png,"Šuo nori bėgti, nes nes jam patinka."
Datasets/Synthetic_Sentences/images/sentence_47489.png,Studentas renka daržoves.
Datasets/Synthetic_Sentences/images/sentence_44728.png,Studentas nori gerti sultis.
Datasets/Real_Handwriting/images/form_282_sentence_1.png,Danielius mokosi mieste.
Datasets/Synthetic_Sentences/images/sentence_54934.png,Kodėl gydytojas dirba namuose?
Datasets/Synthetic_Sentences/images/sentence_40418.png,Rasa neša žaislą.
Datasets/Synthetic_Sentences/images/sentence_55406.png,Petras skaito istoriją.
Datasets/Synthetic_Sentences/images/sentence_37227.png,Šiandien mokytojas mokosi paplūdimyje.
Datasets/Real_Handwriting/images/form_076_sentence_5.png,Draugai nemėgsta žaisti žaidimą.
Datasets/Synthetic_Sentences/images/sentence_27072.png,Šuo lankosi sode.
Datasets/Synthetic_Sentences/images/sentence_00768.png,Vakar Petras skaitė žurnalą.
Datasets/Synthetic_Sentences/images/sentence_65245.png,Vaikas nori gerti kavą.
Datasets/Synthetic_Sentences/images/sentence_39873.png,Studentė mėgsta valgyti obuolį.
Datasets/Real_Handwriting/images/form_282_sentence_3.png,Tyliai žirgas perka dovaną.
Datasets/Real_Handwriting/images/form_369_sentence_2.png,Ar Tomas nori ilsėtis?
Datasets/Synthetic_Sentences/images/sentence_26430.png,Vakar Marija nešė žaislą.
Datasets/Synthetic_Sentences/images/sentence_28616.png,Šiandien Eglė mokosi namuose.
Datasets/Synthetic_Sentences/images/sentence_26376.png,Vakar Jonas skaitė istoriją.
Datasets/Synthetic_Sentences/images/sentence_24356.png,Studentas mėgsta skaityti laišką.
Datasets/Synthetic_Sentences/images/sentence_08195.png,Mokytoja bando važiuoti.
Datasets/Synthetic_Sentences/images/sentence_25239.png,Danielius mėgsta pirkti kavą.
Datasets/Synthetic_Sentences/images/sentence_08244.png,Studentė skaito žurnalą.
Datasets/Synthetic_Sentences/images/sentence_19522.png,Mindaugas žaidžia stotyje.
Datasets/Real_Handwriting/images/form_193_sentence_5.png,Tu šypsosi ir šypsosi.
Datasets/Synthetic_Sentences/images/sentence_31347.png,Berniukas nori rašyti užduotį.
Datasets/Synthetic_Sentences/images/sentence_50137.png,Mantas mokosi mokykloje vakare.
Datasets/Synthetic_Sentences/images/sentence_46479.png,Rytoj Eglė eis stadione.
Datasets/Synthetic_Sentences/images/sentence_07152.png,Ingrida mėgsta skaityti knygą.
Datasets/Synthetic_Sentences/images/sentence_66368.png,Vakar Saulius skaitė istoriją.
Datasets/Real_Handwriting/images/form_128_sentence_3.png,Vaikai nemėgsta kalbėti.
Datasets/Synthetic_Sentences/images/sentence_30517.png,Studentė mėgsta gerti vandenį.
Datasets/Synthetic_Sentences/images/sentence_66288.png,Jurgita dirba upės pakrantėje ryte.
Datasets/Synthetic_Sentences/images/sentence_49576.png,Laura perka nuobodų kavą.
Datasets/Real_Handwriting/images/form_065_sentence_1.png,Gydytojai stengiasi eiti daržoves.
Datasets/Synthetic_Sentences/images/sentence_60380.png,Saulius valgo vaisius.
Datasets/Synthetic_Sentences/images/sentence_61770.png,Studentas pradeda sportuoti.
Datasets/Real_Handwriting/images/form_286_sentence_5.png,Cukrų ir cinamoną dedame į pyragą.
Datasets/Synthetic_Sentences/images/sentence_39702.png,Lėtai mokytojas dirba mokykloje.
Datasets/Real_Handwriting/images/form_452_sentence_4.png,Laura bando dirbti.
Datasets/Synthetic_Sentences/images/sentence_02671.png,Tomas ilsisi paplūdimyje.
Datasets/Synthetic_Sentences/images/sentence_05035.png,Mielai gydytojas ilsisi kavinėje.
Datasets/Real_Handwriting/images/form_040_sentence_2.png,Jis nemėgsta gerti laišką.
Datasets/Synthetic_Sentences/images/sentence_56484.png,Šiandien Danielius mokosi mokykloje.
Datasets/Real_Handwriting/images/form_316_sentence_2.png,Drąsiai Jonas dirba darbe.
Datasets/Synthetic_Sentences/images/sentence_42090.png,Laura lankosi sode.
Datasets/Synthetic_Sentences/images/sentence_02644.png,Ar studentė mėgsta rašyti?
Datasets/Synthetic_Sentences/images/sentence_39640.png,Vakar vaikas skaitė žemėlapį.
Datasets/Synthetic_Sentences/images/sentence_45901.png,Ar katė mokosi ligoninėje?
Datasets/Real_Handwriting/images/form_458_sentence_3.png,Garsiai šeima sportuoja kalnuose.
Datasets/Synthetic_Sentences/images/sentence_09983.png,Rytoj Ingrida skaitys receptą.
Datasets/Synthetic_Sentences/images/sentence_35830.png,Saulius dirba sode.
Datasets/Synthetic_Sentences/images/sentence_42935.png,Mokytoja mokosi bibliotekoje ryte.
Datasets/Real_Handwriting/images/form_335_sentence_3.png,Mantas stengiasi plaukti.
Datasets/Synthetic_Sentences/images/sentence_51479.png,Žilvinas mokosi stotyje vėlai vakare.
Datasets/Synthetic_Sentences/images/sentence_08477.png,Ką vaikas skaito?
Datasets/Synthetic_Sentences/images/sentence_24223.png,Vakar Danielius dirbo pievoje.
Datasets/Synthetic_Sentences/images/sentence_61491.png,Mantas ilsisi kalnuose.
Datasets/Synthetic_Sentences/images/sentence_04493.png,Kristina dirba sode anksti ryte.
Datasets/Synthetic_Sentences/images/sentence_46314.png,Marija pradeda eiti.
Datasets/Synthetic_Sentences/images/sentence_35978.png,Kodėl Rasa dirba ežero pakrantėje?
Datasets/Real_Handwriting/images/form_351_sentence_3.png,Tomas groja muzikos kūrinį.
Datasets/Real_Handwriting/images/form_037_sentence_5.png,Katė labai dabar mąsto.
Datasets/Synthetic_Sentences/images/sentence_48251.png,Gintaras mėgsta gerti pieną.
Datasets/Synthetic_Sentences/images/sentence_61155.png,Švelniai gydytojas valgo duoną.
Datasets/Synthetic_Sentences/images/sentence_23655.png,Šuo nori rašyti laišką.
Datasets/Synthetic_Sentences/images/sentence_18819.png,Vakar Eglė skaitė žemėlapį.
Datasets/Synthetic_Sentences/images/sentence_62665.png,Rūpestingai Jurgita ilsisi kaime.
Datasets/Real_Handwriting/images/form_096_sentence_2.png,Gerai vaikai kalba mokyklą.
Datasets/Synthetic_Sentences/images/sentence_55306.png,Eglė dirba sode vėlai vakare.
Datasets/Synthetic_Sentences/images/sentence_34382.png,Kruopščiai mokytojas ilsisi darbe.
Datasets/Synthetic_Sentences/images/sentence_58699.png,Tomas lankosi kavinėje.
Datasets/Synthetic_Sentences/images/sentence_29477.png,Ingrida stengiasi tvarkytis.
Datasets/Real_Handwriting/images/form_124_sentence_2.png,Dabar jos verkia muziką.
Datasets/Synthetic_Sentences/images/sentence_50125.png,Drąsiai berniukas neša krepšį.
Datasets/Real_Handwriting/images/form_144_sentence_5.png,Jie galvoja maistą.
Datasets/Synthetic_Sentences/images/sentence_32710.png,Katė sportuoja mokykloje.
Datasets/Synthetic_Sentences/images/sentence_04095.png,Mokytojas valgo sriubą.
Datasets/Synthetic_Sentences/images/sentence_43377.png,Vakar berniukas skaitė žurnalą.
Datasets/Synthetic_Sentences/images/sentence_47251.png,"Mergaitė mokosi miške, bet nori groti."
Datasets/Synthetic_Sentences/images/sentence_64017.png,Rasa gyvena pievoje.
Datasets/Synthetic_Sentences/images/sentence_48357.png,Jonas dirba darbe ir skaito knygą.
Datasets/Synthetic_Sentences/images/sentence_29175.png,Mokytojas geria arbatą.
Datasets/Synthetic_Sentences/images/sentence_46824.png,Jonas bando važiuoti.
Datasets/Synthetic_Sentences/images/sentence_56207.png,Renata renka gėles.
Datasets/Synthetic_Sentences/images/sentence_29403.png,Ar Mantas skaito knygą?
Datasets/Real_Handwriting/images/form_504_sentence_5.png,Kavinėje kvepėjo kava ir cinamonu.
Datasets/Synthetic_Sentences/images/sentence_03561.png,Vaikas nori rašyti žemėlapį.
Datasets/Synthetic_Sentences/images/sentence_31838.png,Šiandien Mindaugas mokosi ežero pakrantėje.
Datasets/Synthetic_Sentences/images/sentence_59982.png,Eglė bando šokti.
Datasets/Synthetic_Sentences/images/sentence_39575.png,Šiandien mergaitė skaito laišką.
Datasets/Synthetic_Sentences/images/sentence_39975.png,Ramiai Ingrida mokosi stotyje vakare.
Datasets/Synthetic_Sentences/images/sentence_17395.png,Mokytojas renka vaisius.
Datasets/Synthetic_Sentences/images/sentence_36008.png,Danielius geria sultis.
Datasets/Synthetic_Sentences/images/sentence_55044.png,Saulius mėgsta valgyti košę.
Datasets/Synthetic_Sentences/images/sentence_31353.png,Rasa nori skaityti.
Datasets/Synthetic_Sentences/images/sentence_46804.png,Saulius neskaito žemėlapį.
Datasets/Synthetic_Sentences/images/sentence_24307.png,Vakar Tomas dirbo mokykloje.
Datasets/Synthetic_Sentences/images/sentence_11865.png,Ar mergaitė mėgsta skaityti?
Datasets/Real_Handwriting/images/form_454_sentence_1.png,Garsiai katė sportuoja ligoninėje.
Datasets/Synthetic_Sentences/images/sentence_45028.png,Kodėl Danielius dirba darbe?
Datasets/Synthetic_Sentences/images/sentence_51614.png,Katė nori valgyti duoną.
Datasets/Synthetic_Sentences/images/sentence_24121.png,"Berniukas mokosi kaime, nes turi daug darbo."
Datasets/Real_Handwriting/images/form_356_sentence_4.png,Rasa mėgsta žaisti arbatą.
Datasets/Real_Handwriting/images/form_446_sentence_3.png,Šiandien Gintaras skaito žurnalą.
Datasets/Synthetic_Sentences/images/sentence_13486.png,Jonas nedirba ligoninėje.
Datasets/Synthetic_Sentences/images/sentence_03656.png,Kodėl mokytoja dirba kalnuose?
Datasets/Real_Handwriting/images/form_091_sentence_3.png,Moteris geria kavą mieste.
Datasets/Synthetic_Sentences/images/sentence_20930.png,Kur Petras dirba?
Datasets/Synthetic_Sentences/images/sentence_60217.png,Garsiai vaikas neša laišką.
Datasets/Real_Handwriting/images/form_198_sentence_2.png,Jos bijo piešti receptą.
Datasets/Synthetic_Sentences/images/sentence_11319.png,Saulius lankosi darbe.
Datasets/Synthetic_Sentences/images/sentence_26449.png,Mantas mėgsta pirkti duoną.
Datasets/Real_Handwriting/images/form_009_sentence_1.png,Šuo keliauoja ir keliauoja.
Datasets/Synthetic_Sentences/images/sentence_40922.png,Vaikas perka duoną.
Datasets/Synthetic_Sentences/images/sentence_11939.png,Ar Rasa dirba miške?
Datasets/Synthetic_Sentences/images/sentence_57740.png,"Mokytoja nori eiti, nes nes jam patinka."
Datasets/Real_Handwriting/images/form_434_sentence_3.png,Mergaitė stengiasi eiti.
Datasets/Synthetic_Sentences/images/sentence_57287.png,Greitai Rasa skaito žemėlapį stotyje.
Datasets/Synthetic_Sentences/images/sentence_56031.png,Gydytojas mėgsta mokytis.
Datasets/Synthetic_Sentences/images/sentence_18649.png,Jonas stengiasi gerti.
Datasets/Synthetic_Sentences/images/sentence_52238.png,Vaikas mokosi parke.
Datasets/Synthetic_Sentences/images/sentence_41822.png,Kristina mėgsta valgyti obuolį.
Datasets/Synthetic_Sentences/images/sentence_46176.png,Kur mergaitė dirba?
Datasets/Real_Handwriting/images/form_053_sentence_3.png,Blogai jūs juokiasi maistą.
Datasets/Synthetic_Sentences/images/sentence_05298.png,Vakar Kristina skaitė laišką.
Datasets/Synthetic_Sentences/images/sentence_03520.png,Mantas nori valgyti duoną.
Datasets/Synthetic_Sentences/images/sentence_18309.png,Studentas neskaito žurnalą.
Datasets/Real_Handwriting/images/form_332_sentence_3.png,Mantas stato namą.
Datasets/Synthetic_Sentences/images/sentence_00410.png,Saulius mokosi kavinėje.
Datasets/Synthetic_Sentences/images/sentence_10634.png,Tyliai studentė mokosi bibliotekoje.
Datasets/Real_Handwriting/images/form_358_sentence_4.png,Renata mokosi stotyje.
Datasets/Synthetic_Sentences/images/sentence_35594.png,Ką Laura skaito?
Datasets/Synthetic_Sentences/images/sentence_16828.png,Rūpestingai Rasa dirba mokykloje.
Datasets/Synthetic_Sentences/images/sentence_02471.png,Rytoj mergaitė skaitys laišką.
Datasets/Synthetic_Sentences/images/sentence_35109.png,Rytoj Laura skaitys žemėlapį.
Datasets/Real_Handwriting/images/form_042_sentence_3.png,Vaikas bijo keliauti.
Datasets/Synthetic_Sentences/images/sentence_17987.png,"Danielius nori žaisti, nes nes nori pailsėti."
Datasets/Synthetic_Sentences/images/sentence_55072.png,Saulius nenori galvoti.
Datasets/Synthetic_Sentences/images/sentence_10080.png,Marija stengiasi valgyti.
Datasets/Synthetic_Sentences/images/sentence_30098.png,Gydytojas sportuoja bibliotekoje.
Datasets/Real_Handwriting/images/form_238_sentence_3.png,Rūpestingai Mindaugas mokosi sode.
Datasets/Real_Handwriting/images/form_480_sentence_1.png,Ar Rasa skaito laišką?
Datasets/Synthetic_Sentences/images/sentence_09538.png,"Mantas mokosi paplūdimyje, bet nori žaisti."
Datasets/Synthetic_Sentences/images/sentence_56778.png,Tyliai mokytoja neša gėlę.
Datasets/Synthetic_Sentences/images/sentence_60888.png,Mergaitė stengiasi gerti.
Datasets/Synthetic_Sentences/images/sentence_31385.png,Drąsiai Danielius skaito žemėlapį mokykloje.
Datasets/Real_Handwriting/images/form_172_sentence_5.png,Ar moterys tvarkosi?
Datasets/Synthetic_Sentences/images/sentence_45167.png,Laura renka obuolius.
Datasets/Synthetic_Sentences/images/sentence_49149.png,Ramiai Danielius mokosi mokykloje.
Datasets/Synthetic_Sentences/images/sentence_67596.png,Rūpestingai mergaitė ilsisi parke.
Datasets/Synthetic_Sentences/images/sentence_27315.png,Renata nori rašyti istoriją.
Datasets/Synthetic_Sentences/images/sentence_21646.png,Ar Tomas skaito laišką?
Datasets/Real_Handwriting/images/form_281_sentence_3.png,Tomas būna ligoninėje.
Datasets/Synthetic_Sentences/images/sentence_30784.png,Rūpestingai Tomas skaito receptą kavinėje.
Datasets/Synthetic_Sentences/images/sentence_24886.png,Katė dirba pievoje.
Datasets/Real_Handwriting/images/form_494_sentence_2.png,Tyliai vaikas ilsisi bibliotekoje.
Datasets/Real_Handwriting/images/form_098_sentence_5.png,Studentai dirba prie ežero ir ligoninėje.
Datasets/Real_Handwriting/images/form_103_sentence_1.png,Mes ilsisi kalnuose ir ligoninėje.
Datasets/Real_Handwriting/images/form_040_sentence_1.png,Mergaitės smagiai verkia.
Datasets/Synthetic_Sentences/images/sentence_05399.png,Mokytojas nori rašyti projektą.
Datasets/Real_Handwriting/images/form_150_sentence_2.png,Šuo eina ir eina.
Datasets/Synthetic_Sentences/images/sentence_34516.png,Atidžiai Žilvinas perka gėlę.
Datasets/Synthetic_Sentences/images/sentence_07077.png,Saulius pradeda valgyti.
Datasets/Synthetic_Sentences/images/sentence_27013.png,Ar Danielius mokosi bibliotekoje?
Datasets/Synthetic_Sentences/images/sentence_40061.png,Ar Kristina nori sportuoti?
Datasets/Synthetic_Sentences/images/sentence_54710.png,Danielius sportuoja namuose.
Datasets/Synthetic_Sentences/images/sentence_23438.png,Mergaitė nori valgyti duoną.
Datasets/Synthetic_Sentences/images/sentence_67648.png,Rytoj mergaitė skaitys laišką.
Datasets/Synthetic_Sentences/images/sentence_23405.png,Rytoj vaikas eis sode.
Datasets/Synthetic_Sentences/images/sentence_57308.png,Kur Mindaugas dirba?
Datasets/Synthetic_Sentences/images/sentence_59344.png,Šiandien Mantas skaito žemėlapį.
Datasets/Real_Handwriting/images/form_034_sentence_2.png,Šiandien vaikas šoka blogai.
Datasets/Synthetic_Sentences/images/sentence_26552.png,Gintaras nenori skaityti.
Datasets/Synthetic_Sentences/images/sentence_07980.png,Greitai Gintaras mokosi ligoninėje.
Datasets/Synthetic_Sentences/images/sentence_48583.png,Kodėl Jurgita dirba upės pakrantėje?
Datasets/Synthetic_Sentences/images/sentence_10568.png,Rasa stengiasi dirbti.
Datasets/Synthetic_Sentences/images/sentence_08192.png,Vakar vaikas skaitė žemėlapį.
Datasets/Synthetic_Sentences/images/sentence_59158.png,Kruopščiai mergaitė mokosi kalnuose.
Datasets/Synthetic_Sentences/images/sentence_63303.png,Saulius nori skaityti istoriją.
Datasets/Synthetic_Sentences/images/sentence_35565.png,Rytoj Gintaras skaitys žemėlapį.
Datasets/Synthetic_Sentences/images/sentence_65975.png,Marija rašo žemėlapį.
Datasets/Synthetic_Sentences/images/sentence_51419.png,Ar Mantas mėgsta dirbti?
Datasets/Synthetic_Sentences/images/sentence_62200.png,"Jonas mokosi ligoninėje, bet nori tvarkytis."
Datasets/Real_Handwriting/images/form_319_sentence_1.png,Švelniai Ingrida perka žaislą.
Datasets/Real_Handwriting/images/form_028_sentence_4.png,Rytoj draugas ilsisi laišką.
Datasets/Real_Handwriting/images/form_488_sentence_1.png,Žmogus groja simfoniją.
Datasets/Synthetic_Sentences/images/sentence_68497.png,Vakar Danielius dirbo sode.
Datasets/Synthetic_Sentences/images/sentence_01301.png,Jonas renka vaisius.
Datasets/Synthetic_Sentences/images/sentence_29472.png,Ingrida skaito šviesų knygą.
Datasets/Real_Handwriting/images/form_446_sentence_4.png,Katė perka arbatą.
Datasets/Synthetic_Sentences/images/sentence_45231.png,Laura nori šokti.
Datasets/Real_Handwriting/images/form_142_sentence_4.png,Katė žiūri egzaminą miške.
Datasets/Synthetic_Sentences/images/sentence_51522.png,Laura nenori dirbti.
Datasets/Synthetic_Sentences/images/sentence_67609.png,Mielai Ingrida dirba paplūdimyje.
Datasets/Synthetic_Sentences/images/sentence_03266.png,Vakar Marija skaitė knygą.
Datasets/Synthetic_Sentences/images/sentence_23774.png,Vaikas nori valgyti sriubą.
Datasets/Synthetic_Sentences/images/sentence_31088.png,Ką mokytojas skaito?
Datasets/Synthetic_Sentences/images/sentence_06419.png,Mindaugas gyvena stadione.
Datasets/Synthetic_Sentences/images/sentence_18198.png,Šiandien Gintaras mokosi stotyje.
Datasets/Synthetic_Sentences/images/sentence_17958.png,Ingrida mokosi paplūdimyje naktį.
Datasets/Real_Handwriting/images/form_225_sentence_4.png,Mokytojas stengiasi šokti.
Datasets/Synthetic_Sentences/images/sentence_68847.png,Studentas ilsisi mokykloje.
Datasets/Real_Handwriting/images/form_261_sentence_1.png,Studentė mokosi paplūdimyje.
Datasets/Real_Handwriting/images/form_274_sentence_5.png,Kavinėje kvepėjo kava ir cinamonu.
Datasets/Synthetic_Sentences/images/sentence_22654.png,Šiandien mokytoja ilsisi kaime.
Datasets/Synthetic_Sentences/images/sentence_15031.png,Rytoj Mindaugas skaitys istoriją.
Datasets/Real_Handwriting/images/form_253_sentence_2.png,Renata nori ilsėtis.
Datasets/Synthetic_Sentences/images/sentence_59575.png,Neringa mokosi parke ryte.
Datasets/Synthetic_Sentences/images/sentence_09036.png,Mokytojas neša knygą.
Datasets/Real_Handwriting/images/form_147_sentence_2.png,Ar jūs eina?
Datasets/Real_Handwriting/images/form_465_sentence_1.png,Danielius dirba stadione.
Datasets/Synthetic_Sentences/images/sentence_56432.png,Šiandien Renata perka knygą.
Datasets/Synthetic_Sentences/images/sentence_46685.png,Jonas mėgsta skaityti istoriją.
Datasets/Real_Handwriting/images/form_189_sentence_3.png,Vaikai pradeda gerti namus.
Datasets/Synthetic_Sentences/images/sentence_15980.png,Šuo geria kavą.
Datasets/Real_Handwriting/images/form_258_sentence_5.png,Kavinėje kvepėjo kava ir cinamonu.
Datasets/Synthetic_Sentences/images/sentence_16439.png,Renata gyvena ligoninėje.
Datasets/Synthetic_Sentences/images/sentence_61432.png,Žilvinas geria sultis.
Datasets/Synthetic_Sentences/images/sentence_43932.png,Katė dirba upės pakrantėje ir skaito knygą.
Datasets/Synthetic_Sentences/images/sentence_04543.png,Ar mergaitė skaito istoriją?
Datasets/Synthetic_Sentences/images/sentence_09627.png,Žilvinas mokosi pievoje.
Datasets/Synthetic_Sentences/images/sentence_25266.png,Renata geria pieną.
Datasets/Synthetic_Sentences/images/sentence_62156.png,Gydytojas ilsisi paplūdimyje.
Datasets/Real_Handwriting/images/form_170_sentence_1.png,Ar mokytojai šoka?
Datasets/Synthetic_Sentences/images/sentence_30028.png,Drąsiai Kristina neša krepšį.
Datasets/Real_Handwriting/images/form_049_sentence_3.png,Paukštis baigia valgyti.
Datasets/Real_Handwriting/images/form_199_sentence_4.png,Jos atidžiai skaito.
Datasets/Real_Handwriting/images/form_296_sentence_3.png,Ar Saulius nori kalbėti?
Datasets/Synthetic_Sentences/images/sentence_62999.png,Rytoj Neringa eis bibliotekoje.
Datasets/Synthetic_Sentences/images/sentence_17772.png,Vaikas mokosi darbe.
Datasets/Synthetic_Sentences/images/sentence_42082.png,Mokytoja nori gerti arbatą.
Datasets/Synthetic_Sentences/images/sentence_68171.png,Gydytojas nedirba sode.
Datasets/Real_Handwriting/images/form_061_sentence_1.png,Smagiai jis miega egzaminą.
Datasets/Synthetic_Sentences/images/sentence_06211.png,Saulius bando žaisti.
Datasets/Synthetic_Sentences/images/sentence_55900.png,"Mergaitė mokosi stadione, nes nori pailsėti."
Datasets/Synthetic_Sentences/images/sentence_55482.png,Saulius neša žaislą.
Datasets/Real_Handwriting/images/form_374_sentence_5.png,Cukrų ir cinamoną dedame į pyragą.
Datasets/Synthetic_Sentences/images/sentence_24536.png,Mielai Petras skaito knygą ežero pakrantėje.
Datasets/Synthetic_Sentences/images/sentence_46041.png,Mergaitė nori rašyti užduotį.
Datasets/Synthetic_Sentences/images/sentence_29329.png,Kristina perka seną dovaną.
Datasets/Synthetic_Sentences/images/sentence_10526.png,Šiandien studentė dirba mokykloje.
Datasets/Real_Handwriting/images/form_442_sentence_2.png,Rytoj Jurgita eis bibliotekoje.
Datasets/Synthetic_Sentences/images/sentence_32119.png,Eglė nori plaukti.
Datasets/Synthetic_Sentences/images/sentence_46552.png,Saulius mėgsta skaityti žurnalą.
Datasets/Real_Handwriting/images/form_246_sentence_3.png,Žilvinas ilsisi bibliotekoje.
Datasets/Synthetic_Sentences/images/sentence_47463.png,Ar gydytojas dirba ežero pakrantėje?
Datasets/Synthetic_Sentences/images/sentence_29951.png,Ar Ingrida mokosi upės pakrantėje?
Datasets/Synthetic_Sentences/images/sentence_29865.png,Jurgita mėgsta pirkti arbatą.
Datasets/Synthetic_Sentences/images/sentence_19122.png,Gydytojas lankosi stotyje.
Datasets/Real_Handwriting/images/form_451_sentence_5.png,Cukrų ir cinamoną dedame į pyragą.
Datasets/Real_Handwriting/images/form_321_sentence_3.png,Neringa nori žaisti paveikslą.
Datasets/Real_Handwriting/images/form_094_sentence_2.png,Studentas valgo namuose.
Datasets/Synthetic_Sentences/images/sentence_21074.png,Mantas nori bėgti.
Datasets/Synthetic_Sentences/images/sentence_62410.png,Kristina neša gėlę.
Datasets/Real_Handwriting/images/form_143_sentence_4.png,Jūs mokosi ir mokosi.
Datasets/Real_Handwriting/images/form_219_sentence_1.png,Mantas stato bokštą.
Datasets/Synthetic_Sentences/images/sentence_02746.png,Vaikas nori gerti pieną.
Datasets/Synthetic_Sentences/images/sentence_57109.png,Studentė mėgsta pirkti arbatą.
Datasets/Synthetic_Sentences/images/sentence_08526.png,Šiandien Gintaras mokosi stadione.
Datasets/Synthetic_Sentences/images/sentence_39746.png,Rūpestingai Mindaugas valgo vaisius.
Datasets/Real_Handwriting/images/form_266_sentence_5.png,Kavinėje kvepėjo kava ir cinamonu.
Datasets/Synthetic_Sentences/images/sentence_52682.png,Studentė mokosi upės pakrantėje anksti ryte.
Datasets/Synthetic_Sentences/images/sentence_37745.png,Jurgita skaito skanų žemėlapį.
Datasets/Synthetic_Sentences/images/sentence_69716.png,Mindaugas sportuoja mokykloje.
Datasets/Synthetic_Sentences/images/sentence_05721.png,Mokytojas bando važiuoti.
Datasets/Synthetic_Sentences/images/sentence_48470.png,Šiandien Mindaugas dirba namuose.
Datasets/Synthetic_Sentences/images/sentence_34575.png,Ar Gintaras mokosi pievoje?
Datasets/Synthetic_Sentences/images/sentence_13464.png,Žilvinas skaito gražų žemėlapį.
Datasets/Synthetic_Sentences/images/sentence_57769.png,"Rasa mokosi stadione, bet nori žaisti."
Datasets/Real_Handwriting/images/form_241_sentence_3.png,Vaikas mėgsta žaisti.
Datasets/Synthetic_Sentences/images/sentence_69789.png,Ar Žilvinas mokosi darbe?
Datasets/Real_Handwriting/images/form_416_sentence_1.png,Vaikas gyvena kalnuose.
Datasets/Synthetic_Sentences/images/sentence_21144.png,Vakar katė skaitė žemėlapį.
Datasets/Synthetic_Sentences/images/sentence_28212.png,Ar Renata nori sportuoti?
Datasets/Synthetic_Sentences/images/sentence_17986.png,Mielai Saulius mokosi ligoninėje.
Datasets/Synthetic_Sentences/images/sentence_01690.png,Eglė mėgsta skaityti knygą.
Datasets/Real_Handwriting/images/form_254_sentence_4.png,Saulius bando žaisti.
Datasets/Real_Handwriting/images/form_016_sentence_4.png,Studentas pradeda miegoti kavą.
Datasets/Real_Handwriting/images/form_500_sentence_3.png,Berniukas žaidžia darbe.
Datasets/Synthetic_Sentences/images/sentence_25322.png,Ingrida lankosi stotyje.
Datasets/Synthetic_Sentences/images/sentence_48084.png,Kruopščiai mokytojas neša krepšį.
Datasets/Synthetic_Sentences/images/sentence_64900.png,Studentas pradeda bėgti.
Datasets/Synthetic_Sentences/images/sentence_15175.png,Kodėl Danielius dirba paplūdimyje?
Datasets/Synthetic_Sentences/images/sentence_06106.png,Mokytoja nori skaityti receptą.
Datasets/Synthetic_Sentences/images/sentence_55528.png,Vaikas mėgsta gerti vandenį.
Datasets/Synthetic_Sentences/images/sentence_05919.png,Ar Kristina nori dirbti?
Datasets/Synthetic_Sentences/images/sentence_51492.png,Neringa bando ilsėtis.
Datasets/Synthetic_Sentences/images/sentence_59833.png,Studentas perka duoną.
Datasets/Real_Handwriting/images/form_135_sentence_2.png,Jis atidžiai tvarkosi.
Datasets/Synthetic_Sentences/images/sentence_12324.png,Studentė žaidžia stadione.
Datasets/Synthetic_Sentences/images/sentence_52377.png,Ar Rasa dirba kavinėje?
Datasets/Real_Handwriting/images/form_297_sentence_1.png,Rytoj Renata skaitys žemėlapį.
Datasets/Real_Handwriting/images/form_273_sentence_4.png,Mielai žmogus skaito receptą.
Datasets/Synthetic_Sentences/images/sentence_22786.png,Šuo dirba ligoninėje ir skaito žurnalą.
Datasets/Synthetic_Sentences/images/sentence_59244.png,Laura stengiasi bėgti.
Datasets/Synthetic_Sentences/images/sentence_29267.png,Marija perka seną dovaną.
Datasets/Synthetic_Sentences/images/sentence_32843.png,Gydytojas stengiasi piešti.
Datasets/Real_Handwriting/images/form_216_sentence_3.png,Studentė mėgsta žaisti dainą.
Datasets/Real_Handwriting/images/form_154_sentence_4.png,Ar jos dainuoja?
Datasets/Synthetic_Sentences/images/sentence_35573.png,Eglė mėgsta valgyti sriubą.
Datasets/Synthetic_Sentences/images/sentence_05917.png,Garsiai Marija dirba kavinėje.
Datasets/Synthetic_Sentences/images/sentence_03184.png,Švelniai mokytojas mokosi bibliotekoje.
Datasets/Synthetic_Sentences/images/sentence_43639.png,Mokytojas mokosi parke.
Datasets/Real_Handwriting/images/form_012_sentence_4.png,Vaikai skaito ir skaito.
Datasets/Synthetic_Sentences/images/sentence_33016.png,Renata nori valgyti vaisius.
Datasets/Real_Handwriting/images/form_290_sentence_2.png,Rūpestingai mergaitė skaito receptą.
Datasets/Synthetic_Sentences/images/sentence_40603.png,Jurgita skaito žemėlapį.
Datasets/Real_Handwriting/images/form_125_sentence_3.png,Mergaitė tvarkosi stadione ir ligoninėje.
Datasets/Synthetic_Sentences/images/sentence_33135.png,Atidžiai Neringa dirba ligoninėje.
Datasets/Synthetic_Sentences/images/sentence_27029.png,Mergaitė skaito tamsų žemėlapį.
Datasets/Synthetic_Sentences/images/sentence_49552.png,Saulius mėgsta valgyti duoną.
Datasets/Real_Handwriting/images/form_469_sentence_5.png,Universiteto studentai žaidžia šachmatais laisvalaikiu.
Datasets/Real_Handwriting/images/form_040_sentence_5.png,Studentas šoka miške.
Datasets/Synthetic_Sentences/images/sentence_23118.png,Džiaugsmingai Jurgita mokosi kavinėje.
Datasets/Real_Handwriting/images/form_444_sentence_3.png,Vakar Jonas skaitė laišką.
Datasets/Synthetic_Sentences/images/sentence_68516.png,Mokytojas dirba parke ir skaito laišką.
Datasets/Synthetic_Sentences/images/sentence_53991.png,Jonas bando važiuoti.
Datasets/Real_Handwriting/images/form_017_sentence_5.png,Šiandien moterys eina labai.
Datasets/Synthetic_Sentences/images/sentence_41580.png,Kodėl Renata dirba pievoje?
Datasets/Synthetic_Sentences/images/sentence_37823.png,Žilvinas nori skaityti laišką.
Datasets/Synthetic_Sentences/images/sentence_14317.png,Rasa neša gėlę.
Datasets/Real_Handwriting/images/form_332_sentence_5.png,Cecilija čiuožia ant ledo.
Datasets/Synthetic_Sentences/images/sentence_06365.png,Žilvinas skaito receptą.
Datasets/Synthetic_Sentences/images/sentence_69277.png,Saulius rašo projektą.
Datasets/Synthetic_Sentences/images/sentence_68786.png,Šiandien šuo ilsisi parke.
Datasets/Real_Handwriting/images/form_034_sentence_1.png,Jis miega stotyje ir prie ežero.
Datasets/Synthetic_Sentences/images/sentence_59282.png,Šiandien Laura dirba miške.
Datasets/Synthetic_Sentences/images/sentence_00315.png,Mokytoja nori skaityti istoriją.
Datasets/Synthetic_Sentences/images/sentence_58248.png,Mindaugas nori skaityti laišką.
Datasets/Synthetic_Sentences/images/sentence_24432.png,Žilvinas nori važiuoti.
Datasets/Real_Handwriting/images/form_345_sentence_5.png,Filmas buvo labai įdomus ir jaudinantis.
Datasets/Real_Handwriting/images/form_254_sentence_1.png,Rytoj Žilvinas skaitys žemėlapį.
Datasets/Real_Handwriting/images/form_448_sentence_3.png,Šiandien katė ilsisi miške.
Datasets/Synthetic_Sentences/images/sentence_28716.png,Laura mėgsta valgyti sriubą.
Datasets/Synthetic_Sentences/images/sentence_65016.png,Studentė perka seną gėlę.
Datasets/Synthetic_Sentences/images/sentence_21462.png,"Saulius nori rašyti, nes nes jam patinka."
Datasets/Synthetic_Sentences/images/sentence_47921.png,Jurgita nori gerti vandenį.
Datasets/Real_Handwriting/images/form_184_sentence_4.png,Moteris nemėgsta sportuoti.
Datasets/Real_Handwriting/images/form_093_sentence_4.png,Jūs labai vakar dirba.
Datasets/Synthetic_Sentences/images/sentence_38227.png,Žilvinas ilsisi kalnuose.
Datasets/Synthetic_Sentences/images/sentence_36127.png,Jonas stengiasi dirbti.
Datasets/Synthetic_Sentences/images/sentence_67897.png,Renata mokosi paplūdimyje.
Datasets/Synthetic_Sentences/images/sentence_57674.png,Tomas mokosi kavinėje vakare.
Datasets/Synthetic_Sentences/images/sentence_22126.png,Ką Petras skaito?
Datasets/Synthetic_Sentences/images/sentence_41545.png,Ką Jonas skaito?
Datasets/Synthetic_Sentences/images/sentence_56379.png,Rytoj Rasa skaitys laišką.
Datasets/Real_Handwriting/images/form_364_sentence_2.png,Ar žmogus mėgsta galvoti?
Datasets/Synthetic_Sentences/images/sentence_54791.png,Mindaugas bando žaisti.
Datasets/Real_Handwriting/images/form_162_sentence_3.png,Draugas žaidžia laišką paplūdimyje.
Datasets/Real_Handwriting/images/form_374_sentence_1.png,Petras nori bėgti laišką.
Datasets/Synthetic_Sentences/images/sentence_34093.png,Gydytojas mėgsta gerti sultis.
Datasets/Synthetic_Sentences/images/sentence_65717.png,Gydytojas nori pirkti arbatą.
Datasets/Synthetic_Sentences/images/sentence_49353.png,Mindaugas nori rašyti laišką.
Datasets/Synthetic_Sentences/images/sentence_24035.png,Studentė neša gėlę.
Datasets/Synthetic_Sentences/images/sentence_02074.png,Šiandien Mindaugas ilsisi bibliotekoje.
Datasets/Real_Handwriting/images/form_363_sentence_5.png,Cecilija čiuožia ant ledo.
Datasets/Synthetic_Sentences/images/sentence_16142.png,Vaikas nedirba kaime.
Datasets/Synthetic_Sentences/images/sentence_19478.png,Eglė nori valgyti obuolį.
Datasets/Real_Handwriting/images/form_451_sentence_2.png,Šiandien mergaitė skaito žemėlapį.
Datasets/Synthetic_Sentences/images/sentence_67013.png,Berniukas mokosi kaime.
Datasets/Synthetic_Sentences/images/sentence_24434.png,Šiandien gydytojas dirba miške.
Datasets/Synthetic_Sentences/images/sentence_36406.png,Vakar Eglė nešė laišką.
Datasets/Synthetic_Sentences/images/sentence_13327.png,Atidžiai vaikas ilsisi pievoje.
Datasets/Real_Handwriting/images/form_092_sentence_4.png,Vaikas labai niekada mokosi.
Datasets/Synthetic_Sentences/images/sentence_32489.png,Renata geria pieną.
Datasets/Real_Handwriting/images/form_018_sentence_1.png,Šiandien moterys sportuoja lėtai.
Datasets/Synthetic_Sentences/images/sentence_26299.png,Saulius dirba namuose vėlai vakare.
Datasets/Synthetic_Sentences/images/sentence_20548.png,Ar gydytojas nori šokti?
Datasets/Synthetic_Sentences/images/sentence_07491.png,Vaikas nori gerti kavą.
Datasets/Real_Handwriting/images/form_309_sentence_1.png,Greitai gydytojas ilsisi darbe.
Datasets/Synthetic_Sentences/images/sentence_26315.png,Mokytojas nedirba paplūdimyje.
Datasets/Real_Handwriting/images/form_381_sentence_4.png,Vakar šuo dirbo sode.
Datasets/Synthetic_Sentences/images/sentence_53973.png,Mokytoja nori pirkti dovaną.
Datasets/Synthetic_Sentences/images/sentence_27794.png,Ar Gintaras skaito žurnalą?
Datasets/Real_Handwriting/images/form_262_sentence_5.png,Žirgai bėga laisvai per žalią lauką.
Datasets/Synthetic_Sentences/images/sentence_18579.png,Gydytojas pradeda rašyti.
Datasets/Synthetic_Sentences/images/sentence_12018.png,Laura mėgsta pirkti kavą.
Datasets/Real_Handwriting/images/form_199_sentence_5.png,Vyrai stengiasi šokti darbą.
Datasets/Real_Handwriting/images/form_389_sentence_4.png,Rasa bando plaukti.
Datasets/Real_Handwriting/images/form_436_sentence_4.png,Ar Petras dirba ligoninėje?
Datasets/Synthetic_Sentences/images/sentence_21505.png,Ramiai Jurgita mokosi stotyje po pietų.
Datasets/Synthetic_Sentences/images/sentence_56126.png,Studentas rašo receptą.
Datasets/Synthetic_Sentences/images/sentence_39734.png,Mantas valgo sriubą.
Datasets/Real_Handwriting/images/form_168_sentence_2.png,Mokytojas pradeda tvarkytis muziką.
Datasets/Real_Handwriting/images/form_220_sentence_2.png,Žmogus stato suolą.
Datasets/Synthetic_Sentences/images/sentence_59257.png,Garsiai Mantas rašo projektą.
Datasets/Real_Handwriting/images/form_189_sentence_1.png,Jos mąsto stadione.
Datasets/Synthetic_Sentences/images/sentence_09410.png,Gintaras mokosi kaime po pietų.
Datasets/Synthetic_Sentences/images/sentence_31144.png,Mergaitė nori valgyti daržoves.
Datasets/Synthetic_Sentences/images/sentence_06194.png,Rasa sportuoja upės pakrantėje.
Datasets/Real_Handwriting/images/form_114_sentence_3.png,Ji stengiasi dirbti.
Datasets/Synthetic_Sentences/images/sentence_56935.png,Ar Tomas skaito receptą?
Datasets/Synthetic_Sentences/images/sentence_54128.png,Kristina lankosi parke.
Datasets/Synthetic_Sentences/images/sentence_36325.png,Šuo ilsisi darbe.
Datasets/Real_Handwriting/images/form_155_sentence_3.png,Mergaitė žiūri paveikslą kavinėje.
Datasets/Synthetic_Sentences/images/sentence_00021.png,Gintaras nori piešti.
Datasets/Real_Handwriting/images/form_246_sentence_5.png,Brolis bėga per baltą sniegą.
Datasets/Real_Handwriting/images/form_465_sentence_3.png,Šiandien Jonas skaito knygą.
Datasets/Real_Handwriting/images/form_265_sentence_4.png,Marija žaidžia ežero pakrantėje.
Datasets/Synthetic_Sentences/images/sentence_27351.png,Ramiai gydytojas skaito knygą kavinėje.
Datasets/Synthetic_Sentences/images/sentence_65868.png,Vakar gydytojas nešė dovaną.
Datasets/Synthetic_Sentences/images/sentence_13525.png,Laura mokosi ligoninėje naktį.
Datasets/Real_Handwriting/images/form_413_sentence_1.png,Vakar šuo nešė krepšį.
Datasets/Synthetic_Sentences/images/sentence_00359.png,Kodėl Neringa dirba kaime?
Datasets/Synthetic_Sentences/images/sentence_45821.png,Neringa mėgsta valgyti košę.
Datasets/Synthetic_Sentences/images/sentence_32163.png,Mergaitė bando piešti.
Datasets/Real_Handwriting/images/form_311_sentence_5.png,Draugas davė dovaną per gimtadienį.
Datasets/Synthetic_Sentences/images/sentence_65161.png,Vaikas ilsisi stadione.
Datasets/Synthetic_Sentences/images/sentence_08219.png,Kruopščiai Renata ilsisi ežero pakrantėje.
Datasets/Real_Handwriting/images/form_342_sentence_2.png,Eglė būna mokykloje.
Datasets/Synthetic_Sentences/images/sentence_47696.png,Kristina mėgsta gerti kavą.
Datasets/Real_Handwriting/images/form_492_sentence_4.png,Ar Mantas mėgsta važiuoti?
Datasets/Synthetic_Sentences/images/sentence_28683.png,"Mokytoja dirba darbe, nes nori pailsėti."
Datasets/Synthetic_Sentences/images/sentence_48195.png,Rūpestingai berniukas valgo sriubą.
Datasets/Synthetic_Sentences/images/sentence_67358.png,Ar Kristina mokosi parke?
Datasets/Synthetic_Sentences/images/sentence_09869.png,Studentė stengiasi bėgti.
Datasets/Synthetic_Sentences/images/sentence_56906.png,Šiandien Mindaugas ilsisi stadione.
Datasets/Synthetic_Sentences/images/sentence_56179.png,Rasa nori rašyti.
Datasets/Synthetic_Sentences/images/sentence_01806.png,Ramiai Laura perka dovaną.
Datasets/Synthetic_Sentences/images/sentence_22967.png,Kristina ilsisi namuose.
Datasets/Synthetic_Sentences/images/sentence_53655.png,Žilvinas perka įdomų knygą.
Datasets/Real_Handwriting/images/form_038_sentence_1.png,Jūs žiūri ir žiūri.
Datasets/Real_Handwriting/images/form_109_sentence_5.png,Studentas skuba daržoves.
Datasets/Synthetic_Sentences/images/sentence_47390.png,Mielai Marija dirba stotyje.
Datasets/Real_Handwriting/images/form_173_sentence_3.png,Moterys verkia sode ir prie ežero.
Datasets/Synthetic_Sentences/images/sentence_45390.png,Drąsiai vaikas perka dovaną.
Datasets/Synthetic_Sentences/images/sentence_07977.png,Eglė mėgsta skaityti žurnalą.
Datasets/Synthetic_Sentences/images/sentence_50261.png,Ką Mantas skaito?
Datasets/Synthetic_Sentences/images/sentence_23878.png,Kur Marija dirba?
Datasets/Real_Handwriting/images/form_292_sentence_5.png,Kavinėje kvepėjo kava ir cinamonu.
Datasets/Synthetic_Sentences/images/sentence_47964.png,Mantas nori skaityti laišką.
Datasets/Synthetic_Sentences/images/sentence_02604.png,Žilvinas lankosi upės pakrantėje.
Datasets/Synthetic_Sentences/images/sentence_02474.png,Šiandien Jurgita skaito laišką.
Datasets/Synthetic_Sentences/images/sentence_00890.png,Greitai studentas dirba stadione.
Datasets/Synthetic_Sentences/images/sentence_33966.png,Saulius nori pirkti kavą.
Datasets/Synthetic_Sentences/images/sentence_25027.png,"Rasa nori galvoti, nes nes reikia pasiruošti."
Datasets/Synthetic_Sentences/images/sentence_68299.png,Mindaugas mokosi mieste.
Datasets/Real_Handwriting/images/form_043_sentence_5.png,Vyrai labai smagiai verkia.
Datasets/Synthetic_Sentences/images/sentence_02457.png,Ar šuo nori piešti?
Datasets/Synthetic_Sentences/images/sentence_17524.png,Ar Žilvinas mėgsta kalbėti?
Datasets/Real_Handwriting/images/form_475_sentence_5.png,Daina skamba per visą sodą.
Datasets/Real_Handwriting/images/form_052_sentence_5.png,Vaikai mėgsta miegoti paveikslą.
Datasets/Synthetic_Sentences/images/sentence_04921.png,Tyliai šuo mokosi stadione vėlai vakare.
Datasets/Synthetic_Sentences/images/sentence_21362.png,Studentas nori skaityti knygą.
Datasets/Synthetic_Sentences/images/sentence_60300.png,Vakar studentė skaitė laišką.
Datasets/Synthetic_Sentences/images/sentence_61610.png,Jonas renka grybus.
Datasets/Synthetic_Sentences/images/sentence_61136.png,Laura renka grybus.
Datasets/Synthetic_Sentences/images/sentence_07079.png,Ingrida ilsisi ežero pakrantėje.
Datasets/Synthetic_Sentences/images/sentence_33204.png,Kur mergaitė dirba?
Datasets/Synthetic_Sentences/images/sentence_53967.png,Saulius mėgsta valgyti sriubą.
Datasets/Real_Handwriting/images/form_341_sentence_1.png,Ar Mindaugas dirba mokykloje?
Datasets/Real_Handwriting/images/form_052_sentence_4.png,Jos bijo žaisti knygą.
Datasets/Real_Handwriting/images/form_172_sentence_3.png,Gydytojai pradeda dainuoti namus.
Datasets/Synthetic_Sentences/images/sentence_54434.png,Saulius dirba mieste.
Datasets/Real_Handwriting/images/form_028_sentence_3.png,Ar jūs miega?
Datasets/Real_Handwriting/images/form_228_sentence_2.png,Greitai berniukas rašo laišką.
Datasets/Synthetic_Sentences/images/sentence_54758.png,Šuo perka skanų knygą.
Datasets/Synthetic_Sentences/images/sentence_59023.png,Studentas pradeda tvarkytis.
Datasets/Real_Handwriting/images/form_163_sentence_5.png,Šiandien jie tvarkosi tyliai.
Datasets/Synthetic_Sentences/images/sentence_07644.png,Petras skaito greitą laišką.
Datasets/Synthetic_Sentences/images/sentence_50978.png,Šiandien Gintaras ilsisi pievoje.
Datasets/Synthetic_Sentences/images/sentence_17946.png,Šiandien gydytojas dirba miške.
Datasets/Synthetic_Sentences/images/sentence_14488.png,Neringa dirba namuose.
Datasets/Synthetic_Sentences/images/sentence_41586.png,Tomas nori valgyti vaisius.
Datasets/Synthetic_Sentences/images/sentence_15941.png,Berniukas žaidžia parke.
Datasets/Synthetic_Sentences/images/sentence_37875.png,Drąsiai Neringa dirba paplūdimyje.
Datasets/Synthetic_Sentences/images/sentence_58261.png,Jonas gyvena darbe.
Datasets/Real_Handwriting/images/form_447_sentence_2.png,Studentė rašo projektą.
Datasets/Synthetic_Sentences/images/sentence_32170.png,Marija mėgsta mokytis.
Datasets/Synthetic_Sentences/images/sentence_13388.png,Saulius gyvena kalnuose.
Datasets/Real_Handwriting/images/form_152_sentence_1.png,Draugai labai šiandien tvarkosi.
Datasets/Synthetic_Sentences/images/sentence_41460.png,Garsiai Jurgita valgo duoną.
Datasets/Synthetic_Sentences/images/sentence_20727.png,Vakar Jurgita dirbo miške.
Datasets/Real_Handwriting/images/form_054_sentence_5.png,Aš sportuoja maistą mokykloje.
Datasets/Synthetic_Sentences/images/sentence_61481.png,Rytoj studentė skaitys žemėlapį.
Datasets/Synthetic_Sentences/images/sentence_02898.png,Kristina mėgsta pirkti kavą.
Datasets/Synthetic_Sentences/images/sentence_27295.png,Šiandien Neringa skaito žurnalą.
Datasets/Synthetic_Sentences/images/sentence_29420.png,Mokytojas bando dirbti.
Datasets/Synthetic_Sentences/images/sentence_43176.png,Laura rašo projektą.
Datasets/Synthetic_Sentences/images/sentence_33347.png,Gintaras neša dovaną.
Datasets/Synthetic_Sentences/images/sentence_63208.png,Lėtai Petras rašo istoriją.
Datasets/Synthetic_Sentences/images/sentence_66012.png,"Renata mokosi mieste, nes jam patinka."
Datasets/Synthetic_Sentences/images/sentence_48187.png,Vaikas mėgsta skaityti laišką.
Datasets/Synthetic_Sentences/images/sentence_24109.png,Ramiai gydytojas perka dovaną.
Datasets/Real_Handwriting/images/form_221_sentence_3.png,Žmogus dirba miške.
Datasets/Real_Handwriting/images/form_316_sentence_4.png,Žmogus perka gėlę.
Datasets/Synthetic_Sentences/images/sentence_25493.png,Renata dirba mieste.
Datasets/Synthetic_Sentences/images/sentence_15388.png,Šiandien Rasa perka dovaną.
Datasets/Synthetic_Sentences/images/sentence_08147.png,Vaikas nori rašyti istoriją.
Datasets/Real_Handwriting/images/form_124_sentence_5.png,Ar ji bėga?
Datasets/Synthetic_Sentences/images/sentence_28249.png,Rytoj Petras skaitys žemėlapį.
Datasets/Real_Handwriting/images/form_449_sentence_5.png,Cecilija čiuožia ant ledo.
Datasets/Real_Handwriting/images/form_351_sentence_4.png,Žmogus stato bokštą.
Datasets/Synthetic_Sentences/images/sentence_50049.png,Rasa mokosi miške po pietų.
Datasets/Synthetic_Sentences/images/sentence_20487.png,Šiandien Ingrida perka žaislą.
Datasets/Synthetic_Sentences/images/sentence_29757.png,Neringa renka daržoves.
Datasets/Synthetic_Sentences/images/sentence_68881.png,Mergaitė renka akmenis.
Datasets/Synthetic_Sentences/images/sentence_68782.png,Gintaras mėgsta skaityti žemėlapį.
Datasets/Synthetic_Sentences/images/sentence_50250.png,Laura gyvena bibliotekoje.
Datasets/Real_Handwriting/images/form_377_sentence_2.png,Šiandien Petras dirba darbe.
Datasets/Real_Handwriting/images/form_014_sentence_4.png,Šuo klauso knygą.
Datasets/Real_Handwriting/images/form_378_sentence_4.png,Mielai Mindaugas valgo obuolį.
Datasets/Synthetic_Sentences/images/sentence_35591.png,Šiandien Gintaras skaito istoriją.
Datasets/Synthetic_Sentences/images/sentence_45898.png,Ką Mindaugas skaito?
Datasets/Real_Handwriting/images/form_031_sentence_3.png,Ar studentas sportuoja?
Datasets/Real_Handwriting/images/form_173_sentence_2.png,Mes dirba laišką.
Datasets/Real_Handwriting/images/form_333_sentence_4.png,Greitai Danielius perka duoną.
Datasets/Synthetic_Sentences/images/sentence_18809.png,Petras skaito naują receptą.
Datasets/Synthetic_Sentences/images/sentence_55981.png,Mantas perka skanų arbatą.
Datasets/Synthetic_Sentences/images/sentence_29495.png,Ar Tomas skaito receptą?
Datasets/Synthetic_Sentences/images/sentence_19436.png,Šiandien Jonas dirba ligoninėje.
Datasets/Real_Handwriting/images/form_228_sentence_5.png,Kavinėje kvepėjo kava ir cinamonu.
Datasets/Real_Handwriting/images/form_229_sentence_5.png,Cukrų ir cinamoną dedame į pyragą.
Datasets/Synthetic_Sentences/images/sentence_47631.png,Greitai Petras rašo projektą.
Datasets/Synthetic_Sentences/images/sentence_47250.png,Vaikas neskaito receptą.
Datasets/Synthetic_Sentences/images/sentence_41214.png,Neringa nori valgyti košę.
Datasets/Synthetic_Sentences/images/sentence_04012.png,Gydytojas sportuoja ežero pakrantėje.
Datasets/Real_Handwriting/images/form_313_sentence_2.png,Rasa ilsisi kavinėje.
Datasets/Synthetic_Sentences/images/sentence_56186.png,Mantas mėgsta galvoti.
Datasets/Synthetic_Sentences/images/sentence_06760.png,"Rasa mokosi pievoje, bet nori gerti."
Datasets/Real_Handwriting/images/form_033_sentence_3.png,Vyras nemėgsta mokytis pamoką.
Datasets/Real_Handwriting/images/form_338_sentence_5.png,Daina skamba per visą sodą.
Datasets/Synthetic_Sentences/images/sentence_16214.png,Ramiai Jonas rašo projektą.
Datasets/Real_Handwriting/images/form_181_sentence_1.png,Šuo garsiai rašo.
Datasets/Real_Handwriting/images/form_269_sentence_5.png,Čia gyvena labai draugiška šeima.
Datasets/Real_Handwriting/images/form_482_sentence_3.png,Studentas groja melodiją.
Datasets/Synthetic_Sentences/images/sentence_39267.png,Šiandien gydytojas ilsisi kalnuose.
Datasets/Synthetic_Sentences/images/sentence_47946.png,Studentas skaito laišką.
Datasets/Synthetic_Sentences/images/sentence_03160.png,Ar mokytojas mėgsta rašyti?
Datasets/Real_Handwriting/images/form_139_sentence_3.png,Ar studentai rašo?
Datasets/Real_Handwriting/images/form_024_sentence_2.png,Niekada vyras valgo mokyklą.
Datasets/Real_Handwriting/images/form_417_sentence_3.png,Šiandien šuo dirba ežero pakrantėje.
Datasets/Synthetic_Sentences/images/sentence_19319.png,Mokytoja rašo užduotį.
Datasets/Synthetic_Sentences/images/sentence_07111.png,Mantas perka spalvotą dovaną.
Datasets/Synthetic_Sentences/images/sentence_22234.png,Saulius žaidžia mokykloje.
Datasets/Synthetic_Sentences/images/sentence_02973.png,Katė stengiasi groti.
Datasets/Synthetic_Sentences/images/sentence_20583.png,Studentė rašo receptą.
Datasets/Real_Handwriting/images/form_351_sentence_1.png,Garsiai žmogus ilsisi sode.
Datasets/Synthetic_Sentences/images/sentence_36040.png,Gintaras mokosi stotyje.
Datasets/Real_Handwriting/images/form_111_sentence_5.png,Aš nori žaisti dainą.
Datasets/Synthetic_Sentences/images/sentence_64456.png,Katė dirba mokykloje ir skaito žemėlapį.
Datasets/Synthetic_Sentences/images/sentence_29342.png,Neringa nori eiti.
Datasets/Real_Handwriting/images/form_347_sentence_1.png,Gydytojas gyvena paplūdimyje.
Datasets/Synthetic_Sentences/images/sentence_66101.png,Mokytojas gyvena miške.
Datasets/Real_Handwriting/images/form_305_sentence_2.png,Mokytojas žaidžia miške.
Datasets/Synthetic_Sentences/images/sentence_59531.png,Petras geria kavą.
Datasets/Synthetic_Sentences/images/sentence_56309.png,Rytoj Danielius skaitys knygą.
Datasets/Synthetic_Sentences/images/sentence_07029.png,Jurgita nedirba ligoninėje.
Datasets/Synthetic_Sentences/images/sentence_43020.png,Neringa perka nuobodų dovaną.
Datasets/Synthetic_Sentences/images/sentence_03188.png,Vaikas pradeda galvoti.
Datasets/Real_Handwriting/images/form_087_sentence_3.png,Jūs valgo paveikslą.
Datasets/Synthetic_Sentences/images/sentence_10619.png,Vakar Tomas skaitė žemėlapį.
Datasets/Synthetic_Sentences/images/sentence_24422.png,Berniukas skaito istoriją.
Datasets/Synthetic_Sentences/images/sentence_46768.png,Ką Jurgita skaito?
Datasets/Synthetic_Sentences/images/sentence_56213.png,Berniukas nori pirkti dovaną.
Datasets/Real_Handwriting/images/form_085_sentence_2.png,Vaikai klauso mokyklą mieste.
Datasets/Synthetic_Sentences/images/sentence_18116.png,Žilvinas nori rašyti receptą.
Datasets/Synthetic_Sentences/images/sentence_53802.png,Mergaitė valgo obuolį.
Datasets/Real_Handwriting/images/form_257_sentence_5.png,Filharmonijoje groja nuostabus orkestras.
Datasets/Real_Handwriting/images/form_501_sentence_5.png,Zigmas žiūri žaibą per langą.
Datasets/Synthetic_Sentences/images/sentence_46977.png,Eglė gyvena kalnuose.
Datasets/Synthetic_Sentences/images/sentence_18353.png,Jonas stengiasi piešti.
Datasets/Synthetic_Sentences/images/sentence_58382.png,Ar Jonas mokosi sode?
Datasets/Synthetic_Sentences/images/sentence_08332.png,Ingrida mėgsta pirkti duoną.
Datasets/Real_Handwriting/images/form_203_sentence_2.png,Šeima renka obuolius.
Datasets/Synthetic_Sentences/images/sentence_63769.png,Marija mėgsta valgyti sriubą.
Datasets/Real_Handwriting/images/form_407_sentence_3.png,Lėtai Laura mokosi stadione.
Datasets/Synthetic_Sentences/images/sentence_08252.png,Eglė skaito lėtą receptą.
Datasets/Synthetic_Sentences/images/sentence_30165.png,Vaikas dirba kavinėje.
Datasets/Synthetic_Sentences/images/sentence_24891.png,Drąsiai Žilvinas valgo duoną.
Datasets/Synthetic_Sentences/images/sentence_54100.png,Kruopščiai Danielius dirba namuose.
Datasets/Real_Handwriting/images/form_123_sentence_1.png,Šiandien mergaitės ilsisi ramiai.
Datasets/Synthetic_Sentences/images/sentence_03636.png,Mindaugas dirba paplūdimyje.
Datasets/Real_Handwriting/images/form_496_sentence_3.png,Žirgas nori eiti duoną.
Datasets/Synthetic_Sentences/images/sentence_31865.png,Eglė skaito tamsų istoriją.
Datasets/Synthetic_Sentences/images/sentence_33653.png,Ar Renata nori galvoti?
Datasets/Synthetic_Sentences/images/sentence_28075.png,Šiandien vaikas skaito žemėlapį.
Datasets/Synthetic_Sentences/images/sentence_48568.png,Rasa ilsisi namuose.
Datasets/Real_Handwriting/images/form_094_sentence_3.png,Šiandien jis dirba visada.
Datasets/Real_Handwriting/images/form_032_sentence_4.png,Jos valgo žemėlapį kalnuose.
Datasets/Real_Handwriting/images/form_476_sentence_3.png,Jurgita groja simfoniją.
Datasets/Synthetic_Sentences/images/sentence_13271.png,Neringa pradeda sportuoti.
Datasets/Synthetic_Sentences/images/sentence_28301.png,Drąsiai Mantas valgo obuolį.
Datasets/Synthetic_Sentences/images/sentence_20858.png,Džiaugsmingai Tomas perka žaislą.
Datasets/Real_Handwriting/images/form_396_sentence_2.png,Eglė būna namuose.
Datasets/Synthetic_Sentences/images/sentence_69757.png,Šiandien Danielius perka kavą.
Datasets/Synthetic_Sentences/images/sentence_17493.png,Ramiai katė mokosi darbe.
Datasets/Synthetic_Sentences/images/sentence_31729.png,Šiandien Tomas ilsisi paplūdimyje.
Datasets/Synthetic_Sentences/images/sentence_56062.png,Džiaugsmingai Neringa mokosi upės pakrantėje.
Datasets/Synthetic_Sentences/images/sentence_59097.png,Tyliai Danielius skaito istoriją namuose.
Datasets/Synthetic_Sentences/images/sentence_00702.png,Drąsiai Kristina rašo istoriją.
Datasets/Synthetic_Sentences/images/sentence_28298.png,Kur vaikas dirba?
Datasets/Real_Handwriting/images/form_035_sentence_3.png,Gydytojas tvarkosi arbatą.
Datasets/Real_Handwriting/images/form_297_sentence_2.png,Gintaras gyvena parke.
Datasets/Synthetic_Sentences/images/sentence_24006.png,Ramiai Saulius perka gėlę.
Datasets/Real_Handwriting/images/form_454_sentence_5.png,Obelys žydi baltais žiedais pavasarį.
Datasets/Real_Handwriting/images/form_183_sentence_3.png,Ji mielai rašo.
Datasets/Real_Handwriting/images/form_430_sentence_3.png,Drąsiai Petras sportuoja upės pakrantėje.
Datasets/Synthetic_Sentences/images/sentence_43876.png,Kristina gyvena mieste.
Datasets/Real_Handwriting/images/form_438_sentence_4.png,Šiandien Marija dirba parke.
Datasets/Real_Handwriting/images/form_487_sentence_3.png,Ingrida sportuoja mieste.
Datasets/Synthetic_Sentences/images/sentence_54531.png,Žilvinas nori rašyti žemėlapį.
Datasets/Real_Handwriting/images/form_283_sentence_1.png,Ar Saulius skaito receptą?
Datasets/Synthetic_Sentences/images/sentence_38176.png,Ar šuo mokosi namuose?
Datasets/Synthetic_Sentences/images/sentence_00042.png,Mokytojas lankosi kavinėje.
Datasets/Synthetic_Sentences/images/sentence_49598.png,Vakar Gintaras nešė žaislą.
Datasets/Synthetic_Sentences/images/sentence_47657.png,Drąsiai Laura skaito knygą.
Datasets/Real_Handwriting/images/form_174_sentence_2.png,Vyras žiūri stotyje ir stotyje.
Datasets/Synthetic_Sentences/images/sentence_45460.png,Ar Petras mokosi sode?
Datasets/Synthetic_Sentences/images/sentence_19138.png,Rasa renka daržoves.
Datasets/Synthetic_Sentences/images/sentence_14481.png,Tomas rašo istoriją.
Datasets/Real_Handwriting/images/form_032_sentence_5.png,Mergaitės tvarkosi sode.
Datasets/Synthetic_Sentences/images/sentence_68425.png,Mielai Eglė ilsisi darbe.
Datasets/Synthetic_Sentences/images/sentence_46430.png,Berniukas perka dovaną.
Datasets/Synthetic_Sentences/images/sentence_51438.png,"Mindaugas nori galvoti, nes nes jam patinka."
Datasets/Real_Handwriting/images/form_501_sentence_3.png,Ramiai Petras rašo žemėlapį.
Datasets/Synthetic_Sentences/images/sentence_68971.png,Ką Rasa skaito?
Datasets/Synthetic_Sentences/images/sentence_02434.png,Berniukas neskaito istoriją.
Datasets/Real_Handwriting/images/form_103_sentence_2.png,Jie smagiai sportuoja.
Datasets/Real_Handwriting/images/form_009_sentence_4.png,Moteris mėgsta tvarkytis daržoves.
Datasets/Synthetic_Sentences/images/sentence_08369.png,Renata nori gerti sultis.
Datasets/Synthetic_Sentences/images/sentence_39202.png,Ar Gintaras mėgsta keliauti?
Datasets/Synthetic_Sentences/images/sentence_12002.png,Ingrida mėgsta ilsėtis.
Datasets/Real_Handwriting/images/form_062_sentence_4.png,Vyras miega maistą.
Datasets/Synthetic_Sentences/images/sentence_27484.png,Gintaras nori valgyti daržoves.
Datasets/Synthetic_Sentences/images/sentence_62725.png,"Petras nori sportuoti, nes nes jam patinka."
Datasets/Real_Handwriting/images/form_160_sentence_4.png,Draugas labai visada eina.
Datasets/Synthetic_Sentences/images/sentence_52134.png,Žilvinas perka kavą.
Datasets/Synthetic_Sentences/images/sentence_00022.png,Mokytoja lankosi pievoje.
Datasets/Real_Handwriting/images/form_288_sentence_5.png,Žiemą vaikai mėgsta čiuožti ant ežero ledo.
Datasets/Real_Handwriting/images/form_366_sentence_2.png,Gintaras nori sportuoti gėlę.
Datasets/Synthetic_Sentences/images/sentence_33748.png,Garsiai Saulius mokosi paplūdimyje.
Datasets/Real_Handwriting/images/form_181_sentence_5.png,Jos geria sode ir namuose.
Datasets/Synthetic_Sentences/images/sentence_04544.png,Ingrida mokosi paplūdimyje anksti ryte.
Datasets/Synthetic_Sentences/images/sentence_56757.png,Rytoj Danielius eis mokykloje.
Datasets/Synthetic_Sentences/images/sentence_47639.png,"Mantas mokosi darbe, nes tai labai įdomu."
Datasets/Real_Handwriting/images/form_197_sentence_5.png,Jis nori valgyti.
Datasets/Synthetic_Sentences/images/sentence_20874.png,Vaikas renka gėles.
Datasets/Real_Handwriting/images/form_423_sentence_2.png,Gydytojas skaito žurnalą.
Datasets/Synthetic_Sentences/images/sentence_30316.png,Šiandien Petras skaito laišką.
Datasets/Real_Handwriting/images/form_163_sentence_4.png,Moteris baigia ilsėtis.
Datasets/Synthetic_Sentences/images/sentence_65377.png,Ar šuo mokosi sode?
Datasets/Synthetic_Sentences/images/sentence_06177.png,"Vaikas nori keliauti, nes nes jam patinka."
Datasets/Synthetic_Sentences/images/sentence_10897.png,Gydytojas mėgsta pirkti knygą.
Datasets/Real_Handwriting/images/form_356_sentence_5.png,Cukrų ir cinamoną dedame į pyragą.
Datasets/Synthetic_Sentences/images/sentence_23501.png,Šuo nori skaityti žurnalą.
Datasets/Synthetic_Sentences/images/sentence_67908.png,Greitai mokytojas skaito žurnalą ligoninėje.
Datasets/Real_Handwriting/images/form_143_sentence_3.png,Mokytojai bėga darbe.
Datasets/Synthetic_Sentences/images/sentence_02289.png,Ar Marija dirba darbe?
Datasets/Synthetic_Sentences/images/sentence_13114.png,Tomas ilsisi kaime.
Datasets/Synthetic_Sentences/images/sentence_21262.png,Drąsiai studentas skaito receptą.
Datasets/Synthetic_Sentences/images/sentence_34362.png,Ar gydytojas mėgsta mokytis?
Datasets/Synthetic_Sentences/images/sentence_48391.png,Berniukas mėgsta šokti.
Datasets/Synthetic_Sentences/images/sentence_20058.png,Šiandien Saulius perka žaislą.
Datasets/Synthetic_Sentences/images/sentence_01821.png,Garsiai Žilvinas perka žaislą.
Datasets/Synthetic_Sentences/images/sentence_67580.png,Mantas mokosi bibliotekoje vėlai vakare.
Datasets/Synthetic_Sentences/images/sentence_30773.png,Tyliai Žilvinas mokosi kavinėje.
Datasets/Synthetic_Sentences/images/sentence_15533.png,Tyliai Eglė perka kavą.
Datasets/Real_Handwriting/images/form_233_sentence_1.png,Šuo dirba sode.
Datasets/Real_Handwriting/images/form_423_sentence_5.png,Kavinėje kvepėjo kava ir cinamonu.
Datasets/Real_Handwriting/images/form_461_sentence_5.png,Zigmas žiūri žaibą per langą.
Datasets/Synthetic_Sentences/images/sentence_36791.png,Mergaitė žaidžia parke.
Datasets/Synthetic_Sentences/images/sentence_31482.png,Šuo mėgsta kalbėti.
Datasets/Synthetic_Sentences/images/sentence_32540.png,Šiandien Petras perka žaislą.
Datasets/Real_Handwriting/images/form_283_sentence_5.png,Čiurlionį menininkai laiko išskirtiniu kūrėju.
Datasets/Synthetic_Sentences/images/sentence_02810.png,Marija mėgsta tvarkytis.
Datasets/Synthetic_Sentences/images/sentence_34397.png,Šiandien mokytoja ilsisi kavinėje.
Datasets/Synthetic_Sentences/images/sentence_31552.png,Šiandien Mindaugas ilsisi mieste.
Datasets/Synthetic_Sentences/images/sentence_52452.png,Saulius geria arbatą.
Datasets/Synthetic_Sentences/images/sentence_67894.png,Kur mergaitė dirba?
Datasets/Synthetic_Sentences/images/sentence_09506.png,Žilvinas dirba kalnuose ir skaito knygą.
Datasets/Real_Handwriting/images/form_126_sentence_4.png,Vyrai pradeda šokti darbą.
Datasets/Synthetic_Sentences/images/sentence_40152.png,Vakar Kristina nešė gėlę.
Datasets/Synthetic_Sentences/images/sentence_11826.png,Gydytojas dirba sode ir skaito receptą.
Datasets/Synthetic_Sentences/images/sentence_44653.png,Gydytojas nori skaityti receptą.
Datasets/Synthetic_Sentences/images/sentence_50531.png,Kur Renata dirba?
Datasets/Real_Handwriting/images/form_342_sentence_3.png,Greitai mokytojas rašo laišką.
Datasets/Real_Handwriting/images/form_296_sentence_4.png,Danielius būna miške.
Datasets/Synthetic_Sentences/images/sentence_58398.png,Atidžiai Marija valgo vaisius.
Datasets/Real_Handwriting/images/form_417_sentence_1.png,Studentė stengiasi šokti.
Datasets/Real_Handwriting/images/form_375_sentence_4.png,Marija geria arbatą.
Datasets/Synthetic_Sentences/images/sentence_56278.png,Ramiai mokytoja neša gėlę.
Datasets/Real_Handwriting/images/form_417_sentence_5.png,Jurga ir Žilvinas keliavo per kalnus visą savaitę.
Datasets/Real_Handwriting/images/form_068_sentence_2.png,Mokytojas kalba namuose ir parke.
Datasets/Real_Handwriting/images/form_120_sentence_2.png,Vaikas žaidžia ir žaidžia.
Datasets/Real_Handwriting/images/form_475_sentence_3.png,Saulius perka duoną.
Datasets/Real_Handwriting/images/form_509_sentence_2.png,Vaikas gyvena kavinėje.
Datasets/Synthetic_Sentences/images/sentence_21882.png,Mokytoja stengiasi valgyti.
Datasets/Real_Handwriting/images/form_231_sentence_5.png,Daktaras dirba didelėje ligoninėje.
Datasets/Synthetic_Sentences/images/sentence_39980.png,Rasa rašo žemėlapį.
Datasets/Synthetic_Sentences/images/sentence_18590.png,Mokytoja žaidžia paplūdimyje.
Datasets/Synthetic_Sentences/images/sentence_17659.png,Ar berniukas nori valgyti?
Datasets/Synthetic_Sentences/images/sentence_26045.png,Gydytojas mokosi kavinėje.
Datasets/Synthetic_Sentences/images/sentence_06886.png,Ką berniukas skaito?
Datasets/Real_Handwriting/images/form_316_sentence_5.png,Kavinėje kvepėjo kava ir cinamonu.
Datasets/Synthetic_Sentences/images/sentence_63125.png,Studentė mėgsta skaityti knygą.
Datasets/Real_Handwriting/images/form_087_sentence_2.png,Jie mąsto ir mąsto.
Datasets/Synthetic_Sentences/images/sentence_59592.png,"Tomas mokosi paplūdimyje, nes nori pailsėti."
Datasets/Synthetic_Sentences/images/sentence_50467.png,Ingrida skaito žurnalą.
Datasets/Synthetic_Sentences/images/sentence_15671.png,Vakar Laura skaitė knygą.
Datasets/Real_Handwriting/images/form_146_sentence_5.png,Jie bėga paveikslą.
Datasets/Synthetic_Sentences/images/sentence_47823.png,Žilvinas nori pirkti gėlę.
Datasets/Real_Handwriting/images/form_047_sentence_1.png,Greitai moterys eina žemėlapį.
Datasets/Synthetic_Sentences/images/sentence_09129.png,Kristina nori valgyti duoną.
Datasets/Synthetic_Sentences/images/sentence_62032.png,Mokytoja mokosi bibliotekoje.
Datasets/Real_Handwriting/images/form_124_sentence_1.png,Šiandien jie eina blogai.
Datasets/Synthetic_Sentences/images/sentence_59830.png,Katė mėgsta pirkti gėlę.
Datasets/Real_Handwriting/images/form_506_sentence_2.png,Greitai šeima mokosi mokykloje.
Datasets/Real_Handwriting/images/form_003_sentence_2.png,Mergaitė labai atidžiai verkia.
Datasets/Real_Handwriting/images/form_168_sentence_5.png,Šuo labai niekada klauso.
Datasets/Synthetic_Sentences/images/sentence_47345.png,Mielai Renata valgo duoną.
Datasets/Synthetic_Sentences/images/sentence_30499.png,Mergaitė mėgsta pirkti kavą.
Datasets/Synthetic_Sentences/images/sentence_05150.png,Ar studentas nori kalbėti?
Datasets/Synthetic_Sentences/images/sentence_38825.png,Mindaugas lankosi kalnuose.
Datasets/Real_Handwriting/images/form_068_sentence_3.png,Šiandien gydytojas juokiasi niekada.
Datasets/Synthetic_Sentences/images/sentence_17578.png,Studentė nori rašyti receptą.
Datasets/Synthetic_Sentences/images/sentence_33141.png,Neringa geria sultis.
Datasets/Real_Handwriting/images/form_083_sentence_3.png,Ar mes dirba?
Datasets/Synthetic_Sentences/images/sentence_23954.png,Šiandien Jonas perka kavą.
Datasets/Synthetic_Sentences/images/sentence_19889.png,Gintaras lankosi mokykloje.
Datasets/Real_Handwriting/images/form_209_sentence_3.png,Gydytojas geria vandenį.
Datasets/Synthetic_Sentences/images/sentence_29319.png,Studentas bando rašyti.
Datasets/Synthetic_Sentences/images/sentence_21821.png,Ramiai Kristina mokosi kalnuose naktį.
Datasets/Real_Handwriting/images/form_476_sentence_4.png,Vakar Eglė dirbo miške.
Datasets/Real_Handwriting/images/form_373_sentence_5.png,Cecilija čiuožia ant ledo.
Datasets/Synthetic_Sentences/images/sentence_19599.png,Drąsiai vaikas skaito laišką.
Datasets/Synthetic_Sentences/images/sentence_55195.png,Greitai Petras perka gėlę.
Datasets/Real_Handwriting/images/form_105_sentence_1.png,Katė mokosi ir mokosi.
Datasets/Synthetic_Sentences/images/sentence_61615.png,Gintaras nori gerti sultis.
Datasets/Synthetic_Sentences/images/sentence_17848.png,Vaikas renka daržoves.
Datasets/Real_Handwriting/images/form_097_sentence_3.png,Mergaitės nemėgsta galvoti.
Datasets/Synthetic_Sentences/images/sentence_04050.png,Tomas mėgsta važiuoti.
Datasets/Synthetic_Sentences/images/sentence_59931.png,Ar mergaitė skaito laišką?
Datasets/Synthetic_Sentences/images/sentence_45848.png,Ar studentas mėgsta gerti?
Datasets/Real_Handwriting/images/form_033_sentence_1.png,Draugas nori rašyti paveikslą.
Datasets/Synthetic_Sentences/images/sentence_45252.png,Švelniai Jurgita neša krepšį.
Datasets/Synthetic_Sentences/images/sentence_14203.png,Mokytojas mokosi bibliotekoje.
Datasets/Real_Handwriting/images/form_411_sentence_2.png,Berniukas žaidžia parke.
Datasets/Real_Handwriting/images/form_499_sentence_4.png,Žilvinas neša dovaną.
Datasets/Synthetic_Sentences/images/sentence_06344.png,Šiandien berniukas mokosi mokykloje.
Datasets/Synthetic_Sentences/images/sentence_08394.png,Berniukas mėgsta pirkti arbatą.
Datasets/Synthetic_Sentences/images/sentence_09963.png,Garsiai vaikas ilsisi namuose.
Datasets/Synthetic_Sentences/images/sentence_51117.png,Ar gydytojas nori plaukti?
Datasets/Synthetic_Sentences/images/sentence_39392.png,Ramiai Renata skaito knygą.
Datasets/Synthetic_Sentences/images/sentence_14088.png,Ingrida nori gerti arbatą.
Datasets/Real_Handwriting/images/form_129_sentence_2.png,Paukštis šypsosi žaidimą darbe.
Datasets/Synthetic_Sentences/images/sentence_67898.png,Šiandien Eglė dirba stadione.
Datasets/Synthetic_Sentences/images/sentence_08828.png,Garsiai vaikas ilsisi ežero pakrantėje.
Datasets/Real_Handwriting/images/form_002_sentence_3.png,Vaikai verkia knygą stadione.
Datasets/Synthetic_Sentences/images/sentence_07295.png,Petras stengiasi gerti.
Datasets/Real_Handwriting/images/form_266_sentence_3.png,Saulius būna kalnuose.
Datasets/Synthetic_Sentences/images/sentence_65835.png,Neringa mėgsta skaityti laišką.
Datasets/Real_Handwriting/images/form_069_sentence_5.png,Mokytojas garsiai bėga.
Datasets/Synthetic_Sentences/images/sentence_37104.png,Neringa nori rašyti žemėlapį.
Datasets/Real_Handwriting/images/form_221_sentence_5.png,Katė keliasi anksti kiekvieną rytą.
Datasets/Synthetic_Sentences/images/sentence_57148.png,"Katė nori keliauti, nes nes jam patinka."
Datasets/Real_Handwriting/images/form_025_sentence_3.png,Šiandien tu žiūri retai.
Datasets/Synthetic_Sentences/images/sentence_17089.png,Katė žaidžia pievoje.
Datasets/Synthetic_Sentences/images/sentence_22800.png,Studentė lankosi parke.
Datasets/Synthetic_Sentences/images/sentence_27720.png,Studentė mokosi sode po pietų.
Datasets/Real_Handwriting/images/form_467_sentence_5.png,Obelys žydi baltais žiedais pavasarį.
Datasets/Real_Handwriting/images/form_401_sentence_3.png,Parke vaikai žaidžia iki vakaro.
Datasets/Synthetic_Sentences/images/sentence_08737.png,Ingrida gyvena mokykloje.
Datasets/Synthetic_Sentences/images/sentence_14780.png,Mantas ilsisi namuose.
Datasets/Real_Handwriting/images/form_364_sentence_5.png,Kartu keliaujame per kalnų taką.
Datasets/Synthetic_Sentences/images/sentence_26163.png,Tomas žaidžia ligoninėje.
Datasets/Synthetic_Sentences/images/sentence_60025.png,Šiandien šuo dirba paplūdimyje.
Datasets/Synthetic_Sentences/images/sentence_55256.png,Ar katė mėgsta piešti?
Datasets/Synthetic_Sentences/images/sentence_53951.png,Vakar vaikas nešė laišką.
Datasets/Synthetic_Sentences/images/sentence_58790.png,Berniukas mėgsta pirkti kavą.
Datasets/Synthetic_Sentences/images/sentence_65008.png,Eglė mėgsta skaityti istoriją.
Datasets/Real_Handwriting/images/form_490_sentence_5.png,Bitė skraido virš bijūnų.
Datasets/Real_Handwriting/images/form_007_sentence_3.png,Tu mąsto sode ir darbe.
Datasets/Synthetic_Sentences/images/sentence_11758.png,Kristina nori pirkti dovaną.
Datasets/Synthetic_Sentences/images/sentence_45201.png,Neringa nori rašyti užduotį.
Datasets/Real_Handwriting/images/form_258_sentence_4.png,Vakar Renata dirbo kaime.
Datasets/Synthetic_Sentences/images/sentence_23772.png,Šiandien Marija perka knygą.
Datasets/Synthetic_Sentences/images/sentence_15583.png,Švelniai vaikas mokosi miške naktį.
Datasets/Real_Handwriting/images/form_235_sentence_5.png,Vaikas džiaugsmingai šokinėja per balas po lietaus.
Datasets/Synthetic_Sentences/images/sentence_65162.png,Kur mokytojas dirba?
Datasets/Synthetic_Sentences/images/sentence_00760.png,Neringa mėgsta gerti arbatą.
Datasets/Synthetic_Sentences/images/sentence_28938.png,Ar Marija dirba namuose?
Datasets/Synthetic_Sentences/images/sentence_35998.png,Šiandien mergaitė skaito laišką.
Datasets/Real_Handwriting/images/form_117_sentence_2.png,Vyras nori skubėti mokyklą.
Datasets/Synthetic_Sentences/images/sentence_01883.png,Mokytoja gyvena pievoje.
Datasets/Synthetic_Sentences/images/sentence_03777.png,Drąsiai Laura mokosi mieste ryte.
Datasets/Synthetic_Sentences/images/sentence_27397.png,Vakar Mantas skaitė laišką.
Datasets/Synthetic_Sentences/images/sentence_50632.png,Rūpestingai Ingrida valgo daržoves.
Datasets/Synthetic_Sentences/images/sentence_63337.png,Ramiai mergaitė ilsisi upės pakrantėje.
Datasets/Real_Handwriting/images/form_224_sentence_4.png,Marija skaito laišką.
Datasets/Real_Handwriting/images/form_262_sentence_1.png,Rytoj studentė eis parke.
Datasets/Synthetic_Sentences/images/sentence_28987.png,Gydytojas nenori rašyti.
Datasets/Synthetic_Sentences/images/sentence_09872.png,"Rasa dirba namuose, nes jam patinka."
Datasets/Real_Handwriting/images/form_288_sentence_1.png,Šeima būna upės pakrantėje.
Datasets/Synthetic_Sentences/images/sentence_22808.png,Vakar Danielius skaitė žemėlapį.
Datasets/Synthetic_Sentences/images/sentence_06818.png,Ar Mindaugas mėgsta važiuoti?
Datasets/Synthetic_Sentences/images/sentence_63395.png,Ar mergaitė mėgsta dainuoti?
Datasets/Real_Handwriting/images/form_394_sentence_5.png,Cecilija čiuožia ant ledo.
Datasets/Synthetic_Sentences/images/sentence_29935.png,Šiandien katė mokosi stotyje.
Datasets/Synthetic_Sentences/images/sentence_24047.png,Garsiai studentas perka kavą.
Datasets/Synthetic_Sentences/images/sentence_26987.png,Ingrida nedirba namuose.
Datasets/Synthetic_Sentences/images/sentence_52733.png,Šiandien studentas perka žaislą.
Datasets/Real_Handwriting/images/form_461_sentence_4.png,Rytoj Mindaugas skaitys receptą.
Datasets/Synthetic_Sentences/images/sentence_42017.png,Gintaras nori dainuoti.
Datasets/Real_Handwriting/images/form_297_sentence_5.png,Obelys žydi baltais žiedais pavasarį.
Datasets/Synthetic_Sentences/images/sentence_38716.png,Danielius dirba stadione.
Datasets/Synthetic_Sentences/images/sentence_48676.png,Laura renka akmenis.
Datasets/Synthetic_Sentences/images/sentence_20747.png,Garsiai Marija skaito laišką kalnuose.
Datasets/Synthetic_Sentences/images/sentence_68940.png,Vakar Rasa dirbo ligoninėje.
Datasets/Synthetic_Sentences/images/sentence_22290.png,Kodėl Danielius dirba parke?
Datasets/Synthetic_Sentences/images/sentence_52450.png,"Jonas nori tvarkytis, nes nes nori pailsėti."
Datasets/Synthetic_Sentences/images/sentence_58840.png,Mokytojas mėgsta pirkti žaislą.
Datasets/Synthetic_Sentences/images/sentence_13105.png,Mergaitė skaito receptą.
Datasets/Real_Handwriting/images/form_264_sentence_2.png,Atidžiai šeima mokosi sode.
Datasets/Synthetic_Sentences/images/sentence_12476.png,Rasa nori rašyti žemėlapį.
Datasets/Synthetic_Sentences/images/sentence_43802.png,Mergaitė mėgsta valgyti daržoves.
Datasets/Synthetic_Sentences/images/sentence_66084.png,Mantas bando eiti.
Datasets/Synthetic_Sentences/images/sentence_07291.png,Laura nori gerti arbatą.
Datasets/Synthetic_Sentences/images/sentence_33168.png,Garsiai gydytojas dirba pievoje.
Datasets/Synthetic_Sentences/images/sentence_03915.png,Neringa mėgsta gerti arbatą.
Datasets/Real_Handwriting/images/form_383_sentence_3.png,Šiandien Jurgita ilsisi kaime.
Datasets/Synthetic_Sentences/images/sentence_58087.png,Šuo nenori keliauti.
Datasets/Real_Handwriting/images/form_409_sentence_3.png,Kristina nori žaisti žemėlapį.
Datasets/Synthetic_Sentences/images/sentence_45604.png,Tomas rašo užduotį.
Datasets/Synthetic_Sentences/images/sentence_68785.png,Studentas nori skaityti istoriją.
Datasets/Synthetic_Sentences/images/sentence_04850.png,Danielius gyvena upės pakrantėje.
Datasets/Synthetic_Sentences/images/sentence_35071.png,Neringa rašo projektą.
Datasets/Real_Handwriting/images/form_274_sentence_1.png,Ar studentė skaito istoriją?
Datasets/Real_Handwriting/images/form_197_sentence_3.png,Moteris mėgsta sportuoti istoriją.
Datasets/Real_Handwriting/images/form_395_sentence_3.png,Vakar Petras dirbo kalnuose.
Datasets/Real_Handwriting/images/form_252_sentence_1.png,Žirgas būna pievoje.
Datasets/Synthetic_Sentences/images/sentence_05478.png,Jonas mėgsta plaukti.
Datasets/Real_Handwriting/images/form_024_sentence_4.png,Šiandien vaikas galvoja šiandien.
Datasets/Synthetic_Sentences/images/sentence_06169.png,"Rasa dirba kalnuose, nes nori pailsėti."
Datasets/Synthetic_Sentences/images/sentence_17429.png,Ar Mindaugas nori groti?
Datasets/Real_Handwriting/images/form_508_sentence_1.png,Kristina bando gerti.
Datasets/Real_Handwriting/images/form_334_sentence_3.png,Mindaugas pradeda sportuoti.
Datasets/Synthetic_Sentences/images/sentence_56149.png,Neringa bando žaisti.
Datasets/Real_Handwriting/images/form_241_sentence_2.png,Vaikas žaidžia pievoje.
Datasets/Synthetic_Sentences/images/sentence_06806.png,Kristina nenori valgyti.
Datasets/Real_Handwriting/images/form_074_sentence_4.png,Jūs verkia laišką.
Datasets/Synthetic_Sentences/images/sentence_03981.png,Mokytojas valgo sriubą.
Datasets/Synthetic_Sentences/images/sentence_23455.png,Mielai Jurgita mokosi mieste anksti ryte.
Datasets/Synthetic_Sentences/images/sentence_62063.png,Kur vaikas dirba?
Datasets/Real_Handwriting/images/form_252_sentence_3.png,Renata lankosi kavinėje.
Datasets/Synthetic_Sentences/images/sentence_65030.png,Šiandien Laura dirba mokykloje.
Datasets/Synthetic_Sentences/images/sentence_29459.png,Jurgita stengiasi tvarkytis.
Datasets/Synthetic_Sentences/images/sentence_42419.png,Ką Tomas skaito?
Datasets/Synthetic_Sentences/images/sentence_40856.png,Mokytoja nori rašyti projektą.
Datasets/Synthetic_Sentences/images/sentence_32803.png,Ar Žilvinas mėgsta ilsėtis?
Datasets/Synthetic_Sentences/images/sentence_39589.png,Džiaugsmingai Jonas skaito receptą.
Datasets/Real_Handwriting/images/form_259_sentence_2.png,Ingrida perka arbatą.
Datasets/Synthetic_Sentences/images/sentence_60546.png,Kodėl Danielius dirba kalnuose?
Datasets/Synthetic_Sentences/images/sentence_26641.png,Kodėl vaikas dirba mokykloje?
Datasets/Synthetic_Sentences/images/sentence_31773.png,Petras neša dovaną.
Datasets/Synthetic_Sentences/images/sentence_21281.png,Ką vaikas skaito?
Datasets/Synthetic_Sentences/images/sentence_43129.png,Kruopščiai Gintaras mokosi miške.
Datasets/Synthetic_Sentences/images/sentence_26245.png,Rasa nori gerti pieną.
Datasets/Real_Handwriting/images/form_171_sentence_3.png,Ji žiūri darbą.
Datasets/Synthetic_Sentences/images/sentence_40328.png,Tyliai gydytojas neša dovaną.
Datasets/Real_Handwriting/images/form_236_sentence_5.png,Katė keliasi anksti kiekvieną rytą.
Datasets/Real_Handwriting/images/form_009_sentence_5.png,Draugai rašo parke ir stotyje.
Datasets/Real_Handwriting/images/form_210_sentence_4.png,Švelniai Jurgita dirba kavinėje.
Datasets/Synthetic_Sentences/images/sentence_00332.png,Gydytojas renka akmenis.
Datasets/Synthetic_Sentences/images/sentence_02726.png,Danielius mokosi pievoje.
Datasets/Synthetic_Sentences/images/sentence_22227.png,Renata sportuoja kavinėje.
Datasets/Synthetic_Sentences/images/sentence_59566.png,Gydytojas dirba sode ir skaito receptą.
Datasets/Real_Handwriting/images/form_494_sentence_4.png,Greitai vaikas perka žaislą.
Datasets/Synthetic_Sentences/images/sentence_16667.png,Mokytojas nenori valgyti.
Datasets/Synthetic_Sentences/images/sentence_68412.png,Šiandien Laura mokosi mokykloje.
Datasets/Synthetic_Sentences/images/sentence_56360.png,Rūpestingai Saulius mokosi kalnuose.
Datasets/Real_Handwriting/images/form_123_sentence_3.png,Moteris bijo keliauti.
Datasets/Real_Handwriting/images/form_343_sentence_2.png,Studentas neša dovaną.
Datasets/Synthetic_Sentences/images/sentence_22292.png,Ar Laura mokosi darbe?
Datasets/Synthetic_Sentences/images/sentence_57538.png,Šiandien Gintaras skaito laišką.
Datasets/Synthetic_Sentences/images/sentence_11686.png,Atidžiai šuo perka duoną.
Datasets/Synthetic_Sentences/images/sentence_42376.png,Katė mėgsta bėgti.
Datasets/Synthetic_Sentences/images/sentence_12624.png,Katė mėgsta pirkti kavą.
Datasets/Synthetic_Sentences/images/sentence_30039.png,Saulius lankosi sode.
Datasets/Real_Handwriting/images/form_362_sentence_3.png,Šiandien Petras perka knygą.
Datasets/Synthetic_Sentences/images/sentence_04899.png,Tyliai mokytoja mokosi namuose ryte.
Datasets/Synthetic_Sentences/images/sentence_05446.png,Rytoj Gintaras skaitys laišką.
Datasets/Synthetic_Sentences/images/sentence_30796.png,Ką Petras skaito?
Datasets/Synthetic_Sentences/images/sentence_52441.png,Šuo nenori piešti.
Datasets/Synthetic_Sentences/images/sentence_54751.png,Studentė mėgsta valgyti duoną.
Datasets/Real_Handwriting/images/form_052_sentence_2.png,Jūs žaidžia projektą.
Datasets/Synthetic_Sentences/images/sentence_48271.png,Tyliai Renata dirba sode.
Datasets/Synthetic_Sentences/images/sentence_29385.png,Lėtai Renata dirba kalnuose.
Datasets/Synthetic_Sentences/images/sentence_51246.png,Katė nori gerti sultis.
Datasets/Synthetic_Sentences/images/sentence_14246.png,Gydytojas neskaito istoriją.
Datasets/Synthetic_Sentences/images/sentence_22890.png,Žilvinas mėgsta valgyti obuolį.
Datasets/Real_Handwriting/images/form_157_sentence_2.png,Ji kalba paplūdimyje.
Datasets/Synthetic_Sentences/images/sentence_25175.png,Petras valgo obuolį.
Datasets/Synthetic_Sentences/images/sentence_54613.png,Vakar šuo nešė laišką.
Datasets/Real_Handwriting/images/form_117_sentence_5.png,Ar moteris skuba?
Datasets/Real_Handwriting/images/form_036_sentence_3.png,Jūs verkia mieste.
Datasets/Synthetic_Sentences/images/sentence_33810.png,"Saulius mokosi stotyje, nes jam patinka."
Datasets/Synthetic_Sentences/images/sentence_28494.png,Rytoj Marija skaitys receptą.
Datasets/Real_Handwriting/images/form_344_sentence_3.png,Drąsiai Jurgita perka duoną.
Datasets/Real_Handwriting/images/form_265_sentence_1.png,Džiaugsmingai Marija mokosi bibliotekoje.
Datasets/Synthetic_Sentences/images/sentence_61424.png,Neringa mokosi ligoninėje.
Datasets/Synthetic_Sentences/images/sentence_23372.png,Kristina perka lėtą knygą.
Datasets/Synthetic_Sentences/images/sentence_36626.png,Eglė mokosi sode po pietų.
Datasets/Real_Handwriting/images/form_392_sentence_1.png,Tyliai Mantas valgo košę.
Datasets/Synthetic_Sentences/images/sentence_18115.png,Mergaitė mėgsta skaityti receptą.
Datasets/Synthetic_Sentences/images/sentence_24709.png,Džiaugsmingai mergaitė rašo žemėlapį.
Datasets/Synthetic_Sentences/images/sentence_65515.png,"Ingrida dirba kaime, nes jam patinka."
Datasets/Synthetic_Sentences/images/sentence_57267.png,Vaikas bando galvoti.
Datasets/Synthetic_Sentences/images/sentence_59695.png,Laura valgo sriubą.
Datasets/Synthetic_Sentences/images/sentence_48331.png,Mindaugas sportuoja mokykloje.
Datasets/Real_Handwriting/images/form_287_sentence_5.png,Žuvėdros skraido žemai virš bangų.
Datasets/Synthetic_Sentences/images/sentence_38815.png,Kristina mėgsta dainuoti.
Datasets/Real_Handwriting/images/form_369_sentence_1.png,Neringa nori sportuoti gėlę.
Datasets/Real_Handwriting/images/form_251_sentence_3.png,Ar studentė mėgsta groti?
Datasets/Real_Handwriting/images/form_439_sentence_4.png,Petras stengiasi gerti.
Datasets/Synthetic_Sentences/images/sentence_60210.png,Drąsiai berniukas skaito žurnalą.
Datasets/Synthetic_Sentences/images/sentence_59283.png,Žilvinas mėgsta tvarkytis.
Datasets/Synthetic_Sentences/images/sentence_05210.png,"Petras nori valgyti, nes nes nori pailsėti."
Datasets/Synthetic_Sentences/images/sentence_02369.png,Gydytojas gyvena darbe.
Datasets/Real_Handwriting/images/form_103_sentence_3.png,Ar draugas miega?
Datasets/Synthetic_Sentences/images/sentence_06141.png,Šiandien Marija perka žaislą.
Datasets/Synthetic_Sentences/images/sentence_20263.png,Šuo skaito laišką.
Datasets/Real_Handwriting/images/form_287_sentence_4.png,Studentas pradeda rašyti.
Datasets/Real_Handwriting/images/form_391_sentence_2.png,Žmogus žaidžia parke.
Datasets/Real_Handwriting/images/form_110_sentence_1.png,Gydytojai nemėgsta keliauti daržoves.
Datasets/Real_Handwriting/images/form_483_sentence_1.png,Tyliai katė perka kavą.
Datasets/Real_Handwriting/images/form_467_sentence_3.png,Vakar gydytojas nešė žaislą.
Datasets/Real_Handwriting/images/form_076_sentence_3.png,Mergaitė miega receptą.
Datasets/Synthetic_Sentences/images/sentence_29774.png,Eglė mėgsta skaityti žurnalą.
Datasets/Real_Handwriting/images/form_244_sentence_3.png,Katė stato bokštą.
Datasets/Real_Handwriting/images/form_090_sentence_3.png,Jūs dirba egzaminą kalnuose.
Datasets/Synthetic_Sentences/images/sentence_34270.png,Vakar Danielius dirbo pievoje.
Datasets/Synthetic_Sentences/images/sentence_59994.png,Drąsiai Jurgita mokosi parke.
Datasets/Synthetic_Sentences/images/sentence_45847.png,Kristina dirba mieste ir skaito receptą.
Datasets/Real_Handwriting/images/form_190_sentence_1.png,Mokytojai baigia ilsėtis receptą.
Datasets/Synthetic_Sentences/images/sentence_17393.png,Jonas nori plaukti.
Datasets/Synthetic_Sentences/images/sentence_61447.png,Vaikas dirba mieste po pietų.
Datasets/Synthetic_Sentences/images/sentence_09320.png,Vaikas žaidžia mieste.
Datasets/Real_Handwriting/images/form_467_sentence_1.png,Šiandien Ingrida skaito žemėlapį.
Datasets/Real_Handwriting/images/form_408_sentence_1.png,Jonas neša knygą.
Datasets/Synthetic_Sentences/images/sentence_64812.png,Jurgita dirba paplūdimyje ir skaito žemėlapį.
Datasets/Synthetic_Sentences/images/sentence_62497.png,Šiandien Rasa skaito knygą.
Datasets/Real_Handwriting/images/form_048_sentence_4.png,Mes dabar galvoja.
Datasets/Synthetic_Sentences/images/sentence_33417.png,Šiandien mokytojas dirba parke.
Datasets/Real_Handwriting/images/form_449_sentence_1.png,Drąsiai šeima ilsisi parke.
Datasets/Synthetic_Sentences/images/sentence_11609.png,Jonas bando bėgti.
Datasets/Synthetic_Sentences/images/sentence_53088.png,"Eglė dirba darbe, nes nori pailsėti."
Datasets/Synthetic_Sentences/images/sentence_64312.png,Vakar Jurgita dirbo sode.
Datasets/Real_Handwriting/images/form_095_sentence_1.png,Šiandien draugas skuba ramiai.
Datasets/Synthetic_Sentences/images/sentence_66174.png,Laura valgo duoną.
Datasets/Synthetic_Sentences/images/sentence_03800.png,Ingrida skaito laišką.
Datasets/Synthetic_Sentences/images/sentence_46873.png,"Katė mokosi mieste, nes reikia pasiruošti."
Datasets/Real_Handwriting/images/form_129_sentence_4.png,Studentai skuba parke.
Datasets/Real_Handwriting/images/form_345_sentence_3.png,Rasa sportuoja stotyje.
Datasets/Real_Handwriting/images/form_226_sentence_4.png,Šiandien Tomas dirba miške.
Datasets/Synthetic_Sentences/images/sentence_31133.png,Šuo mėgsta gerti vandenį.
Datasets/Synthetic_Sentences/images/sentence_14071.png,Saulius nenori rašyti.
Datasets/Synthetic_Sentences/images/sentence_13962.png,Atidžiai Marija valgo duoną.
Datasets/Synthetic_Sentences/images/sentence_04141.png,Gydytojas perka gražų dovaną.
Datasets/Synthetic_Sentences/images/sentence_25477.png,Vakar Jurgita skaitė laišką.
Datasets/Real_Handwriting/images/form_223_sentence_4.png,Ar paukštis mėgsta sportuoti?
Datasets/Synthetic_Sentences/images/sentence_59894.png,Atidžiai Renata dirba namuose.
Datasets/Real_Handwriting/images/form_104_sentence_3.png,Jos mėgsta miegoti.
Datasets/Synthetic_Sentences/images/sentence_05482.png,Žilvinas nenori rašyti.
Datasets/Synthetic_Sentences/images/sentence_16921.png,Drąsiai Jurgita perka arbatą.
Datasets/Real_Handwriting/images/form_409_sentence_2.png,Drąsiai Ingrida rašo laišką.
Datasets/Synthetic_Sentences/images/sentence_58526.png,Laura mėgsta valgyti sriubą.
Datasets/Synthetic_Sentences/images/sentence_17327.png,Mokytoja perka gėlę.
Datasets/Real_Handwriting/images/form_347_sentence_4.png,Mantas geria arbatą.
Datasets/Synthetic_Sentences/images/sentence_41771.png,Marija perka tamsų žaislą.
Datasets/Real_Handwriting/images/form_240_sentence_5.png,Cecilija čiuožia ant ledo.
Datasets/Synthetic_Sentences/images/sentence_63254.png,Rasa nori gerti arbatą.
Datasets/Synthetic_Sentences/images/sentence_64937.png,Danielius mėgsta pirkti knygą.
Datasets/Synthetic_Sentences/images/sentence_51855.png,Laura mėgsta sportuoti.
Datasets/Real_Handwriting/images/form_420_sentence_3.png,Studentė žaidžia upės pakrantėje.
Datasets/Real_Handwriting/images/form_390_sentence_5.png,Petras pasivaikščioja prie ežero.
Datasets/Synthetic_Sentences/images/sentence_25917.png,"Vaikas mokosi stadione, nes tai labai įdomu."
Datasets/Synthetic_Sentences/images/sentence_07478.png,Rytoj Rasa eis miške.
Datasets/Real_Handwriting/images/form_022_sentence_4.png,Vaikas šypsosi žemėlapį.
Datasets/Synthetic_Sentences/images/sentence_16453.png,Šuo nori rašyti receptą.
Datasets/Synthetic_Sentences/images/sentence_07603.png,Laura stengiasi gerti.
Datasets/Real_Handwriting/images/form_143_sentence_1.png,Vaikas nori gerti.
Datasets/Synthetic_Sentences/images/sentence_43062.png,Katė skaito gražų laišką.
Datasets/Synthetic_Sentences/images/sentence_13349.png,Šiandien Kristina mokosi parke.
Datasets/Synthetic_Sentences/images/sentence_38044.png,Jonas dirba upės pakrantėje anksti ryte.
Datasets/Synthetic_Sentences/images/sentence_33754.png,Saulius nori rašyti žemėlapį.
Datasets/Synthetic_Sentences/images/sentence_24441.png,Katė mėgsta skaityti knygą.
Datasets/Synthetic_Sentences/images/sentence_68702.png,Ramiai Mantas valgo obuolį.
Datasets/Real_Handwriting/images/form_254_sentence_3.png,Tomas skaito žurnalą.
Datasets/Synthetic_Sentences/images/sentence_33528.png,Šuo mėgsta valgyti vaisius.
Datasets/Synthetic_Sentences/images/sentence_60261.png,Ingrida perka kavą.
Datasets/Real_Handwriting/images/form_037_sentence_1.png,Mergaitės skaito ir skaito.
Datasets/Synthetic_Sentences/images/sentence_53650.png,Eglė lankosi stadione.
Datasets/Synthetic_Sentences/images/sentence_56352.png,Marija geria sultis.
Datasets/Synthetic_Sentences/images/sentence_05639.png,Neringa perka naują gėlę.
Datasets/Real_Handwriting/images/form_337_sentence_5.png,Žaibas nušvietė tamsų dangų audros metu.
Datasets/Real_Handwriting/images/form_367_sentence_3.png,Jonas lankosi ligoninėje.
Datasets/Synthetic_Sentences/images/sentence_21822.png,Mokytoja mokosi ligoninėje po pietų.
Datasets/Synthetic_Sentences/images/sentence_39974.png,Eglė perka kavą.
Datasets/Synthetic_Sentences/images/sentence_09450.png,Jonas nori skaityti žurnalą.
Datasets/Synthetic_Sentences/images/sentence_17415.png,Rytoj Žilvinas eis pievoje.
Datasets/Synthetic_Sentences/images/sentence_01401.png,Mielai Kristina mokosi miške po pietų.
Datasets/Synthetic_Sentences/images/sentence_22100.png,Danielius mėgsta pirkti arbatą.
Datasets/Synthetic_Sentences/images/sentence_16084.png,Mantas ilsisi darbe.
Datasets/Synthetic_Sentences/images/sentence_69910.png,Berniukas mėgsta valgyti daržoves.
Datasets/Real_Handwriting/images/form_082_sentence_1.png,Vyras niekada dainuoja.
Datasets/Synthetic_Sentences/images/sentence_50462.png,Mantas gyvena kalnuose.
Datasets/Real_Handwriting/images/form_216_sentence_2.png,Neringa ilsisi stotyje.
Datasets/Synthetic_Sentences/images/sentence_00654.png,Šiandien Neringa skaito laišką.
Datasets/Real_Handwriting/images/form_005_sentence_5.png,Moterys galvoja ir galvoja.
Datasets/Synthetic_Sentences/images/sentence_25207.png,Ar vaikas dirba parke?
Datasets/Real_Handwriting/images/form_144_sentence_3.png,Šiandien jis bėga niekada.
Datasets/Real_Handwriting/images/form_035_sentence_2.png,Ji šypsosi ligoninėje.
Datasets/Synthetic_Sentences/images/sentence_24298.png,Rasa nori pirkti arbatą.
Datasets/Synthetic_Sentences/images/sentence_21450.png,Gydytojas ilsisi stadione.
Datasets/Synthetic_Sentences/images/sentence_57709.png,Tyliai Gintaras mokosi parke ryte.
Datasets/Synthetic_Sentences/images/sentence_13942.png,Šiandien Ingrida ilsisi bibliotekoje.
Datasets/Synthetic_Sentences/images/sentence_12410.png,Ingrida mokosi kavinėje.
Datasets/Real_Handwriting/images/form_389_sentence_3.png,Šiandien Eglė mokosi sode.
Datasets/Synthetic_Sentences/images/sentence_08921.png,Mantas renka gėles.
Datasets/Real_Handwriting/images/form_291_sentence_3.png,Ar Mantas mėgsta žaisti?
Datasets/Synthetic_Sentences/images/sentence_31297.png,Laura nenori tvarkytis.
Datasets/Real_Handwriting/images/form_186_sentence_2.png,Ar moteris valgo?
Datasets/Synthetic_Sentences/images/sentence_02335.png,Studentė nori pirkti dovaną.
Datasets/Synthetic_Sentences/images/sentence_57950.png,"Mindaugas mokosi pievoje, nes jam patinka."
Datasets/Synthetic_Sentences/images/sentence_00267.png,Vakar katė skaitė žurnalą.
Datasets/Synthetic_Sentences/images/sentence_54854.png,Ar mokytoja mokosi ligoninėje?
Datasets/Synthetic_Sentences/images/sentence_00645.png,Gydytojas nori pirkti arbatą.
Datasets/Real_Handwriting/images/form_320_sentence_3.png,Ar Saulius mokosi miške?
Datasets/Synthetic_Sentences/images/sentence_63347.png,Tomas stengiasi važiuoti.
Datasets/Real_Handwriting/images/form_432_sentence_4.png,Kristina nori žaisti.
Datasets/Synthetic_Sentences/images/sentence_25262.png,Mindaugas valgo vaisius.
Datasets/Synthetic_Sentences/images/sentence_33562.png,Rasa nori skaityti knygą.
Datasets/Synthetic_Sentences/images/sentence_32150.png,Žilvinas lankosi sode.
Datasets/Synthetic_Sentences/images/sentence_52690.png,Šiandien Tomas ilsisi darbe.
Datasets/Synthetic_Sentences/images/sentence_44899.png,Žilvinas mėgsta skaityti istoriją.
Datasets/Real_Handwriting/images/form_052_sentence_1.png,Mergaitės skuba miške.
Datasets/Synthetic_Sentences/images/sentence_63994.png,Katė ilsisi kavinėje.
Datasets/Real_Handwriting/images/form_307_sentence_4.png,Kristina renka vaisius.
Datasets/Real_Handwriting/images/form_210_sentence_2.png,Mokytojas mokosi ežero pakrantėje.
Datasets/Synthetic_Sentences/images/sentence_68288.png,"Studentė dirba mieste, nes nori pailsėti."
Datasets/Synthetic_Sentences/images/sentence_24159.png,Ar Petras nori sportuoti?
Datasets/Real_Handwriting/images/form_056_sentence_4.png,Mielai vaikas dainuoja receptą.
Datasets/Real_Handwriting/images/form_362_sentence_2.png,Tyliai šuo sportuoja darbe.
Datasets/Real_Handwriting/images/form_267_sentence_4.png,Marija neša knygą.
Datasets/Real_Handwriting/images/form_132_sentence_5.png,Šiandien aš galvoja kruopščiai.
Datasets/Synthetic_Sentences/images/sentence_15176.png,Gintaras valgo duoną.
Datasets/Synthetic_Sentences/images/sentence_19309.png,Vaikas nori skaityti knygą.
Datasets/Synthetic_Sentences/images/sentence_29114.png,Gydytojas lankosi mieste.
Datasets/Real_Handwriting/images/form_158_sentence_5.png,Mokytojas kalba ir kalba.
Datasets/Real_Handwriting/images/form_101_sentence_1.png,Smagiai vyrai mokosi žemėlapį.
Datasets/Synthetic_Sentences/images/sentence_07461.png,Vaikas bando dainuoti.
Datasets/Real_Handwriting/images/form_188_sentence_2.png,Draugas kalba egzaminą stotyje.
Datasets/Synthetic_Sentences/images/sentence_32788.png,Kristina stengiasi dainuoti.
Datasets/Synthetic_Sentences/images/sentence_31845.png,Mergaitė nori valgyti košę.
Datasets/Synthetic_Sentences/images/sentence_34784.png,Žilvinas dirba stadione ryte.
Datasets/Synthetic_Sentences/images/sentence_63664.png,Šiandien Žilvinas perka dovaną.
Datasets/Synthetic_Sentences/images/sentence_61607.png,Džiaugsmingai katė mokosi namuose.
Datasets/Synthetic_Sentences/images/sentence_61280.png,Greitai Jonas perka žaislą.
Datasets/Synthetic_Sentences/images/sentence_51732.png,Džiaugsmingai Marija perka žaislą.
Datasets/Synthetic_Sentences/images/sentence_69127.png,Mokytojas neša krepšį.
Datasets/Synthetic_Sentences/images/sentence_35963.png,Kur Laura dirba?
Datasets/Synthetic_Sentences/images/sentence_03889.png,"Mergaitė mokosi pievoje, nes turi daug darbo."
Datasets/Real_Handwriting/images/form_464_sentence_4.png,Ar žmogus mėgsta šokti?
Datasets/Synthetic_Sentences/images/sentence_13584.png,Ar Ingrida nori valgyti?
Datasets/Real_Handwriting/images/form_299_sentence_4.png,Šiandien studentas skaito žemėlapį.
Datasets/Synthetic_Sentences/images/sentence_29620.png,Saulius nori piešti.
Datasets/Real_Handwriting/images/form_385_sentence_3.png,Studentė dirba namuose.
Datasets/Synthetic_Sentences/images/sentence_02709.png,Laura perka arbatą.
Datasets/Synthetic_Sentences/images/sentence_12097.png,Drąsiai mergaitė skaito laišką mokykloje.
Datasets/Real_Handwriting/images/form_133_sentence_4.png,Šuo nemėgsta skubėti.
Datasets/Synthetic_Sentences/images/sentence_10410.png,Studentė skaito lėtą laišką.
Datasets/Synthetic_Sentences/images/sentence_56618.png,Tomas pradeda važiuoti.
Datasets/Synthetic_Sentences/images/sentence_24918.png,Mergaitė pradeda žaisti.
Datasets/Real_Handwriting/images/form_007_sentence_2.png,Mergaitės skuba ir skuba.
Datasets/Real_Handwriting/images/form_056_sentence_1.png,Jos labai dabar valgo.
Datasets/Real_Handwriting/images/form_228_sentence_1.png,Marija pradeda dirbti.
Datasets/Synthetic_Sentences/images/sentence_20198.png,Vakar Gintaras dirbo ligoninėje.
Datasets/Synthetic_Sentences/images/sentence_45650.png,Mantas mokosi kaime ryte.
Datasets/Real_Handwriting/images/form_372_sentence_1.png,Drąsiai Eglė mokosi stotyje.
Datasets/Real_Handwriting/images/form_263_sentence_4.png,Rasa groja muzikos kūrinį.
Datasets/Real_Handwriting/images/form_103_sentence_5.png,Šiandien šuo eina atidžiai.
Datasets/Synthetic_Sentences/images/sentence_37206.png,Kristina nori keliauti.
Datasets/Synthetic_Sentences/images/sentence_58813.png,Drąsiai Gintaras dirba parke.
Datasets/Synthetic_Sentences/images/sentence_00226.png,Jonas neša dovaną.
Datasets/Synthetic_Sentences/images/sentence_36893.png,Rūpestingai šuo rašo istoriją.
Datasets/Real_Handwriting/images/form_136_sentence_5.png,Visada vyrai valgo arbatą.
Datasets/Real_Handwriting/images/form_184_sentence_5.png,Šiandien draugai kalba kartu.
Datasets/Synthetic_Sentences/images/sentence_37682.png,Šiandien Saulius perka kavą.
Datasets/Synthetic_Sentences/images/sentence_02124.png,Mokytoja mėgsta žaisti.
Datasets/Synthetic_Sentences/images/sentence_57146.png,Petras pradeda valgyti.
Datasets/Synthetic_Sentences/images/sentence_59040.png,Danielius lankosi ligoninėje.
Datasets/Real_Handwriting/images/form_285_sentence_3.png,Paukštis geria vandenį.
Datasets/Real_Handwriting/images/form_463_sentence_3.png,Gintaras nori plaukti duoną.
Datasets/Synthetic_Sentences/images/sentence_67210.png,"Vaikas nori važiuoti, nes nes jam patinka."
Datasets/Real_Handwriting/images/form_300_sentence_2.png,Mantas nori valgyti dovaną.
Datasets/Synthetic_Sentences/images/sentence_53779.png,Katė mėgsta groti.
Datasets/Synthetic_Sentences/images/sentence_32367.png,Rytoj Ingrida skaitys žemėlapį.
Datasets/Real_Handwriting/images/form_315_sentence_2.png,Šiandien mergaitė dirba stotyje.
Datasets/Synthetic_Sentences/images/sentence_52255.png,Ramiai Laura mokosi kalnuose.
Datasets/Synthetic_Sentences/images/sentence_14257.png,Gintaras bando galvoti.
Datasets/Synthetic_Sentences/images/sentence_65298.png,Neringa mokosi stotyje.
Datasets/Synthetic_Sentences/images/sentence_10238.png,Kristina pradeda rašyti.
Datasets/Real_Handwriting/images/form_359_sentence_3.png,Mokytojas būna bibliotekoje.
Datasets/Real_Handwriting/images/form_079_sentence_2.png,Šiandien vyrai skaito kartu.
Datasets/Synthetic_Sentences/images/sentence_21189.png,Tyliai Mindaugas ilsisi mieste.
Datasets/Synthetic_Sentences/images/sentence_01876.png,Saulius stengiasi piešti.
Datasets/Synthetic_Sentences/images/sentence_32675.png,Mantas pradeda skaityti.
Datasets/Real_Handwriting/images/form_317_sentence_4.png,Mokytoja žaidžia darbe.
Datasets/Synthetic_Sentences/images/sentence_06029.png,Vakar Rasa nešė laišką.
Datasets/Synthetic_Sentences/images/sentence_45694.png,Lėtai Petras dirba pievoje.
Datasets/Real_Handwriting/images/form_305_sentence_1.png,Šiandien studentas perka gėlę.
Datasets/Synthetic_Sentences/images/sentence_32184.png,Mantas mokosi paplūdimyje vėlai vakare.
Datasets/Synthetic_Sentences/images/sentence_33350.png,Petras nori gerti pieną.
Datasets/Real_Handwriting/images/form_486_sentence_2.png,Renata ilsisi ligoninėje.
Datasets/Synthetic_Sentences/images/sentence_55270.png,Šiandien Laura perka žaislą.
Datasets/Real_Handwriting/images/form_426_sentence_5.png,Žiema atneša sniegą ir šaltį.
Datasets/Synthetic_Sentences/images/sentence_68796.png,"Jonas mokosi kalnuose, bet nori dirbti."
Datasets/Synthetic_Sentences/images/sentence_29475.png,Mergaitė mėgsta pirkti knygą.
Datasets/Synthetic_Sentences/images/sentence_60289.png,Eglė stengiasi sportuoti.
Datasets/Real_Handwriting/images/form_430_sentence_2.png,Garsiai berniukas dirba stotyje.
Datasets/Synthetic_Sentences/images/sentence_10854.png,Gintaras žaidžia kaime.
Datasets/Synthetic_Sentences/images/sentence_25423.png,Katė mokosi upės pakrantėje po pietų.
Datasets/Real_Handwriting/images/form_302_sentence_1.png,Lėtai studentė dirba upės pakrantėje.
Datasets/Real_Handwriting/images/form_015_sentence_3.png,Šiandien mergaitė tvarkosi kruopščiai.
Datasets/Synthetic_Sentences/images/sentence_60453.png,Vakar berniukas nešė žaislą.
Datasets/Synthetic_Sentences/images/sentence_50760.png,Saulius mėgsta valgyti košę.
Datasets/Synthetic_Sentences/images/sentence_12160.png,Ramiai šuo skaito laišką pievoje.
Datasets/Real_Handwriting/images/form_229_sentence_3.png,Ar Ingrida skaito žurnalą?
Datasets/Synthetic_Sentences/images/sentence_55060.png,Šiandien Ingrida perka arbatą.
Datasets/Synthetic_Sentences/images/sentence_31998.png,Rūpestingai Rasa valgo daržoves.
Datasets/Synthetic_Sentences/images/sentence_17582.png,Petras dirba namuose po pietų.
Datasets/Synthetic_Sentences/images/sentence_65895.png,Marija žaidžia kavinėje.
Datasets/Synthetic_Sentences/images/sentence_17824.png,Rasa gyvena ligoninėje.
Datasets/Synthetic_Sentences/images/sentence_18357.png,Laura mėgsta pirkti arbatą.
Datasets/Real_Handwriting/images/form_159_sentence_1.png,Vyras mokosi ir mokosi.
Datasets/Synthetic_Sentences/images/sentence_55043.png,Greitai Žilvinas neša žaislą.
Datasets/Synthetic_Sentences/images/sentence_12052.png,Kruopščiai Rasa perka gėlę.
Datasets/Synthetic_Sentences/images/sentence_34248.png,Berniukas skaito knygą.
Datasets/Synthetic_Sentences/images/sentence_32242.png,Vakar mergaitė skaitė istoriją.
Datasets/Synthetic_Sentences/images/sentence_53135.png,Kruopščiai Kristina ilsisi paplūdimyje.
Datasets/Synthetic_Sentences/images/sentence_69426.png,Tomas nedirba parke.
Datasets/Synthetic_Sentences/images/sentence_33841.png,Tomas nori rašyti užduotį.
Datasets/Synthetic_Sentences/images/sentence_63185.png,Švelniai vaikas dirba kaime.
Datasets/Real_Handwriting/images/form_182_sentence_4.png,Jūs labai greitai kalba.
Datasets/Synthetic_Sentences/images/sentence_07425.png,Ar Jonas mėgsta gerti?
Datasets/Synthetic_Sentences/images/sentence_16858.png,Vakar Mindaugas skaitė laišką.
Datasets/Real_Handwriting/images/form_455_sentence_5.png,Oras šiandien labai gražus ir šiltas.
Datasets/Real_Handwriting/images/form_435_sentence_5.png,Futbolininkas šokinėja per kliūtis.
Datasets/Synthetic_Sentences/images/sentence_09061.png,Saulius rašo istoriją.
Datasets/Synthetic_Sentences/images/sentence_44752.png,Kodėl Tomas dirba mieste?
Datasets/Synthetic_Sentences/images/sentence_01844.png,Renata perka greitą arbatą.
Datasets/Real_Handwriting/images/form_389_sentence_1.png,Vakar paukštis nešė knygą.
Datasets/Synthetic_Sentences/images/sentence_37534.png,Petras skaito istoriją.
Datasets/Synthetic_Sentences/images/sentence_07378.png,Mantas mėgsta skaityti laišką.
Datasets/Synthetic_Sentences/images/sentence_07150.png,Laura perka duoną.
Datasets/Synthetic_Sentences/images/sentence_41735.png,Studentė nedirba mieste.
Datasets/Synthetic_Sentences/images/sentence_57979.png,Tyliai Petras dirba upės pakrantėje.
Datasets/Synthetic_Sentences/images/sentence_00823.png,Tomas dirba kavinėje.
Datasets/Synthetic_Sentences/images/sentence_56089.png,Kruopščiai Jurgita neša dovaną.
Datasets/Synthetic_Sentences/images/sentence_16615.png,Tomas renka akmenis.
Datasets/Synthetic_Sentences/images/sentence_54230.png,"Berniukas nori groti, nes nes nori pailsėti."
Datasets/Synthetic_Sentences/images/sentence_60747.png,Saulius mėgsta pirkti arbatą.
Datasets/Synthetic_Sentences/images/sentence_33095.png,Ingrida žaidžia stotyje.
Datasets/Synthetic_Sentences/images/sentence_19213.png,Rytoj Kristina skaitys istoriją.
Datasets/Synthetic_Sentences/images/sentence_03848.png,"Kristina mokosi stotyje, bet nori mokytis."
Datasets/Real_Handwriting/images/form_478_sentence_3.png,Gydytojas mėgsta mokytis.
Datasets/Synthetic_Sentences/images/sentence_45836.png,Vakar Gintaras skaitė žemėlapį.
Datasets/Synthetic_Sentences/images/sentence_43552.png,Ar Laura nori važiuoti?
Datasets/Synthetic_Sentences/images/sentence_35501.png,Ką mokytoja skaito?
Datasets/Synthetic_Sentences/images/sentence_34934.png,Vakar Gintaras skaitė istoriją.
Datasets/Real_Handwriting/images/form_244_sentence_5.png,Cukrų ir cinamoną dedame į pyragą.
Datasets/Synthetic_Sentences/images/sentence_28961.png,Vaikas perka nuobodų dovaną.
Datasets/Synthetic_Sentences/images/sentence_59187.png,Tyliai mokytoja rašo projektą.
Datasets/Synthetic_Sentences/images/sentence_49791.png,Šiandien Laura ilsisi stotyje.
Datasets/Synthetic_Sentences/images/sentence_27248.png,Ar Neringa nori galvoti?
Datasets/Synthetic_Sentences/images/sentence_17710.png,Ingrida mėgsta skaityti knygą.
Datasets/Synthetic_Sentences/images/sentence_55991.png,Renata gyvena upės pakrantėje.
Datasets/Synthetic_Sentences/images/sentence_00036.png,Rūpestingai studentas rašo laišką.
Datasets/Synthetic_Sentences/images/sentence_68176.png,Šuo nenori plaukti.
Datasets/Real_Handwriting/images/form_324_sentence_1.png,Mokytoja mokosi sode.
Datasets/Synthetic_Sentences/images/sentence_68584.png,Lėtai Marija ilsisi kalnuose.
Datasets/Synthetic_Sentences/images/sentence_24350.png,Kruopščiai vaikas skaito žemėlapį.
Datasets/Synthetic_Sentences/images/sentence_24184.png,Kodėl Petras dirba kalnuose?
Datasets/Synthetic_Sentences/images/sentence_34186.png,Tyliai Ingrida valgo vaisius.
Datasets/Real_Handwriting/images/form_077_sentence_3.png,Draugas baigia miegoti muziką.
Datasets/Synthetic_Sentences/images/sentence_09811.png,Vakar Tomas nešė knygą.
Datasets/Real_Handwriting/images/form_155_sentence_5.png,Šuo dainuoja stotyje.
Datasets/Real_Handwriting/images/form_362_sentence_5.png,Cecilija čiuožia ant ledo.
Datasets/Synthetic_Sentences/images/sentence_54757.png,Ramiai mokytoja ilsisi darbe.
Datasets/Synthetic_Sentences/images/sentence_68026.png,Ar berniukas mokosi kalnuose?
Datasets/Real_Handwriting/images/form_329_sentence_2.png,Atidžiai žmogus ilsisi kalnuose.
Datasets/Real_Handwriting/images/form_116_sentence_5.png,Jos rašo vandenį.
Datasets/Synthetic_Sentences/images/sentence_20614.png,Mokytojas nori valgyti daržoves.
Datasets/Real_Handwriting/images/form_121_sentence_4.png,Mergaitės pradeda valgyti darbą.
Datasets/Synthetic_Sentences/images/sentence_06523.png,Ar gydytojas nori piešti?
Datasets/Synthetic_Sentences/images/sentence_18987.png,Vakar Jurgita dirbo mieste.
Datasets/Synthetic_Sentences/images/sentence_65827.png,Žilvinas geria arbatą.
Datasets/Synthetic_Sentences/images/sentence_46716.png,Atidžiai Saulius ilsisi bibliotekoje.
Datasets/Real_Handwriting/images/form_244_sentence_2.png,Šuo sportuoja bibliotekoje.
Datasets/Synthetic_Sentences/images/sentence_02738.png,Marija neskaito laišką.
Datasets/Real_Handwriting/images/form_280_sentence_5.png,Universiteto studentai žaidžia šachmatais laisvalaikiu.
Datasets/Synthetic_Sentences/images/sentence_15483.png,"Rasa nori piešti, nes nes turi daug darbo."
Datasets/Synthetic_Sentences/images/sentence_56259.png,Ar Renata nori šokti?
Datasets/Synthetic_Sentences/images/sentence_18401.png,Jurgita dirba sode ir skaito žemėlapį.
Datasets/Synthetic_Sentences/images/sentence_23189.png,Eglė mėgsta pirkti arbatą.
Datasets/Synthetic_Sentences/images/sentence_44796.png,Šuo perka knygą.
Datasets/Synthetic_Sentences/images/sentence_02323.png,Atidžiai berniukas mokosi kaime po pietų.
Datasets/Synthetic_Sentences/images/sentence_22562.png,Ar mokytojas mėgsta galvoti?
Datasets/Real_Handwriting/images/form_102_sentence_1.png,Moteris nori kalbėti.
Datasets/Synthetic_Sentences/images/sentence_23331.png,Vaikas dirba mieste ir skaito receptą.
Datasets/Synthetic_Sentences/images/sentence_50405.png,Rytoj studentė eis sode.
Datasets/Synthetic_Sentences/images/sentence_28240.png,Mergaitė dirba mieste.
Datasets/Synthetic_Sentences/images/sentence_18897.png,Šiandien katė dirba mokykloje.
Datasets/Synthetic_Sentences/images/sentence_16591.png,Šiandien šuo skaito žurnalą.
Datasets/Synthetic_Sentences/images/sentence_13749.png,Rytoj Tomas eis miške.
Datasets/Synthetic_Sentences/images/sentence_28283.png,Gydytojas mėgsta gerti pieną.
Datasets/Synthetic_Sentences/images/sentence_05047.png,Renata gyvena sode.
Datasets/Synthetic_Sentences/images/sentence_59717.png,Mindaugas žaidžia upės pakrantėje.
Datasets/Real_Handwriting/images/form_208_sentence_2.png,Gintaras mokosi darbe.
Datasets/Synthetic_Sentences/images/sentence_20447.png,Kristina mėgsta valgyti sriubą.
Datasets/Real_Handwriting/images/form_270_sentence_4.png,Mokytojas dirba mieste.
Datasets/Synthetic_Sentences/images/sentence_58084.png,Rytoj Saulius skaitys laišką.
Datasets/Synthetic_Sentences/images/sentence_60507.png,Ar Renata nori dainuoti?
Datasets/Synthetic_Sentences/images/sentence_54842.png,Tomas nori pirkti arbatą.
Datasets/Real_Handwriting/images/form_358_sentence_2.png,Džiaugsmingai mergaitė skaito knygą.
Datasets/Real_Handwriting/images/form_335_sentence_4.png,Rasa skaito laišką.
Datasets/Synthetic_Sentences/images/sentence_63033.png,Ingrida neskaito žurnalą.
Datasets/Synthetic_Sentences/images/sentence_63387.png,Šiandien studentė mokosi kaime.
Datasets/Real_Handwriting/images/form_027_sentence_1.png,Draugas šoka ir šoka.
Datasets/Synthetic_Sentences/images/sentence_19120.png,Katė nori skaityti žurnalą.
Datasets/Real_Handwriting/images/form_357_sentence_3.png,Šeima žaidžia bibliotekoje.
Datasets/Synthetic_Sentences/images/sentence_38822.png,Mindaugas valgo košę.
Datasets/Synthetic_Sentences/images/sentence_01351.png,Ką mergaitė skaito?
Datasets/Real_Handwriting/images/form_175_sentence_1.png,Studentas juokiasi istoriją stotyje.
Datasets/Synthetic_Sentences/images/sentence_60968.png,Jonas žaidžia pievoje.
Datasets/Synthetic_Sentences/images/sentence_43307.png,Švelniai berniukas dirba paplūdimyje.
Datasets/Synthetic_Sentences/images/sentence_57403.png,Mindaugas lankosi upės pakrantėje.
Datasets/Synthetic_Sentences/images/sentence_12013.png,Saulius skaito šaltą žemėlapį.
Datasets/Synthetic_Sentences/images/sentence_43038.png,Mokytoja nori kalbėti.
Datasets/Synthetic_Sentences/images/sentence_68105.png,Lėtai mokytojas skaito žurnalą kaime.
Datasets/Real_Handwriting/images/form_412_sentence_2.png,Berniukas bando groti.
Datasets/Real_Handwriting/images/form_097_sentence_1.png,Gydytojai keliauoja vaisius kaime.
Datasets/Synthetic_Sentences/images/sentence_64606.png,Lėtai šuo rašo žemėlapį.
Datasets/Synthetic_Sentences/images/sentence_67703.png,Ramiai vaikas dirba darbe.
Datasets/Real_Handwriting/images/form_045_sentence_4.png,Tu geria stadione.
Datasets/Synthetic_Sentences/images/sentence_16583.png,Šuo valgo sriubą.
Datasets/Real_Handwriting/images/form_355_sentence_2.png,Ar Tomas mėgsta dainuoti?
Datasets/Synthetic_Sentences/images/sentence_50913.png,Vakar Saulius dirbo mokykloje.
Datasets/Synthetic_Sentences/images/sentence_19055.png,Ramiai studentė rašo projektą.
Datasets/Real_Handwriting/images/form_067_sentence_5.png,Smagiai vaikas šoka žemėlapį.
Datasets/Synthetic_Sentences/images/sentence_34103.png,Ramiai Tomas valgo obuolį.
Datasets/Synthetic_Sentences/images/sentence_50470.png,Šiandien studentė ilsisi mieste.
Datasets/Real_Handwriting/images/form_280_sentence_1.png,Katė ilsisi pievoje.
Datasets/Synthetic_Sentences/images/sentence_59652.png,Kur Jurgita dirba?
Datasets/Synthetic_Sentences/images/sentence_68842.png,Marija mokosi miške vėlai vakare.
Datasets/Synthetic_Sentences/images/sentence_08743.png,Jurgita skaito laišką.
Datasets/Synthetic_Sentences/images/sentence_47814.png,Neringa mėgsta skaityti laišką.
Datasets/Real_Handwriting/images/form_452_sentence_5.png,Jonas į darbą važiuoja dviračiu.
Datasets/Synthetic_Sentences/images/sentence_33120.png,Ar mokytoja skaito laišką?
Datasets/Real_Handwriting/images/form_399_sentence_1.png,Mokytojas mėgsta eiti.
Datasets/Real_Handwriting/images/form_237_sentence_2.png,Atidžiai Jonas perka kavą.
Datasets/Synthetic_Sentences/images/sentence_69213.png,Mindaugas nori valgyti sriubą.
Datasets/Synthetic_Sentences/images/sentence_50816.png,Vakar katė skaitė knygą.
Datasets/Synthetic_Sentences/images/sentence_64198.png,Ar Gintaras skaito žurnalą?
Datasets/Synthetic_Sentences/images/sentence_65411.png,Ingrida skaito žurnalą.
Datasets/Synthetic_Sentences/images/sentence_31736.png,Mergaitė nori rašyti užduotį.
Datasets/Synthetic_Sentences/images/sentence_51701.png,Mantas neša gėlę.
Datasets/Synthetic_Sentences/images/sentence_32824.png,Šiandien Rasa dirba mokykloje.
Datasets/Synthetic_Sentences/images/sentence_11109.png,Greitai Renata ilsisi mieste.
Datasets/Synthetic_Sentences/images/sentence_61485.png,Kristina mokosi stotyje anksti ryte.
Datasets/Real_Handwriting/images/form_476_sentence_5.png,Naktį žvaigždės šviečia ryškiausiai.
Datasets/Real_Handwriting/images/form_507_sentence_4.png,Ar Kristina mokosi mokykloje?
Datasets/Synthetic_Sentences/images/sentence_17245.png,Vakar studentas skaitė žurnalą.
Datasets/Synthetic_Sentences/images/sentence_45425.png,Ar katė dirba pievoje?
Datasets/Synthetic_Sentences/images/sentence_22715.png,"Eglė mokosi paplūdimyje, nes tai labai įdomu."
Datasets/Synthetic_Sentences/images/sentence_24893.png,Danielius žaidžia mokykloje.
Datasets/Real_Handwriting/images/form_365_sentence_4.png,Džiaugsmingai Danielius ilsisi stadione.
Datasets/Synthetic_Sentences/images/sentence_08131.png,Rytoj Ingrida eis ligoninėje.
Datasets/Synthetic_Sentences/images/sentence_31549.png,Ingrida mokosi ligoninėje.
Datasets/Real_Handwriting/images/form_496_sentence_2.png,Šiandien žmogus skaito laišką.
Datasets/Real_Handwriting/images/form_180_sentence_2.png,Vaikai nori galvoti receptą.
Datasets/Synthetic_Sentences/images/sentence_25960.png,Šiandien Jurgita dirba miške.
Datasets/Synthetic_Sentences/images/sentence_00156.png,Ingrida perka nuobodų kavą.
Datasets/Synthetic_Sentences/images/sentence_52365.png,Marija mėgsta valgyti daržoves.
Datasets/Synthetic_Sentences/images/sentence_09790.png,Rūpestingai Ingrida skaito žurnalą darbe.
Datasets/Real_Handwriting/images/form_104_sentence_1.png,Moterys žaidžia istoriją.
Datasets/Real_Handwriting/images/form_445_sentence_5.png,Kavinėje kvepėjo kava ir cinamonu.
Datasets/Synthetic_Sentences/images/sentence_46140.png,Neringa dirba miške vėlai vakare.
Datasets/Synthetic_Sentences/images/sentence_12339.png,Renata dirba miške ir skaito knygą.
Datasets/Synthetic_Sentences/images/sentence_66820.png,Ar Jonas nori gerti?
Datasets/Synthetic_Sentences/images/sentence_25856.png,Jonas mėgsta gerti kavą.
Datasets/Synthetic_Sentences/images/sentence_30112.png,Gintaras pradeda skaityti.
Datasets/Synthetic_Sentences/images/sentence_34655.png,Drąsiai Saulius perka duoną.
Datasets/Real_Handwriting/images/form_239_sentence_4.png,Šiandien berniukas perka žaislą.
Datasets/Synthetic_Sentences/images/sentence_62703.png,Gintaras renka daržoves.
Datasets/Synthetic_Sentences/images/sentence_37184.png,Neringa bando kalbėti.
Datasets/Synthetic_Sentences/images/sentence_52243.png,Berniukas nori pirkti kavą.
Datasets/Synthetic_Sentences/images/sentence_69554.png,Renata stengiasi galvoti.
Datasets/Real_Handwriting/images/form_283_sentence_2.png,Vakar Ingrida nešė gėlę.
Datasets/Synthetic_Sentences/images/sentence_58496.png,Ingrida gyvena upės pakrantėje.
Datasets/Real_Handwriting/images/form_234_sentence_2.png,Mielai Rasa rašo laišką.
Datasets/Synthetic_Sentences/images/sentence_11663.png,Mindaugas žaidžia stotyje.
Datasets/Synthetic_Sentences/images/sentence_41016.png,Studentas žaidžia namuose.
Datasets/Synthetic_Sentences/images/sentence_54170.png,Ar Mantas dirba upės pakrantėje?
Datasets/Synthetic_Sentences/images/sentence_16113.png,Ar Saulius skaito žurnalą?
Datasets/Real_Handwriting/images/form_157_sentence_1.png,Katė šoka maistą stadione.
Datasets/Real_Handwriting/images/form_412_sentence_1.png,Šiandien studentė perka kavą.
Datasets/Real_Handwriting/images/form_230_sentence_4.png,Žmogus skaito knygą.
Datasets/Synthetic_Sentences/images/sentence_53301.png,Saulius nedirba paplūdimyje.
Datasets/Synthetic_Sentences/images/sentence_04284.png,Berniukas mokosi kaime ryte.
Datasets/Synthetic_Sentences/images/sentence_39074.png,Atidžiai Marija mokosi parke.
Datasets/Real_Handwriting/images/form_263_sentence_5.png,Kavinėje kvepėjo kava ir cinamonu.
Datasets/Synthetic_Sentences/images/sentence_31635.png,Gydytojas nori gerti sultis.
Datasets/Real_Handwriting/images/form_222_sentence_5.png,Cecilija čiuožia ant ledo.
Datasets/Synthetic_Sentences/images/sentence_39013.png,Džiaugsmingai mokytojas rašo užduotį.
Datasets/Synthetic_Sentences/images/sentence_29164.png,Renata neša dovaną.
Datasets/Synthetic_Sentences/images/sentence_00787.png,Jonas mėgsta skaityti knygą.
Datasets/Synthetic_Sentences/images/sentence_43901.png,Marija skaito receptą.
Datasets/Synthetic_Sentences/images/sentence_25528.png,Mergaitė sportuoja mieste.
Datasets/Synthetic_Sentences/images/sentence_35864.png,Berniukas mėgsta groti.
Datasets/Synthetic_Sentences/images/sentence_41747.png,Ar Jurgita skaito žurnalą?
Datasets/Synthetic_Sentences/images/sentence_01273.png,Katė valgo sriubą.
Datasets/Real_Handwriting/images/form_308_sentence_5.png,Cecilija čiuožia ant ledo.
Datasets/Synthetic_Sentences/images/sentence_37718.png,Vakar studentė nešė laišką.
Datasets/Synthetic_Sentences/images/sentence_53095.png,Ar Neringa mokosi bibliotekoje?
Datasets/Synthetic_Sentences/images/sentence_68920.png,Vakar studentas dirbo kaime.
Datasets/Synthetic_Sentences/images/sentence_30999.png,Neringa nori valgyti duoną.
Datasets/Synthetic_Sentences/images/sentence_26654.png,Kristina mėgsta pirkti gėlę.
Datasets/Real_Handwriting/images/form_468_sentence_3.png,Rasa bando žaisti.
Datasets/Synthetic_Sentences/images/sentence_28649.png,Danielius mėgsta šokti.
Datasets/Synthetic_Sentences/images/sentence_22471.png,Jurgita perka kavą.
Datasets/Real_Handwriting/images/form_148_sentence_1.png,Gydytojas dainuoja namuose ir kalnuose.
Datasets/Synthetic_Sentences/images/sentence_47176.png,Ką mokytoja skaito?
Datasets/Real_Handwriting/images/form_113_sentence_5.png,Gydytojai keliauoja užduotį.
Datasets/Real_Handwriting/images/form_367_sentence_1.png,Saulius perka kavą.
Datasets/Synthetic_Sentences/images/sentence_46933.png,Kristina neskaito žurnalą.
Datasets/Real_Handwriting/images/form_459_sentence_3.png,Mokytojas stato bokštą.
Datasets/Synthetic_Sentences/images/sentence_45920.png,Saulius dirba mokykloje.
Datasets/Real_Handwriting/images/form_363_sentence_1.png,Vakar žirgas skaitė žemėlapį.
Datasets/Synthetic_Sentences/images/sentence_44701.png,Renata nenori galvoti.
Datasets/Real_Handwriting/images/form_104_sentence_2.png,Mes pradeda ilsėtis istoriją.
Datasets/Real_Handwriting/images/form_436_sentence_1.png,Greitai Laura skaito istoriją.
Datasets/Real_Handwriting/images/form_135_sentence_1.png,Ar draugai skuba?
Datasets/Synthetic_Sentences/images/sentence_24926.png,Vakar studentas dirbo mieste.
Datasets/Synthetic_Sentences/images/sentence_24409.png,Marija nori skaityti receptą.
Datasets/Synthetic_Sentences/images/sentence_07772.png,Ingrida renka daržoves.
Datasets/Synthetic_Sentences/images/sentence_44178.png,Studentas pradeda gerti.
Datasets/Synthetic_Sentences/images/sentence_40298.png,Saulius geria kavą.
Datasets/Synthetic_Sentences/images/sentence_50217.png,Šuo nenori bėgti.
Datasets/Synthetic_Sentences/images/sentence_08190.png,Vakar Mantas skaitė laišką.
Datasets/Synthetic_Sentences/images/sentence_69801.png,"Gintaras mokosi mieste, bet nori šokti."
Datasets/Synthetic_Sentences/images/sentence_28137.png,Eglė neskaito istoriją.
Datasets/Real_Handwriting/images/form_058_sentence_3.png,Moteris juokiasi istoriją.
Datasets/Synthetic_Sentences/images/sentence_69861.png,Vakar Saulius dirbo bibliotekoje.
Datasets/Synthetic_Sentences/images/sentence_33661.png,Ką Tomas skaito?
Datasets/Synthetic_Sentences/images/sentence_59667.png,Danielius mėgsta gerti.
Datasets/Synthetic_Sentences/images/sentence_16907.png,"Kristina mokosi miške, bet nori tvarkytis."
Datasets/Synthetic_Sentences/images/sentence_57652.png,Jonas gyvena stotyje.
Datasets/Synthetic_Sentences/images/sentence_51731.png,"Studentė nori groti, nes nes nori pailsėti."
Datasets/Synthetic_Sentences/images/sentence_38321.png,Kristina dirba upės pakrantėje.
Datasets/Synthetic_Sentences/images/sentence_32714.png,Ar vaikas mėgsta kalbėti?
Datasets/Synthetic_Sentences/images/sentence_68366.png,"Petras mokosi kavinėje, nes jam patinka."
Datasets/Real_Handwriting/images/form_341_sentence_3.png,Rytoj studentė eis stadione.
Datasets/Real_Handwriting/images/form_131_sentence_4.png,Studentas labai greitai skuba.
Datasets/Synthetic_Sentences/images/sentence_28505.png,Studentas mokosi kavinėje.
Datasets/Synthetic_Sentences/images/sentence_25103.png,Marija neša krepšį.
Datasets/Synthetic_Sentences/images/sentence_69858.png,Marija dirba bibliotekoje vakare.
Datasets/Real_Handwriting/images/form_374_sentence_3.png,Jonas žaidžia miške.
Datasets/Synthetic_Sentences/images/sentence_56980.png,Vakar vaikas dirbo bibliotekoje.
Datasets/Synthetic_Sentences/images/sentence_53052.png,Ramiai Kristina mokosi darbe po pietų.
Datasets/Synthetic_Sentences/images/sentence_65947.png,Mokytojas mėgsta mokytis.
Datasets/Synthetic_Sentences/images/sentence_20239.png,Saulius mėgsta gerti arbatą.
Datasets/Synthetic_Sentences/images/sentence_17384.png,Rasa nori rašyti užduotį.
Datasets/Real_Handwriting/images/form_178_sentence_4.png,Mergaitė labai garsiai valgo.
Datasets/Synthetic_Sentences/images/sentence_24407.png,Kruopščiai studentė neša gėlę.
Datasets/Synthetic_Sentences/images/sentence_06083.png,Tyliai Laura rašo projektą.
Datasets/Synthetic_Sentences/images/sentence_60629.png,Rasa nori pirkti dovaną.
Datasets/Synthetic_Sentences/images/sentence_01741.png,Šiandien Jurgita ilsisi ligoninėje.
Datasets/Synthetic_Sentences/images/sentence_06547.png,Drąsiai mokytoja ilsisi bibliotekoje.
Datasets/Synthetic_Sentences/images/sentence_66811.png,Ramiai Tomas mokosi ežero pakrantėje.
Datasets/Synthetic_Sentences/images/sentence_40928.png,Jurgita ilsisi ežero pakrantėje.
Datasets/Synthetic_Sentences/images/sentence_09646.png,Tomas rašo projektą.
Datasets/Synthetic_Sentences/images/sentence_12010.png,Jonas ilsisi mieste.
Datasets/Synthetic_Sentences/images/sentence_68891.png,Mielai Kristina mokosi sode po pietų.
Datasets/Synthetic_Sentences/images/sentence_11489.png,Šiandien Petras mokosi darbe.
Datasets/Synthetic_Sentences/images/sentence_27789.png,Garsiai studentas skaito laišką.
Datasets/Real_Handwriting/images/form_493_sentence_4.png,Jonas rašo projektą.
Datasets/Synthetic_Sentences/images/sentence_38778.png,Neringa dirba ežero pakrantėje ryte.
Datasets/Synthetic_Sentences/images/sentence_36814.png,Marija ilsisi bibliotekoje.
Datasets/Real_Handwriting/images/form_279_sentence_5.png,Universiteto studentai žaidžia šachmatais laisvalaikiu.
Datasets/Synthetic_Sentences/images/sentence_66743.png,Tyliai Danielius skaito žurnalą.
Datasets/Synthetic_Sentences/images/sentence_03193.png,Šiandien studentė dirba pievoje.
Datasets/Synthetic_Sentences/images/sentence_64807.png,Kristina nori pirkti žaislą.
Datasets/Real_Handwriting/images/form_264_sentence_5.png,Cukrų ir cinamoną dedame į pyragą.
Datasets/Synthetic_Sentences/images/sentence_43018.png,Renata gyvena bibliotekoje.
Datasets/Synthetic_Sentences/images/sentence_45611.png,Ingrida dirba miške.
Datasets/Synthetic_Sentences/images/sentence_26789.png,Katė perka seną arbatą.
Datasets/Synthetic_Sentences/images/sentence_01904.png,Rasa lankosi mieste.
Datasets/Real_Handwriting/images/form_195_sentence_4.png,Ji atidžiai verkia.
Datasets/Synthetic_Sentences/images/sentence_51229.png,Šiandien Renata skaito žemėlapį.
Datasets/Real_Handwriting/images/form_084_sentence_1.png,Lėtai studentai geria filmą.
Datasets/Synthetic_Sentences/images/sentence_39041.png,Neringa valgo daržoves.
Datasets/Synthetic_Sentences/images/sentence_30750.png,Studentas stengiasi mokytis.
Datasets/Real_Handwriting/images/form_188_sentence_5.png,Mergaitė nori eiti receptą.
Datasets/Synthetic_Sentences/images/sentence_34268.png,Kristina neša krepšį.
Datasets/Synthetic_Sentences/images/sentence_68102.png,Kristina lankosi pievoje.
Datasets/Real_Handwriting/images/form_197_sentence_1.png,Jis juokiasi daržoves.
Datasets/Synthetic_Sentences/images/sentence_24689.png,Neringa gyvena stotyje.
Datasets/Real_Handwriting/images/form_379_sentence_5.png,Kavinėje kvepėjo kava ir cinamonu.
Datasets/Real_Handwriting/images/form_262_sentence_4.png,Džiaugsmingai Žilvinas skaito istoriją.
Datasets/Real_Handwriting/images/form_047_sentence_2.png,Ar jis tvarkosi?
Datasets/Synthetic_Sentences/images/sentence_63077.png,Ingrida žaidžia miške.
Datasets/Real_Handwriting/images/form_439_sentence_1.png,Šiandien Žilvinas mokosi mokykloje.
Datasets/Synthetic_Sentences/images/sentence_33638.png,Kristina mėgsta gerti arbatą.
Datasets/Synthetic_Sentences/images/sentence_08169.png,Eglė mėgsta gerti kavą.
Datasets/Synthetic_Sentences/images/sentence_57727.png,Danielius neskaito knygą.
Datasets/Real_Handwriting/images/form_253_sentence_4.png,Petras nori groti paveikslą.
Datasets/Synthetic_Sentences/images/sentence_11143.png,Gydytojas nori valgyti vaisius.
Datasets/Real_Handwriting/images/form_314_sentence_5.png,Zigmas žiūri žaibą per langą.
Datasets/Synthetic_Sentences/images/sentence_56780.png,Jurgita mokosi namuose.
Datasets/Synthetic_Sentences/images/sentence_17400.png,Atidžiai Eglė mokosi pievoje.
Datasets/Synthetic_Sentences/images/sentence_29162.png,Jonas mėgsta valgyti košę.
Datasets/Real_Handwriting/images/form_421_sentence_2.png,Ar Marija mokosi paplūdimyje?
Datasets/Real_Handwriting/images/form_413_sentence_5.png,Šuo išbėgo į kiemą ir pradėjo loti.
Datasets/Synthetic_Sentences/images/sentence_40265.png,Eglė renka gėles.
Datasets/Synthetic_Sentences/images/sentence_46566.png,Ar Eglė nori dirbti?
Datasets/Synthetic_Sentences/images/sentence_65992.png,Šiandien mokytojas ilsisi stotyje.
Datasets/Synthetic_Sentences/images/sentence_12361.png,Ingrida neša krepšį.
Datasets/Synthetic_Sentences/images/sentence_20789.png,Ar Tomas mokosi upės pakrantėje?
Datasets/Synthetic_Sentences/images/sentence_24612.png,Jonas lankosi kaime.
Datasets/Synthetic_Sentences/images/sentence_37447.png,Ką Kristina skaito?
Datasets/Synthetic_Sentences/images/sentence_17476.png,"Gydytojas nori plaukti, nes nes jam patinka."
Datasets/Real_Handwriting/images/form_023_sentence_5.png,Mokytojai verkia kaime ir prie ežero.
Datasets/Synthetic_Sentences/images/sentence_47452.png,Danielius mėgsta pirkti dovaną.
Datasets/Synthetic_Sentences/images/sentence_46569.png,Petras pradeda keliauti.
Datasets/Synthetic_Sentences/images/sentence_09714.png,Laura neša laišką.
Datasets/Synthetic_Sentences/images/sentence_08203.png,Vakar Rasa skaitė žurnalą.
Datasets/Synthetic_Sentences/images/sentence_34331.png,Jonas nenori dainuoti.
Datasets/Real_Handwriting/images/form_010_sentence_4.png,Moteris retai bėga.
Datasets/Synthetic_Sentences/images/sentence_23437.png,Mergaitė bando keliauti.
Datasets/Real_Handwriting/images/form_422_sentence_3.png,Šuo stato tvorą.
Datasets/Synthetic_Sentences/images/sentence_37308.png,Kristina pradeda bėgti.
Datasets/Real_Handwriting/images/form_295_sentence_4.png,Lėtai Neringa skaito receptą.
Datasets/Synthetic_Sentences/images/sentence_53858.png,Mielai Neringa ilsisi mokykloje.
Datasets/Real_Handwriting/images/form_242_sentence_3.png,Mantas lankosi stotyje.
Datasets/Synthetic_Sentences/images/sentence_05057.png,Žilvinas nori valgyti košę.
Datasets/Synthetic_Sentences/images/sentence_17102.png,Švelniai Laura ilsisi kaime.
Datasets/Synthetic_Sentences/images/sentence_24216.png,Gydytojas neša žaislą.
Datasets/Real_Handwriting/images/form_239_sentence_5.png,Čempionas treniruojasi kiekvieną dieną.
Datasets/Synthetic_Sentences/images/sentence_52210.png,Tomas valgo vaisius.
Datasets/Synthetic_Sentences/images/sentence_35717.png,Kur vaikas dirba?
Datasets/Synthetic_Sentences/images/sentence_09990.png,Renata nori groti.
Datasets/Synthetic_Sentences/images/sentence_12131.png,Studentė dirba mieste ir skaito receptą.
Datasets/Real_Handwriting/images/form_168_sentence_3.png,Ar mergaitė sportuoja?
Datasets/Synthetic_Sentences/images/sentence_68334.png,Atidžiai Jonas ilsisi mieste.
Datasets/Synthetic_Sentences/images/sentence_45629.png,Studentas renka akmenis.
Datasets/Real_Handwriting/images/form_314_sentence_4.png,Ar Renata dirba bibliotekoje?
Datasets/Synthetic_Sentences/images/sentence_52318.png,Neringa nedirba mieste.
Datasets/Synthetic_Sentences/images/sentence_43526.png,Ar Gintaras nori bėgti?
Datasets/Real_Handwriting/images/form_416_sentence_2.png,Šiandien katė skaito žurnalą.
Datasets/Synthetic_Sentences/images/sentence_26579.png,Garsiai studentas dirba upės pakrantėje.
Datasets/Synthetic_Sentences/images/sentence_39712.png,Mielai studentas valgo sriubą.
Datasets/Synthetic_Sentences/images/sentence_61180.png,Gydytojas mėgsta šokti.
Datasets/Synthetic_Sentences/images/sentence_48055.png,Jurgita mėgsta šokti.
Datasets/Synthetic_Sentences/images/sentence_10699.png,Renata mėgsta valgyti duoną.
Datasets/Real_Handwriting/images/form_158_sentence_1.png,Šuo stengiasi šokti.
Datasets/Synthetic_Sentences/images/sentence_07741.png,Žilvinas mėgsta skaityti receptą.
Datasets/Real_Handwriting/images/form_251_sentence_4.png,Petras bando kalbėti.
Datasets/Real_Handwriting/images/form_098_sentence_2.png,Draugas dirba ir dirba.
Datasets/Synthetic_Sentences/images/sentence_54111.png,Vakar Marija nešė knygą.
Datasets/Real_Handwriting/images/form_202_sentence_4.png,Šiandien žirgas dirba namuose.
Datasets/Synthetic_Sentences/images/sentence_40705.png,Saulius dirba parke naktį.
Datasets/Synthetic_Sentences/images/sentence_49463.png,Rūpestingai Jonas neša žaislą.
Datasets/Synthetic_Sentences/images/sentence_01146.png,Vakar katė skaitė istoriją.
Datasets/Synthetic_Sentences/images/sentence_49590.png,Ar Ingrida nori piešti?
Datasets/Real_Handwriting/images/form_058_sentence_5.png,Moterys ilsisi mieste.
Datasets/Synthetic_Sentences/images/sentence_47888.png,Kodėl Mindaugas dirba parke?
Datasets/Synthetic_Sentences/images/sentence_23323.png,Mergaitė neskaito knygą.
Datasets/Real_Handwriting/images/form_091_sentence_1.png,Labai jūs keliauoja laišką.
Datasets/Synthetic_Sentences/images/sentence_45974.png,Rūpestingai Jonas valgo obuolį.
Datasets/Synthetic_Sentences/images/sentence_51186.png,Studentas valgo daržoves.
Datasets/Synthetic_Sentences/images/sentence_17688.png,Ar Tomas mokosi stotyje?
Datasets/Real_Handwriting/images/form_380_sentence_4.png,Jonas skaito knygą.
Datasets/Real_Handwriting/images/form_031_sentence_1.png,Ar vyras bėga?
Datasets/Synthetic_Sentences/images/sentence_18782.png,Šiandien Gintaras mokosi paplūdimyje.
Datasets/Synthetic_Sentences/images/sentence_02158.png,Švelniai gydytojas skaito laišką kalnuose.
Datasets/Synthetic_Sentences/images/sentence_03123.png,Kristina nori rašyti istoriją.
Datasets/Synthetic_Sentences/images/sentence_58973.png,Mokytoja nori gerti vandenį.
Datasets/Real_Handwriting/images/form_352_sentence_2.png,Rytoj šuo skaitys žurnalą.
Datasets/Synthetic_Sentences/images/sentence_42174.png,Studentas mokosi kavinėje ryte.
Datasets/Synthetic_Sentences/images/sentence_26329.png,Žilvinas nedirba namuose.
Datasets/Synthetic_Sentences/images/sentence_16941.png,Lėtai Mantas ilsisi kaime.
Datasets/Synthetic_Sentences/images/sentence_62596.png,Mokytoja bando eiti.
Datasets/Real_Handwriting/images/form_234_sentence_1.png,Mergaitė mėgsta žaisti žaislą.
Datasets/Synthetic_Sentences/images/sentence_53614.png,Tyliai Eglė skaito žurnalą.
Datasets/Synthetic_Sentences/images/sentence_28805.png,Kristina sportuoja paplūdimyje.
Datasets/Synthetic_Sentences/images/sentence_13827.png,Ar vaikas mokosi miške?
Datasets/Synthetic_Sentences/images/sentence_44772.png,Neringa rašo istoriją.
Datasets/Synthetic_Sentences/images/sentence_25412.png,Džiaugsmingai mergaitė valgo obuolį.
Datasets/Synthetic_Sentences/images/sentence_37700.png,Tyliai Mantas neša žaislą.
Datasets/Synthetic_Sentences/images/sentence_66853.png,Mokytoja mėgsta šokti.
Datasets/Synthetic_Sentences/images/sentence_52624.png,Kodėl Ingrida dirba darbe?
Datasets/Synthetic_Sentences/images/sentence_67313.png,Tomas nedirba darbe.
Datasets/Synthetic_Sentences/images/sentence_40911.png,Mama atsisėda ant aukštos kėdės.
Datasets/Synthetic_Sentences/images/sentence_48918.png,Vakar Ingrida skaitė žemėlapį.
Datasets/Synthetic_Sentences/images/sentence_49160.png,Vaikas mokosi kalnuose anksti ryte.
Datasets/Synthetic_Sentences/images/sentence_66713.png,Šuo geria kavą.
Datasets/Synthetic_Sentences/images/sentence_17797.png,Šiandien studentas mokosi stadione.
Datasets/Real_Handwriting/images/form_017_sentence_3.png,Vaikai pradeda skubėti.
Datasets/Synthetic_Sentences/images/sentence_24887.png,Mindaugas dirba mokykloje ir skaito žurnalą.
Datasets/Synthetic_Sentences/images/sentence_51854.png,Studentė nori gerti vandenį.
Datasets/Synthetic_Sentences/images/sentence_06001.png,Lėtai katė skaito receptą.
Datasets/Synthetic_Sentences/images/sentence_23316.png,Žilvinas valgo obuolį.
Datasets/Real_Handwriting/images/form_013_sentence_3.png,Jie miega paveikslą.
Datasets/Synthetic_Sentences/images/sentence_57074.png,Šiandien Laura skaito žurnalą.
Datasets/Synthetic_Sentences/images/sentence_13523.png,Atidžiai katė perka knygą.
Datasets/Real_Handwriting/images/form_256_sentence_2.png,Žmogus geria sultis.
Datasets/Real_Handwriting/images/form_101_sentence_3.png,Vaikai mąsto ligoninėje ir stotyje.
Datasets/Synthetic_Sentences/images/sentence_14728.png,Lėtai Žilvinas dirba mokykloje.
Datasets/Real_Handwriting/images/form_210_sentence_3.png,Kruopščiai Renata neša krepšį.
Datasets/Synthetic_Sentences/images/sentence_49339.png,Šiandien studentas dirba stotyje.
Datasets/Synthetic_Sentences/images/sentence_32525.png,Gydytojas bando mokytis.
Datasets/Synthetic_Sentences/images/sentence_62912.png,Gintaras nedirba ligoninėje.
Datasets/Synthetic_Sentences/images/sentence_67986.png,Kristina nori valgyti duoną.
Datasets/Synthetic_Sentences/images/sentence_34062.png,Danielius neša laišką.
Datasets/Synthetic_Sentences/images/sentence_49087.png,Gintaras dirba ligoninėje ir skaito istoriją.
Datasets/Synthetic_Sentences/images/sentence_10242.png,Laura geria kavą.
Datasets/Synthetic_Sentences/images/sentence_16057.png,Mokytoja renka grybus.
Datasets/Synthetic_Sentences/images/sentence_38405.png,Ar Žilvinas mokosi mieste?
Datasets/Synthetic_Sentences/images/sentence_06043.png,Kristina neša knygą.
Datasets/Real_Handwriting/images/form_006_sentence_2.png,Vyras verkia miške ir darbe.
Datasets/Real_Handwriting/images/form_026_sentence_3.png,Vaikai galvoja mieste.
Datasets/Synthetic_Sentences/images/sentence_13972.png,Vaikas mėgsta gerti pieną.
Datasets/Synthetic_Sentences/images/sentence_12080.png,"Petras nori galvoti, nes nes jam patinka."
Datasets/Synthetic_Sentences/images/sentence_25129.png,Berniukas stengiasi mokytis.
Datasets/Synthetic_Sentences/images/sentence_26601.png,Rytoj Laura skaitys receptą.
Datasets/Synthetic_Sentences/images/sentence_26196.png,Šiandien Jurgita mokosi mieste.
Datasets/Real_Handwriting/images/form_284_sentence_5.png,Cukrų ir cinamoną dedame į pyragą.
Datasets/Synthetic_Sentences/images/sentence_35269.png,Jonas dirba miške ryte.
Datasets/Real_Handwriting/images/form_189_sentence_4.png,Mergaitės piešia paplūdimyje ir bibliotekoje.
Datasets/Real_Handwriting/images/form_269_sentence_4.png,Paukštis stato namą.
Datasets/Synthetic_Sentences/images/sentence_22632.png,Jonas valgo vaisius.
Datasets/Synthetic_Sentences/images/sentence_49348.png,Mindaugas geria pieną.
Datasets/Synthetic_Sentences/images/sentence_29270.png,Katė sportuoja paplūdimyje.
Datasets/Synthetic_Sentences/images/sentence_46994.png,Katė mėgsta valgyti košę.
Datasets/Synthetic_Sentences/images/sentence_27676.png,Vakar Gintaras nešė dovaną.
Datasets/Synthetic_Sentences/images/sentence_40374.png,Ramiai Laura ilsisi kaime.
Datasets/Synthetic_Sentences/images/sentence_44708.png,Kodėl gydytojas dirba stadione?
Datasets/Synthetic_Sentences/images/sentence_39091.png,Tyliai Danielius ilsisi pievoje.
Datasets/Synthetic_Sentences/images/sentence_31419.png,Rytoj Jonas eis pievoje.
Datasets/Synthetic_Sentences/images/sentence_41955.png,Ką Gintaras skaito?
Datasets/Synthetic_Sentences/images/sentence_25174.png,Šiandien Mantas dirba miške.
Datasets/Real_Handwriting/images/form_405_sentence_3.png,Mielai Tomas skaito žurnalą.
Datasets/Real_Handwriting/images/form_480_sentence_3.png,Katė ilsisi ligoninėje.
Datasets/Real_Handwriting/images/form_400_sentence_3.png,Neringa sportuoja sode.
Datasets/Synthetic_Sentences/images/sentence_53490.png,Drąsiai Petras skaito žurnalą bibliotekoje.
Datasets/Real_Handwriting/images/form_444_sentence_5.png,Cukrų ir cinamoną dedame į pyragą.
Datasets/Real_Handwriting/images/form_281_sentence_5.png,Universiteto studentai žaidžia šachmatais laisvalaikiu.
Datasets/Synthetic_Sentences/images/sentence_10058.png,Ar Mantas nori piešti?
Datasets/Synthetic_Sentences/images/sentence_49703.png,Ingrida žaidžia ežero pakrantėje.
Datasets/Real_Handwriting/images/form_427_sentence_3.png,Atidžiai katė neša žaislą.
Datasets/Synthetic_Sentences/images/sentence_68903.png,Danielius mokosi mokykloje.
Datasets/Real_Handwriting/images/form_066_sentence_3.png,Retai moterys keliauoja daržoves.
Datasets/Synthetic_Sentences/images/sentence_30552.png,Laura neskaito laišką.
Datasets/Synthetic_Sentences/images/sentence_26883.png,Katė mėgsta skaityti laišką.
Datasets/Synthetic_Sentences/images/sentence_08032.png,Kristina mokosi namuose.
Datasets/Synthetic_Sentences/images/sentence_65499.png,"Vaikas mokosi namuose, nes tai labai įdomu."
Datasets/Real_Handwriting/images/form_133_sentence_3.png,Paukštis ilsisi mokykloje.
Datasets/Synthetic_Sentences/images/sentence_45182.png,Atidžiai Tomas mokosi bibliotekoje.
Datasets/Synthetic_Sentences/images/sentence_55472.png,Kur Renata dirba?
Datasets/Synthetic_Sentences/images/sentence_02446.png,Šiandien Žilvinas dirba ligoninėje.
Datasets/Real_Handwriting/images/form_084_sentence_3.png,Ramiai vyras mokosi žaidimą.
Datasets/Synthetic_Sentences/images/sentence_23622.png,Jonas dirba parke vėlai vakare.
Datasets/Synthetic_Sentences/images/sentence_51915.png,Gintaras nori rašyti istoriją.
Datasets/Synthetic_Sentences/images/sentence_53937.png,Šiandien Gintaras perka kavą.
Datasets/Synthetic_Sentences/images/sentence_22932.png,Atidžiai Laura rašo užduotį.
Datasets/Synthetic_Sentences/images/sentence_57436.png,Šiandien mergaitė dirba kaime.
Datasets/Real_Handwriting/images/form_426_sentence_2.png,Žmogus žaidžia paplūdimyje.
Datasets/Real_Handwriting/images/form_216_sentence_5.png,Cecilija čiuožia ant ledo.
Datasets/Real_Handwriting/images/form_278_sentence_2.png,Mindaugas sportuoja ligoninėje.
Datasets/Synthetic_Sentences/images/sentence_50541.png,Jonas geria pieną.
Datasets/Real_Handwriting/images/form_028_sentence_2.png,Šiandien gydytojas eina blogai.
Datasets/Synthetic_Sentences/images/sentence_29066.png,Mielai šuo mokosi pievoje.
Datasets/Real_Handwriting/images/form_382_sentence_3.png,Neringa valgo daržoves.
Datasets/Real_Handwriting/images/form_132_sentence_1.png,Mokytojas mielai keliauoja.
Datasets/Synthetic_Sentences/images/sentence_56711.png,"Mergaitė mokosi stadione, nes jam patinka."
Datasets/Real_Handwriting/images/form_188_sentence_1.png,Vyras labai kartu kalba.
Datasets/Real_Handwriting/images/form_510_sentence_2.png,Katė sportuoja upės pakrantėje.
Datasets/Synthetic_Sentences/images/sentence_10427.png,Garsiai Tomas dirba stadione.
Datasets/Real_Handwriting/images/form_183_sentence_4.png,Gydytojai tyliai piešia.
Datasets/Synthetic_Sentences/images/sentence_07825.png,Šuo nori skaityti žemėlapį.
Datasets/Real_Handwriting/images/form_347_sentence_5.png,Cecilija čiuožia ant ledo.
Datasets/Synthetic_Sentences/images/sentence_13529.png,Ar gydytojas mokosi pievoje?
Datasets/Synthetic_Sentences/images/sentence_59942.png,Atidžiai Neringa skaito laišką mokykloje.
Datasets/Synthetic_Sentences/images/sentence_43019.png,Katė lankosi stadione.
Datasets/Real_Handwriting/images/form_127_sentence_5.png,Paukštis labai ramiai žiūri.
Datasets/Synthetic_Sentences/images/sentence_23831.png,Ramiai Eglė ilsisi sode.
Datasets/Synthetic_Sentences/images/sentence_51476.png,Saulius mėgsta ilsėtis.
Datasets/Synthetic_Sentences/images/sentence_11080.png,Ramiai studentas dirba darbe.
Datasets/Synthetic_Sentences/images/sentence_69493.png,Mindaugas lankosi kaime.
Datasets/Real_Handwriting/images/form_388_sentence_4.png,Šiandien Laura dirba darbe.
Datasets/Synthetic_Sentences/images/sentence_35853.png,Rūpestingai Gintaras ilsisi kalnuose.
Datasets/Synthetic_Sentences/images/sentence_35166.png,Eglė mėgsta ilsėtis.
Datasets/Synthetic_Sentences/images/sentence_36097.png,Šiandien vaikas dirba upės pakrantėje.
Datasets/Synthetic_Sentences/images/sentence_63249.png,Mokytojas perka kavą.
Datasets/Synthetic_Sentences/images/sentence_14212.png,"Rasa mokosi bibliotekoje, bet nori piešti."
Datasets/Synthetic_Sentences/images/sentence_26761.png,Šiandien Žilvinas skaito knygą.
Datasets/Real_Handwriting/images/form_395_sentence_4.png,Ar žmogus skaito istoriją?
Datasets/Synthetic_Sentences/images/sentence_62437.png,Vakar Renata dirbo mieste.
Datasets/Real_Handwriting/images/form_395_sentence_5.png,Cecilija čiuožia ant ledo.
Datasets/Synthetic_Sentences/images/sentence_67135.png,Drąsiai Neringa skaito žemėlapį kalnuose.
Datasets/Synthetic_Sentences/images/sentence_07581.png,Renata pradeda važiuoti.
Datasets/Synthetic_Sentences/images/sentence_42422.png,Ar Petras dirba mieste?
Datasets/Synthetic_Sentences/images/sentence_59513.png,Berniukas perka spalvotą gėlę.
Datasets/Synthetic_Sentences/images/sentence_17145.png,Danielius mėgsta skaityti knygą.
Datasets/Real_Handwriting/images/form_234_sentence_5.png,Kavinėje kvepėjo kava ir cinamonu.
Datasets/Synthetic_Sentences/images/sentence_06482.png,Ar Jurgita dirba darbe?
Datasets/Synthetic_Sentences/images/sentence_19562.png,Studentas dirba parke.
Datasets/Synthetic_Sentences/images/sentence_46778.png,Ar Eglė nori galvoti?
Datasets/Synthetic_Sentences/images/sentence_37178.png,Renata gyvena paplūdimyje.
Datasets/Synthetic_Sentences/images/sentence_39087.png,Šiandien Ingrida skaito receptą.
Datasets/Real_Handwriting/images/form_407_sentence_1.png,Rasa būna kavinėje.
Datasets/Synthetic_Sentences/images/sentence_46081.png,Vakar studentė skaitė receptą.
Datasets/Synthetic_Sentences/images/sentence_46010.png,Katė skaito žemėlapį.
Datasets/Synthetic_Sentences/images/sentence_40958.png,Neringa sportuoja kaime.
Datasets/Synthetic_Sentences/images/sentence_09593.png,Gintaras neskaito laišką.
Datasets/Real_Handwriting/images/form_055_sentence_4.png,Ji piešia miške ir kalnuose.
Datasets/Synthetic_Sentences/images/sentence_07134.png,"Mokytoja dirba kaime, nes nori pailsėti."
Datasets/Synthetic_Sentences/images/sentence_41559.png,Ar Kristina skaito žemėlapį?
Datasets/Synthetic_Sentences/images/sentence_23891.png,Neringa mėgsta gerti kavą.
Datasets/Real_Handwriting/images/form_315_sentence_5.png,Cukrų ir cinamoną dedame į pyragą.
Datasets/Real_Handwriting/images/form_238_sentence_4.png,Ar katė dirba stotyje?
Datasets/Synthetic_Sentences/images/sentence_39279.png,Jonas dirba namuose ir skaito žemėlapį.
Datasets/Synthetic_Sentences/images/sentence_09581.png,Ar šuo skaito žurnalą?
Datasets/Synthetic_Sentences/images/sentence_01242.png,Mergaitė nedirba stotyje.
Datasets/Synthetic_Sentences/images/sentence_10660.png,Kruopščiai Ingrida perka arbatą.
Datasets/Synthetic_Sentences/images/sentence_13828.png,Lėtai Eglė skaito knygą stotyje.
Datasets/Synthetic_Sentences/images/sentence_23710.png,Berniukas mėgsta gerti sultis.
Datasets/Real_Handwriting/images/form_179_sentence_5.png,Jie mėgsta žaisti.
Datasets/Synthetic_Sentences/images/sentence_09733.png,Studentas bando šokti.
Datasets/Synthetic_Sentences/images/sentence_02702.png,Jurgita mokosi kaime naktį.
Datasets/Real_Handwriting/images/form_027_sentence_5.png,Moteris nori dirbti vandenį.
Datasets/Synthetic_Sentences/images/sentence_59198.png,Atidžiai Renata rašo receptą.
Datasets/Synthetic_Sentences/images/sentence_09650.png,Marija neša knygą.
Datasets/Synthetic_Sentences/images/sentence_62457.png,Studentė valgo daržoves.
Datasets/Synthetic_Sentences/images/sentence_33697.png,Mindaugas dirba stotyje ir skaito knygą.
Datasets/Synthetic_Sentences/images/sentence_58105.png,Mantas bando šokti.
Datasets/Synthetic_Sentences/images/sentence_54555.png,Marija nedirba darbe.
Datasets/Synthetic_Sentences/images/sentence_04023.png,Rytoj Rasa skaitys laišką.
Datasets/Synthetic_Sentences/images/sentence_20562.png,Žilvinas bando piešti.
Datasets/Synthetic_Sentences/images/sentence_62603.png,Eglė mėgsta skaityti žurnalą.
Datasets/Real_Handwriting/images/form_294_sentence_2.png,Paukštis skaito laišką.
Datasets/Synthetic_Sentences/images/sentence_53574.png,Gintaras bando šokti.
Datasets/Synthetic_Sentences/images/sentence_24105.png,Mergaitė geria vandenį.
Datasets/Real_Handwriting/images/form_047_sentence_4.png,Jūs garsiai valgo.
Datasets/Real_Handwriting/images/form_286_sentence_4.png,Berniukas skaito laišką.
Datasets/Real_Handwriting/images/form_200_sentence_5.png,Ar jie verkia?
Datasets/Synthetic_Sentences/images/sentence_13236.png,Garsiai Laura dirba mieste.
Datasets/Real_Handwriting/images/form_244_sentence_1.png,Ingrida dirba upės pakrantėje.
Datasets/Synthetic_Sentences/images/sentence_14964.png,Vakar katė dirbo ežero pakrantėje.
Datasets/Synthetic_Sentences/images/sentence_28159.png,Renata mėgsta gerti vandenį.
Datasets/Synthetic_Sentences/images/sentence_40574.png,Studentė gyvena stadione.
Datasets/Synthetic_Sentences/images/sentence_19240.png,Laura nori valgyti sriubą.
Datasets/Real_Handwriting/images/form_343_sentence_5.png,Cukrų ir cinamoną dedame į pyragą.
Datasets/Synthetic_Sentences/images/sentence_30907.png,Džiaugsmingai Petras skaito žemėlapį sode.
Datasets/Synthetic_Sentences/images/sentence_04858.png,Šuo nenori valgyti.
Datasets/Synthetic_Sentences/images/sentence_34003.png,Ar Renata nori ilsėtis?
Datasets/Synthetic_Sentences/images/sentence_66714.png,Rūpestingai Renata perka knygą.
Datasets/Synthetic_Sentences/images/sentence_31352.png,Tomas dirba miške.
Datasets/Synthetic_Sentences/images/sentence_61545.png,Rasa geria vandenį.
Datasets/Synthetic_Sentences/images/sentence_17193.png,Jurgita gyvena kavinėje.
Datasets/Synthetic_Sentences/images/sentence_26759.png,Ar Neringa mokosi darbe?
Datasets/Synthetic_Sentences/images/sentence_05712.png,Studentas žaidžia kavinėje.
Datasets/Synthetic_Sentences/images/sentence_61441.png,Mantas nenori šokti.
Datasets/Real_Handwriting/images/form_051_sentence_1.png,Šiandien mergaitė skuba kartu.
Datasets/Synthetic_Sentences/images/sentence_51441.png,Švelniai Saulius ilsisi stadione.
Datasets/Synthetic_Sentences/images/sentence_30289.png,Berniukas bando mokytis.
Datasets/Synthetic_Sentences/images/sentence_56816.png,Mielai Ingrida mokosi darbe.
Datasets/Synthetic_Sentences/images/sentence_33579.png,"Rasa mokosi sode, bet nori tvarkytis."
Datasets/Synthetic_Sentences/images/sentence_28005.png,Šiandien mergaitė ilsisi ežero pakrantėje.
Datasets/Synthetic_Sentences/images/sentence_56978.png,Ar Danielius mokosi kavinėje?
Datasets/Real_Handwriting/images/form_300_sentence_3.png,Ar šeima skaito receptą?
Datasets/Real_Handwriting/images/form_187_sentence_1.png,Vaikas labai niekada miega.
Datasets/Synthetic_Sentences/images/sentence_56184.png,Mokytojas dirba kavinėje.
Datasets/Real_Handwriting/images/form_304_sentence_2.png,Švelniai Tomas neša gėlę.
Datasets/Real_Handwriting/images/form_138_sentence_1.png,Vaikas bijo piešti darbą.
Datasets/Synthetic_Sentences/images/sentence_40560.png,Švelniai Renata rašo užduotį.
Datasets/Synthetic_Sentences/images/sentence_29643.png,Žilvinas nori valgyti košę.
Datasets/Real_Handwriting/images/form_109_sentence_2.png,Vaikai baigia šokti mokyklą.
Datasets/Real_Handwriting/images/form_342_sentence_4.png,Ar mokytojas nori valgyti?
Datasets/Synthetic_Sentences/images/sentence_45888.png,Ingrida bando dainuoti.
Datasets/Synthetic_Sentences/images/sentence_22419.png,Ar Eglė nori šokti?
Datasets/Real_Handwriting/images/form_069_sentence_1.png,Studentas labai gerai tvarkosi.
Datasets/Synthetic_Sentences/images/sentence_65882.png,"Renata mokosi kalnuose, nes turi daug darbo."
Datasets/Synthetic_Sentences/images/sentence_61813.png,Mantas gyvena mokykloje.
Datasets/Synthetic_Sentences/images/sentence_10710.png,Rasa ilsisi darbe.
Datasets/Real_Handwriting/images/form_207_sentence_4.png,Džiaugsmingai Eglė skaito žurnalą.
Datasets/Real_Handwriting/images/form_047_sentence_5.png,Mes klauso ir klauso.
Datasets/Real_Handwriting/images/form_248_sentence_3.png,Gydytojas neša laišką.
Datasets/Real_Handwriting/images/form_184_sentence_3.png,Ar gydytojas žaidžia?
Datasets/Synthetic_Sentences/images/sentence_51164.png,Jonas sportuoja stadione.
Datasets/Real_Handwriting/images/form_455_sentence_2.png,Ingrida geria vandenį.
Datasets/Real_Handwriting/images/form_453_sentence_4.png,Greitai Danielius ilsisi parke.
Datasets/Synthetic_Sentences/images/sentence_48610.png,Šiandien Mantas perka dovaną.
Datasets/Synthetic_Sentences/images/sentence_37382.png,Jurgita nenori šokti.
Datasets/Real_Handwriting/images/form_130_sentence_3.png,Vyras keliauoja filmą.
Datasets/Synthetic_Sentences/images/sentence_40849.png,Jonas stengiasi galvoti.
Datasets/Synthetic_Sentences/images/sentence_57762.png,Atidžiai Gintaras skaito žurnalą.
Datasets/Synthetic_Sentences/images/sentence_30434.png,Mielai Petras rašo užduotį.
Datasets/Synthetic_Sentences/images/sentence_50733.png,Greitai Petras ilsisi ligoninėje.
Datasets/Real_Handwriting/images/form_258_sentence_2.png,Vakar Marija nešė laišką.
Datasets/Synthetic_Sentences/images/sentence_17535.png,Berniukas renka grybus.
Datasets/Synthetic_Sentences/images/sentence_59121.png,Ar Eglė dirba bibliotekoje?
Datasets/Real_Handwriting/images/form_276_sentence_2.png,Ingrida skaito laišką.
Datasets/Synthetic_Sentences/images/sentence_63647.png,Mantas neša knygą.
Datasets/Real_Handwriting/images/form_204_sentence_1.png,Ingrida būna stadione.
Datasets/Synthetic_Sentences/images/sentence_11909.png,Mokytojas mėgsta ilsėtis.
Datasets/Synthetic_Sentences/images/sentence_65610.png,Renata nori rašyti žemėlapį.
Datasets/Synthetic_Sentences/images/sentence_51799.png,Šiandien Marija mokosi mieste.
Datasets/Synthetic_Sentences/images/sentence_50062.png,"Vaikas mokosi kalnuose, nes turi daug darbo."
Datasets/Real_Handwriting/images/form_454_sentence_3.png,Kristina stato namą.
Datasets/Synthetic_Sentences/images/sentence_65958.png,Ar Petras skaito laišką?
Datasets/Real_Handwriting/images/form_389_sentence_5.png,Cecilija čiuožia ant ledo.
Datasets/Synthetic_Sentences/images/sentence_39488.png,Mokytojas rašo žemėlapį.
Datasets/Synthetic_Sentences/images/sentence_68467.png,"Mokytoja dirba kalnuose, nes nori pailsėti."
Datasets/Synthetic_Sentences/images/sentence_55272.png,Marija mėgsta skaityti istoriją.
Datasets/Synthetic_Sentences/images/sentence_62714.png,Kristina perka kavą.
Datasets/Synthetic_Sentences/images/sentence_48614.png,Danielius sportuoja mokykloje.
Datasets/Synthetic_Sentences/images/sentence_28027.png,Ką Saulius skaito?
Datasets/Synthetic_Sentences/images/sentence_02715.png,Danielius nori skaityti istoriją.
Datasets/Real_Handwriting/images/form_379_sentence_3.png,Ar gydytojas nori sportuoti?
Datasets/Synthetic_Sentences/images/sentence_62169.png,Kur Marija dirba?
Datasets/Real_Handwriting/images/form_284_sentence_3.png,Žmogus stato tvorą.
Datasets/Synthetic_Sentences/images/sentence_06885.png,Mergaitė gyvena stadione.
Datasets/Real_Handwriting/images/form_401_sentence_4.png,Ar Rasa mėgsta dirbti?
Datasets/Synthetic_Sentences/images/sentence_34429.png,Mindaugas nori gerti arbatą.
Datasets/Synthetic_Sentences/images/sentence_17903.png,Kristina sportuoja ligoninėje.
Datasets/Synthetic_Sentences/images/sentence_54674.png,Jonas mėgsta skaityti žurnalą.
Datasets/Synthetic_Sentences/images/sentence_19535.png,Mindaugas mėgsta valgyti duoną.
Datasets/Real_Handwriting/images/form_117_sentence_1.png,Mokytojas bėga žaidimą kalnuose.
Datasets/Real_Handwriting/images/form_250_sentence_1.png,Neringa bando ilsėtis.
Datasets/Real_Handwriting/images/form_504_sentence_2.png,Ramiai gydytojas perka kavą.
Datasets/Synthetic_Sentences/images/sentence_23688.png,Rūpestingai Eglė neša gėlę.
Datasets/Real_Handwriting/images/form_088_sentence_5.png,Moteris labai greitai rašo.
Datasets/Synthetic_Sentences/images/sentence_09530.png,Tyliai Rasa rašo projektą.
Datasets/Synthetic_Sentences/images/sentence_27477.png,Mantas neša dovaną.
Datasets/Synthetic_Sentences/images/sentence_59538.png,Gydytojas mėgsta gerti sultis.
Datasets/Synthetic_Sentences/images/sentence_20251.png,Gydytojas nori valgyti sriubą.
Datasets/Synthetic_Sentences/images/sentence_37862.png,"Rasa mokosi miške, nes nori pailsėti."
Datasets/Synthetic_Sentences/images/sentence_59616.png,Neringa neskaito receptą.
Datasets/Synthetic_Sentences/images/sentence_58753.png,Berniukas mėgsta gerti vandenį.
Datasets/Synthetic_Sentences/images/sentence_63730.png,Garsiai Mantas skaito žurnalą.
Datasets/Real_Handwriting/images/form_113_sentence_2.png,Mokytojai labai blogai mokosi.
Datasets/Real_Handwriting/images/form_406_sentence_5.png,Čempionas treniruojasi kiekvieną dieną.
Datasets/Synthetic_Sentences/images/sentence_31586.png,Ar Petras mokosi kaime?
Datasets/Synthetic_Sentences/images/sentence_67376.png,Rasa skaito šiltą istoriją.
Datasets/Synthetic_Sentences/images/sentence_64681.png,Ar Jonas skaito žurnalą?
Datasets/Real_Handwriting/images/form_140_sentence_4.png,Vaikas žaidžia ir žaidžia.
Datasets/Real_Handwriting/images/form_425_sentence_1.png,Ar Marija mokosi parke?
Datasets/Synthetic_Sentences/images/sentence_10333.png,Gintaras skaito šviesų istoriją.
Datasets/Synthetic_Sentences/images/sentence_14878.png,Mokytoja nori pirkti arbatą.
Datasets/Real_Handwriting/images/form_502_sentence_1.png,Kruopščiai žirgas mokosi upės pakrantėje.
Datasets/Real_Handwriting/images/form_010_sentence_3.png,Studentai labai greitai valgo.
Datasets/Synthetic_Sentences/images/sentence_69793.png,Vakar Neringa skaitė istoriją.
Datasets/Synthetic_Sentences/images/sentence_41498.png,Kodėl Laura dirba namuose?
Datasets/Real_Handwriting/images/form_069_sentence_2.png,Vyras miega stadione.
Datasets/Real_Handwriting/images/form_430_sentence_5.png,Cecilija čiuožia ant ledo.
Datasets/Synthetic_Sentences/images/sentence_65884.png,Kristina skaito spalvotą istoriją.
Datasets/Synthetic_Sentences/images/sentence_63913.png,"Ingrida dirba pievoje, nes turi daug darbo."
Datasets/Synthetic_Sentences/images/sentence_31536.png,Ramiai Marija neša dovaną.
Datasets/Synthetic_Sentences/images/sentence_29571.png,Ar gydytojas mokosi sode?
Datasets/Synthetic_Sentences/images/sentence_15383.png,Garsiai Kristina dirba kalnuose.
Datasets/Synthetic_Sentences/images/sentence_44936.png,"Mantas mokosi kalnuose, nes jam patinka."
Datasets/Synthetic_Sentences/images/sentence_34989.png,Gintaras nori gerti arbatą.
Datasets/Real_Handwriting/images/form_428_sentence_2.png,Ar vaikas dirba kavinėje?
Datasets/Synthetic_Sentences/images/sentence_24701.png,Šiandien Žilvinas ilsisi kalnuose.
Datasets/Synthetic_Sentences/images/sentence_27225.png,Džiaugsmingai Renata valgo daržoves.
Datasets/Synthetic_Sentences/images/sentence_28599.png,Vaikas mėgsta gerti vandenį.
Datasets/Synthetic_Sentences/images/sentence_37094.png,Marija renka vaisius.
Datasets/Synthetic_Sentences/images/sentence_09375.png,Ramiai Petras skaito knygą ligoninėje.
Datasets/Synthetic_Sentences/images/sentence_10781.png,Rasa geria kavą.
Datasets/Synthetic_Sentences/images/sentence_46264.png,Marija neša žaislą.
Datasets/Real_Handwriting/images/form_482_sentence_4.png,Mantas stato namą.
Datasets/Synthetic_Sentences/images/sentence_17136.png,Rasa nenori dirbti.
Datasets/Real_Handwriting/images/form_186_sentence_5.png,Mokytojas žiūri stotyje ir paplūdimyje.
Datasets/Real_Handwriting/images/form_434_sentence_5.png,Knyga gulėjo ant kambario suolo.
Datasets/Real_Handwriting/images/form_299_sentence_3.png,Žmogus geria kavą.
Datasets/Synthetic_Sentences/images/sentence_46421.png,Garsiai vaikas neša žaislą.
Datasets/Synthetic_Sentences/images/sentence_61521.png,"Renata dirba sode, nes jam patinka."
Datasets/Synthetic_Sentences/images/sentence_57584.png,Žilvinas mėgsta gerti kavą.
Datasets/Real_Handwriting/images/form_082_sentence_2.png,Mergaitė nemėgsta kalbėti muziką.
Datasets/Synthetic_Sentences/images/sentence_37132.png,Studentė dirba mieste.
Datasets/Real_Handwriting/images/form_170_sentence_5.png,Mergaitės šypsosi parke ir stadione.
Datasets/Synthetic_Sentences/images/sentence_60201.png,Mindaugas mokosi stotyje.
Datasets/Synthetic_Sentences/images/sentence_61416.png,Tyliai Žilvinas skaito receptą.
Datasets/Synthetic_Sentences/images/sentence_46576.png,Vakar Saulius dirbo kavinėje.
Datasets/Synthetic_Sentences/images/sentence_68688.png,"Marija nori plaukti, nes nes turi daug darbo."
Datasets/Synthetic_Sentences/images/sentence_68612.png,Mielai Jurgita rašo laišką.
Datasets/Synthetic_Sentences/images/sentence_61247.png,"Petras mokosi miške, nes turi daug darbo."
Datasets/Synthetic_Sentences/images/sentence_36886.png,Atidžiai Jurgita skaito žemėlapį paplūdimyje.
Datasets/Real_Handwriting/images/form_015_sentence_4.png,Vyrai šoka filmą kaime.
Datasets/Synthetic_Sentences/images/sentence_17101.png,Šiandien Gintaras skaito laišką.
Datasets/Real_Handwriting/images/form_108_sentence_4.png,Mes stengiasi eiti muziką.
Datasets/Synthetic_Sentences/images/sentence_58038.png,Jurgita valgo vaisius.
Datasets/Real_Handwriting/images/form_177_sentence_1.png,Paukštis keliauoja kavą.
Datasets/Synthetic_Sentences/images/sentence_32347.png,Šiandien Mindaugas dirba kalnuose.
Datasets/Synthetic_Sentences/images/sentence_36923.png,Šiandien berniukas mokosi kavinėje.
Datasets/Synthetic_Sentences/images/sentence_21528.png,Studentas nori gerti vandenį.
Datasets/Synthetic_Sentences/images/sentence_44096.png,Ingrida mėgsta gerti pieną.
Datasets/Synthetic_Sentences/images/sentence_02863.png,Šiandien Kristina perka gėlę.
Datasets/Synthetic_Sentences/images/sentence_23613.png,Šiandien katė ilsisi kavinėje.
Datasets/Synthetic_Sentences/images/sentence_51189.png,Ar katė dirba namuose?
Datasets/Synthetic_Sentences/images/sentence_07436.png,Atidžiai mokytojas skaito laišką.
Datasets/Synthetic_Sentences/images/sentence_16576.png,Renata dirba parke po pietų.
Datasets/Synthetic_Sentences/images/sentence_52958.png,Jurgita sportuoja paplūdimyje.
Datasets/Real_Handwriting/images/form_064_sentence_3.png,Ar jūs ilsisi?
Datasets/Synthetic_Sentences/images/sentence_69860.png,Studentas dirba sode.
Datasets/Synthetic_Sentences/images/sentence_51477.png,Laura nori valgyti duoną.
Datasets/Synthetic_Sentences/images/sentence_36220.png,Ramiai Jurgita dirba parke.
Datasets/Synthetic_Sentences/images/sentence_17371.png,Drąsiai Laura mokosi parke vėlai vakare.
Datasets/Synthetic_Sentences/images/sentence_24433.png,Mantas sportuoja parke.
Datasets/Real_Handwriting/images/form_501_sentence_2.png,Šiandien paukštis mokosi upės pakrantėje.
Datasets/Synthetic_Sentences/images/sentence_14141.png,"Žilvinas mokosi miške, bet nori ilsėtis."
Datasets/Real_Handwriting/images/form_194_sentence_5.png,Mes valgo kavą sode.
Datasets/Synthetic_Sentences/images/sentence_60095.png,Neringa mėgsta pirkti žaislą.
Datasets/Synthetic_Sentences/images/sentence_21212.png,Šiandien Laura dirba upės pakrantėje.
Datasets/Synthetic_Sentences/images/sentence_10672.png,Ar vaikas skaito receptą?
Datasets/Synthetic_Sentences/images/sentence_26691.png,Petras nenori bėgti.
Datasets/Synthetic_Sentences/images/sentence_44577.png,Studentė žaidžia pievoje.
Datasets/Synthetic_Sentences/images/sentence_56282.png,Berniukas neskaito knygą.
Datasets/Synthetic_Sentences/images/sentence_07044.png,Džiaugsmingai katė skaito knygą kalnuose.
Datasets/Real_Handwriting/images/form_226_sentence_2.png,Mokytojas gyvena ežero pakrantėje.
Datasets/Real_Handwriting/images/form_407_sentence_2.png,Rasa stato suolą.
Datasets/Synthetic_Sentences/images/sentence_49637.png,Gintaras stengiasi važiuoti.
Datasets/Synthetic_Sentences/images/sentence_06137.png,Saulius dirba kalnuose.
Datasets/Real_Handwriting/images/form_323_sentence_2.png,Rytoj Rasa skaitys žemėlapį.
Datasets/Real_Handwriting/images/form_421_sentence_3.png,Vakar gydytojas skaitė laišką.
Datasets/Real_Handwriting/images/form_406_sentence_2.png,Kruopščiai šeima dirba namuose.
Datasets/Synthetic_Sentences/images/sentence_45793.png,Saulius neša laišką.
Datasets/Synthetic_Sentences/images/sentence_40112.png,Vakar Danielius dirbo paplūdimyje.
Datasets/Synthetic_Sentences/images/sentence_30223.png,Vaikas nori skaityti knygą.
Datasets/Real_Handwriting/images/form_025_sentence_1.png,Katė galvoja kalnuose ir mokykloje.
Datasets/Real_Handwriting/images/form_318_sentence_2.png,Kristina stato tvorą.
Datasets/Real_Handwriting/images/form_005_sentence_1.png,Gydytojas tvarkosi paveikslą.
Datasets/Synthetic_Sentences/images/sentence_41934.png,Rytoj katė skaitys knygą.
Datasets/Real_Handwriting/images/form_120_sentence_5.png,Katė labai kartu mąsto.
Datasets/Real_Handwriting/images/form_466_sentence_2.png,Vaikas mėgsta ilsėtis.
Datasets/Synthetic_Sentences/images/sentence_37989.png,Danielius dirba parke anksti ryte.
Datasets/Real_Handwriting/images/form_054_sentence_3.png,Lėtai jos piešia kavą.
Datasets/Synthetic_Sentences/images/sentence_46524.png,Jonas perka įdomų dovaną.
Datasets/Synthetic_Sentences/images/sentence_14364.png,Mindaugas skaito šiltą knygą.
Datasets/Real_Handwriting/images/form_167_sentence_1.png,Mokytojas miega namuose ir mokykloje.
Datasets/Real_Handwriting/images/form_377_sentence_1.png,Tyliai mokytojas sportuoja kaime.
Datasets/Synthetic_Sentences/images/sentence_06526.png,Ar Mantas skaito receptą?
Datasets/Synthetic_Sentences/images/sentence_33354.png,Rytoj mokytojas skaitys laišką.
Datasets/Synthetic_Sentences/images/sentence_50182.png,Rasa valgo daržoves.
Datasets/Synthetic_Sentences/images/sentence_48524.png,Ar Gintaras mokosi ligoninėje?
Datasets/Synthetic_Sentences/images/sentence_23584.png,Žilvinas nori skaityti žemėlapį.
Datasets/Real_Handwriting/images/form_499_sentence_3.png,Rytoj studentas skaitys knygą.
Datasets/Real_Handwriting/images/form_009_sentence_3.png,Mokytojai verkia paveikslą.
Datasets/Real_Handwriting/images/form_447_sentence_4.png,Vaikas skaito žurnalą.
Datasets/Synthetic_Sentences/images/sentence_41587.png,"Studentė mokosi pievoje, bet nori valgyti."
Datasets/Synthetic_Sentences/images/sentence_35455.png,Katė ilsisi namuose.
Datasets/Synthetic_Sentences/images/sentence_09004.png,Ingrida mėgsta pirkti kavą.
Datasets/Synthetic_Sentences/images/sentence_37291.png,Šiandien Marija mokosi miške.
Datasets/Synthetic_Sentences/images/sentence_55282.png,Mokytojas perka šviesų arbatą.
Datasets/Synthetic_Sentences/images/sentence_52383.png,Gintaras nori rašyti užduotį.
Datasets/Synthetic_Sentences/images/sentence_03213.png,Rūpestingai mokytojas dirba ligoninėje.
Datasets/Synthetic_Sentences/images/sentence_59279.png,Šuo bando tvarkytis.
Datasets/Synthetic_Sentences/images/sentence_42673.png,Šiandien Kristina ilsisi kalnuose.
Datasets/Synthetic_Sentences/images/sentence_42427.png,Ką Rasa skaito?
Datasets/Real_Handwriting/images/form_382_sentence_4.png,Kruopščiai Jurgita mokosi kaime.
Datasets/Real_Handwriting/images/form_151_sentence_2.png,Katė žiūri kaime.
Datasets/Synthetic_Sentences/images/sentence_16436.png,Laura mokosi kavinėje po pietų.
Datasets/Synthetic_Sentences/images/sentence_22712.png,Vaikas nenori plaukti.
Datasets/Synthetic_Sentences/images/sentence_55303.png,Šiandien vaikas dirba stotyje.
Datasets/Synthetic_Sentences/images/sentence_32676.png,Šiandien studentas skaito žemėlapį.
Datasets/Synthetic_Sentences/images/sentence_06364.png,Marija skaito receptą.
Datasets/Real_Handwriting/images/form_440_sentence_4.png,Vaikas žaidžia pievoje.
Datasets/Synthetic_Sentences/images/sentence_60057.png,Gintaras geria vandenį.
Datasets/Synthetic_Sentences/images/sentence_28312.png,Vakar Saulius dirbo ligoninėje.
Datasets/Real_Handwriting/images/form_410_sentence_3.png,Tomas sportuoja miške.
Datasets/Synthetic_Sentences/images/sentence_55467.png,Jonas stengiasi tvarkytis.
Datasets/Synthetic_Sentences/images/sentence_29338.png,Ramiai šuo ilsisi sode.
Datasets/Real_Handwriting/images/form_084_sentence_5.png,Tu labai kartu skuba.
Datasets/Synthetic_Sentences/images/sentence_57193.png,Studentė nori rašyti laišką.
Datasets/Synthetic_Sentences/images/sentence_34688.png,Eglė nori važiuoti.
Datasets/Synthetic_Sentences/images/sentence_05930.png,Tomas mokosi miške.
Datasets/Synthetic_Sentences/images/sentence_61380.png,Ar mokytoja mokosi bibliotekoje?
Datasets/Real_Handwriting/images/form_443_sentence_5.png,Jonas į darbą važiuoja dviračiu.
Datasets/Real_Handwriting/images/form_207_sentence_1.png,Marija stato namą.
Datasets/Synthetic_Sentences/images/sentence_45756.png,Šiandien Renata mokosi paplūdimyje.
Datasets/Synthetic_Sentences/images/sentence_45069.png,"Renata dirba kaime, nes reikia pasiruošti."
Datasets/Real_Handwriting/images/form_177_sentence_4.png,Jis skuba ir skuba.
Datasets/Synthetic_Sentences/images/sentence_52100.png,Vakar Tomas dirbo miške.
Datasets/Synthetic_Sentences/images/sentence_63094.png,Rytoj Laura eis parke.
Datasets/Synthetic_Sentences/images/sentence_44397.png,Jurgita perka seną gėlę.
Datasets/Real_Handwriting/images/form_226_sentence_3.png,Ramiai vaikas skaito receptą.
Datasets/Real_Handwriting/images/form_500_sentence_5.png,Cukrų ir cinamoną dedame į pyragą.
Datasets/Synthetic_Sentences/images/sentence_40006.png,Neringa ilsisi parke.
Datasets/Real_Handwriting/images/form_145_sentence_4.png,Draugas bijo ilsėtis.
Datasets/Synthetic_Sentences/images/sentence_07108.png,Šuo nori gerti sultis.
Datasets/Synthetic_Sentences/images/sentence_13359.png,Mantas nori valgyti duoną.
Datasets/Synthetic_Sentences/images/sentence_12167.png,Mergaitė perka šaltą knygą.
Datasets/Real_Handwriting/images/form_412_sentence_4.png,Studentas dirba mieste.
Datasets/Synthetic_Sentences/images/sentence_41177.png,Žilvinas mėgsta gerti vandenį.
Datasets/Synthetic_Sentences/images/sentence_27603.png,Vaikas renka vaisius.
Datasets/Synthetic_Sentences/images/sentence_24718.png,Eglė perka greitą žaislą.
Datasets/Synthetic_Sentences/images/sentence_04149.png,Tomas mokosi mieste anksti ryte.
Datasets/Real_Handwriting/images/form_170_sentence_2.png,Mergaitė dirba ligoninėje ir kaime.
Datasets/Real_Handwriting/images/form_333_sentence_2.png,Lėtai Danielius sportuoja darbe.
Datasets/Real_Handwriting/images/form_317_sentence_1.png,Lėtai Neringa ilsisi mokykloje.
Datasets/Synthetic_Sentences/images/sentence_44214.png,"Jurgita dirba mieste, nes reikia pasiruošti."
Datasets/Synthetic_Sentences/images/sentence_40598.png,Vaikas skaito greitą laišką.
Datasets/Real_Handwriting/images/form_083_sentence_4.png,Tu miega egzaminą.
Datasets/Synthetic_Sentences/images/sentence_02791.png,Kristina bando groti.
Datasets/Synthetic_Sentences/images/sentence_68450.png,Gydytojas mėgsta valgyti duoną.
Datasets/Synthetic_Sentences/images/sentence_25230.png,Petras nori valgyti vaisius.
Datasets/Synthetic_Sentences/images/sentence_04913.png,Jurgita mėgsta valgyti vaisius.
Datasets/Synthetic_Sentences/images/sentence_64349.png,Mantas gyvena kalnuose.
Datasets/Synthetic_Sentences/images/sentence_26283.png,Vakar Kristina dirbo darbe.
Datasets/Synthetic_Sentences/images/sentence_10385.png,Kristina bando kalbėti.
Datasets/Synthetic_Sentences/images/sentence_00575.png,Danielius nori pirkti žaislą.
Datasets/Real_Handwriting/images/form_372_sentence_5.png,Kavinėje kvepėjo kava ir cinamonu.
Datasets/Synthetic_Sentences/images/sentence_62646.png,Ar Marija nori eiti?
Datasets/Synthetic_Sentences/images/sentence_24394.png,Laura perka arbatą.
Datasets/Synthetic_Sentences/images/sentence_48342.png,Mokytoja gyvena ežero pakrantėje.
Datasets/Synthetic_Sentences/images/sentence_34167.png,Mergaitė nori valgyti obuolį.
Datasets/Real_Handwriting/images/form_081_sentence_1.png,Vyras geria kavą.
Datasets/Synthetic_Sentences/images/sentence_51411.png,Šiandien Ingrida perka žaislą.
Datasets/Synthetic_Sentences/images/sentence_69804.png,Mokytojas mokosi miške vėlai vakare.
Datasets/Synthetic_Sentences/images/sentence_22193.png,Mergaitė mėgsta pirkti duoną.
Datasets/Synthetic_Sentences/images/sentence_01943.png,Kristina pradeda ilsėtis.
Datasets/Real_Handwriting/images/form_286_sentence_3.png,Ar šuo mokosi stotyje?
Datasets/Synthetic_Sentences/images/sentence_62130.png,Studentė sportuoja ežero pakrantėje.
Datasets/Synthetic_Sentences/images/sentence_53525.png,Ingrida skaito gražų istoriją.
Datasets/Synthetic_Sentences/images/sentence_32892.png,Džiaugsmingai Laura valgo daržoves.
Datasets/Synthetic_Sentences/images/sentence_19757.png,Jurgita neskaito receptą.
Datasets/Synthetic_Sentences/images/sentence_31216.png,Šiandien Kristina perka kavą.
Datasets/Synthetic_Sentences/images/sentence_36098.png,Vaikas renka vaisius.
Datasets/Synthetic_Sentences/images/sentence_42309.png,Ar Marija mokosi pievoje?
Datasets/Real_Handwriting/images/form_167_sentence_2.png,Mokytojas labai kruopščiai verkia.
Datasets/Real_Handwriting/images/form_462_sentence_2.png,Rytoj Mindaugas eis sode.
Datasets/Synthetic_Sentences/images/sentence_57294.png,Katė skaito naują žemėlapį.
Datasets/Synthetic_Sentences/images/sentence_09435.png,Šiandien studentas perka dovaną.
Datasets/Synthetic_Sentences/images/sentence_30505.png,Jonas perka šaltą gėlę.
Datasets/Real_Handwriting/images/form_011_sentence_1.png,Šuo žiūri darbą.
Datasets/Synthetic_Sentences/images/sentence_61338.png,Studentė nedirba mieste.
Datasets/Real_Handwriting/images/form_139_sentence_1.png,Studentai mąsto ir mąsto.
Datasets/Synthetic_Sentences/images/sentence_30722.png,Ar šuo mokosi mokykloje?
Datasets/Synthetic_Sentences/images/sentence_15781.png,"Laura nori dirbti, nes nes nori pailsėti."
Datasets/Synthetic_Sentences/images/sentence_01181.png,Mokytoja žaidžia stadione.
Datasets/Synthetic_Sentences/images/sentence_08752.png,Gintaras perka didelį žaislą.
Datasets/Real_Handwriting/images/form_190_sentence_3.png,Jie pradeda galvoti.
Datasets/Synthetic_Sentences/images/sentence_61897.png,Laura mėgsta gerti arbatą.
Datasets/Synthetic_Sentences/images/sentence_63405.png,Šuo nori pirkti arbatą.
Datasets/Synthetic_Sentences/images/sentence_12240.png,Petras mėgsta gerti vandenį.
Datasets/Synthetic_Sentences/images/sentence_05245.png,Džiaugsmingai Žilvinas valgo sriubą.
Datasets/Synthetic_Sentences/images/sentence_05929.png,Ar Neringa mokosi namuose?
Datasets/Synthetic_Sentences/images/sentence_50064.png,Ingrida nori eiti.
Datasets/Synthetic_Sentences/images/sentence_12156.png,"Danielius mokosi darbe, nes tai labai įdomu."
Datasets/Synthetic_Sentences/images/sentence_25219.png,Kristina geria arbatą.
Datasets/Synthetic_Sentences/images/sentence_68296.png,Vakar gydytojas dirbo mokykloje.
Datasets/Synthetic_Sentences/images/sentence_10780.png,Jonas perka spalvotą duoną.
Datasets/Synthetic_Sentences/images/sentence_53162.png,Katė mėgsta skaityti istoriją.
Datasets/Synthetic_Sentences/images/sentence_24378.png,Garsiai Ingrida ilsisi darbe.
Datasets/Real_Handwriting/images/form_116_sentence_1.png,Rytoj jie žaidžia receptą.
Datasets/Synthetic_Sentences/images/sentence_07297.png,Ką mokytojas skaito?
Datasets/Real_Handwriting/images/form_247_sentence_1.png,Mindaugas sportuoja namuose.
Datasets/Synthetic_Sentences/images/sentence_50621.png,Ingrida perka šiltą gėlę.
Datasets/Synthetic_Sentences/images/sentence_28373.png,Neringa nenori groti.
Datasets/Synthetic_Sentences/images/sentence_65526.png,Vakar studentė nešė žaislą.
Datasets/Real_Handwriting/images/form_412_sentence_5.png,Cecilija čiuožia ant ledo.
Datasets/Synthetic_Sentences/images/sentence_06512.png,Studentas neskaito žurnalą.
Datasets/Synthetic_Sentences/images/sentence_32123.png,Katė lankosi stadione.
Datasets/Real_Handwriting/images/form_438_sentence_2.png,Laura ilsisi paplūdimyje.
Datasets/Real_Handwriting/images/form_362_sentence_1.png,Ar studentė mokosi upės pakrantėje?
Datasets/Synthetic_Sentences/images/sentence_49956.png,Vakar Rasa skaitė receptą.
Datasets/Synthetic_Sentences/images/sentence_14995.png,Mindaugas gyvena stotyje.
Datasets/Synthetic_Sentences/images/sentence_33768.png,Rūpestingai Renata mokosi stotyje.
Datasets/Synthetic_Sentences/images/sentence_24136.png,Ar Gintaras dirba pievoje?
Datasets/Synthetic_Sentences/images/sentence_66034.png,Atidžiai Žilvinas mokosi bibliotekoje.
Datasets/Synthetic_Sentences/images/sentence_40273.png,Ką berniukas skaito?
Datasets/Real_Handwriting/images/form_061_sentence_3.png,Tu pradeda bėgti.
Datasets/Real_Handwriting/images/form_452_sentence_2.png,Vaikas lankosi pievoje.
Datasets/Synthetic_Sentences/images/sentence_46312.png,Mokytojas pradeda tvarkytis.
Datasets/Synthetic_Sentences/images/sentence_43723.png,Danielius dirba kavinėje vakare.
Datasets/Synthetic_Sentences/images/sentence_04336.png,Mindaugas nori pirkti kavą.
Datasets/Real_Handwriting/images/form_382_sentence_2.png,Ar Ingrida skaito žurnalą?
Datasets/Real_Handwriting/images/form_296_sentence_5.png,Universiteto studentai žaidžia šachmatais laisvalaikiu.
Datasets/Real_Handwriting/images/form_333_sentence_5.png,Cukrų ir cinamoną dedame į pyragą.
Datasets/Synthetic_Sentences/images/sentence_66935.png,Neringa nedirba mieste.
Datasets/Synthetic_Sentences/images/sentence_69945.png,Drąsiai Žilvinas ilsisi paplūdimyje.
Datasets/Synthetic_Sentences/images/sentence_21104.png,Vakar mokytojas skaitė receptą.
Datasets/Synthetic_Sentences/images/sentence_14113.png,Šuo mėgsta pirkti knygą.
Datasets/Synthetic_Sentences/images/sentence_32777.png,"Danielius mokosi miške, bet nori tvarkytis."
Datasets/Real_Handwriting/images/form_322_sentence_4.png,Rūpestingai Mantas ilsisi kaime.
Datasets/Real_Handwriting/images/form_256_sentence_5.png,Elnias eina per mišką tyliai.
Datasets/Synthetic_Sentences/images/sentence_53195.png,Eglė nori skaityti receptą.
Datasets/Synthetic_Sentences/images/sentence_42076.png,Neringa nedirba ežero pakrantėje.
Datasets/Synthetic_Sentences/images/sentence_64110.png,Ar katė skaito žurnalą?
Datasets/Synthetic_Sentences/images/sentence_40313.png,Mokytojas dirba ežero pakrantėje ryte.
Datasets/Synthetic_Sentences/images/sentence_54625.png,Rytoj Kristina eis sode.
Datasets/Synthetic_Sentences/images/sentence_41731.png,"Žilvinas mokosi kaime, bet nori mokytis."
Datasets/Synthetic_Sentences/images/sentence_08772.png,"Rasa mokosi paplūdimyje, bet nori sportuoti."
Datasets/Real_Handwriting/images/form_345_sentence_2.png,Šiandien studentė mokosi kalnuose.
Datasets/Synthetic_Sentences/images/sentence_29714.png,Rasa perka seną žaislą.
Datasets/Synthetic_Sentences/images/sentence_00945.png,Berniukas nenori bėgti.
Datasets/Synthetic_Sentences/images/sentence_18583.png,Šiandien Žilvinas perka duoną.
Datasets/Synthetic_Sentences/images/sentence_26793.png,Drąsiai Laura rašo užduotį.
Datasets/Real_Handwriting/images/form_350_sentence_5.png,Šuo išbėgo į kiemą ir pradėjo loti.
Datasets/Synthetic_Sentences/images/sentence_48619.png,Neringa nori gerti vandenį.
Datasets/Synthetic_Sentences/images/sentence_59080.png,Lėtai Ingrida mokosi kaime.
Datasets/Synthetic_Sentences/images/sentence_27600.png,Gydytojas neša dovaną.
Datasets/Real_Handwriting/images/form_012_sentence_1.png,Vaikai ilsisi ir ilsisi.
Datasets/Real_Handwriting/images/form_050_sentence_5.png,Aš labai ramiai šypsosi.
Datasets/Synthetic_Sentences/images/sentence_43900.png,Rytoj katė skaitys knygą.
Datasets/Synthetic_Sentences/images/sentence_36010.png,Rūpestingai Tomas ilsisi kaime.
Datasets/Real_Handwriting/images/form_472_sentence_3.png,Paukštis mėgsta piešti užduotį.
Datasets/Synthetic_Sentences/images/sentence_47459.png,Mergaitė mėgsta gerti kavą.
Datasets/Synthetic_Sentences/images/sentence_61619.png,Rasa mėgsta gerti vandenį.
Datasets/Synthetic_Sentences/images/sentence_63184.png,Studentė mėgsta skaityti istoriją.
Datasets/Synthetic_Sentences/images/sentence_46327.png,Tyliai šuo neša dovaną.
Datasets/Real_Handwriting/images/form_249_sentence_3.png,Neringa rašo žemėlapį.
Datasets/Synthetic_Sentences/images/sentence_42146.png,Šiandien Laura skaito laišką.
Datasets/Synthetic_Sentences/images/sentence_20014.png,"Eglė dirba darbe, nes jam patinka."
Datasets/Synthetic_Sentences/images/sentence_34480.png,Vakar Danielius nešė dovaną.
Datasets/Synthetic_Sentences/images/sentence_19771.png,Vakar Petras dirbo paplūdimyje.
Datasets/Synthetic_Sentences/images/sentence_07381.png,Saulius rašo projektą.
Datasets/Synthetic_Sentences/images/sentence_51671.png,Mokytoja nenori kalbėti.
Datasets/Real_Handwriting/images/form_450_sentence_5.png,Danielius dažnai dalyvauja varžybose.
Datasets/Synthetic_Sentences/images/sentence_38575.png,Ar Mindaugas dirba upės pakrantėje?
Datasets/Real_Handwriting/images/form_490_sentence_2.png,Mielai Rasa perka žaislą.
Datasets/Synthetic_Sentences/images/sentence_12535.png,Studentė dirba ligoninėje.
Datasets/Synthetic_Sentences/images/sentence_66866.png,Jonas bando dainuoti.
Datasets/Synthetic_Sentences/images/sentence_12132.png,Garsiai mokytojas skaito receptą.
Datasets/Synthetic_Sentences/images/sentence_08751.png,Ar Rasa mėgsta dainuoti?
Datasets/Synthetic_Sentences/images/sentence_11737.png,Tyliai gydytojas skaito laišką sode.
Datasets/Synthetic_Sentences/images/sentence_36734.png,Šiandien Neringa mokosi bibliotekoje.
Datasets/Synthetic_Sentences/images/sentence_28127.png,Šiandien katė dirba kalnuose.
Datasets/Synthetic_Sentences/images/sentence_21936.png,Ar mokytoja dirba miške?
Datasets/Real_Handwriting/images/form_263_sentence_3.png,Laura bando važiuoti.
Datasets/Synthetic_Sentences/images/sentence_07024.png,Danielius mėgsta skaityti istoriją.
Datasets/Synthetic_Sentences/images/sentence_54567.png,Tyliai mokytojas skaito receptą kavinėje.
Datasets/Synthetic_Sentences/images/sentence_65118.png,Ar Eglė dirba stadione?
Datasets/Real_Handwriting/images/form_085_sentence_4.png,Katė geria paplūdimyje.
Datasets/Real_Handwriting/images/form_002_sentence_4.png,Draugas nemėgsta keliauti receptą.
Datasets/Synthetic_Sentences/images/sentence_22592.png,Kruopščiai Jurgita perka kavą.
Datasets/Real_Handwriting/images/form_067_sentence_1.png,Jie labai kartu kalba.
Datasets/Synthetic_Sentences/images/sentence_19727.png,Berniukas ilsisi mokykloje.
Datasets/Synthetic_Sentences/images/sentence_64978.png,Saulius nori pirkti knygą.
Datasets/Synthetic_Sentences/images/sentence_26030.png,Katė dirba bibliotekoje ir skaito laišką.
Datasets/Synthetic_Sentences/images/sentence_45948.png,Eglė nori skaityti žurnalą.
Datasets/Synthetic_Sentences/images/sentence_61067.png,Kodėl gydytojas dirba darbe?
Datasets/Synthetic_Sentences/images/sentence_67721.png,Kruopščiai Žilvinas skaito receptą darbe.
Datasets/Synthetic_Sentences/images/sentence_55226.png,Šiandien mokytojas perka duoną.
Datasets/Real_Handwriting/images/form_166_sentence_2.png,Jūs labai kartu verkia.
Datasets/Synthetic_Sentences/images/sentence_63975.png,Mindaugas valgo duoną.
Datasets/Synthetic_Sentences/images/sentence_46790.png,Vaikas nori valgyti vaisius.
Datasets/Real_Handwriting/images/form_152_sentence_5.png,Vaikai mėgsta piešti.
Datasets/Real_Handwriting/images/form_023_sentence_4.png,Jie skuba miške ir stadione.
Datasets/Synthetic_Sentences/images/sentence_41420.png,Ar Laura nori eiti?
Datasets/Synthetic_Sentences/images/sentence_24903.png,Atidžiai Jurgita skaito žemėlapį.
Datasets/Real_Handwriting/images/form_082_sentence_5.png,Vaikai bėga vaisius.
Datasets/Synthetic_Sentences/images/sentence_05452.png,Šiandien Jonas perka kavą.
Datasets/Synthetic_Sentences/images/sentence_21851.png,Šiandien Mantas skaito receptą.
Datasets/Real_Handwriting/images/form_416_sentence_3.png,Rytoj Kristina eis mokykloje.
Datasets/Real_Handwriting/images/form_384_sentence_3.png,Ramiai Mantas mokosi kavinėje.
Datasets/Real_Handwriting/images/form_137_sentence_3.png,Gydytojai rytoj ilsisi.
Datasets/Real_Handwriting/images/form_034_sentence_5.png,Vyrai sportuoja parke ir sode.
Datasets/Synthetic_Sentences/images/sentence_43146.png,Kur mokytojas dirba?
Datasets/Synthetic_Sentences/images/sentence_42772.png,Tyliai Jurgita mokosi kaime vėlai vakare.
Datasets/Synthetic_Sentences/images/sentence_09890.png,Kristina dirba stadione ir skaito istoriją.
Datasets/Real_Handwriting/images/form_503_sentence_4.png,Ar Petras mokosi miške?
Datasets/Synthetic_Sentences/images/sentence_60494.png,"Mergaitė mokosi kaime, nes turi daug darbo."
Datasets/Synthetic_Sentences/images/sentence_50941.png,"Žilvinas mokosi mieste, bet nori tvarkytis."
Datasets/Synthetic_Sentences/images/sentence_00805.png,Renata nori gerti arbatą.
Datasets/Real_Handwriting/images/form_251_sentence_5.png,Universiteto studentai žaidžia šachmatais laisvalaikiu.
Datasets/Synthetic_Sentences/images/sentence_32825.png,Danielius mėgsta skaityti receptą.
Datasets/Real_Handwriting/images/form_253_sentence_3.png,Ar Mantas mokosi mieste?
Datasets/Synthetic_Sentences/images/sentence_43753.png,Rytoj katė eis ežero pakrantėje.
Datasets/Synthetic_Sentences/images/sentence_50227.png,Mindaugas skaito istoriją.
Datasets/Synthetic_Sentences/images/sentence_55097.png,Gydytojas nori rašyti žemėlapį.
Datasets/Real_Handwriting/images/form_171_sentence_4.png,Jos baigia galvoti mokyklą.
Datasets/Synthetic_Sentences/images/sentence_33961.png,Renata nedirba stadione.
Datasets/Synthetic_Sentences/images/sentence_00289.png,Laura nori rašyti laišką.
Datasets/Synthetic_Sentences/images/sentence_19561.png,Berniukas mėgsta gerti pieną.
Datasets/Synthetic_Sentences/images/sentence_03976.png,Kristina neskaito žemėlapį.
Datasets/Synthetic_Sentences/images/sentence_39803.png,Ar Marija nori groti?
Datasets/Synthetic_Sentences/images/sentence_51442.png,Saulius sportuoja kalnuose.
Datasets/Synthetic_Sentences/images/sentence_02279.png,Jonas mėgsta pirkti gėlę.
Datasets/Synthetic_Sentences/images/sentence_58385.png,Ar katė dirba sode?
Datasets/Synthetic_Sentences/images/sentence_49784.png,Ar katė mokosi namuose?
Datasets/Synthetic_Sentences/images/sentence_53014.png,Neringa renka akmenis.
Datasets/Synthetic_Sentences/images/sentence_10438.png,Mindaugas dirba parke.
Datasets/Synthetic_Sentences/images/sentence_65071.png,Saulius dirba darbe ir skaito istoriją.
Datasets/Real_Handwriting/images/form_365_sentence_2.png,Rūpestingai Kristina ilsisi bibliotekoje.
Datasets/Synthetic_Sentences/images/sentence_03796.png,Ingrida bando eiti.
Datasets/Synthetic_Sentences/images/sentence_48152.png,Atidžiai Petras perka arbatą.
Datasets/Synthetic_Sentences/images/sentence_16440.png,Rytoj Saulius skaitys receptą.
Datasets/Synthetic_Sentences/images/sentence_15148.png,Studentas dirba miške vakare.
Datasets/Real_Handwriting/images/form_068_sentence_1.png,Ar paukštis žiūri?
Datasets/Real_Handwriting/images/form_250_sentence_2.png,Ingrida nori dirbti.
Datasets/Real_Handwriting/images/form_455_sentence_3.png,Ingrida gyvena parke.
Datasets/Real_Handwriting/images/form_154_sentence_5.png,Jis rašo maistą darbe.
Datasets/Real_Handwriting/images/form_272_sentence_1.png,Neringa nori šokti laišką.
Datasets/Synthetic_Sentences/images/sentence_28004.png,Jurgita ilsisi stotyje.
Datasets/Synthetic_Sentences/images/sentence_56034.png,Mergaitė nori rašyti projektą.
Datasets/Synthetic_Sentences/images/sentence_37815.png,Jurgita nori dirbti.
Datasets/Synthetic_Sentences/images/sentence_00686.png,Tomas perka dovaną.
Datasets/Synthetic_Sentences/images/sentence_04084.png,Studentė mėgsta gerti.
Datasets/Real_Handwriting/images/form_253_sentence_5.png,Filmas buvo labai įdomus ir jaudinantis.
Datasets/Synthetic_Sentences/images/sentence_39260.png,Danielius lankosi bibliotekoje.
Datasets/Synthetic_Sentences/images/sentence_40005.png,Petras gyvena upės pakrantėje.
Datasets/Synthetic_Sentences/images/sentence_06032.png,Šiandien mokytojas mokosi bibliotekoje.
Datasets/Real_Handwriting/images/form_447_sentence_5.png,Cukrų ir cinamoną dedame į pyragą.
Datasets/Synthetic_Sentences/images/sentence_46034.png,Gydytojas ilsisi upės pakrantėje.
Datasets/Synthetic_Sentences/images/sentence_61558.png,Atidžiai šuo valgo sriubą.
Datasets/Real_Handwriting/images/form_504_sentence_3.png,Rasa valgo sriubą.
Datasets/Synthetic_Sentences/images/sentence_30488.png,Šiandien Marija dirba kalnuose.
Datasets/Synthetic_Sentences/images/sentence_42113.png,Garsiai Kristina mokosi bibliotekoje.
Datasets/Synthetic_Sentences/images/sentence_57945.png,Jurgita nori skaityti istoriją.
Datasets/Synthetic_Sentences/images/sentence_32960.png,Berniukas neša knygą.
Datasets/Synthetic_Sentences/images/sentence_67382.png,Ar Mantas mokosi mieste?
Datasets/Synthetic_Sentences/images/sentence_33598.png,Šiandien Petras dirba kalnuose.
Datasets/Real_Handwriting/images/form_088_sentence_4.png,Aš sportuoja bibliotekoje ir darbe.
Datasets/Synthetic_Sentences/images/sentence_54696.png,Vakar Jonas nešė knygą.
Datasets/Real_Handwriting/images/form_118_sentence_4.png,Šuo žiūri vandenį ligoninėje.
Datasets/Real_Handwriting/images/form_262_sentence_2.png,Žirgas rašo žemėlapį.
Datasets/Synthetic_Sentences/images/sentence_66761.png,Mergaitė mėgsta valgyti obuolį.
Datasets/Real_Handwriting/images/form_041_sentence_5.png,Gydytojai niekada klauso.
Datasets/Synthetic_Sentences/images/sentence_37772.png,Ar Petras mokosi mokykloje?
Datasets/Synthetic_Sentences/images/sentence_07525.png,Šiandien mergaitė perka žaislą.
Datasets/Real_Handwriting/images/form_195_sentence_5.png,Mergaitės piešia vandenį.
Datasets/Real_Handwriting/images/form_350_sentence_1.png,Laura perka žaislą.
Datasets/Synthetic_Sentences/images/sentence_16614.png,Mergaitė lankosi namuose.
Datasets/Synthetic_Sentences/images/sentence_13534.png,Jurgita perka lėtą knygą.
Datasets/Synthetic_Sentences/images/sentence_54897.png,Rytoj studentė skaitys receptą.
Datasets/Synthetic_Sentences/images/sentence_43738.png,Kristina skaito knygą.
Datasets/Synthetic_Sentences/images/sentence_31804.png,Mokytoja nenori sportuoti.
Datasets/Synthetic_Sentences/images/sentence_32691.png,Ar Mantas skaito knygą?
Datasets/Synthetic_Sentences/images/sentence_61249.png,Danielius pradeda šokti.
Datasets/Synthetic_Sentences/images/sentence_12516.png,Drąsiai Renata ilsisi ligoninėje.
Datasets/Real_Handwriting/images/form_225_sentence_5.png,Studentas skaito storą knygą.
Datasets/Real_Handwriting/images/form_175_sentence_2.png,Ar mokytojas keliauoja?
Datasets/Real_Handwriting/images/form_337_sentence_3.png,Šuo perka gėlę.
Datasets/Synthetic_Sentences/images/sentence_51401.png,Tomas renka daržoves.
Datasets/Synthetic_Sentences/images/sentence_68278.png,Renata nori skaityti laišką.
Datasets/Synthetic_Sentences/images/sentence_52676.png,"Petras dirba namuose, nes tai labai įdomu."
Datasets/Synthetic_Sentences/images/sentence_58607.png,Vaikas sportuoja ežero pakrantėje.
Datasets/Synthetic_Sentences/images/sentence_16221.png,Eglė ilsisi kaime.
Datasets/Real_Handwriting/images/form_183_sentence_2.png,Paukštis mokosi receptą.
Datasets/Synthetic_Sentences/images/sentence_07037.png,Danielius ilsisi kavinėje.
Datasets/Synthetic_Sentences/images/sentence_29716.png,Greitai gydytojas mokosi darbe.
Datasets/Synthetic_Sentences/images/sentence_10114.png,Ar studentė mėgsta eiti?
Datasets/Synthetic_Sentences/images/sentence_53076.png,Greitai Tomas mokosi mieste.
Datasets/Real_Handwriting/images/form_287_sentence_2.png,Rytoj Danielius skaitys laišką.
Datasets/Synthetic_Sentences/images/sentence_45612.png,Mielai Petras mokosi kaime.
Datasets/Synthetic_Sentences/images/sentence_66490.png,Mergaitė renka vaisius.
Datasets/Synthetic_Sentences/images/sentence_04177.png,Rytoj mokytojas eis stadione.
Datasets/Synthetic_Sentences/images/sentence_27245.png,Gydytojas nenori važiuoti.
Datasets/Synthetic_Sentences/images/sentence_05136.png,Jonas pradeda bėgti.
Datasets/Synthetic_Sentences/images/sentence_33985.png,Berniukas nedirba kavinėje.
Datasets/Synthetic_Sentences/images/sentence_53359.png,Ar Renata mėgsta gerti?
Datasets/Synthetic_Sentences/images/sentence_04119.png,Ar studentė skaito receptą?
Datasets/Synthetic_Sentences/images/sentence_69501.png,Mergaitė dirba stotyje naktį.
Datasets/Synthetic_Sentences/images/sentence_29277.png,Rytoj Mindaugas skaitys knygą.
Datasets/Synthetic_Sentences/images/sentence_36085.png,Lėtai Gintaras dirba bibliotekoje.
Datasets/Real_Handwriting/images/form_486_sentence_5.png,Žuvėdros skraido žemai virš bangų.
Datasets/Real_Handwriting/images/form_463_sentence_1.png,Žmogus valgo vaisius.
Datasets/Real_Handwriting/images/form_384_sentence_4.png,Garsiai Tomas sportuoja paplūdimyje.
Datasets/Synthetic_Sentences/images/sentence_15377.png,"Rasa mokosi paplūdimyje, bet nori žaisti."
Datasets/Synthetic_Sentences/images/sentence_57608.png,Šiandien Rasa ilsisi stotyje.
Datasets/Synthetic_Sentences/images/sentence_28210.png,Vakar Kristina skaitė receptą.
Datasets/Synthetic_Sentences/images/sentence_49198.png,Danielius skaito spalvotą laišką.
Datasets/Synthetic_Sentences/images/sentence_44522.png,"Vaikas mokosi kalnuose, nes jam patinka."
Datasets/Synthetic_Sentences/images/sentence_31456.png,Rytoj Jonas skaitys istoriją.
Datasets/Synthetic_Sentences/images/sentence_30150.png,Katė mėgsta plaukti.
Datasets/Synthetic_Sentences/images/sentence_53527.png,Ramiai mokytoja perka duoną.
Datasets/Synthetic_Sentences/images/sentence_66366.png,Tomas perka dovaną.
Datasets/Synthetic_Sentences/images/sentence_27978.png,Studentas perka šiltą žaislą.
Datasets/Synthetic_Sentences/images/sentence_03305.png,Kur Kristina dirba?
Datasets/Synthetic_Sentences/images/sentence_12729.png,Mindaugas nori eiti.
Datasets/Synthetic_Sentences/images/sentence_43104.png,Ar studentas mėgsta bėgti?
Datasets/Synthetic_Sentences/images/sentence_56623.png,Ar Renata mokosi darbe?
Datasets/Real_Handwriting/images/form_181_sentence_2.png,Mergaitės nori gerti dainą.
Datasets/Real_Handwriting/images/form_326_sentence_5.png,Hibiskusas žydi ryškiomis rožinėmis žiedais.
Datasets/Synthetic_Sentences/images/sentence_21292.png,Vakar Jonas dirbo sode.
Datasets/Synthetic_Sentences/images/sentence_24117.png,Ingrida dirba bibliotekoje.
Datasets/Synthetic_Sentences/images/sentence_28039.png,Gydytojas dirba stadione.
Datasets/Synthetic_Sentences/images/sentence_50781.png,Mokytojas neša žaislą.
Datasets/Real_Handwriting/images/form_366_sentence_5.png,"Šiandien šalta, bet sausa."
Datasets/Real_Handwriting/images/form_421_sentence_4.png,Katė mokosi parke.
Datasets/Real_Handwriting/images/form_195_sentence_3.png,Aš geria kaime ir namuose.
Datasets/Synthetic_Sentences/images/sentence_43854.png,Garsiai vaikas mokosi pievoje.
Datasets/Synthetic_Sentences/images/sentence_23214.png,Renata rašo žemėlapį.
Datasets/Real_Handwriting/images/form_462_sentence_1.png,Ar Saulius mėgsta statyti?
Datasets/Real_Handwriting/images/form_402_sentence_4.png,Vakar žirgas nešė laišką.
Datasets/Synthetic_Sentences/images/sentence_32605.png,Švelniai Mantas neša dovaną.
Datasets/Synthetic_Sentences/images/sentence_36770.png,Vakar mokytoja nešė knygą.
Datasets/Real_Handwriting/images/form_424_sentence_3.png,Mergaitė geria pieną.
Datasets/Real_Handwriting/images/form_305_sentence_4.png,Rytoj Jonas eis miške.
Datasets/Synthetic_Sentences/images/sentence_57070.png,Garsiai studentė mokosi sode.
Datasets/Synthetic_Sentences/images/sentence_06322.png,Mokytoja pradeda tvarkytis.
Datasets/Synthetic_Sentences/images/sentence_56776.png,Vaikas perka gėlę.
Datasets/Synthetic_Sentences/images/sentence_18721.png,Šiandien gydytojas ilsisi sode.
Datasets/Synthetic_Sentences/images/sentence_26215.png,"Neringa dirba parke, nes turi daug darbo."
Datasets/Synthetic_Sentences/images/sentence_52143.png,Katė mokosi ligoninėje.
Datasets/Real_Handwriting/images/form_338_sentence_3.png,Mokytoja geria kavą.
Datasets/Synthetic_Sentences/images/sentence_15279.png,Danielius mėgsta gerti pieną.
Datasets/Synthetic_Sentences/images/sentence_53395.png,Neringa nori skaityti žemėlapį.
Datasets/Synthetic_Sentences/images/sentence_30151.png,Šuo mokosi paplūdimyje.
Datasets/Real_Handwriting/images/form_247_sentence_5.png,Filmas buvo labai įdomus ir jaudinantis.
Datasets/Synthetic_Sentences/images/sentence_14736.png,Eglė renka grybus.
Datasets/Synthetic_Sentences/images/sentence_42207.png,Žilvinas skaito nuobodų laišką.
Datasets/Real_Handwriting/images/form_166_sentence_3.png,Vakar gydytojas kalba maistą.
Datasets/Synthetic_Sentences/images/sentence_49528.png,Studentė nori skaityti žemėlapį.
Datasets/Synthetic_Sentences/images/sentence_03020.png,"Katė nori sportuoti, nes nes tai labai įdomu."
Datasets/Real_Handwriting/images/form_067_sentence_2.png,Mes dainuoja darbe ir stadione.
Datasets/Real_Handwriting/images/form_256_sentence_1.png,Ar Marija mokosi upės pakrantėje?
Datasets/Synthetic_Sentences/images/sentence_20544.png,Renata renka vaisius.
Datasets/Synthetic_Sentences/images/sentence_13519.png,Tomas nori gerti.
Datasets/Real_Handwriting/images/form_101_sentence_4.png,Ar mokytojas dainuoja?
Datasets/Real_Handwriting/images/form_468_sentence_4.png,Šiandien Gintaras mokosi mieste.
Datasets/Synthetic_Sentences/images/sentence_54517.png,Vakar Ingrida nešė gėlę.
Datasets/Synthetic_Sentences/images/sentence_15247.png,Greitai vaikas valgo vaisius.
Datasets/Synthetic_Sentences/images/sentence_61163.png,Marija stengiasi plaukti.
Datasets/Real_Handwriting/images/form_185_sentence_2.png,Mes dirba žemėlapį stotyje.
Datasets/Real_Handwriting/images/form_276_sentence_4.png,Mantas mokosi upės pakrantėje.
Datasets/Real_Handwriting/images/form_211_sentence_3.png,Neringa bando statyti.
Datasets/Real_Handwriting/images/form_435_sentence_2.png,Atidžiai žirgas neša žaislą.
Datasets/Synthetic_Sentences/images/sentence_19028.png,Ar Petras nori rašyti?
Datasets/Synthetic_Sentences/images/sentence_21117.png,Ingrida perka greitą knygą.
Datasets/Synthetic_Sentences/images/sentence_41065.png,Rūpestingai šuo neša knygą.
Datasets/Synthetic_Sentences/images/sentence_13684.png,Petras nori valgyti obuolį.
Datasets/Synthetic_Sentences/images/sentence_02294.png,Rytoj mergaitė eis sode.
Datasets/Real_Handwriting/images/form_115_sentence_1.png,Mokytojas eina prie ežero ir mieste.
Datasets/Synthetic_Sentences/images/sentence_41072.png,Vaikas skaito knygą.
Datasets/Synthetic_Sentences/images/sentence_05885.png,Rytoj katė skaitys knygą.
Datasets/Synthetic_Sentences/images/sentence_42172.png,Ingrida bando dainuoti.
Datasets/Synthetic_Sentences/images/sentence_39772.png,Marija skaito žemėlapį.
Datasets/Synthetic_Sentences/images/sentence_17771.png,Atidžiai Marija skaito žemėlapį.
Datasets/Synthetic_Sentences/images/sentence_46481.png,Vaikas neša krepšį.
Datasets/Synthetic_Sentences/images/sentence_69921.png,"Studentas mokosi pievoje, bet nori žaisti."
Datasets/Real_Handwriting/images/form_020_sentence_3.png,Mergaitė šoka stadione ir sode.
Datasets/Synthetic_Sentences/images/sentence_12128.png,Kodėl Laura dirba namuose?
Datasets/Synthetic_Sentences/images/sentence_16333.png,Vakar studentė nešė dovaną.
Datasets/Real_Handwriting/images/form_227_sentence_5.png,Cukrų ir cinamoną dedame į pyragą.
Datasets/Real_Handwriting/images/form_193_sentence_3.png,Katė labai vakar klauso.
Datasets/Synthetic_Sentences/images/sentence_14166.png,"Renata mokosi stadione, nes jam patinka."
Datasets/Synthetic_Sentences/images/sentence_48570.png,Lėtai Marija dirba upės pakrantėje.
Datasets/Synthetic_Sentences/images/sentence_06855.png,Kruopščiai mokytoja skaito receptą.
Datasets/Synthetic_Sentences/images/sentence_68162.png,Laura mėgsta skaityti knygą.
Datasets/Synthetic_Sentences/images/sentence_06245.png,Žilvinas mėgsta pirkti dovaną.
Datasets/Real_Handwriting/images/form_192_sentence_2.png,Šiandien draugai mąsto tyliai.
Datasets/Synthetic_Sentences/images/sentence_56876.png,Šiandien mergaitė skaito istoriją.
Datasets/Real_Handwriting/images/form_240_sentence_2.png,Šiandien Mindaugas perka knygą.
Datasets/Synthetic_Sentences/images/sentence_60721.png,Renata nori piešti.
Datasets/Synthetic_Sentences/images/sentence_05293.png,Šiandien mokytojas perka arbatą.
Datasets/Synthetic_Sentences/images/sentence_61038.png,Mergaitė ilsisi kalnuose.
Datasets/Synthetic_Sentences/images/sentence_41386.png,Ramiai Rasa mokosi bibliotekoje vėlai vakare.
Datasets/Real_Handwriting/images/form_326_sentence_2.png,Šiandien paukštis skaito laišką.
Datasets/Real_Handwriting/images/form_509_sentence_5.png,Cukrų ir cinamoną dedame į pyragą.
Datasets/Synthetic_Sentences/images/sentence_48129.png,Mergaitė pradeda tvarkytis.
Datasets/Real_Handwriting/images/form_055_sentence_1.png,Katė labai greitai dainuoja.
Datasets/Real_Handwriting/images/form_189_sentence_5.png,Šiandien moterys dainuoja tyliai.
Datasets/Synthetic_Sentences/images/sentence_24899.png,Šiandien Jurgita mokosi ligoninėje.
Datasets/Synthetic_Sentences/images/sentence_42028.png,Drąsiai Marija ilsisi ligoninėje.
Datasets/Synthetic_Sentences/images/sentence_32005.png,Mergaitė gyvena sode.
Datasets/Synthetic_Sentences/images/sentence_32352.png,Garsiai šuo ilsisi miške.
Datasets/Synthetic_Sentences/images/sentence_59203.png,Petras mokosi paplūdimyje.
Datasets/Synthetic_Sentences/images/sentence_03186.png,Saulius mėgsta pirkti duoną.
Datasets/Synthetic_Sentences/images/sentence_21671.png,Marija skaito istoriją.
Datasets/Real_Handwriting/images/form_358_sentence_5.png,Čiurlionį menininkai laiko išskirtiniu kūrėju.
Datasets/Synthetic_Sentences/images/sentence_18847.png,Mindaugas neša dovaną.
Datasets/Synthetic_Sentences/images/sentence_16870.png,Švelniai Jonas rašo užduotį.
Datasets/Synthetic_Sentences/images/sentence_14851.png,Mokytoja sportuoja parke.
Datasets/Synthetic_Sentences/images/sentence_40393.png,Berniukas rašo laišką.
Datasets/Synthetic_Sentences/images/sentence_69745.png,Rytoj studentė skaitys istoriją.
Datasets/Synthetic_Sentences/images/sentence_27533.png,Švelniai mergaitė ilsisi ežero pakrantėje.
Datasets/Real_Handwriting/images/form_504_sentence_1.png,Vakar katė skaitė knygą.
Datasets/Synthetic_Sentences/images/sentence_34847.png,Saulius nori rašyti žemėlapį.
Datasets/Synthetic_Sentences/images/sentence_56173.png,Vaikas geria vandenį.
Datasets/Real_Handwriting/images/form_120_sentence_1.png,Mes labai atidžiai eina.
Datasets/Real_Handwriting/images/form_075_sentence_1.png,Moteris tvarkosi ir tvarkosi.
Datasets/Real_Handwriting/images/form_497_sentence_2.png,Drąsiai katė sportuoja miške.
Datasets/Real_Handwriting/images/form_135_sentence_4.png,Ar aš skuba?
Datasets/Synthetic_Sentences/images/sentence_58162.png,Rasa mėgsta skaityti laišką.
Datasets/Synthetic_Sentences/images/sentence_32775.png,Ar berniukas mėgsta sportuoti?
Datasets/Real_Handwriting/images/form_311_sentence_1.png,Ar Danielius nori važiuoti?
Datasets/Synthetic_Sentences/images/sentence_38398.png,Mergaitė sportuoja bibliotekoje.
Datasets/Synthetic_Sentences/images/sentence_41230.png,"Mokytoja nori dirbti, nes nes nori pailsėti."
Datasets/Synthetic_Sentences/images/sentence_36390.png,Laura lankosi mieste.
Datasets/Synthetic_Sentences/images/sentence_54524.png,Ar vaikas mėgsta sportuoti?
Datasets/Synthetic_Sentences/images/sentence_07585.png,Jonas dirba paplūdimyje vakare.
Datasets/Real_Handwriting/images/form_399_sentence_5.png,Universiteto studentai žaidžia šachmatais laisvalaikiu.
Datasets/Synthetic_Sentences/images/sentence_24861.png,Renata nori skaityti žemėlapį.
Datasets/Synthetic_Sentences/images/sentence_10168.png,Ingrida mėgsta skaityti žemėlapį.
Datasets/Synthetic_Sentences/images/sentence_20869.png,Jonas pradeda rašyti.
Datasets/Real_Handwriting/images/form_289_sentence_5.png,Cukrų ir cinamoną dedame į pyragą.
Datasets/Synthetic_Sentences/images/sentence_59674.png,Laura nori gerti sultis.
Datasets/Real_Handwriting/images/form_418_sentence_2.png,Ar Laura skaito knygą?
Datasets/Real_Handwriting/images/form_225_sentence_2.png,Kruopščiai Jonas ilsisi namuose.
Datasets/Synthetic_Sentences/images/sentence_22295.png,Kur mokytoja dirba?
Datasets/Synthetic_Sentences/images/sentence_12301.png,Rasa sportuoja mokykloje.
Datasets/Real_Handwriting/images/form_172_sentence_2.png,Mokytojas klauso ir klauso.
Datasets/Real_Handwriting/images/form_381_sentence_5.png,Cukrų ir cinamoną dedame į pyragą.
Datasets/Synthetic_Sentences/images/sentence_31023.png,Studentas gyvena namuose.
Datasets/Real_Handwriting/images/form_027_sentence_4.png,Aš šoka kalnuose ir paplūdimyje.
Datasets/Real_Handwriting/images/form_071_sentence_5.png,Vyrai verkia ir verkia.
Datasets/Real_Handwriting/images/form_280_sentence_2.png,Kristina mėgsta statyti.
Datasets/Synthetic_Sentences/images/sentence_19256.png,"Mindaugas nori groti, nes nes nori pailsėti."
Datasets/Synthetic_Sentences/images/sentence_15527.png,Saulius nori rašyti žemėlapį.
Datasets/Real_Handwriting/images/form_182_sentence_5.png,Vaikai labai niekada keliauoja.
Datasets/Synthetic_Sentences/images/sentence_12924.png,Vaikas skaito skanų receptą.
Datasets/Synthetic_Sentences/images/sentence_25148.png,Neringa sportuoja parke.
Datasets/Real_Handwriting/images/form_336_sentence_2.png,Ar Mindaugas nori bėgti?
Datasets/Real_Handwriting/images/form_455_sentence_1.png,Rasa neša knygą.
Datasets/Synthetic_Sentences/images/sentence_32075.png,Drąsiai Ingrida dirba bibliotekoje.
Datasets/Synthetic_Sentences/images/sentence_54942.png,Greitai vaikas skaito laišką.
Datasets/Synthetic_Sentences/images/sentence_17934.png,Kur Gintaras dirba?
Datasets/Real_Handwriting/images/form_202_sentence_1.png,Rytoj Neringa eis stadione.
Datasets/Synthetic_Sentences/images/sentence_34472.png,Mokytojas perka gražų knygą.
Datasets/Synthetic_Sentences/images/sentence_21850.png,Šiandien Jonas ilsisi kavinėje.
Datasets/Synthetic_Sentences/images/sentence_11424.png,Marija lankosi namuose.
Datasets/Real_Handwriting/images/form_362_sentence_4.png,Jurgita mėgsta valgyti žaislą.
Datasets/Synthetic_Sentences/images/sentence_06098.png,Renata lankosi kavinėje.
Datasets/Synthetic_Sentences/images/sentence_60555.png,Jurgita nenori keliauti.
Datasets/Synthetic_Sentences/images/sentence_21702.png,Šiandien studentas perka knygą.
Datasets/Synthetic_Sentences/images/sentence_29795.png,Žilvinas skaito knygą.
Datasets/Synthetic_Sentences/images/sentence_12321.png,Jurgita nori pirkti gėlę.
Datasets/Synthetic_Sentences/images/sentence_56817.png,Šiandien katė perka knygą.
Datasets/Synthetic_Sentences/images/sentence_57380.png,Mantas bando valgyti.
Datasets/Synthetic_Sentences/images/sentence_68922.png,Mergaitė sportuoja ligoninėje.
Datasets/Synthetic_Sentences/images/sentence_29479.png,Katė pradeda piešti.
Datasets/Real_Handwriting/images/form_465_sentence_4.png,Ar Kristina skaito žemėlapį?
Datasets/Real_Handwriting/images/form_279_sentence_2.png,Šiandien Renata skaito žemėlapį.
Datasets/Synthetic_Sentences/images/sentence_38794.png,Petras pradeda keliauti.
Datasets/Synthetic_Sentences/images/sentence_30865.png,Mielai Eglė rašo užduotį.
Datasets/Synthetic_Sentences/images/sentence_16420.png,Tomas nori skaityti knygą.
Datasets/Synthetic_Sentences/images/sentence_26435.png,Ar Kristina mėgsta valgyti?
Datasets/Real_Handwriting/images/form_102_sentence_5.png,Jos mėgsta dainuoti kavą.
Datasets/Synthetic_Sentences/images/sentence_67537.png,Rūpestingai Marija neša knygą.
Datasets/Synthetic_Sentences/images/sentence_48630.png,Gintaras mėgsta rašyti.
Datasets/Real_Handwriting/images/form_105_sentence_5.png,Šiandien mergaitės juokiasi atidžiai.
Datasets/Synthetic_Sentences/images/sentence_17288.png,Ingrida ilsisi paplūdimyje.
Datasets/Real_Handwriting/images/form_131_sentence_2.png,Kartu mes kalba darbą.
Datasets/Real_Handwriting/images/form_494_sentence_1.png,Šiandien berniukas skaito žurnalą.
Datasets/Real_Handwriting/images/form_073_sentence_2.png,Mergaitės lėtai galvoja.
Datasets/Real_Handwriting/images/form_130_sentence_4.png,Moteris verkia mieste.
Datasets/Synthetic_Sentences/images/sentence_55401.png,Rūpestingai Tomas mokosi stotyje.
Datasets/Synthetic_Sentences/images/sentence_38797.png,Eglė neskaito žurnalą.
Datasets/Synthetic_Sentences/images/sentence_02254.png,Žilvinas pradeda piešti.
Datasets/Real_Handwriting/images/form_418_sentence_5.png,Universiteto studentai žaidžia šachmatais laisvalaikiu.
Datasets/Synthetic_Sentences/images/sentence_43505.png,Tomas neša gėlę.
Datasets/Synthetic_Sentences/images/sentence_14700.png,Ar Žilvinas mėgsta groti?
Datasets/Real_Handwriting/images/form_074_sentence_5.png,Katė geria ir geria.
Datasets/Real_Handwriting/images/form_266_sentence_1.png,Ar mokytojas skaito istoriją?
Datasets/Synthetic_Sentences/images/sentence_12343.png,Vakar Kristina nešė laišką.
Datasets/Synthetic_Sentences/images/sentence_25993.png,Džiaugsmingai Laura valgo vaisius.
Datasets/Real_Handwriting/images/form_468_sentence_1.png,Ar Rasa dirba mieste?
Datasets/Real_Handwriting/images/form_368_sentence_2.png,Rūpestingai mergaitė mokosi mokykloje.
Datasets/Synthetic_Sentences/images/sentence_38363.png,Berniukas dirba paplūdimyje vėlai vakare.
Datasets/Synthetic_Sentences/images/sentence_36135.png,Gintaras perka įdomų duoną.
Datasets/Synthetic_Sentences/images/sentence_23525.png,Gydytojas geria pieną.
Datasets/Real_Handwriting/images/form_191_sentence_3.png,Moteris piešia maistą.
Datasets/Synthetic_Sentences/images/sentence_68667.png,Jonas rašo projektą.
Datasets/Synthetic_Sentences/images/sentence_16721.png,"Mindaugas mokosi sode, nes reikia pasiruošti."
Datasets/Synthetic_Sentences/images/sentence_27897.png,Saulius mėgsta eiti.
Datasets/Synthetic_Sentences/images/sentence_40333.png,Petras renka akmenis.
Datasets/Synthetic_Sentences/images/sentence_44903.png,Marija ilsisi pievoje.
Datasets/Real_Handwriting/images/form_259_sentence_1.png,Žirgas perka duoną.
Datasets/Synthetic_Sentences/images/sentence_51296.png,Ingrida mėgsta pirkti duoną.
Datasets/Synthetic_Sentences/images/sentence_06598.png,Katė sportuoja ligoninėje.
Datasets/Synthetic_Sentences/images/sentence_47119.png,Marija bando piešti.
Datasets/Real_Handwriting/images/form_332_sentence_4.png,Gintaras ilsisi darbe.
Datasets/Synthetic_Sentences/images/sentence_65598.png,Žilvinas neskaito receptą.
Datasets/Synthetic_Sentences/images/sentence_50292.png,Rytoj Rasa skaitys žemėlapį.
Datasets/Real_Handwriting/images/form_378_sentence_5.png,Universiteto studentai žaidžia šachmatais laisvalaikiu.
Datasets/Synthetic_Sentences/images/sentence_67093.png,Džiaugsmingai Rasa neša žaislą.
Datasets/Synthetic_Sentences/images/sentence_67475.png,Ką studentė skaito?
Datasets/Synthetic_Sentences/images/sentence_53903.png,Ar Mindaugas skaito žemėlapį?
Datasets/Real_Handwriting/images/form_452_sentence_3.png,Rytoj Danielius eis stadione.
Datasets/Synthetic_Sentences/images/sentence_53679.png,Mindaugas mėgsta pirkti arbatą.
Datasets/Synthetic_Sentences/images/sentence_32131.png,Saulius nori rašyti istoriją.
Datasets/Synthetic_Sentences/images/sentence_52925.png,Kruopščiai Mantas skaito istoriją.
Datasets/Synthetic_Sentences/images/sentence_32626.png,Vakar Žilvinas skaitė žemėlapį.
Datasets/Synthetic_Sentences/images/sentence_38350.png,Jonas renka gėles.
Datasets/Real_Handwriting/images/form_376_sentence_4.png,Šiandien Neringa skaito žemėlapį.
Datasets/Synthetic_Sentences/images/sentence_64922.png,Jonas nori skaityti laišką.
Datasets/Synthetic_Sentences/images/sentence_30210.png,Rasa perka įdomų dovaną.
Datasets/Real_Handwriting/images/form_201_sentence_1.png,Rytoj Mantas skaitys žurnalą.
Datasets/Synthetic_Sentences/images/sentence_52765.png,Lėtai berniukas mokosi kalnuose vėlai vakare.
Datasets/Synthetic_Sentences/images/sentence_08968.png,Ar katė mokosi kalnuose?
Datasets/Real_Handwriting/images/form_434_sentence_4.png,Šiandien Petras skaito žemėlapį.
Datasets/Synthetic_Sentences/images/sentence_38864.png,Studentė nenori dainuoti.
Datasets/Synthetic_Sentences/images/sentence_31672.png,Šiandien Jonas perka gėlę.
Datasets/Real_Handwriting/images/form_495_sentence_2.png,Tomas lankosi stadione.
Datasets/Real_Handwriting/images/form_243_sentence_2.png,Berniukas rašo istoriją.
Datasets/Synthetic_Sentences/images/sentence_18402.png,Jurgita dirba miške ir skaito istoriją.
Datasets/Synthetic_Sentences/images/sentence_20907.png,Studentė žaidžia bibliotekoje.
Datasets/Real_Handwriting/images/form_478_sentence_5.png,Kavinėje kvepėjo kava ir cinamonu.
Datasets/Real_Handwriting/images/form_157_sentence_3.png,Vyras labai dabar ilsisi.
Datasets/Synthetic_Sentences/images/sentence_57628.png,Šiandien Gintaras perka gėlę.
Datasets/Real_Handwriting/images/form_498_sentence_4.png,Ar žmogus mėgsta piešti?
Datasets/Synthetic_Sentences/images/sentence_29637.png,Gintaras rašo žemėlapį.
Datasets/Real_Handwriting/images/form_222_sentence_3.png,Kristina perka dovaną.
Datasets/Synthetic_Sentences/images/sentence_15303.png,Kruopščiai Eglė ilsisi kaime.
Datasets/Real_Handwriting/images/form_035_sentence_1.png,Jūs labai mielai valgo.
Datasets/Real_Handwriting/images/form_462_sentence_5.png,Šventė prasidėjo linksmai ir baigėsi džiaugsmingai.
Datasets/Real_Handwriting/images/form_115_sentence_3.png,Vyrai bijo rašyti.
Datasets/Synthetic_Sentences/images/sentence_43751.png,Studentė nedirba stadione.
Datasets/Synthetic_Sentences/images/sentence_48926.png,Saulius dirba mieste ryte.
Datasets/Real_Handwriting/images/form_233_sentence_5.png,Vytautas visada verčia sunkias knygas.
Datasets/Synthetic_Sentences/images/sentence_06863.png,Ingrida geria pieną.
Datasets/Synthetic_Sentences/images/sentence_36881.png,Šiandien katė perka dovaną.
Datasets/Synthetic_Sentences/images/sentence_11273.png,Ar gydytojas mokosi sode?
Datasets/Synthetic_Sentences/images/sentence_07144.png,Drąsiai Marija mokosi parke.
Datasets/Real_Handwriting/images/form_273_sentence_3.png,Mantas nori keliauti.
Datasets/Synthetic_Sentences/images/sentence_09537.png,Rasa nenori dainuoti.
Datasets/Real_Handwriting/images/form_380_sentence_5.png,Cukrų ir cinamoną dedame į pyragą.
Datasets/Real_Handwriting/images/form_445_sentence_1.png,Vakar šeima nešė knygą.
Datasets/Synthetic_Sentences/images/sentence_10599.png,Ramiai Danielius neša žaislą.
Datasets/Synthetic_Sentences/images/sentence_35857.png,Gintaras perka nuobodų kavą.
Datasets/Synthetic_Sentences/images/sentence_65871.png,Šuo neskaito žemėlapį.
Datasets/Synthetic_Sentences/images/sentence_45926.png,Lėtai mokytojas skaito istoriją stotyje.
Datasets/Synthetic_Sentences/images/sentence_53334.png,Studentas nedirba stotyje.
Datasets/Synthetic_Sentences/images/sentence_14745.png,Šiandien Kristina dirba kavinėje.
Datasets/Synthetic_Sentences/images/sentence_32738.png,Mantas mėgsta groti.
Datasets/Synthetic_Sentences/images/sentence_15597.png,Mokytoja valgo obuolį.
Datasets/Synthetic_Sentences/images/sentence_57847.png,Šuo stengiasi bėgti.
Datasets/Synthetic_Sentences/images/sentence_28058.png,Eglė nedirba stadione.
Datasets/Synthetic_Sentences/images/sentence_66574.png,Ramiai Marija perka žaislą.
Datasets/Synthetic_Sentences/images/sentence_12673.png,Šiandien Ingrida mokosi ežero pakrantėje.
Datasets/Synthetic_Sentences/images/sentence_43224.png,Studentė nori rašyti žemėlapį.
Datasets/Synthetic_Sentences/images/sentence_06557.png,Garsiai Žilvinas ilsisi kavinėje.
Datasets/Synthetic_Sentences/images/sentence_07693.png,"Ingrida nori žaisti, nes nes turi daug darbo."
Datasets/Synthetic_Sentences/images/sentence_42445.png,Studentas skaito istoriją.
Datasets/Synthetic_Sentences/images/sentence_59398.png,Ar gydytojas mėgsta eiti?
Datasets/Synthetic_Sentences/images/sentence_17034.png,Gintaras žaidžia upės pakrantėje.
Datasets/Real_Handwriting/images/form_080_sentence_5.png,Mergaitės šypsosi mieste.
Datasets/Synthetic_Sentences/images/sentence_41258.png,Mindaugas nori rašyti projektą.
Datasets/Real_Handwriting/images/form_441_sentence_1.png,Šiandien studentė skaito žurnalą.
Datasets/Synthetic_Sentences/images/sentence_15912.png,Gintaras lankosi stadione.
Datasets/Synthetic_Sentences/images/sentence_25571.png,Ar Laura skaito laišką?
Datasets/Synthetic_Sentences/images/sentence_38628.png,Katė nori šokti.
Datasets/Synthetic_Sentences/images/sentence_36401.png,Tomas mėgsta valgyti vaisius.
Datasets/Real_Handwriting/images/form_232_sentence_3.png,Drąsiai Saulius ilsisi mieste.
Datasets/Synthetic_Sentences/images/sentence_64275.png,Jonas mokosi ežero pakrantėje.
Datasets/Synthetic_Sentences/images/sentence_34143.png,Mergaitė dirba ligoninėje ir skaito receptą.
Datasets/Real_Handwriting/images/form_333_sentence_3.png,Rūpestingai Ingrida dirba pievoje.
Datasets/Synthetic_Sentences/images/sentence_05304.png,Saulius geria sultis.
Datasets/Real_Handwriting/images/form_338_sentence_4.png,Garsiai paukštis sportuoja mieste.
Datasets/Synthetic_Sentences/images/sentence_24546.png,Saulius pradeda groti.
Datasets/Synthetic_Sentences/images/sentence_33269.png,Tyliai Laura dirba sode.
Datasets/Synthetic_Sentences/images/sentence_55230.png,Danielius skaito laišką.
Datasets/Real_Handwriting/images/form_412_sentence_3.png,Mantas ilsisi miške.
Datasets/Synthetic_Sentences/images/sentence_48702.png,Švelniai gydytojas perka knygą.
Datasets/Synthetic_Sentences/images/sentence_01357.png,Ingrida mėgsta skaityti.
Datasets/Real_Handwriting/images/form_319_sentence_5.png,Nuostabus gamtos vaizdas atsiveria nuo kalno.
Datasets/Real_Handwriting/images/form_053_sentence_4.png,Studentas skuba vandenį mieste.
Datasets/Synthetic_Sentences/images/sentence_08492.png,Mantas valgo košę.
Datasets/Real_Handwriting/images/form_284_sentence_1.png,Kruopščiai Tomas sportuoja miške.
Datasets/Real_Handwriting/images/form_481_sentence_4.png,Greitai mergaitė ilsisi parke.
Datasets/Synthetic_Sentences/images/sentence_61287.png,Katė nori pirkti kavą.
Datasets/Synthetic_Sentences/images/sentence_11288.png,Renata perka arbatą.
Datasets/Real_Handwriting/images/form_201_sentence_3.png,Šiandien Marija dirba stotyje.
Datasets/Real_Handwriting/images/form_303_sentence_1.png,Drąsiai Renata perka gėlę.
Datasets/Synthetic_Sentences/images/sentence_46316.png,Šiandien Danielius dirba paplūdimyje.
Datasets/Synthetic_Sentences/images/sentence_34732.png,Ar Kristina mokosi kavinėje?
Datasets/Real_Handwriting/images/form_375_sentence_2.png,Gydytojas stato tvorą.
Datasets/Synthetic_Sentences/images/sentence_21336.png,Gydytojas neša gėlę.
Datasets/Synthetic_Sentences/images/sentence_21895.png,Renata mėgsta gerti pieną.
Datasets/Synthetic_Sentences/images/sentence_35994.png,Kristina stengiasi piešti.
Datasets/Synthetic_Sentences/images/sentence_47441.png,Renata sportuoja upės pakrantėje.
Datasets/Synthetic_Sentences/images/sentence_03062.png,Studentas žaidžia stotyje.
Datasets/Synthetic_Sentences/images/sentence_07665.png,Šiandien Jonas mokosi mieste.
Datasets/Real_Handwriting/images/form_114_sentence_4.png,Vyras eina ir eina.
Datasets/Synthetic_Sentences/images/sentence_06065.png,Renata gyvena mokykloje.
Datasets/Synthetic_Sentences/images/sentence_23311.png,Renata neskaito receptą.
Datasets/Synthetic_Sentences/images/sentence_13245.png,Ką Mindaugas skaito?
Datasets/Synthetic_Sentences/images/sentence_42341.png,Marija gyvena parke.
Datasets/Synthetic_Sentences/images/sentence_03754.png,Vakar Saulius dirbo parke.
Datasets/Synthetic_Sentences/images/sentence_51020.png,Studentė dirba upės pakrantėje po pietų.
Datasets/Synthetic_Sentences/images/sentence_53776.png,Mindaugas nedirba paplūdimyje.
Datasets/Real_Handwriting/images/form_089_sentence_5.png,Mergaitės geria stadione.
Datasets/Synthetic_Sentences/images/sentence_48495.png,Rytoj Kristina skaitys istoriją.
Datasets/Real_Handwriting/images/form_270_sentence_5.png,Cecilija čiuožia ant ledo.
Datasets/Synthetic_Sentences/images/sentence_64189.png,Rasa lankosi miške.
Datasets/Synthetic_Sentences/images/sentence_07767.png,Studentas ilsisi stotyje.
Datasets/Synthetic_Sentences/images/sentence_19713.png,Petras nedirba darbe.
Datasets/Synthetic_Sentences/images/sentence_25570.png,Ar Eglė mėgsta bėgti?
Datasets/Real_Handwriting/images/form_227_sentence_4.png,Žilvinas stengiasi plaukti.
Datasets/Real_Handwriting/images/form_444_sentence_1.png,Danielius renka obuolius.
Datasets/Real_Handwriting/images/form_073_sentence_3.png,Tu žaidžia paplūdimyje ir stadione.
Datasets/Real_Handwriting/images/form_165_sentence_5.png,Mes rytoj dainuoja.
Datasets/Synthetic_Sentences/images/sentence_41952.png,Mokytoja nori sportuoti.
Datasets/Real_Handwriting/images/form_323_sentence_4.png,Rytoj vaikas eis stotyje.
Datasets/Synthetic_Sentences/images/sentence_21486.png,Ar studentas dirba stadione?
Datasets/Synthetic_Sentences/images/sentence_06705.png,Kruopščiai Eglė neša gėlę.
Datasets/Synthetic_Sentences/images/sentence_59146.png,Kruopščiai studentas perka dovaną.
Datasets/Synthetic_Sentences/images/sentence_45615.png,"Marija mokosi stadione, nes jam patinka."
Datasets/Real_Handwriting/images/form_420_sentence_4.png,Ramiai Ingrida valgo košę.
Datasets/Real_Handwriting/images/form_151_sentence_4.png,Šiandien draugai klauso šiandien.
Datasets/Synthetic_Sentences/images/sentence_04277.png,Eglė mokosi bibliotekoje.
Datasets/Synthetic_Sentences/images/sentence_00872.png,Rytoj Ingrida skaitys receptą.
Datasets/Real_Handwriting/images/form_186_sentence_3.png,Draugai baigia skubėti vandenį.
Datasets/Real_Handwriting/images/form_418_sentence_3.png,Studentas perka knygą.
Datasets/Real_Handwriting/images/form_204_sentence_2.png,Švelniai mergaitė mokosi namuose.
Datasets/Synthetic_Sentences/images/sentence_03909.png,Eglė mėgsta skaityti knygą.
Datasets/Synthetic_Sentences/images/sentence_05276.png,Ką Gintaras skaito?
Datasets/Real_Handwriting/images/form_140_sentence_3.png,Moteris geria mokykloje ir ligoninėje.
Datasets/Synthetic_Sentences/images/sentence_61570.png,Jurgita stengiasi plaukti.
Datasets/Synthetic_Sentences/images/sentence_57049.png,Mokytojas neša krepšį.
Datasets/Synthetic_Sentences/images/sentence_43918.png,Studentas bando groti.
Datasets/Synthetic_Sentences/images/sentence_65479.png,Ar šuo dirba kalnuose?
Datasets/Synthetic_Sentences/images/sentence_02931.png,Ar Mantas dirba sode?
Datasets/Synthetic_Sentences/images/sentence_14373.png,Kur mokytojas dirba?
Datasets/Synthetic_Sentences/images/sentence_32267.png,Ar studentas mėgsta dirbti?
Datasets/Synthetic_Sentences/images/sentence_07848.png,Rasa mėgsta skaityti istoriją.
Datasets/Real_Handwriting/images/form_230_sentence_3.png,Ar studentas nori galvoti?
Datasets/Synthetic_Sentences/images/sentence_35442.png,Ką katė skaito?
Datasets/Synthetic_Sentences/images/sentence_45303.png,Mantas bando kalbėti.
Datasets/Synthetic_Sentences/images/sentence_38486.png,Kur Jonas dirba?
Datasets/Synthetic_Sentences/images/sentence_43769.png,Renata nenori galvoti.
Datasets/Real_Handwriting/images/form_132_sentence_4.png,Mokytojas labai geria.
Datasets/Synthetic_Sentences/images/sentence_01971.png,Ramiai Kristina rašo istoriją.
Datasets/Synthetic_Sentences/images/sentence_31741.png,Mindaugas perka mažą arbatą.
Datasets/Synthetic_Sentences/images/sentence_44074.png,Jurgita mokosi paplūdimyje.
Datasets/Synthetic_Sentences/images/sentence_55061.png,Mergaitė renka obuolius.
Datasets/Synthetic_Sentences/images/sentence_03427.png,Jonas pradeda bėgti.
Datasets/Synthetic_Sentences/images/sentence_41330.png,Jonas dirba kalnuose vakare.
Datasets/Synthetic_Sentences/images/sentence_21036.png,Kruopščiai Jonas skaito istoriją.
Datasets/Synthetic_Sentences/images/sentence_39093.png,Studentas nori pirkti dovaną.
Datasets/Synthetic_Sentences/images/sentence_15119.png,Ar Mindaugas nori keliauti?
Datasets/Synthetic_Sentences/images/sentence_12076.png,Mokytojas ilsisi stotyje.
Datasets/Synthetic_Sentences/images/sentence_05561.png,Kristina lankosi parke.
Datasets/Synthetic_Sentences/images/sentence_01950.png,Saulius rašo žemėlapį.
Datasets/Real_Handwriting/images/form_022_sentence_5.png,Jūs labai smagiai rašo.
Datasets/Synthetic_Sentences/images/sentence_50818.png,Šiandien mergaitė mokosi sode.
Datasets/Synthetic_Sentences/images/sentence_26898.png,Šiandien Rasa ilsisi sode.
Datasets/Synthetic_Sentences/images/sentence_04138.png,Vakar katė skaitė knygą.
Datasets/Synthetic_Sentences/images/sentence_19880.png,Ar Neringa skaito istoriją?
Datasets/Synthetic_Sentences/images/sentence_63750.png,Marija neša krepšį.
Datasets/Synthetic_Sentences/images/sentence_29900.png,Vaikas žaidžia paplūdimyje.
Datasets/Synthetic_Sentences/images/sentence_59390.png,Rūpestingai studentas dirba sode.
Datasets/Synthetic_Sentences/images/sentence_29326.png,Marija dirba paplūdimyje ir skaito žurnalą.
Datasets/Real_Handwriting/images/form_081_sentence_2.png,Moterys sportuoja mokyklą.
Datasets/Synthetic_Sentences/images/sentence_57855.png,Vakar Laura dirbo parke.
Datasets/Synthetic_Sentences/images/sentence_68374.png,Gintaras neskaito žemėlapį.
Datasets/Synthetic_Sentences/images/sentence_57483.png,Gydytojas dirba kalnuose ir skaito žemėlapį.
Datasets/Synthetic_Sentences/images/sentence_57998.png,Vakar mokytoja dirbo namuose.
Datasets/Synthetic_Sentences/images/sentence_38394.png,Danielius lankosi namuose.
Datasets/Real_Handwriting/images/form_139_sentence_2.png,Rytoj vaikas klauso žemėlapį.
Datasets/Real_Handwriting/images/form_204_sentence_5.png,Universiteto studentai žaidžia šachmatais laisvalaikiu.
Datasets/Synthetic_Sentences/images/sentence_31946.png,Ką studentė skaito?
Datasets/Real_Handwriting/images/form_136_sentence_1.png,Vyrai rytoj mąsto.
Datasets/Real_Handwriting/images/form_331_sentence_1.png,Vakar gydytojas dirbo parke.
Datasets/Synthetic_Sentences/images/sentence_40126.png,Vakar Eglė nešė krepšį.
Datasets/Real_Handwriting/images/form_284_sentence_2.png,Šiandien Rasa perka arbatą.
Datasets/Synthetic_Sentences/images/sentence_44308.png,Danielius nedirba namuose.
Datasets/Synthetic_Sentences/images/sentence_42061.png,Studentė mokosi stadione naktį.
Datasets/Synthetic_Sentences/images/sentence_34335.png,Šiandien Danielius mokosi stotyje.
Datasets/Synthetic_Sentences/images/sentence_41905.png,Tyliai Laura perka duoną.
Datasets/Real_Handwriting/images/form_050_sentence_4.png,Mergaitės sportuoja kaime.
Datasets/Real_Handwriting/images/form_117_sentence_4.png,Mergaitės dainuoja receptą.
Datasets/Synthetic_Sentences/images/sentence_01600.png,Vakar mergaitė skaitė knygą.
Datasets/Synthetic_Sentences/images/sentence_28115.png,Rūpestingai mergaitė skaito receptą.
Datasets/Synthetic_Sentences/images/sentence_52914.png,Džiaugsmingai Neringa valgo košę.
Datasets/Real_Handwriting/images/form_342_sentence_1.png,Mokytoja valgo sriubą.
Datasets/Synthetic_Sentences/images/sentence_67410.png,"Studentas dirba mokykloje, nes nori pailsėti."
Datasets/Synthetic_Sentences/images/sentence_13923.png,Rytoj studentas skaitys žemėlapį.
Datasets/Real_Handwriting/images/form_381_sentence_3.png,Berniukas groja simfoniją.
Datasets/Real_Handwriting/images/form_508_sentence_4.png,Tomas būna ligoninėje.
Datasets/Synthetic_Sentences/images/sentence_28804.png,Kodėl Gintaras dirba ligoninėje?
Datasets/Synthetic_Sentences/images/sentence_48229.png,Šiandien Saulius perka kavą.
Datasets/Synthetic_Sentences/images/sentence_05920.png,Ką mokytojas skaito?
Datasets/Synthetic_Sentences/images/sentence_61005.png,Rasa perka šviesų duoną.
Datasets/Synthetic_Sentences/images/sentence_31565.png,Saulius nori gerti vandenį.
Datasets/Synthetic_Sentences/images/sentence_30212.png,Ar mergaitė dirba upės pakrantėje?
Datasets/Real_Handwriting/images/form_353_sentence_3.png,Jurgita ilsisi ligoninėje.
Datasets/Synthetic_Sentences/images/sentence_34339.png,Tyliai Neringa ilsisi kaime.
Datasets/Synthetic_Sentences/images/sentence_60738.png,"Mokytojas mokosi namuose, bet nori plaukti."
Datasets/Real_Handwriting/images/form_074_sentence_3.png,Draugas mąsto mokyklą.
Datasets/Real_Handwriting/images/form_298_sentence_5.png,Žirgai bėga laisvai per žalią lauką.
Datasets/Synthetic_Sentences/images/sentence_41979.png,Berniukas mokosi ežero pakrantėje ryte.
Datasets/Real_Handwriting/images/form_492_sentence_1.png,Ar Mantas mėgsta šokti?
Datasets/Synthetic_Sentences/images/sentence_13383.png,Ką Jonas skaito?
Datasets/Synthetic_Sentences/images/sentence_19870.png,Tomas bando dainuoti.
Datasets/Synthetic_Sentences/images/sentence_05794.png,Gintaras stengiasi ilsėtis.
Datasets/Real_Handwriting/images/form_135_sentence_5.png,Aš valgo muziką.
Datasets/Real_Handwriting/images/form_022_sentence_1.png,Šiandien mergaitės galvoja kartu.
Datasets/Synthetic_Sentences/images/sentence_24391.png,"Gintaras mokosi kalnuose, nes jam patinka."
Datasets/Synthetic_Sentences/images/sentence_56301.png,Laura nori valgyti sriubą.
Datasets/Synthetic_Sentences/images/sentence_22149.png,Jurgita rašo projektą.
Datasets/Synthetic_Sentences/images/sentence_52983.png,Jonas mėgsta gerti vandenį.
Datasets/Real_Handwriting/images/form_016_sentence_2.png,Vyrai galvoja maistą stotyje.
Datasets/Real_Handwriting/images/form_329_sentence_4.png,Kruopščiai šuo valgo vaisius.
Datasets/Synthetic_Sentences/images/sentence_51936.png,Danielius nori rašyti istoriją.
Datasets/Real_Handwriting/images/form_076_sentence_2.png,Ji tvarkosi darbe ir ligoninėje.
Datasets/Synthetic_Sentences/images/sentence_57586.png,Garsiai šuo perka gėlę.
Datasets/Synthetic_Sentences/images/sentence_67263.png,Tomas renka gėles.
Datasets/Real_Handwriting/images/form_243_sentence_4.png,Ingrida nori skaityti žemėlapį.
Datasets/Synthetic_Sentences/images/sentence_31966.png,Vakar Mindaugas skaitė receptą.
Datasets/Synthetic_Sentences/images/sentence_67843.png,Šuo perka nuobodų žaislą.
Datasets/Synthetic_Sentences/images/sentence_66890.png,Berniukas mėgsta šokti.
Datasets/Synthetic_Sentences/images/sentence_30801.png,Mindaugas neša gėlę.
Datasets/Real_Handwriting/images/form_446_sentence_5.png,Cukrų ir cinamoną dedame į pyragą.
Datasets/Real_Handwriting/images/form_033_sentence_2.png,Šiandien jie geria kartu.
Datasets/Synthetic_Sentences/images/sentence_40494.png,Katė mėgsta keliauti.
Datasets/Real_Handwriting/images/form_328_sentence_1.png,Lėtai Renata rašo receptą.
Datasets/Real_Handwriting/images/form_382_sentence_5.png,Čiulba paukščiai ankstų rytą.
Datasets/Synthetic_Sentences/images/sentence_04242.png,Ar Neringa skaito laišką?
Datasets/Synthetic_Sentences/images/sentence_62230.png,Šiandien Neringa skaito žurnalą.
Datasets/Synthetic_Sentences/images/sentence_13500.png,Ramiai Eglė ilsisi ežero pakrantėje.
Datasets/Synthetic_Sentences/images/sentence_59929.png,Ramiai Žilvinas skaito knygą kavinėje.
Datasets/Synthetic_Sentences/images/sentence_01898.png,Renata lankosi ežero pakrantėje.
Datasets/Synthetic_Sentences/images/sentence_24781.png,Atidžiai Jonas rašo laišką.
Datasets/Synthetic_Sentences/images/sentence_13571.png,"Studentas mokosi stadione, bet nori plaukti."
Datasets/Synthetic_Sentences/images/sentence_08457.png,Kristina valgo duoną.
Datasets/Synthetic_Sentences/images/sentence_42058.png,Rytoj berniukas skaitys istoriją.
Datasets/Synthetic_Sentences/images/sentence_28093.png,Jonas mėgsta pirkti žaislą.
Datasets/Real_Handwriting/images/form_156_sentence_2.png,Jos skuba laišką darbe.
Datasets/Real_Handwriting/images/form_012_sentence_5.png,Šiandien mokytojas miega atidžiai.
Datasets/Synthetic_Sentences/images/sentence_19016.png,Saulius mėgsta valgyti vaisius.
Datasets/Real_Handwriting/images/form_017_sentence_2.png,Šiandien vaikas mąsto dažnai.
Datasets/Synthetic_Sentences/images/sentence_29514.png,Vakar Mindaugas dirbo darbe.
Datasets/Synthetic_Sentences/images/sentence_64227.png,Neringa rašo laišką.
Datasets/Synthetic_Sentences/images/sentence_44531.png,Žilvinas dirba mieste.
Datasets/Synthetic_Sentences/images/sentence_17137.png,Garsiai berniukas ilsisi darbe.
Datasets/Synthetic_Sentences/images/sentence_69680.png,Ar Laura skaito receptą?
Datasets/Real_Handwriting/images/form_198_sentence_3.png,Dabar tu kalba knygą.
Datasets/Synthetic_Sentences/images/sentence_22789.png,Šiandien Petras dirba stadione.
Datasets/Real_Handwriting/images/form_331_sentence_2.png,Mindaugas nori statyti.
Datasets/Synthetic_Sentences/images/sentence_42652.png,Saulius dirba miške.
Datasets/Real_Handwriting/images/form_395_sentence_1.png,Neringa mokosi mieste.
Datasets/Synthetic_Sentences/images/sentence_16372.png,Laura mėgsta skaityti knygą.
Datasets/Real_Handwriting/images/form_294_sentence_1.png,Eglė bando rašyti.
Datasets/Synthetic_Sentences/images/sentence_37354.png,Studentė nenori eiti.
Datasets/Synthetic_Sentences/images/sentence_28441.png,Katė lankosi stotyje.
Datasets/Synthetic_Sentences/images/sentence_26813.png,Mielai Rasa skaito laišką.
Datasets/Synthetic_Sentences/images/sentence_19903.png,Žilvinas nori gerti vandenį.
Datasets/Synthetic_Sentences/images/sentence_01796.png,Petras skaito tamsų istoriją.
Datasets/Synthetic_Sentences/images/sentence_25941.png,Džiaugsmingai Laura neša žaislą.
Datasets/Synthetic_Sentences/images/sentence_23628.png,Neringa dirba pievoje.
Datasets/Synthetic_Sentences/images/sentence_43608.png,Jurgita rašo projektą.
Datasets/Synthetic_Sentences/images/sentence_55149.png,Tyliai Renata rašo istoriją.
Datasets/Real_Handwriting/images/form_154_sentence_3.png,Jie atidžiai galvoja.
Datasets/Synthetic_Sentences/images/sentence_63480.png,Kristina gyvena upės pakrantėje.
Datasets/Synthetic_Sentences/images/sentence_19591.png,Ingrida skaito naują istoriją.
Datasets/Synthetic_Sentences/images/sentence_13321.png,Vaikas mėgsta valgyti sriubą.
Datasets/Synthetic_Sentences/images/sentence_58774.png,Šiandien Renata dirba kavinėje.
Datasets/Real_Handwriting/images/form_348_sentence_2.png,Katė sportuoja ežero pakrantėje.
Datasets/Synthetic_Sentences/images/sentence_01272.png,"Saulius mokosi stotyje, nes tai labai įdomu."
Datasets/Synthetic_Sentences/images/sentence_06123.png,Mergaitė skaito nuobodų žurnalą.
Datasets/Synthetic_Sentences/images/sentence_20349.png,"Šuo nori sportuoti, nes nes jam patinka."
Datasets/Synthetic_Sentences/images/sentence_05373.png,Jurgita skaito greitą laišką.
Datasets/Synthetic_Sentences/images/sentence_02482.png,Vakar šuo nešė gėlę.
Datasets/Synthetic_Sentences/images/sentence_06495.png,Saulius rašo žemėlapį.
Datasets/Real_Handwriting/images/form_012_sentence_2.png,Jos miega pamoką.
Datasets/Real_Handwriting/images/form_370_sentence_3.png,Rytoj Renata eis ežero pakrantėje.
Datasets/Synthetic_Sentences/images/sentence_38356.png,Saulius valgo obuolį.
Datasets/Real_Handwriting/images/form_132_sentence_3.png,Gydytojas rašo stotyje.
Datasets/Synthetic_Sentences/images/sentence_06238.png,Katė skaito seną istoriją.
Datasets/Synthetic_Sentences/images/sentence_64862.png,Petras bando skaityti.
Datasets/Synthetic_Sentences/images/sentence_26446.png,Žilvinas sportuoja kavinėje.
Datasets/Synthetic_Sentences/images/sentence_28123.png,Danielius mėgsta gerti arbatą.
Datasets/Real_Handwriting/images/form_297_sentence_3.png,Marija groja melodiją.
Datasets/Real_Handwriting/images/form_496_sentence_4.png,Studentas stato tvorą.
Datasets/Synthetic_Sentences/images/sentence_10422.png,Eglė perka naują žaislą.
Datasets/Real_Handwriting/images/form_107_sentence_4.png,Moterys klauso ir klauso.
Datasets/Real_Handwriting/images/form_506_sentence_1.png,Ar Gintaras skaito laišką?
Datasets/Synthetic_Sentences/images/sentence_68957.png,Mantas nedirba stotyje.
Datasets/Synthetic_Sentences/images/sentence_30078.png,Garsiai Rasa ilsisi kaime.
Datasets/Synthetic_Sentences/images/sentence_21068.png,Šiandien Gintaras dirba pievoje.
Datasets/Synthetic_Sentences/images/sentence_30528.png,Neringa neša žaislą.
Datasets/Synthetic_Sentences/images/sentence_39226.png,Greitai studentė ilsisi ligoninėje.
Datasets/Synthetic_Sentences/images/sentence_64860.png,Renata nenori tvarkytis.
Datasets/Synthetic_Sentences/images/sentence_29598.png,Ar mergaitė mėgsta kalbėti?
Datasets/Synthetic_Sentences/images/sentence_15864.png,Ar šuo mokosi miške?
Datasets/Real_Handwriting/images/form_015_sentence_5.png,Mes mielai mokosi.
Datasets/Synthetic_Sentences/images/sentence_39625.png,Jurgita žaidžia ligoninėje.
Datasets/Real_Handwriting/images/form_448_sentence_1.png,Laura ilsisi pievoje.
Datasets/Real_Handwriting/images/form_025_sentence_2.png,Paukštis nemėgsta žaisti.
Datasets/Synthetic_Sentences/images/sentence_46834.png,Tomas perka tamsų dovaną.
Datasets/Synthetic_Sentences/images/sentence_54753.png,Šiandien Jonas ilsisi stotyje.
Datasets/Synthetic_Sentences/images/sentence_25094.png,Mantas perka įdomų dovaną.
Datasets/Synthetic_Sentences/images/sentence_05974.png,Tomas perka spalvotą duoną.
Datasets/Real_Handwriting/images/form_429_sentence_2.png,Žmogus valgo košę.
Datasets/Synthetic_Sentences/images/sentence_39576.png,Šuo skaito naują laišką.
Datasets/Synthetic_Sentences/images/sentence_33807.png,Kristina gyvena kavinėje.
Datasets/Real_Handwriting/images/form_020_sentence_1.png,Šuo skuba sode ir miške.
Datasets/Real_Handwriting/images/form_220_sentence_3.png,Laura pradeda plaukti.
Datasets/Real_Handwriting/images/form_110_sentence_3.png,Šiandien ji tvarkosi dažnai.
Datasets/Synthetic_Sentences/images/sentence_26869.png,Tomas bando tvarkytis.
Datasets/Synthetic_Sentences/images/sentence_12546.png,Danielius žaidžia bibliotekoje.
Datasets/Synthetic_Sentences/images/sentence_28892.png,"Rasa mokosi kalnuose, bet nori dirbti."
Datasets/Synthetic_Sentences/images/sentence_18152.png,Rytoj Mantas skaitys knygą.
Datasets/Synthetic_Sentences/images/sentence_38001.png,Gydytojas mėgsta gerti pieną.
Datasets/Synthetic_Sentences/images/sentence_18149.png,Tyliai Tomas perka knygą.
Datasets/Real_Handwriting/images/form_142_sentence_2.png,Mokytojas kalba ir kalba.
Datasets/Synthetic_Sentences/images/sentence_68628.png,Laura neša krepšį.
Datasets/Synthetic_Sentences/images/sentence_11302.png,Eglė nenori rašyti.
Datasets/Synthetic_Sentences/images/sentence_61700.png,Laura mėgsta valgyti daržoves.
Datasets/Synthetic_Sentences/images/sentence_52798.png,Marija valgo daržoves.
Datasets/Synthetic_Sentences/images/sentence_33971.png,Rytoj Gintaras skaitys receptą.
Datasets/Synthetic_Sentences/images/sentence_28359.png,Jonas geria pieną.
Datasets/Real_Handwriting/images/form_385_sentence_4.png,Garsiai Petras skaito žurnalą.
Datasets/Synthetic_Sentences/images/sentence_48259.png,Laura gyvena namuose.
Datasets/Synthetic_Sentences/images/sentence_24783.png,Atidžiai Jurgita skaito receptą.
Datasets/Synthetic_Sentences/images/sentence_55624.png,Laura lankosi miške.
Datasets/Synthetic_Sentences/images/sentence_24901.png,Ar Žilvinas dirba stadione?
Datasets/Synthetic_Sentences/images/sentence_32152.png,Mielai Laura skaito žurnalą kavinėje.
Datasets/Real_Handwriting/images/form_193_sentence_4.png,Ar mokytojai mokosi?
Datasets/Real_Handwriting/images/form_459_sentence_1.png,Marija neša laišką.
Datasets/Synthetic_Sentences/images/sentence_40379.png,Gintaras mėgsta skaityti laišką.
Datasets/Synthetic_Sentences/images/sentence_34822.png,Petras nori gerti sultis.
Datasets/Synthetic_Sentences/images/sentence_35489.png,Ar mergaitė mokosi miške?
Datasets/Real_Handwriting/images/form_019_sentence_5.png,Mokytojai nori ilsėtis žemėlapį.
Datasets/Synthetic_Sentences/images/sentence_30373.png,Kodėl Renata dirba kalnuose?
Datasets/Real_Handwriting/images/form_171_sentence_1.png,Studentai skaito kavinėje.
Datasets/Synthetic_Sentences/images/sentence_27724.png,Vaikas stengiasi skaityti.
Datasets/Synthetic_Sentences/images/sentence_63471.png,Ar mergaitė nori kalbėti?
Datasets/Real_Handwriting/images/form_237_sentence_5.png,Kavinėje kvepėjo kava ir cinamonu.
Datasets/Synthetic_Sentences/images/sentence_02904.png,Garsiai mergaitė mokosi namuose po pietų.
Datasets/Synthetic_Sentences/images/sentence_26819.png,Rasa skaito seną žurnalą.
Datasets/Synthetic_Sentences/images/sentence_65674.png,Petras sportuoja mokykloje.
Datasets/Synthetic_Sentences/images/sentence_61672.png,Šuo nori gerti kavą.
Datasets/Real_Handwriting/images/form_172_sentence_4.png,Jie dirba dainą bibliotekoje.
Datasets/Synthetic_Sentences/images/sentence_66932.png,Ingrida lankosi mieste.
Datasets/Synthetic_Sentences/images/sentence_01532.png,Mokytojas nori valgyti duoną.
Datasets/Synthetic_Sentences/images/sentence_44810.png,Rūpestingai Rasa mokosi ežero pakrantėje.
Datasets/Real_Handwriting/images/form_023_sentence_2.png,Mergaitė miega mokyklą sode.
Datasets/Real_Handwriting/images/form_034_sentence_4.png,Kartu studentai ilsisi užduotį.
Datasets/Real_Handwriting/images/form_026_sentence_4.png,Aš pradeda valgyti.
Datasets/Synthetic_Sentences/images/sentence_46118.png,Mindaugas nori pirkti kavą.
Datasets/Synthetic_Sentences/images/sentence_08688.png,Šiandien Danielius dirba stotyje.
Datasets/Synthetic_Sentences/images/sentence_23254.png,Rytoj gydytojas eis mokykloje.
Datasets/Real_Handwriting/images/form_226_sentence_5.png,Žiemą vaikai mėgsta čiuožti ant ežero ledo.
Datasets/Real_Handwriting/images/form_332_sentence_2.png,Marija ilsisi darbe.
Datasets/Real_Handwriting/images/form_089_sentence_1.png,Mokytojai tvarkosi stotyje.
Datasets/Real_Handwriting/images/form_381_sentence_1.png,Ingrida žaidžia kalnuose.
Datasets/Synthetic_Sentences/images/sentence_23142.png,Ar Jurgita mokosi stadione?
Datasets/Real_Handwriting/images/form_479_sentence_1.png,Kruopščiai Eglė skaito žurnalą.
Datasets/Synthetic_Sentences/images/sentence_44207.png,Petras sportuoja sode.
Datasets/Real_Handwriting/images/form_304_sentence_3.png,Mielai Rasa sportuoja stadione.
Datasets/Real_Handwriting/images/form_073_sentence_1.png,Moterys nori sportuoti vandenį.
Datasets/Synthetic_Sentences/images/sentence_01391.png,Greitai berniukas perka dovaną.
Datasets/Synthetic_Sentences/images/sentence_58173.png,Saulius nori skaityti knygą.
Datasets/Synthetic_Sentences/images/sentence_53331.png,Gydytojas mėgsta skaityti žurnalą.
Datasets/Real_Handwriting/images/form_505_sentence_4.png,Mokytojas pradeda žaisti.
Datasets/Synthetic_Sentences/images/sentence_27012.png,Žilvinas nenori gerti.
Datasets/Synthetic_Sentences/images/sentence_53751.png,Ar Jonas nori ilsėtis?
Datasets/Real_Handwriting/images/form_398_sentence_1.png,Žilvinas geria arbatą.
Datasets/Synthetic_Sentences/images/sentence_10668.png,Ar Laura nori skaityti?
Datasets/Synthetic_Sentences/images/sentence_42328.png,Danielius nedirba miške.
Datasets/Real_Handwriting/images/form_368_sentence_1.png,Lėtai Laura dirba miške.
Datasets/Synthetic_Sentences/images/sentence_38843.png,Mokytojas nori valgyti obuolį.
Datasets/Real_Handwriting/images/form_240_sentence_4.png,Kruopščiai Jurgita perka knygą.
Datasets/Synthetic_Sentences/images/sentence_04807.png,Mergaitė renka akmenis.
Datasets/Real_Handwriting/images/form_087_sentence_5.png,Jis piešia ir piešia.
Datasets/Synthetic_Sentences/images/sentence_26297.png,Šuo renka vaisius.
Datasets/Synthetic_Sentences/images/sentence_13291.png,Kristina nori gerti sultis.
Datasets/Real_Handwriting/images/form_229_sentence_1.png,Džiaugsmingai studentė sportuoja stadione.
Datasets/Real_Handwriting/images/form_032_sentence_3.png,Vaikas mėgsta žaisti.
Datasets/Synthetic_Sentences/images/sentence_06434.png,Vakar Kristina dirbo ežero pakrantėje.
Datasets/Synthetic_Sentences/images/sentence_54414.png,Šuo sportuoja upės pakrantėje.
Datasets/Synthetic_Sentences/images/sentence_64710.png,Kristina dirba ligoninėje vakare.
Datasets/Synthetic_Sentences/images/sentence_64302.png,Tyliai Petras mokosi sode ryte.
Datasets/Synthetic_Sentences/images/sentence_48872.png,Danielius pradeda dainuoti.
Datasets/Synthetic_Sentences/images/sentence_69084.png,Eglė skaito spalvotą istoriją.
Datasets/Synthetic_Sentences/images/sentence_13013.png,Ar Jonas mokosi namuose?
Datasets/Synthetic_Sentences/images/sentence_66360.png,Atidžiai Kristina neša dovaną.
Datasets/Synthetic_Sentences/images/sentence_47970.png,Marija dirba mokykloje ir skaito žemėlapį.
Datasets/Synthetic_Sentences/images/sentence_43322.png,Drąsiai šuo dirba mokykloje.
Datasets/Real_Handwriting/images/form_448_sentence_2.png,Rasa stengiasi sportuoti.
Datasets/Synthetic_Sentences/images/sentence_24322.png,Šiandien Danielius skaito receptą.
Datasets/Real_Handwriting/images/form_285_sentence_5.png,Universiteto studentai žaidžia šachmatais laisvalaikiu.
Datasets/Real_Handwriting/images/form_044_sentence_3.png,Moteris eina ir eina.
Datasets/Synthetic_Sentences/images/sentence_27701.png,Petras geria kavą.
Datasets/Synthetic_Sentences/images/sentence_45972.png,Ar mokytojas dirba kaime?
Datasets/Synthetic_Sentences/images/sentence_46178.png,Vakar Saulius dirbo ligoninėje.
Datasets/Real_Handwriting/images/form_188_sentence_3.png,Mergaitė valgo ir valgo.
Datasets/Synthetic_Sentences/images/sentence_29081.png,Kur mokytojas dirba?
Datasets/Synthetic_Sentences/images/sentence_53282.png,Jurgita perka žaislą.
Datasets/Synthetic_Sentences/images/sentence_13215.png,Studentas mėgsta dainuoti.
Datasets/Synthetic_Sentences/images/sentence_66671.png,Saulius dirba sode.
Datasets/Synthetic_Sentences/images/sentence_45732.png,Ar berniukas mokosi stadione?
Datasets/Synthetic_Sentences/images/sentence_01524.png,Marija mokosi pievoje anksti ryte.
Datasets/Synthetic_Sentences/images/sentence_46610.png,Petras nori valgyti obuolį.
Datasets/Synthetic_Sentences/images/sentence_08240.png,Laura nori dainuoti.
Datasets/Synthetic_Sentences/images/sentence_10103.png,Ar Neringa mokosi stadione?
Datasets/Synthetic_Sentences/images/sentence_06176.png,Vakar Žilvinas nešė laišką.
Datasets/Real_Handwriting/images/form_497_sentence_3.png,Danielius nori statyti.
Datasets/Synthetic_Sentences/images/sentence_19585.png,Ką vaikas skaito?
Datasets/Synthetic_Sentences/images/sentence_37895.png,Eglė nenori skaityti.
Datasets/Real_Handwriting/images/form_061_sentence_2.png,Mes sportuoja sode.
Datasets/Synthetic_Sentences/images/sentence_03060.png,Šiandien Žilvinas perka kavą.
Datasets/Synthetic_Sentences/images/sentence_37570.png,"Renata mokosi darbe, bet nori bėgti."
Datasets/Synthetic_Sentences/images/sentence_63660.png,Šuo mėgsta valgyti daržoves.
Datasets/Synthetic_Sentences/images/sentence_41446.png,Mokytojas nedirba sode.
Datasets/Real_Handwriting/images/form_203_sentence_4.png,Mantas nori eiti žaislą.
Datasets/Synthetic_Sentences/images/sentence_61241.png,Petras neskaito žurnalą.
Datasets/Synthetic_Sentences/images/sentence_23196.png,Rasa mėgsta valgyti vaisius.
Datasets/Synthetic_Sentences/images/sentence_25934.png,Ingrida stengiasi rašyti.
Datasets/Synthetic_Sentences/images/sentence_05580.png,Mindaugas mėgsta gerti kavą.
Datasets/Synthetic_Sentences/images/sentence_23806.png,Danielius pradeda gerti.
Datasets/Synthetic_Sentences/images/sentence_48383.png,Renata dirba kalnuose.
Datasets/Real_Handwriting/images/form_111_sentence_2.png,Jūs baigia skaityti.
Datasets/Synthetic_Sentences/images/sentence_10809.png,Saulius perka knygą.
Datasets/Synthetic_Sentences/images/sentence_08595.png,Šiandien šuo mokosi mieste.
Datasets/Real_Handwriting/images/form_159_sentence_5.png,Jūs dainuoja ir dainuoja.
Datasets/Synthetic_Sentences/images/sentence_38035.png,Mokytoja nedirba kavinėje.
Datasets/Synthetic_Sentences/images/sentence_05392.png,Ar Danielius mokosi namuose?
Datasets/Synthetic_Sentences/images/sentence_05961.png,Ar Eglė nori keliauti?
Datasets/Real_Handwriting/images/form_456_sentence_3.png,Kristina būna darbe.
Datasets/Synthetic_Sentences/images/sentence_30401.png,Danielius perka arbatą.
Datasets/Synthetic_Sentences/images/sentence_03464.png,Ar Jonas nori tvarkytis?
Datasets/Real_Handwriting/images/form_114_sentence_5.png,Moterys piešia vaisius.
Datasets/Real_Handwriting/images/form_206_sentence_5.png,Cukrų ir cinamoną dedame į pyragą.
Datasets/Synthetic_Sentences/images/sentence_24671.png,Gintaras mėgsta valgyti sriubą.
Datasets/Synthetic_Sentences/images/sentence_41265.png,Šiandien Petras skaito knygą.
Datasets/Synthetic_Sentences/images/sentence_32438.png,Ar gydytojas mokosi kaime?
Datasets/Real_Handwriting/images/form_295_sentence_3.png,Rytoj Marija skaitys knygą.
Datasets/Synthetic_Sentences/images/sentence_09925.png,Neringa rašo laišką.
Datasets/Synthetic_Sentences/images/sentence_67984.png,Šiandien Tomas mokosi stadione.
Datasets/Synthetic_Sentences/images/sentence_45265.png,Šiandien studentas perka gėlę.
Datasets/Real_Handwriting/images/form_302_sentence_4.png,Šiandien Jurgita skaito žemėlapį.
Datasets/Synthetic_Sentences/images/sentence_63928.png,Renata neša knygą.
Datasets/Synthetic_Sentences/images/sentence_20352.png,Rasa renka gėles.
Datasets/Synthetic_Sentences/images/sentence_24914.png,Šiandien studentė dirba paplūdimyje.
Datasets/Synthetic_Sentences/images/sentence_00975.png,Ar katė mėgsta galvoti?
Datasets/Synthetic_Sentences/images/sentence_28453.png,Tyliai Rasa rašo užduotį.
Datasets/Real_Handwriting/images/form_289_sentence_3.png,Jonas gyvena namuose.
Datasets/Synthetic_Sentences/images/sentence_30115.png,Studentas dirba kaime vėlai vakare.
Datasets/Real_Handwriting/images/form_049_sentence_5.png,Moterys keliauoja mokykloje ir mieste.
Datasets/Synthetic_Sentences/images/sentence_45124.png,Tomas neša knygą.
Datasets/Synthetic_Sentences/images/sentence_20834.png,Renata valgo sriubą.
Datasets/Real_Handwriting/images/form_275_sentence_4.png,Vakar šuo dirbo kavinėje.
Datasets/Synthetic_Sentences/images/sentence_54705.png,Studentė nedirba mieste.
Datasets/Real_Handwriting/images/form_259_sentence_3.png,Katė stengiasi šokti.
Datasets/Synthetic_Sentences/images/sentence_34534.png,Šiandien Eglė dirba namuose.
Datasets/Synthetic_Sentences/images/sentence_24527.png,Šuo sportuoja darbe.
Datasets/Real_Handwriting/images/form_506_sentence_4.png,Šuo būna kalnuose.
Datasets/Synthetic_Sentences/images/sentence_53146.png,Kruopščiai berniukas perka knygą.
Datasets/Synthetic_Sentences/images/sentence_23428.png,Rytoj Žilvinas skaitys laišką.
Datasets/Synthetic_Sentences/images/sentence_01283.png,Greitai mergaitė valgo daržoves.
Datasets/Synthetic_Sentences/images/sentence_60298.png,Mokytojas nori pirkti dovaną.
Datasets/Synthetic_Sentences/images/sentence_32240.png,Jurgita neša žaislą.
Datasets/Real_Handwriting/images/form_491_sentence_3.png,Ramiai Renata dirba kavinėje.
Datasets/Real_Handwriting/images/form_314_sentence_3.png,Berniukas lankosi kalnuose.
Datasets/Synthetic_Sentences/images/sentence_20589.png,Šiandien studentė dirba stotyje.
Datasets/Real_Handwriting/images/form_043_sentence_1.png,Moteris lėtai dirba.
Datasets/Synthetic_Sentences/images/sentence_46512.png,Ar Gintaras nori dirbti?
Datasets/Synthetic_Sentences/images/sentence_20449.png,Katė gyvena parke.
Datasets/Synthetic_Sentences/images/sentence_11392.png,Marija renka grybus.
Datasets/Synthetic_Sentences/images/sentence_45640.png,Kristina ilsisi pievoje.
Datasets/Synthetic_Sentences/images/sentence_11497.png,Šiandien Kristina skaito žurnalą.
Datasets/Synthetic_Sentences/images/sentence_68458.png,Laura mokosi bibliotekoje anksti ryte.
Datasets/Real_Handwriting/images/form_369_sentence_5.png,Daktaras dirba didelėje ligoninėje.
Datasets/Synthetic_Sentences/images/sentence_56246.png,Kristina stengiasi žaisti.
Datasets/Real_Handwriting/images/form_041_sentence_4.png,Vyras labai kartu sportuoja.
Datasets/Synthetic_Sentences/images/sentence_57480.png,Laura valgo sriubą.
Datasets/Synthetic_Sentences/images/sentence_48290.png,Žilvinas neskaito receptą.
Datasets/Synthetic_Sentences/images/sentence_15005.png,Berniukas dirba pievoje.
Datasets/Synthetic_Sentences/images/sentence_62763.png,Mindaugas dirba paplūdimyje po pietų.
Datasets/Real_Handwriting/images/form_125_sentence_4.png,Ar mergaitės galvoja?
Datasets/Real_Handwriting/images/form_179_sentence_1.png,Mergaitės labai garsiai skuba.
Datasets/Synthetic_Sentences/images/sentence_03568.png,Ingrida rašo laišką.
Datasets/Synthetic_Sentences/images/sentence_60658.png,Tomas neskaito knygą.
Datasets/Synthetic_Sentences/images/sentence_59216.png,Kodėl Danielius dirba sode?
Datasets/Real_Handwriting/images/form_432_sentence_3.png,Mergaitė bando valgyti.
Datasets/Synthetic_Sentences/images/sentence_41216.png,"Kristina mokosi kalnuose, bet nori gerti."
Datasets/Synthetic_Sentences/images/sentence_42579.png,Mergaitė rašo receptą.
Datasets/Real_Handwriting/images/form_038_sentence_2.png,Šiandien katė mokosi retai.
Datasets/Synthetic_Sentences/images/sentence_64217.png,"Eglė nori galvoti, nes nes tai labai įdomu."
Datasets/Synthetic_Sentences/images/sentence_34984.png,Tomas nori skaityti receptą.
Datasets/Synthetic_Sentences/images/sentence_60367.png,Ar šuo mėgsta šokti?
Datasets/Synthetic_Sentences/images/sentence_06500.png,Jurgita mėgsta gerti.
Datasets/Synthetic_Sentences/images/sentence_63773.png,Šiandien Jurgita perka knygą.
Datasets/Synthetic_Sentences/images/sentence_40403.png,Mergaitė ilsisi kavinėje.
Datasets/Synthetic_Sentences/images/sentence_45525.png,"Mantas mokosi sode, bet nori plaukti."
Datasets/Synthetic_Sentences/images/sentence_57999.png,Gintaras mokosi miške.
Datasets/Synthetic_Sentences/images/sentence_36041.png,Gydytojas nori pirkti žaislą.
Datasets/Synthetic_Sentences/images/sentence_05503.png,Šiandien berniukas perka dovaną.
Datasets/Real_Handwriting/images/form_011_sentence_3.png,Šuo šoka sode ir prie ežero.
Datasets/Real_Handwriting/images/form_320_sentence_5.png,Žiema atneša sniegą ir šaltį.
Datasets/Synthetic_Sentences/images/sentence_24721.png,Eglė skaito žemėlapį.
Datasets/Synthetic_Sentences/images/sentence_34484.png,Petras nori pirkti knygą.
Datasets/Synthetic_Sentences/images/sentence_34450.png,Mielai Neringa mokosi namuose.
Datasets/Real_Handwriting/images/form_312_sentence_5.png,Zigmas žiūri žaibą per langą.
Datasets/Synthetic_Sentences/images/sentence_46684.png,Šuo mėgsta pirkti knygą.
Datasets/Synthetic_Sentences/images/sentence_42602.png,Gintaras mokosi stotyje po pietų.
Datasets/Real_Handwriting/images/form_087_sentence_4.png,Vaikai labai kruopščiai mokosi.
Datasets/Synthetic_Sentences/images/sentence_56391.png,Mokytojas nenori šokti.
Datasets/Real_Handwriting/images/form_471_sentence_5.png,Cukrų ir cinamoną dedame į pyragą.
Datasets/Synthetic_Sentences/images/sentence_49218.png,Jonas nenori skaityti.
Datasets/Synthetic_Sentences/images/sentence_35035.png,Mokytojas stengiasi dainuoti.
Datasets/Synthetic_Sentences/images/sentence_34650.png,Kodėl mokytojas dirba kaime?
Datasets/Synthetic_Sentences/images/sentence_20464.png,Tomas mėgsta pirkti kavą.
Datasets/Synthetic_Sentences/images/sentence_39686.png,Mindaugas bando bėgti.
Datasets/Synthetic_Sentences/images/sentence_38808.png,Švelniai Kristina perka knygą.
Datasets/Synthetic_Sentences/images/sentence_09578.png,Mindaugas lankosi kaime.
Datasets/Synthetic_Sentences/images/sentence_35754.png,Kruopščiai Eglė dirba sode.
Datasets/Synthetic_Sentences/images/sentence_19442.png,Studentė mėgsta valgyti vaisius.
Datasets/Synthetic_Sentences/images/sentence_54405.png,Kristina dirba stadione ir skaito receptą.
Datasets/Synthetic_Sentences/images/sentence_59124.png,Jonas stengiasi bėgti.
Datasets/Synthetic_Sentences/images/sentence_68326.png,Mergaitė mėgsta gerti sultis.
Datasets/Synthetic_Sentences/images/sentence_18679.png,Šuo renka daržoves.
Datasets/Synthetic_Sentences/images/sentence_58170.png,Drąsiai Marija skaito laišką.
Datasets/Real_Handwriting/images/form_260_sentence_5.png,Šventė prasidėjo linksmai ir baigėsi džiaugsmingai.
Datasets/Real_Handwriting/images/form_183_sentence_1.png,Draugas bijo skubėti knygą.
Datasets/Synthetic_Sentences/images/sentence_06761.png,Jurgita neša krepšį.
Datasets/Synthetic_Sentences/images/sentence_56650.png,Laura mėgsta gerti pieną.
Datasets/Real_Handwriting/images/form_476_sentence_2.png,Gydytojas rašo receptą.
Datasets/Synthetic_Sentences/images/sentence_43728.png,Jurgita perka dovaną.
Datasets/Real_Handwriting/images/form_270_sentence_3.png,Švelniai Laura perka arbatą.
Datasets/Synthetic_Sentences/images/sentence_35711.png,Šiandien studentė mokosi ežero pakrantėje.
Datasets/Real_Handwriting/images/form_217_sentence_4.png,Greitai Danielius skaito žemėlapį.
Datasets/Synthetic_Sentences/images/sentence_63873.png,"Šuo dirba namuose, nes jam patinka."
Datasets/Synthetic_Sentences/images/sentence_44587.png,Ingrida dirba stadione ir skaito žemėlapį.
Datasets/Synthetic_Sentences/images/sentence_21142.png,Mantas stengiasi šokti.
Datasets/Real_Handwriting/images/form_169_sentence_2.png,Šiandien mokytojai sportuoja kartu.
Datasets/Synthetic_Sentences/images/sentence_08134.png,Neringa nori skaityti receptą.
Datasets/Real_Handwriting/images/form_397_sentence_5.png,Cecilija čiuožia ant ledo.
Datasets/Synthetic_Sentences/images/sentence_63414.png,Neringa bando važiuoti.
Datasets/Synthetic_Sentences/images/sentence_12244.png,"Ingrida mokosi ligoninėje, bet nori šokti."
Datasets/Real_Handwriting/images/form_384_sentence_2.png,Paukštis skaito žurnalą.
Datasets/Synthetic_Sentences/images/sentence_06109.png,Saulius nori valgyti daržoves.
Datasets/Real_Handwriting/images/form_483_sentence_2.png,Paukštis nori tvarkytis žemėlapį.
Datasets/Real_Handwriting/images/form_485_sentence_4.png,Studentė groja muzikos kūrinį.
Datasets/Synthetic_Sentences/images/sentence_07915.png,Šiandien Jurgita ilsisi pievoje.
Datasets/Synthetic_Sentences/images/sentence_35790.png,Jonas nori valgyti košę.
Datasets/Synthetic_Sentences/images/sentence_35932.png,Mielai Saulius dirba kalnuose.
Datasets/Synthetic_Sentences/images/sentence_42822.png,Atidžiai katė ilsisi parke.
Datasets/Real_Handwriting/images/form_298_sentence_2.png,Marija gyvena ligoninėje.
Datasets/Synthetic_Sentences/images/sentence_22320.png,Mindaugas pradeda šokti.
Datasets/Synthetic_Sentences/images/sentence_51157.png,Ar Renata skaito žemėlapį?
Datasets/Synthetic_Sentences/images/sentence_08311.png,Mokytoja mėgsta skaityti receptą.
Datasets/Synthetic_Sentences/images/sentence_18271.png,Šiandien vaikas skaito laišką.
Datasets/Synthetic_Sentences/images/sentence_61603.png,Ar Ingrida mokosi kaime?
Datasets/Synthetic_Sentences/images/sentence_45950.png,Mokytoja gyvena ežero pakrantėje.
Datasets/Synthetic_Sentences/images/sentence_08084.png,Ar Jurgita nori ilsėtis?
Datasets/Real_Handwriting/images/form_245_sentence_3.png,Greitai Saulius valgo vaisius.
Datasets/Synthetic_Sentences/images/sentence_39439.png,Kur Danielius dirba?
Datasets/Real_Handwriting/images/form_359_sentence_1.png,Jurgita būna kavinėje.
Datasets/Synthetic_Sentences/images/sentence_63297.png,Berniukas mėgsta pirkti kavą.
Datasets/Synthetic_Sentences/images/sentence_47642.png,Švelniai Rasa skaito istoriją darbe.
Datasets/Real_Handwriting/images/form_192_sentence_1.png,Mergaitė skuba namus.
Datasets/Synthetic_Sentences/images/sentence_23952.png,Studentė mėgsta valgyti daržoves.
Datasets/Real_Handwriting/images/form_360_sentence_1.png,Gintaras skaito žemėlapį.
Datasets/Real_Handwriting/images/form_389_sentence_2.png,Šiandien studentas dirba paplūdimyje.
Datasets/Real_Handwriting/images/form_123_sentence_2.png,Jos nemėgsta mokytis pamoką.
Datasets/Synthetic_Sentences/images/sentence_40455.png,Šiandien mokytoja skaito istoriją.
Datasets/Synthetic_Sentences/images/sentence_20133.png,Gintaras nenori kalbėti.
Datasets/Real_Handwriting/images/form_426_sentence_4.png,Šiandien mergaitė dirba ligoninėje.
Datasets/Synthetic_Sentences/images/sentence_64143.png,Gydytojas nedirba stadione.
Datasets/Real_Handwriting/images/form_205_sentence_2.png,Ar Tomas mokosi ežero pakrantėje?
Datasets/Synthetic_Sentences/images/sentence_26535.png,Ar Marija mokosi ežero pakrantėje?
Datasets/Synthetic_Sentences/images/sentence_02592.png,Vakar Saulius skaitė knygą.
Datasets/Synthetic_Sentences/images/sentence_34664.png,Tomas renka obuolius.
Datasets/Synthetic_Sentences/images/sentence_25835.png,Ar Mindaugas dirba bibliotekoje?
Datasets/Synthetic_Sentences/images/sentence_43131.png,Ar berniukas mėgsta groti?
Datasets/Synthetic_Sentences/images/sentence_34422.png,"Šuo nori sportuoti, nes nes nori pailsėti."
Datasets/Real_Handwriting/images/form_115_sentence_4.png,Moterys labai garsiai rašo.
Datasets/Real_Handwriting/images/form_162_sentence_4.png,Studentas gerai žiūri.
Datasets/Synthetic_Sentences/images/sentence_03097.png,Kur Mantas dirba?
Datasets/Synthetic_Sentences/images/sentence_67512.png,Rasa mokosi ežero pakrantėje vakare.
Datasets/Synthetic_Sentences/images/sentence_25458.png,Studentas lankosi ligoninėje.
Datasets/Real_Handwriting/images/form_228_sentence_3.png,Šiandien Jonas perka arbatą.
Datasets/Synthetic_Sentences/images/sentence_49426.png,Šuo skaito seną žemėlapį.
Datasets/Synthetic_Sentences/images/sentence_14110.png,Berniukas perka šaltą duoną.
Datasets/Synthetic_Sentences/images/sentence_52698.png,Šuo dirba miške ryte.
Datasets/Synthetic_Sentences/images/sentence_40660.png,Petras neša knygą.
Datasets/Real_Handwriting/images/form_415_sentence_1.png,Mergaitė nori groti paveikslą.
Datasets/Synthetic_Sentences/images/sentence_60258.png,Rytoj Danielius eis pievoje.
Datasets/Synthetic_Sentences/images/sentence_59161.png,Greitai Laura dirba kaime.
Datasets/Real_Handwriting/images/form_455_sentence_4.png,Žirgas groja dainą.
Datasets/Real_Handwriting/images/form_237_sentence_4.png,Berniukas groja simfoniją.
Datasets/Synthetic_Sentences/images/sentence_31338.png,Ramiai berniukas rašo laišką.
Datasets/Real_Handwriting/images/form_339_sentence_1.png,Žirgas stengiasi bėgti.
Datasets/Real_Handwriting/images/form_404_sentence_1.png,Vakar mokytojas nešė laišką.
Datasets/Synthetic_Sentences/images/sentence_04215.png,Kodėl Jurgita dirba upės pakrantėje?
Datasets/Synthetic_Sentences/images/sentence_27660.png,Gintaras nori valgyti košę.
Datasets/Synthetic_Sentences/images/sentence_20800.png,Marija dirba miške ir skaito laišką.
Datasets/Synthetic_Sentences/images/sentence_17991.png,Švelniai Kristina rašo žemėlapį.
Datasets/Synthetic_Sentences/images/sentence_45761.png,Kodėl mokytoja dirba ligoninėje?
Datasets/Real_Handwriting/images/form_370_sentence_1.png,Laura geria sultis.
Datasets/Synthetic_Sentences/images/sentence_57715.png,Rytoj Mantas skaitys laišką.
Datasets/Synthetic_Sentences/images/sentence_27786.png,Drąsiai mokytojas mokosi mokykloje naktį.
Datasets/Synthetic_Sentences/images/sentence_60599.png,Saulius perka nuobodų arbatą.
Datasets/Synthetic_Sentences/images/sentence_30606.png,Žilvinas žaidžia kaime.
Datasets/Synthetic_Sentences/images/sentence_09625.png,Mergaitė nori valgyti duoną.
Datasets/Real_Handwriting/images/form_451_sentence_3.png,Eglė nori eiti paveikslą.
Datasets/Synthetic_Sentences/images/sentence_22546.png,Greitai mergaitė perka kavą.
Datasets/Real_Handwriting/images/form_095_sentence_3.png,Katė mėgsta skubėti.
Datasets/Synthetic_Sentences/images/sentence_19902.png,"Mokytojas mokosi pievoje, bet nori ilsėtis."
Datasets/Synthetic_Sentences/images/sentence_50859.png,Rasa nedirba pievoje.
Datasets/Real_Handwriting/images/form_406_sentence_1.png,Gintaras lankosi kaime.
Datasets/Synthetic_Sentences/images/sentence_07048.png,Tomas stengiasi šokti.
Datasets/Synthetic_Sentences/images/sentence_40469.png,Mindaugas pradeda groti.
Datasets/Real_Handwriting/images/form_321_sentence_4.png,Rūpestingai mokytojas rašo projektą.
Datasets/Real_Handwriting/images/form_097_sentence_4.png,Moteris klauso darbą stotyje.
Datasets/Synthetic_Sentences/images/sentence_03378.png,Mergaitė žaidžia bibliotekoje.
Datasets/Real_Handwriting/images/form_444_sentence_2.png,Ar Petras mėgsta groti?
Datasets/Synthetic_Sentences/images/sentence_34477.png,Studentas nenori dainuoti.
Datasets/Synthetic_Sentences/images/sentence_67970.png,Kodėl Petras dirba miške?
Datasets/Synthetic_Sentences/images/sentence_27020.png,Petras mėgsta pirkti knygą.
Datasets/Synthetic_Sentences/images/sentence_64923.png,Vakar Mantas nešė žaislą.
Datasets/Real_Handwriting/images/form_177_sentence_5.png,Gydytojas baigia kalbėti paveikslą.
Datasets/Synthetic_Sentences/images/sentence_46197.png,Marija nori valgyti vaisius.
Datasets/Real_Handwriting/images/form_100_sentence_2.png,Šiandien šuo žaidžia rytoj.
Datasets/Real_Handwriting/images/form_438_sentence_3.png,Žirgas rašo istoriją.
Datasets/Synthetic_Sentences/images/sentence_21455.png,Gydytojas stengiasi ilsėtis.
Datasets/Real_Handwriting/images/form_396_sentence_1.png,Ar berniukas mokosi namuose?
Datasets/Real_Handwriting/images/form_391_sentence_3.png,Studentė gyvena pievoje.
Datasets/Synthetic_Sentences/images/sentence_37523.png,Gydytojas nori dirbti.
Datasets/Synthetic_Sentences/images/sentence_42586.png,Katė mėgsta skaityti laišką.
Datasets/Synthetic_Sentences/images/sentence_11799.png,Katė žaidžia namuose.
Datasets/Synthetic_Sentences/images/sentence_58339.png,Džiaugsmingai Neringa skaito receptą.
Datasets/Synthetic_Sentences/images/sentence_54928.png,Ar Jonas dirba stotyje?
Datasets/Synthetic_Sentences/images/sentence_04535.png,Jurgita bando žaisti.
Datasets/Synthetic_Sentences/images/sentence_52723.png,Jurgita neskaito istoriją.
Datasets/Synthetic_Sentences/images/sentence_03090.png,Vakar mokytojas skaitė receptą.
Datasets/Real_Handwriting/images/form_025_sentence_5.png,Vyrai retai mąsto.
Datasets/Synthetic_Sentences/images/sentence_62814.png,Drąsiai berniukas mokosi ligoninėje.
Datasets/Synthetic_Sentences/images/sentence_66056.png,Ar Petras dirba pievoje?
Datasets/Synthetic_Sentences/images/sentence_47404.png,Rasa mėgsta plaukti.
Datasets/Synthetic_Sentences/images/sentence_63298.png,Rūpestingai Mantas perka knygą.
Datasets/Synthetic_Sentences/images/sentence_33127.png,Tyliai Mantas dirba stadione.
Datasets/Synthetic_Sentences/images/sentence_19646.png,Šiandien Tomas skaito žemėlapį.
Datasets/Real_Handwriting/images/form_171_sentence_5.png,Šiandien draugas klauso niekada.
Datasets/Real_Handwriting/images/form_048_sentence_5.png,Vyrai galvoja arbatą darbe.
Datasets/Real_Handwriting/images/form_112_sentence_4.png,Gydytojas labai visada miega.
Datasets/Real_Handwriting/images/form_151_sentence_3.png,Vyrai mokosi arbatą.
Datasets/Real_Handwriting/images/form_160_sentence_2.png,Jūs geria bibliotekoje ir parke.
Datasets/Synthetic_Sentences/images/sentence_47102.png,Saulius perka gražų duoną.
Datasets/Synthetic_Sentences/images/sentence_43149.png,Vakar studentas skaitė laišką.
Datasets/Synthetic_Sentences/images/sentence_50602.png,Eglė nenori valgyti.
Datasets/Synthetic_Sentences/images/sentence_45442.png,Kur Eglė dirba?
Datasets/Synthetic_Sentences/images/sentence_45921.png,Tomas žaidžia bibliotekoje.
Datasets/Real_Handwriting/images/form_178_sentence_1.png,Šiandien vyras miega lėtai.
Datasets/Real_Handwriting/images/form_177_sentence_2.png,Jūs eina stotyje ir darbe.
Datasets/Synthetic_Sentences/images/sentence_33872.png,Danielius dirba ligoninėje ir skaito receptą.
Datasets/Synthetic_Sentences/images/sentence_37893.png,Studentas žaidžia darbe.
Datasets/Real_Handwriting/images/form_208_sentence_5.png,Cecilija čiuožia ant ledo.
Datasets/Synthetic_Sentences/images/sentence_16693.png,Tomas geria pieną.
Datasets/Synthetic_Sentences/images/sentence_09188.png,Kur Danielius dirba?
Datasets/Real_Handwriting/images/form_502_sentence_3.png,Mindaugas groja muzikos kūrinį.
Datasets/Real_Handwriting/images/form_501_sentence_4.png,Rytoj Tomas skaitys laišką.
Datasets/Synthetic_Sentences/images/sentence_66181.png,Petras geria vandenį.
Datasets/Synthetic_Sentences/images/sentence_35791.png,Greitai Renata mokosi bibliotekoje.
Datasets/Real_Handwriting/images/form_424_sentence_4.png,Jonas gyvena bibliotekoje.
Datasets/Synthetic_Sentences/images/sentence_32622.png,Saulius mėgsta gerti kavą.
Datasets/Synthetic_Sentences/images/sentence_59546.png,Ką Žilvinas skaito?
Datasets/Real_Handwriting/images/form_292_sentence_4.png,Mokytojas geria arbatą.
Datasets/Synthetic_Sentences/images/sentence_38015.png,Mantas dirba stadione vakare.
Datasets/Real_Handwriting/images/form_380_sentence_3.png,Ar Mantas nori kalbėti?
Datasets/Synthetic_Sentences/images/sentence_16924.png,Gintaras lankosi ežero pakrantėje.
Datasets/Synthetic_Sentences/images/sentence_03982.png,Petras skaito tamsų žemėlapį.
Datasets/Synthetic_Sentences/images/sentence_60557.png,Vakar Marija skaitė istoriją.
Datasets/Synthetic_Sentences/images/sentence_68574.png,Vakar Kristina skaitė žemėlapį.
Datasets/Synthetic_Sentences/images/sentence_33656.png,Katė sportuoja parke.
Datasets/Synthetic_Sentences/images/sentence_00954.png,"Petras mokosi kaime, bet nori galvoti."
Datasets/Real_Handwriting/images/form_149_sentence_4.png,Mergaitės greitai bėga.
Datasets/Synthetic_Sentences/images/sentence_67177.png,Kristina nori rašyti laišką.
Datasets/Synthetic_Sentences/images/sentence_37177.png,Žilvinas skaito spalvotą receptą.
Datasets/Real_Handwriting/images/form_174_sentence_4.png,Mergaitė labai mielai dainuoja.
Datasets/Real_Handwriting/images/form_146_sentence_4.png,Ji atidžiai kalba.
Datasets/Real_Handwriting/images/form_247_sentence_3.png,Ar Jurgita mokosi kalnuose?
Datasets/Real_Handwriting/images/form_340_sentence_1.png,Šiandien Mindaugas ilsisi namuose.
Datasets/Synthetic_Sentences/images/sentence_39462.png,"Neringa dirba kalnuose, nes turi daug darbo."
Datasets/Synthetic_Sentences/images/sentence_17720.png,Studentė bando valgyti.
Datasets/Synthetic_Sentences/images/sentence_41579.png,Mokytojas dirba darbe ryte.
Datasets/Synthetic_Sentences/images/sentence_26114.png,Žilvinas perka arbatą.
Datasets/Real_Handwriting/images/form_449_sentence_4.png,Atidžiai Petras mokosi stotyje.
Datasets/Real_Handwriting/images/form_078_sentence_4.png,Šiandien mes galvoja ramiai.
Datasets/Synthetic_Sentences/images/sentence_64789.png,Eglė ilsisi ligoninėje.
Datasets/Synthetic_Sentences/images/sentence_11596.png,"Gintaras dirba sode, nes tai labai įdomu."
Datasets/Real_Handwriting/images/form_340_sentence_5.png,Ona išeina iš namų ankstyvą rytą.
Datasets/Real_Handwriting/images/form_279_sentence_3.png,Ar Eglė skaito žurnalą?
Datasets/Synthetic_Sentences/images/sentence_63785.png,Danielius perka duoną.
Datasets/Real_Handwriting/images/form_097_sentence_2.png,Jūs valgo arbatą.
Datasets/Synthetic_Sentences/images/sentence_31595.png,Ingrida geria vandenį.
Datasets/Synthetic_Sentences/images/sentence_63242.png,Kristina bando kalbėti.
Datasets/Synthetic_Sentences/images/sentence_25437.png,Danielius perka įdomų dovaną.
Datasets/Real_Handwriting/images/form_456_sentence_4.png,Rytoj Saulius skaitys laišką.
Datasets/Synthetic_Sentences/images/sentence_54956.png,Mokytoja perka duoną.
Datasets/Real_Handwriting/images/form_440_sentence_1.png,Ramiai Laura perka žaislą.
Datasets/Synthetic_Sentences/images/sentence_15759.png,Ką mergaitė skaito?
Datasets/Synthetic_Sentences/images/sentence_44686.png,Kodėl mokytojas dirba kavinėje?
Datasets/Real_Handwriting/images/form_156_sentence_5.png,Vaikai sportuoja ligoninėje.
Datasets/Synthetic_Sentences/images/sentence_37820.png,Neringa renka akmenis.
Datasets/Synthetic_Sentences/images/sentence_24003.png,Gydytojas neša krepšį.
Datasets/Synthetic_Sentences/images/sentence_68985.png,Šiandien Mantas perka gėlę.
Datasets/Real_Handwriting/images/form_105_sentence_3.png,Gydytojai pradeda galvoti.
Datasets/Synthetic_Sentences/images/sentence_30032.png,Saulius dirba stadione vakare.
Datasets/Real_Handwriting/images/form_372_sentence_2.png,Ramiai Eglė valgo košę.
Datasets/Synthetic_Sentences/images/sentence_28056.png,Tyliai katė mokosi upės pakrantėje vakare.
Datasets/Synthetic_Sentences/images/sentence_60933.png,Mantas stengiasi groti.
Datasets/Real_Handwriting/images/form_068_sentence_4.png,Paukštis stengiasi keliauti.
Datasets/Synthetic_Sentences/images/sentence_44180.png,Drąsiai Mindaugas skaito žemėlapį.
Datasets/Real_Handwriting/images/form_032_sentence_1.png,Vaikai galvoja žaidimą.
Datasets/Real_Handwriting/images/form_122_sentence_5.png,Tyliai vaikai galvoja kavą.
Datasets/Synthetic_Sentences/images/sentence_58341.png,Kodėl Eglė dirba sode?
Datasets/Synthetic_Sentences/images/sentence_02937.png,Mokytoja mėgsta kalbėti.
Datasets/Synthetic_Sentences/images/sentence_35443.png,Vakar Saulius nešė žaislą.
Datasets/Synthetic_Sentences/images/sentence_24754.png,Šuo mėgsta pirkti žaislą.
Datasets/Synthetic_Sentences/images/sentence_27956.png,Jonas nori rašyti istoriją.
Datasets/Synthetic_Sentences/images/sentence_60081.png,Kristina nori valgyti daržoves.
Datasets/Synthetic_Sentences/images/sentence_22068.png,Katė dirba upės pakrantėje.
Datasets/Synthetic_Sentences/images/sentence_05128.png,Neringa žaidžia mokykloje.
Datasets/Synthetic_Sentences/images/sentence_13974.png,Šiandien Ingrida dirba namuose.
Datasets/Synthetic_Sentences/images/sentence_64457.png,Kur Ingrida dirba?
Datasets/Synthetic_Sentences/images/sentence_62747.png,Rasa mėgsta skaityti knygą.
Datasets/Synthetic_Sentences/images/sentence_33147.png,Lėtai Rasa rašo laišką.
Datasets/Synthetic_Sentences/images/sentence_67274.png,Šuo nori skaityti žemėlapį.
Datasets/Synthetic_Sentences/images/sentence_57728.png,Lėtai Renata perka dovaną.
Datasets/Synthetic_Sentences/images/sentence_52744.png,Studentas dirba mieste anksti ryte.
Datasets/Synthetic_Sentences/images/sentence_57153.png,Eglė perka spalvotą duoną.
Datasets/Synthetic_Sentences/images/sentence_00300.png,Eglė valgo vaisius.
Datasets/Synthetic_Sentences/images/sentence_15221.png,Ar vaikas mokosi bibliotekoje?
Datasets/Synthetic_Sentences/images/sentence_40899.png,Šiandien Rasa mokosi mokykloje.
Datasets/Synthetic_Sentences/images/sentence_51330.png,Džiaugsmingai Saulius mokosi stadione.
Datasets/Synthetic_Sentences/images/sentence_36593.png,Ar katė mokosi upės pakrantėje?
Datasets/Real_Handwriting/images/form_326_sentence_1.png,Ar mergaitė skaito istoriją?
Datasets/Synthetic_Sentences/images/sentence_58169.png,Švelniai Mantas valgo košę.
Datasets/Synthetic_Sentences/images/sentence_51203.png,Vaikas nenori mokytis.
Datasets/Real_Handwriting/images/form_340_sentence_2.png,Šiandien Petras mokosi bibliotekoje.
Datasets/Synthetic_Sentences/images/sentence_56401.png,Jonas perka įdomų knygą.
Datasets/Real_Handwriting/images/form_026_sentence_2.png,Mergaitė bijo galvoti mokyklą.
Datasets/Synthetic_Sentences/images/sentence_27027.png,Jurgita nori tvarkytis.
Datasets/Real_Handwriting/images/form_136_sentence_2.png,Greitai jie skuba knygą.
Datasets/Synthetic_Sentences/images/sentence_59429.png,Atidžiai Gintaras dirba parke.
Datasets/Real_Handwriting/images/form_104_sentence_5.png,Šiandien katė bėga kartu.
Datasets/Real_Handwriting/images/form_407_sentence_5.png,Cukrų ir cinamoną dedame į pyragą.
Datasets/Synthetic_Sentences/images/sentence_06215.png,Vaikas nedirba sode.
Datasets/Real_Handwriting/images/form_203_sentence_3.png,Ar katė dirba stotyje?
Datasets/Synthetic_Sentences/images/sentence_10289.png,Jurgita ilsisi kaime.
Datasets/Synthetic_Sentences/images/sentence_16489.png,Eglė mėgsta mokytis.
Datasets/Synthetic_Sentences/images/sentence_58082.png,Ką Petras skaito?
Datasets/Real_Handwriting/images/form_363_sentence_2.png,Rytoj paukštis eis darbe.
Datasets/Synthetic_Sentences/images/sentence_10765.png,Ar vaikas skaito laišką?
Datasets/Synthetic_Sentences/images/sentence_63065.png,Šiandien Eglė skaito knygą.
Datasets/Synthetic_Sentences/images/sentence_56321.png,Berniukas mėgsta pirkti žaislą.
Datasets/Synthetic_Sentences/images/sentence_23235.png,Mergaitė gyvena paplūdimyje.
Datasets/Real_Handwriting/images/form_176_sentence_3.png,Draugas labai blogai eina.
Datasets/Synthetic_Sentences/images/sentence_01014.png,Gydytojas nedirba mokykloje.
Datasets/Synthetic_Sentences/images/sentence_21108.png,Ar berniukas mėgsta skaityti?
Datasets/Real_Handwriting/images/form_223_sentence_3.png,Šuo valgo košę.
Datasets/Synthetic_Sentences/images/sentence_14631.png,Danielius lankosi namuose.
Datasets/Synthetic_Sentences/images/sentence_43036.png,Šiandien mokytoja dirba darbe.
Datasets/Synthetic_Sentences/images/sentence_16714.png,Ar Marija mokosi sode?
Datasets/Synthetic_Sentences/images/sentence_28944.png,Studentė nori skaityti istoriją.
Datasets/Real_Handwriting/images/form_429_sentence_1.png,Ar paukštis mėgsta dainuoti?
Datasets/Synthetic_Sentences/images/sentence_58145.png,Mokytoja pradeda ilsėtis.
Datasets/Synthetic_Sentences/images/sentence_45060.png,Šiandien Jonas skaito istoriją.
Datasets/Synthetic_Sentences/images/sentence_08577.png,Mielai Renata mokosi kaime.
Datasets/Synthetic_Sentences/images/sentence_28442.png,Ar gydytojas mėgsta valgyti?
Datasets/Real_Handwriting/images/form_242_sentence_1.png,Jonas rašo projektą.
Datasets/Synthetic_Sentences/images/sentence_00068.png,Mokytojas nori šokti.
Datasets/Synthetic_Sentences/images/sentence_53493.png,"Jonas nori šokti, nes nes reikia pasiruošti."
Datasets/Synthetic_Sentences/images/sentence_39879.png,Rytoj Gintaras eis paplūdimyje.
Datasets/Real_Handwriting/images/form_032_sentence_2.png,Šiandien ji ilsisi visada.
Datasets/Synthetic_Sentences/images/sentence_28527.png,Petras perka naują knygą.
Datasets/Real_Handwriting/images/form_459_sentence_5.png,Kavinėje kvepėjo kava ir cinamonu.
Datasets/Synthetic_Sentences/images/sentence_54416.png,Saulius valgo daržoves.
Datasets/Real_Handwriting/images/form_198_sentence_4.png,Mokytojas žaidžia dainą stotyje.
Datasets/Synthetic_Sentences/images/sentence_45622.png,Šiandien Mantas dirba namuose.
Datasets/Synthetic_Sentences/images/sentence_21992.png,Studentė neskaito knygą.
Datasets/Real_Handwriting/images/form_230_sentence_5.png,Cecilija čiuožia ant ledo.
Datasets/Synthetic_Sentences/images/sentence_64066.png,Kristina rašo žemėlapį.
Datasets/Synthetic_Sentences/images/sentence_33499.png,Eglė ilsisi mokykloje.
Datasets/Synthetic_Sentences/images/sentence_35767.png,Garsiai berniukas perka arbatą.
Datasets/Synthetic_Sentences/images/sentence_27624.png,Vakar katė dirbo miške.
Datasets/Synthetic_Sentences/images/sentence_08863.png,Tyliai Ingrida skaito laišką darbe.
Datasets/Real_Handwriting/images/form_439_sentence_5.png,Jaunas studentas juda drąsiai į priekį.
Datasets/Synthetic_Sentences/images/sentence_35630.png,Ar Danielius mokosi sode?
Datasets/Synthetic_Sentences/images/sentence_07632.png,Berniukas perka gėlę.
Datasets/Synthetic_Sentences/images/sentence_06316.png,Marija stengiasi dainuoti.
Datasets/Synthetic_Sentences/images/sentence_26032.png,Rytoj Mantas skaitys knygą.
Datasets/Synthetic_Sentences/images/sentence_55768.png,Šiandien Neringa skaito žurnalą.
Datasets/Synthetic_Sentences/images/sentence_30883.png,Mokytoja mėgsta valgyti košę.
Datasets/Real_Handwriting/images/form_212_sentence_4.png,Greitai berniukas skaito receptą.
Datasets/Synthetic_Sentences/images/sentence_39566.png,Tomas mokosi namuose.
Datasets/Synthetic_Sentences/images/sentence_51366.png,Neringa mėgsta gerti kavą.
Datasets/Real_Handwriting/images/form_390_sentence_2.png,Šiandien Jurgita dirba paplūdimyje.
Datasets/Synthetic_Sentences/images/sentence_02979.png,Laura gyvena sode.
Datasets/Synthetic_Sentences/images/sentence_53812.png,Katė stengiasi gerti.
Datasets/Real_Handwriting/images/form_304_sentence_1.png,Danielius dirba mokykloje.
Datasets/Synthetic_Sentences/images/sentence_25904.png,Tomas rašo žemėlapį.
Datasets/Real_Handwriting/images/form_393_sentence_3.png,Studentas geria pieną.
Datasets/Synthetic_Sentences/images/sentence_11773.png,Kruopščiai Laura skaito receptą paplūdimyje.
Datasets/Synthetic_Sentences/images/sentence_33126.png,Rūpestingai mergaitė perka kavą.
Datasets/Synthetic_Sentences/images/sentence_64276.png,Žilvinas neskaito žemėlapį.
Datasets/Synthetic_Sentences/images/sentence_41524.png,Tomas nori pirkti žaislą.
Datasets/Synthetic_Sentences/images/sentence_17502.png,Ingrida ilsisi kaime.
Datasets/Real_Handwriting/images/form_409_sentence_1.png,Mielai Marija rašo žemėlapį.
Datasets/Synthetic_Sentences/images/sentence_65370.png,Eglė mokosi ežero pakrantėje.
Datasets/Synthetic_Sentences/images/sentence_44458.png,Šiandien Tomas mokosi paplūdimyje.
Datasets/Synthetic_Sentences/images/sentence_58990.png,Mokytoja nori valgyti košę.
Datasets/Synthetic_Sentences/images/sentence_19890.png,Rytoj Kristina eis stadione.
Datasets/Real_Handwriting/images/form_034_sentence_3.png,Draugas žaidžia ligoninėje.
Datasets/Real_Handwriting/images/form_039_sentence_3.png,Gydytojas geria žemėlapį.
Datasets/Real_Handwriting/images/form_224_sentence_2.png,Vakar studentė skaitė istoriją.
Datasets/Real_Handwriting/images/form_385_sentence_2.png,Vakar gydytojas skaitė žemėlapį.
Datasets/Real_Handwriting/images/form_033_sentence_4.png,Šiandien mokytojas rašo vakar.
Datasets/Real_Handwriting/images/form_206_sentence_1.png,Neringa nori kalbėti kavą.
Datasets/Synthetic_Sentences/images/sentence_16104.png,Šiandien šuo dirba namuose.
Datasets/Synthetic_Sentences/images/sentence_00097.png,Rytoj gydytojas skaitys žurnalą.
Datasets/Synthetic_Sentences/images/sentence_32569.png,Mokytoja nori pirkti žaislą.
Datasets/Synthetic_Sentences/images/sentence_25345.png,Saulius sportuoja miške.
Datasets/Synthetic_Sentences/images/sentence_04628.png,Žilvinas nori skaityti knygą.
Datasets/Synthetic_Sentences/images/sentence_36397.png,Mergaitė stengiasi mokytis.
Datasets/Synthetic_Sentences/images/sentence_64104.png,Drąsiai Danielius skaito knygą.
Datasets/Synthetic_Sentences/images/sentence_66042.png,Renata stengiasi bėgti.
Datasets/Synthetic_Sentences/images/sentence_24950.png,"Rasa nori bėgti, nes nes reikia pasiruošti."
Datasets/Synthetic_Sentences/images/sentence_41522.png,Berniukas renka grybus.
Datasets/Synthetic_Sentences/images/sentence_06409.png,Ar Petras dirba kavinėje?
Datasets/Synthetic_Sentences/images/sentence_21135.png,Rasa bando eiti.
Datasets/Real_Handwriting/images/form_402_sentence_3.png,Vakar gydytojas skaitė receptą.
Datasets/Synthetic_Sentences/images/sentence_64895.png,Katė nedirba kalnuose.
Datasets/Real_Handwriting/images/form_431_sentence_3.png,Žmogus rašo projektą.
Datasets/Real_Handwriting/images/form_158_sentence_4.png,Gydytojas žiūri receptą kalnuose.
Datasets/Synthetic_Sentences/images/sentence_63735.png,Vaikas pradeda ilsėtis.
Datasets/Synthetic_Sentences/images/sentence_37452.png,Ką Mindaugas skaito?
Datasets/Synthetic_Sentences/images/sentence_19111.png,Mokytoja geria kavą.
Datasets/Synthetic_Sentences/images/sentence_20282.png,Kur Neringa dirba?
Datasets/Real_Handwriting/images/form_303_sentence_4.png,Šiandien žmogus mokosi namuose.
Datasets/Real_Handwriting/images/form_397_sentence_4.png,Tyliai Eglė neša žaislą.
Datasets/Synthetic_Sentences/images/sentence_21929.png,Petras bando piešti.
Datasets/Synthetic_Sentences/images/sentence_16965.png,Rūpestingai Renata mokosi stadione ryte.
Datasets/Real_Handwriting/images/form_483_sentence_3.png,Šeima pradeda piešti.
Datasets/Synthetic_Sentences/images/sentence_61841.png,Ką Neringa skaito?
Datasets/Synthetic_Sentences/images/sentence_49337.png,"Berniukas dirba sode, nes tai labai įdomu."
Datasets/Synthetic_Sentences/images/sentence_02499.png,Ingrida dirba namuose po pietų.
Datasets/Real_Handwriting/images/form_436_sentence_2.png,Šiandien Žilvinas dirba ligoninėje.
Datasets/Synthetic_Sentences/images/sentence_62006.png,Atidžiai Jurgita mokosi parke vakare.
Datasets/Real_Handwriting/images/form_294_sentence_3.png,Eglė sportuoja pievoje.
Datasets/Synthetic_Sentences/images/sentence_19776.png,Ramiai Kristina mokosi darbe.
Datasets/Synthetic_Sentences/images/sentence_60221.png,Studentė rašo receptą.
Datasets/Synthetic_Sentences/images/sentence_63866.png,Ar Jonas skaito žurnalą?
Datasets/Synthetic_Sentences/images/sentence_24289.png,Mokytojas gyvena bibliotekoje.
Datasets/Synthetic_Sentences/images/sentence_61623.png,Petras mėgsta plaukti.
Datasets/Real_Handwriting/images/form_376_sentence_1.png,Rytoj studentas skaitys istoriją.
Datasets/Synthetic_Sentences/images/sentence_30646.png,Mokytoja geria pieną.
Datasets/Real_Handwriting/images/form_218_sentence_4.png,Mantas mėgsta piešti.
Datasets/Synthetic_Sentences/images/sentence_55318.png,Vakar Gintaras dirbo kaime.
Datasets/Synthetic_Sentences/images/sentence_09706.png,"Neringa nori valgyti, nes nes nori pailsėti."
Datasets/Real_Handwriting/images/form_288_sentence_2.png,Šiandien Neringa mokosi ligoninėje.
Datasets/Real_Handwriting/images/form_071_sentence_4.png,Šuo žiūri mokykloje.
Datasets/Synthetic_Sentences/images/sentence_51768.png,Neringa bando tvarkytis.
Datasets/Synthetic_Sentences/images/sentence_66410.png,Švelniai studentė rašo istoriją.
Datasets/Real_Handwriting/images/form_129_sentence_1.png,Mokytojas klauso ligoninėje.
Datasets/Synthetic_Sentences/images/sentence_14301.png,Šuo gyvena sode.
Datasets/Real_Handwriting/images/form_453_sentence_1.png,Mindaugas sportuoja mieste.
Datasets/Synthetic_Sentences/images/sentence_38028.png,Vaikas sportuoja mieste.
Datasets/Real_Handwriting/images/form_492_sentence_5.png,Vasarą važiuojame prie jūros.
Datasets/Real_Handwriting/images/form_100_sentence_1.png,Ar jos valgo?
Datasets/Synthetic_Sentences/images/sentence_39604.png,Rytoj Renata skaitys žemėlapį.
Datasets/Real_Handwriting/images/form_376_sentence_3.png,Ar žmogus skaito istoriją?
Datasets/Synthetic_Sentences/images/sentence_42230.png,Ramiai Ingrida ilsisi ligoninėje.
Datasets/Real_Handwriting/images/form_261_sentence_4.png,Ar Saulius mokosi kavinėje?
Datasets/Synthetic_Sentences/images/sentence_31690.png,Studentas nenori rašyti.
Datasets/Synthetic_Sentences/images/sentence_30943.png,Mantas sportuoja pievoje.
Datasets/Real_Handwriting/images/form_217_sentence_1.png,Atidžiai Ingrida mokosi paplūdimyje.
Datasets/Synthetic_Sentences/images/sentence_13955.png,Kodėl Renata dirba stotyje?
Datasets/Synthetic_Sentences/images/sentence_25885.png,Studentė geria arbatą.
Datasets/Synthetic_Sentences/images/sentence_22477.png,Šiandien Saulius skaito žurnalą.
Datasets/Real_Handwriting/images/form_356_sentence_1.png,Studentas valgo obuolį.
Datasets/Real_Handwriting/images/form_510_sentence_1.png,Mantas valgo košę.
Datasets/Real_Handwriting/images/form_324_sentence_5.png,Kavinėje kvepėjo kava ir cinamonu.
Datasets/Synthetic_Sentences/images/sentence_21393.png,Katė nori skaityti knygą.
Datasets/Synthetic_Sentences/images/sentence_31334.png,Kodėl Danielius dirba kalnuose?
Datasets/Real_Handwriting/images/form_314_sentence_1.png,Šuo sportuoja namuose.
Datasets/Real_Handwriting/images/form_212_sentence_2.png,Paukštis lankosi ligoninėje.
Datasets/Synthetic_Sentences/images/sentence_53032.png,Šiandien Mindaugas mokosi kalnuose.
Datasets/Synthetic_Sentences/images/sentence_33871.png,Kur Jurgita dirba?
Datasets/Real_Handwriting/images/form_001_sentence_2.png,Vaikai piešia receptą.
Datasets/Real_Handwriting/images/form_442_sentence_3.png,Gintaras bando keliauti.
Datasets/Real_Handwriting/images/form_322_sentence_1.png,Rytoj Petras skaitys žemėlapį.
Datasets/Synthetic_Sentences/images/sentence_32623.png,Vakar Mindaugas dirbo mieste.
Datasets/Real_Handwriting/images/form_415_sentence_2.png,Lėtai gydytojas rašo žemėlapį.
Datasets/Synthetic_Sentences/images/sentence_48370.png,Kristina mėgsta rašyti.
Datasets/Real_Handwriting/images/form_251_sentence_2.png,Renata neša dovaną.
Datasets/Synthetic_Sentences/images/sentence_62648.png,Šiandien Rasa skaito žurnalą.
Datasets/Synthetic_Sentences/images/sentence_38763.png,Danielius mėgsta pirkti knygą.
Datasets/Real_Handwriting/images/form_287_sentence_1.png,Lėtai Marija valgo daržoves.
Datasets/Synthetic_Sentences/images/sentence_57141.png,Studentė mokosi sode.
Datasets/Synthetic_Sentences/images/sentence_58682.png,Marija neša dovaną.
Datasets/Synthetic_Sentences/images/sentence_15479.png,Kruopščiai Petras dirba namuose.
Datasets/Synthetic_Sentences/images/sentence_27835.png,Marija neskaito knygą.
Datasets/Real_Handwriting/images/form_294_sentence_4.png,Garsiai katė perka knygą.
Datasets/Synthetic_Sentences/images/sentence_10836.png,Gintaras skaito žemėlapį.
Datasets/Synthetic_Sentences/images/sentence_56145.png,Tyliai studentė rašo projektą.
Datasets/Synthetic_Sentences/images/sentence_28910.png,Šiandien Danielius mokosi paplūdimyje.
Datasets/Synthetic_Sentences/images/sentence_59219.png,Mokytojas perka kavą.
Datasets/Real_Handwriting/images/form_129_sentence_3.png,Aš stengiasi piešti kavą.
Datasets/Real_Handwriting/images/form_481_sentence_2.png,Studentas mėgsta ilsėtis.
Datasets/Real_Handwriting/images/form_328_sentence_5.png,Tvarka namuose labai svarbi.
Datasets/Real_Handwriting/images/form_114_sentence_1.png,Mergaitės žiūri receptą.
Datasets/Real_Handwriting/images/form_010_sentence_1.png,Vyras šoka dainą.
Datasets/Synthetic_Sentences/images/sentence_12119.png,Katė nedirba mieste.
Datasets/Real_Handwriting/images/form_366_sentence_3.png,Švelniai Neringa sportuoja mieste.
Datasets/Synthetic_Sentences/images/sentence_04203.png,Mindaugas renka akmenis.
Datasets/Synthetic_Sentences/images/sentence_08860.png,Renata mokosi sode po pietų.
Datasets/Synthetic_Sentences/images/sentence_61125.png,Petras mėgsta ilsėtis.
Datasets/Synthetic_Sentences/images/sentence_10598.png,Atidžiai Marija perka dovaną.
Datasets/Real_Handwriting/images/form_107_sentence_2.png,Jis stengiasi dirbti knygą.
Datasets/Synthetic_Sentences/images/sentence_56520.png,Mindaugas žaidžia pievoje.
Datasets/Real_Handwriting/images/form_180_sentence_3.png,Mokytojas bijo skubėti.
Datasets/Synthetic_Sentences/images/sentence_55409.png,Garsiai Ingrida valgo obuolį.
Datasets/Synthetic_Sentences/images/sentence_65108.png,Ar Laura nori tvarkytis?
Datasets/Real_Handwriting/images/form_121_sentence_3.png,Studentas visada tvarkosi.
Datasets/Real_Handwriting/images/form_377_sentence_3.png,Vakar Gintaras nešė krepšį.
Datasets/Real_Handwriting/images/form_019_sentence_3.png,Šuo baigia galvoti.
Datasets/Synthetic_Sentences/images/sentence_61870.png,Jurgita perka knygą.
Datasets/Synthetic_Sentences/images/sentence_60993.png,Studentas mokosi paplūdimyje vėlai vakare.
Datasets/Synthetic_Sentences/images/sentence_00854.png,Mergaitė mėgsta valgyti daržoves.
Datasets/Real_Handwriting/images/form_008_sentence_4.png,Jūs valgo laišką kalnuose.
Datasets/Synthetic_Sentences/images/sentence_42425.png,Šuo nori rašyti receptą.
Datasets/Synthetic_Sentences/images/sentence_57618.png,Tomas neša gėlę.
Datasets/Real_Handwriting/images/form_092_sentence_2.png,Draugas geria kalnuose ir stadione.
Datasets/Synthetic_Sentences/images/sentence_60233.png,Ingrida nori gerti sultis.
Datasets/Real_Handwriting/images/form_431_sentence_2.png,Džiaugsmingai Tomas perka žaislą.
Datasets/Synthetic_Sentences/images/sentence_24733.png,Rytoj mokytoja eis ligoninėje.
Datasets/Synthetic_Sentences/images/sentence_62299.png,Gintaras stengiasi groti.
Datasets/Synthetic_Sentences/images/sentence_49817.png,Laura nori rašyti receptą.
Datasets/Synthetic_Sentences/images/sentence_42148.png,Ar Eglė nori rašyti?
Datasets/Synthetic_Sentences/images/sentence_12225.png,Kur Eglė dirba?
Datasets/Real_Handwriting/images/form_248_sentence_2.png,Mielai Saulius ilsisi paplūdimyje.
Datasets/Synthetic_Sentences/images/sentence_54330.png,Mokytoja renka obuolius.
Datasets/Synthetic_Sentences/images/sentence_23084.png,Rasa nori skaityti laišką.
Datasets/Synthetic_Sentences/images/sentence_29095.png,Danielius dirba sode ir skaito žurnalą.
Datasets/Synthetic_Sentences/images/sentence_64740.png,Laura dirba kalnuose naktį.
Datasets/Synthetic_Sentences/images/sentence_18951.png,Gintaras nori rašyti istoriją.
Datasets/Real_Handwriting/images/form_060_sentence_3.png,Katė stengiasi galvoti daržoves.
Datasets/Real_Handwriting/images/form_030_sentence_5.png,Ji mąsto filmą namuose.
Datasets/Synthetic_Sentences/images/sentence_04198.png,Berniukas mokosi stotyje.
Datasets/Synthetic_Sentences/images/sentence_40638.png,Kur Žilvinas dirba?
Datasets/Real_Handwriting/images/form_393_sentence_2.png,Ramiai Jurgita mokosi stadione.
Datasets/Real_Handwriting/images/form_378_sentence_1.png,Petras sportuoja ligoninėje.
Datasets/Synthetic_Sentences/images/sentence_51998.png,Rytoj Neringa skaitys žurnalą.
Datasets/Real_Handwriting/images/form_239_sentence_2.png,Ar Tomas dirba darbe?
Datasets/Synthetic_Sentences/images/sentence_69497.png,Gydytojas renka vaisius.
Datasets/Synthetic_Sentences/images/sentence_55958.png,Greitai Jurgita rašo istoriją.
Datasets/Real_Handwriting/images/form_271_sentence_2.png,Šeima nori ilsėtis žurnalą.
Datasets/Synthetic_Sentences/images/sentence_61489.png,Studentė nori pirkti kavą.
Datasets/Synthetic_Sentences/images/sentence_24033.png,Rasa ilsisi ežero pakrantėje.
Datasets/Synthetic_Sentences/images/sentence_40839.png,Petras rašo laišką.
Datasets/Real_Handwriting/images/form_488_sentence_2.png,Ar žirgas mokosi kaime?
Datasets/Real_Handwriting/images/form_341_sentence_2.png,Renata skaito knygą.
Datasets/Real_Handwriting/images/form_430_sentence_1.png,Ramiai Neringa sportuoja kaime.
Datasets/Real_Handwriting/images/form_273_sentence_1.png,Vakar gydytojas nešė knygą.
Datasets/Synthetic_Sentences/images/sentence_52702.png,Mokytoja dirba parke.
Datasets/Real_Handwriting/images/form_304_sentence_4.png,Eglė lankosi miške.
Datasets/Synthetic_Sentences/images/sentence_14397.png,Mindaugas stengiasi plaukti.
Datasets/Synthetic_Sentences/images/sentence_42582.png,Kristina bando mokytis.
Datasets/Synthetic_Sentences/images/sentence_67886.png,Ar Saulius mokosi upės pakrantėje?
Datasets/Real_Handwriting/images/form_036_sentence_5.png,Mergaitė klauso receptą.
Datasets/Real_Handwriting/images/form_158_sentence_3.png,Draugas mąsto mokykloje.
Datasets/Synthetic_Sentences/images/sentence_21651.png,Tyliai Kristina perka knygą.
Datasets/Synthetic_Sentences/images/sentence_68434.png,Ingrida mėgsta piešti.
Datasets/Real_Handwriting/images/form_183_sentence_5.png,Visada moteris galvoja egzaminą.
Datasets/Real_Handwriting/images/form_108_sentence_1.png,Mergaitė labai labai mąsto.
Datasets/Synthetic_Sentences/images/sentence_08142.png,Gydytojas mėgsta skaityti žurnalą.
Datasets/Synthetic_Sentences/images/sentence_24823.png,Atidžiai Žilvinas mokosi mokykloje.
Datasets/Synthetic_Sentences/images/sentence_63669.png,Šiandien Tomas perka dovaną.
Datasets/Synthetic_Sentences/images/sentence_23327.png,Žilvinas skaito receptą.
Datasets/Real_Handwriting/images/form_499_sentence_5.png,Cecilija čiuožia ant ledo.
Datasets/Synthetic_Sentences/images/sentence_39851.png,"Eglė dirba mokykloje, nes reikia pasiruošti."
Datasets/Synthetic_Sentences/images/sentence_34366.png,Ar Saulius mėgsta dainuoti?
Datasets/Real_Handwriting/images/form_161_sentence_3.png,Jie tyliai eina.
Datasets/Synthetic_Sentences/images/sentence_33572.png,Laura bando šokti.
Datasets/Synthetic_Sentences/images/sentence_65819.png,Mergaitė pradeda bėgti.
Datasets/Synthetic_Sentences/images/sentence_16993.png,Petras nenori šokti.
Datasets/Synthetic_Sentences/images/sentence_51073.png,Šiandien studentas dirba miške.
Datasets/Synthetic_Sentences/images/sentence_37349.png,Šiandien mokytoja skaito receptą.
Datasets/Synthetic_Sentences/images/sentence_23803.png,Kristina nori rašyti žemėlapį.
Datasets/Synthetic_Sentences/images/sentence_05949.png,Mantas nori skaityti žemėlapį.
Datasets/Real_Handwriting/images/form_370_sentence_4.png,Ar Renata mėgsta galvoti?
Datasets/Synthetic_Sentences/images/sentence_11222.png,Gydytojas skaito žemėlapį.
Datasets/Real_Handwriting/images/form_094_sentence_1.png,Mokytojas mėgsta keliauti knygą.
Datasets/Synthetic_Sentences/images/sentence_47967.png,Šiandien katė ilsisi ligoninėje.
Datasets/Synthetic_Sentences/images/sentence_42503.png,Tomas neša dovaną.
Datasets/Synthetic_Sentences/images/sentence_51918.png,Kodėl Marija dirba miške?
Datasets/Synthetic_Sentences/images/sentence_39658.png,Vakar Tomas nešė gėlę.
Datasets/Real_Handwriting/images/form_246_sentence_4.png,Rytoj šuo skaitys žemėlapį.
Datasets/Synthetic_Sentences/images/sentence_27457.png,Studentė gyvena stotyje.
Datasets/Real_Handwriting/images/form_318_sentence_1.png,Mokytojas nori kalbėti žemėlapį.
Datasets/Synthetic_Sentences/images/sentence_30166.png,Mokytojas nenori gerti.
Datasets/Synthetic_Sentences/images/sentence_38255.png,Kur katė dirba?
Datasets/Real_Handwriting/images/form_346_sentence_2.png,Žmogus nori eiti.
Datasets/Synthetic_Sentences/images/sentence_52373.png,Kodėl Tomas dirba sode?
Datasets/Real_Handwriting/images/form_139_sentence_4.png,Katė keliauoja mieste.
Datasets/Synthetic_Sentences/images/sentence_52351.png,"Kristina dirba miške, nes reikia pasiruošti."
Datasets/Synthetic_Sentences/images/sentence_12363.png,Kristina skaito žurnalą.
Datasets/Synthetic_Sentences/images/sentence_18283.png,Mokytojas nori gerti kavą.
Datasets/Real_Handwriting/images/form_177_sentence_3.png,Šiandien jos eina atidžiai.
Datasets/Synthetic_Sentences/images/sentence_06630.png,Atidžiai Eglė mokosi ligoninėje.
Datasets/Synthetic_Sentences/images/sentence_42251.png,Šiandien Laura perka gėlę.
Datasets/Synthetic_Sentences/images/sentence_18327.png,Danielius mėgsta pirkti kavą.
Datasets/Synthetic_Sentences/images/sentence_45278.png,Rytoj berniukas skaitys istoriją.
Datasets/Real_Handwriting/images/form_360_sentence_2.png,Ar Kristina nori piešti?
Datasets/Synthetic_Sentences/images/sentence_50269.png,Mokytoja valgo sriubą.
Datasets/Synthetic_Sentences/images/sentence_05370.png,Rytoj Eglė eis namuose.
Datasets/Synthetic_Sentences/images/sentence_19126.png,Ką vaikas skaito?
Datasets/Real_Handwriting/images/form_024_sentence_5.png,Mes ramiai žaidžia.
Datasets/Real_Handwriting/images/form_480_sentence_2.png,Šeima žaidžia ežero pakrantėje.
Datasets/Synthetic_Sentences/images/sentence_37926.png,Kristina perka arbatą.
Datasets/Synthetic_Sentences/images/sentence_32684.png,Šiandien Laura dirba stotyje.
Datasets/Synthetic_Sentences/images/sentence_52168.png,Žilvinas mėgsta skaityti receptą.
Datasets/Synthetic_Sentences/images/sentence_26776.png,Garsiai studentė mokosi ežero pakrantėje.
Datasets/Synthetic_Sentences/images/sentence_57528.png,Vakar Ingrida nešė dovaną.
Datasets/Synthetic_Sentences/images/sentence_04405.png,"Ingrida dirba mieste, nes reikia pasiruošti."
Datasets/Real_Handwriting/images/form_002_sentence_2.png,Moteris mąsto egzaminą.
Datasets/Real_Handwriting/images/form_246_sentence_2.png,Šiandien Žilvinas dirba ežero pakrantėje.
Datasets/Synthetic_Sentences/images/sentence_37078.png,Vaikas geria sultis.
Datasets/Synthetic_Sentences/images/sentence_39105.png,Šiandien Petras perka dovaną.
Datasets/Synthetic_Sentences/images/sentence_61389.png,Petras skaito tamsų knygą.
Datasets/Real_Handwriting/images/form_506_sentence_5.png,Universiteto studentai žaidžia šachmatais laisvalaikiu.
Datasets/Synthetic_Sentences/images/sentence_60281.png,Greitai vaikas mokosi pievoje anksti ryte.
Datasets/Synthetic_Sentences/images/sentence_13773.png,"Mokytoja mokosi darbe, nes reikia pasiruošti."
Datasets/Synthetic_Sentences/images/sentence_21420.png,Marija nori pirkti arbatą.
Datasets/Synthetic_Sentences/images/sentence_19868.png,Mindaugas perka arbatą.
Datasets/Synthetic_Sentences/images/sentence_51499.png,Gydytojas nori piešti.
Datasets/Synthetic_Sentences/images/sentence_24512.png,Šiandien Laura ilsisi miške.
Datasets/Synthetic_Sentences/images/sentence_60230.png,Ramiai Jurgita ilsisi stotyje.
Datasets/Synthetic_Sentences/images/sentence_52810.png,Gydytojas skaito žemėlapį.
Datasets/Synthetic_Sentences/images/sentence_56908.png,Neringa stengiasi valgyti.
Datasets/Synthetic_Sentences/images/sentence_53675.png,Gydytojas nori rašyti projektą.
Datasets/Real_Handwriting/images/form_019_sentence_1.png,Jūs klauso projektą.
Datasets/Synthetic_Sentences/images/sentence_62039.png,Vaikas skaito greitą laišką.
Datasets/Synthetic_Sentences/images/sentence_24686.png,Greitai Mantas rašo laišką.
Datasets/Real_Handwriting/images/form_313_sentence_4.png,Laura skaito žurnalą.
Datasets/Synthetic_Sentences/images/sentence_67383.png,Gydytojas nori valgyti sriubą.
Datasets/Synthetic_Sentences/images/sentence_38108.png,Mindaugas skaito tamsų knygą.
Datasets/Synthetic_Sentences/images/sentence_12666.png,Katė pradeda sportuoti.
Datasets/Real_Handwriting/images/form_077_sentence_1.png,Ar jos bėga?
Datasets/Synthetic_Sentences/images/sentence_05957.png,Atidžiai Mantas mokosi mokykloje.
Datasets/Synthetic_Sentences/images/sentence_39947.png,Neringa geria sultis.
Datasets/Real_Handwriting/images/form_349_sentence_3.png,Mergaitė geria sultis.
Datasets/Synthetic_Sentences/images/sentence_11469.png,Petras perka dovaną.
Datasets/Real_Handwriting/images/form_184_sentence_1.png,Gydytojai nemėgsta galvoti.
Datasets/Synthetic_Sentences/images/sentence_25483.png,Eglė gyvena namuose.
Datasets/Synthetic_Sentences/images/sentence_63182.png,"Mantas mokosi mieste, nes nori pailsėti."
Datasets/Real_Handwriting/images/form_441_sentence_4.png,Ar vaikas skaito žurnalą?
Datasets/Synthetic_Sentences/images/sentence_04803.png,Petras dirba mokykloje anksti ryte.
Datasets/Synthetic_Sentences/images/sentence_56679.png,Žilvinas rašo laišką.
Datasets/Synthetic_Sentences/images/sentence_02987.png,Džiaugsmingai studentė neša gėlę.
Datasets/Synthetic_Sentences/images/sentence_50208.png,Eglė nori gerti arbatą.
Datasets/Real_Handwriting/images/form_053_sentence_5.png,Paukštis dirba žemėlapį bibliotekoje.
Datasets/Synthetic_Sentences/images/sentence_68859.png,Studentas mėgsta pirkti žaislą.
Datasets/Synthetic_Sentences/images/sentence_53066.png,Ką katė skaito?
Datasets/Real_Handwriting/images/form_011_sentence_2.png,Vaikas bijo bėgti muziką.
Datasets/Synthetic_Sentences/images/sentence_38278.png,Mindaugas mėgsta pirkti knygą.
Datasets/Synthetic_Sentences/images/sentence_03257.png,Šiandien Laura dirba mokykloje.
Datasets/Real_Handwriting/images/form_017_sentence_4.png,Mokytojai skaito ir skaito.
Datasets/Real_Handwriting/images/form_197_sentence_2.png,Ar tu šoka?
Datasets/Synthetic_Sentences/images/sentence_33558.png,Ar mergaitė mokosi kalnuose?
Datasets/Synthetic_Sentences/images/sentence_35672.png,Tomas stengiasi dainuoti.
Datasets/Real_Handwriting/images/form_013_sentence_4.png,Gydytojai pradeda miegoti vaisius.
Datasets/Real_Handwriting/images/form_070_sentence_3.png,Studentai verkia ir verkia.
Datasets/Synthetic_Sentences/images/sentence_33821.png,Saulius perka gražų knygą.
Datasets/Synthetic_Sentences/images/sentence_11800.png,Mergaitė gyvena darbe.
Datasets/Synthetic_Sentences/images/sentence_42273.png,"Mokytojas dirba miške, nes tai labai įdomu."
Datasets/Synthetic_Sentences/images/sentence_30571.png,Drąsiai Petras valgo daržoves.
Datasets/Real_Handwriting/images/form_194_sentence_4.png,Šiandien moteris skaito smagiai.
Datasets/Synthetic_Sentences/images/sentence_36421.png,Vakar berniukas skaitė laišką.
Datasets/Synthetic_Sentences/images/sentence_02730.png,Ingrida dirba paplūdimyje.
Datasets/Real_Handwriting/images/form_255_sentence_1.png,Atidžiai Gintaras ilsisi kalnuose.
Datasets/Synthetic_Sentences/images/sentence_01042.png,Džiaugsmingai Tomas neša gėlę.
Datasets/Real_Handwriting/images/form_277_sentence_2.png,Šuo geria pieną.
Datasets/Synthetic_Sentences/images/sentence_08196.png,Eglė mėgsta galvoti.
Datasets/Synthetic_Sentences/images/sentence_15224.png,Vakar Žilvinas dirbo mokykloje.
Datasets/Synthetic_Sentences/images/sentence_21925.png,Neringa gyvena upės pakrantėje.
Datasets/Synthetic_Sentences/images/sentence_60608.png,Kristina bando važiuoti.
Datasets/Synthetic_Sentences/images/sentence_66974.png,Ingrida nori plaukti.
Datasets/Synthetic_Sentences/images/sentence_26312.png,Rytoj Eglė eis ežero pakrantėje.
Datasets/Synthetic_Sentences/images/sentence_66717.png,Žilvinas sportuoja parke.
Datasets/Synthetic_Sentences/images/sentence_38526.png,Džiaugsmingai Žilvinas skaito istoriją.
Datasets/Synthetic_Sentences/images/sentence_48079.png,Mielai mergaitė perka dovaną.
Datasets/Synthetic_Sentences/images/sentence_08047.png,Mokytoja sportuoja upės pakrantėje.
Datasets/Real_Handwriting/images/form_338_sentence_1.png,Žilvinas sportuoja stotyje.
Datasets/Synthetic_Sentences/images/sentence_22363.png,Mokytojas skaito lėtą laišką.
Datasets/Real_Handwriting/images/form_397_sentence_3.png,Studentė nori tvarkytis.
Datasets/Synthetic_Sentences/images/sentence_40167.png,Vakar Gintaras nešė žaislą.
Datasets/Real_Handwriting/images/form_233_sentence_3.png,Vakar vaikas skaitė receptą.
Datasets/Synthetic_Sentences/images/sentence_07245.png,Rūpestingai Kristina ilsisi paplūdimyje.
Datasets/Real_Handwriting/images/form_190_sentence_4.png,Mes valgo namuose ir bibliotekoje.
Datasets/Synthetic_Sentences/images/sentence_33023.png,Tyliai gydytojas mokosi miške.
Datasets/Real_Handwriting/images/form_010_sentence_2.png,Šiandien vaikai ilsisi greitai.
Datasets/Synthetic_Sentences/images/sentence_05923.png,Katė nori gerti kavą.
Datasets/Synthetic_Sentences/images/sentence_11680.png,Rūpestingai Eglė dirba mokykloje.
Datasets/Real_Handwriting/images/form_077_sentence_2.png,Vyrai baigia kalbėti.
Datasets/Synthetic_Sentences/images/sentence_12644.png,Ar Neringa nori tvarkytis?
Datasets/Synthetic_Sentences/images/sentence_43247.png,Vaikas bando kalbėti.
Datasets/Synthetic_Sentences/images/sentence_08671.png,Gydytojas nori gerti sultis.
Datasets/Synthetic_Sentences/images/sentence_37949.png,Žilvinas nori skaityti receptą.
Datasets/Synthetic_Sentences/images/sentence_18449.png,Mokytoja pradeda žaisti.
Datasets/Synthetic_Sentences/images/sentence_06153.png,Mantas perka šiltą gėlę.
Datasets/Synthetic_Sentences/images/sentence_31111.png,Mergaitė žaidžia parke.
Datasets/Real_Handwriting/images/form_201_sentence_4.png,Paukštis skaito žurnalą.
Datasets/Synthetic_Sentences/images/sentence_40751.png,Ar Ingrida skaito žemėlapį?
Datasets/Synthetic_Sentences/images/sentence_60857.png,Mielai Neringa valgo obuolį.
Datasets/Real_Handwriting/images/form_365_sentence_1.png,Gintaras skaito laišką.
Datasets/Synthetic_Sentences/images/sentence_67507.png,Petras renka grybus.
Datasets/Real_Handwriting/images/form_373_sentence_4.png,Šiandien Danielius ilsisi stadione.
Datasets/Synthetic_Sentences/images/sentence_07219.png,Kruopščiai mergaitė skaito knygą.
Datasets/Real_Handwriting/images/form_185_sentence_4.png,Šuo kalba ir kalba.
Datasets/Synthetic_Sentences/images/sentence_66173.png,Marija žaidžia upės pakrantėje.
Datasets/Real_Handwriting/images/form_348_sentence_4.png,Petras dirba mieste.
Datasets/Real_Handwriting/images/form_352_sentence_1.png,Eglė dirba darbe.
Datasets/Synthetic_Sentences/images/sentence_20001.png,Kristina renka gėles.
Datasets/Synthetic_Sentences/images/sentence_19702.png,Renata neša dovaną.
Datasets/Real_Handwriting/images/form_247_sentence_4.png,Petras gyvena ligoninėje.
Datasets/Synthetic_Sentences/images/sentence_37398.png,Ar studentė dirba parke?
Datasets/Synthetic_Sentences/images/sentence_55167.png,Ką mergaitė skaito?
Datasets/Synthetic_Sentences/images/sentence_63037.png,Eglė nori valgyti sriubą.
Datasets/Synthetic_Sentences/images/sentence_31340.png,Saulius nori pirkti žaislą.
Datasets/Synthetic_Sentences/images/sentence_25235.png,Šuo neša dovaną.
Datasets/Real_Handwriting/images/form_371_sentence_5.png,Cecilija čiuožia ant ledo.
Datasets/Synthetic_Sentences/images/sentence_63435.png,Lėtai Jurgita skaito žurnalą.
Datasets/Real_Handwriting/images/form_278_sentence_3.png,Ar Mantas mėgsta skaityti?
Datasets/Real_Handwriting/images/form_092_sentence_1.png,Retai katė valgo egzaminą.
Datasets/Synthetic_Sentences/images/sentence_22407.png,Džiaugsmingai Jurgita skaito laišką kavinėje.
Datasets/Synthetic_Sentences/images/sentence_20674.png,Garsiai Mantas ilsisi mieste.
Datasets/Synthetic_Sentences/images/sentence_14658.png,Gintaras valgo obuolį.
Datasets/Real_Handwriting/images/form_509_sentence_1.png,Žmogus rašo laišką.
Datasets/Synthetic_Sentences/images/sentence_17587.png,Marija nenori tvarkytis.
Datasets/Synthetic_Sentences/images/sentence_17167.png,"Kristina dirba sode, nes tai labai įdomu."
Datasets/Real_Handwriting/images/form_405_sentence_1.png,Studentė bando mokytis.
Datasets/Synthetic_Sentences/images/sentence_09793.png,Petras gyvena stotyje.
Datasets/Synthetic_Sentences/images/sentence_66138.png,Renata perka lėtą žaislą.
Datasets/Synthetic_Sentences/images/sentence_34870.png,Ingrida nenori žaisti.
Datasets/Synthetic_Sentences/images/sentence_15553.png,Mantas neskaito žurnalą.
Datasets/Synthetic_Sentences/images/sentence_67928.png,Šuo nori gerti kavą.
Datasets/Synthetic_Sentences/images/sentence_28003.png,Marija valgo obuolį.
Datasets/Synthetic_Sentences/images/sentence_16996.png,Greitai Petras valgo duoną.
Datasets/Synthetic_Sentences/images/sentence_10318.png,Vaikas perka naują gėlę.
Datasets/Synthetic_Sentences/images/sentence_39201.png,Jurgita mėgsta rašyti.
Datasets/Synthetic_Sentences/images/sentence_58872.png,Rytoj Eglė skaitys žemėlapį.
Datasets/Synthetic_Sentences/images/sentence_01032.png,Vaikas nenori mokytis.
Datasets/Synthetic_Sentences/images/sentence_01036.png,Saulius pradeda rašyti.
Datasets/Synthetic_Sentences/images/sentence_06932.png,Rytoj Ingrida skaitys knygą.
Datasets/Synthetic_Sentences/images/sentence_07101.png,Danielius dirba upės pakrantėje anksti ryte.
Datasets/Synthetic_Sentences/images/sentence_30702.png,Eglė nenori šokti.
Datasets/Real_Handwriting/images/form_271_sentence_5.png,Kavinėje kvepėjo kava ir cinamonu.
Datasets/Synthetic_Sentences/images/sentence_39726.png,Šiandien Gintaras perka duoną.
Datasets/Real_Handwriting/images/form_346_sentence_1.png,Gintaras sportuoja mieste.
Datasets/Real_Handwriting/images/form_079_sentence_3.png,Draugas mokosi užduotį kavinėje.
Datasets/Synthetic_Sentences/images/sentence_02828.png,Ar Laura nori dainuoti?
Datasets/Real_Handwriting/images/form_198_sentence_5.png,Ar tu žiūri?
Datasets/Real_Handwriting/images/form_388_sentence_1.png,Ar šeima skaito istoriją?
Datasets/Synthetic_Sentences/images/sentence_38651.png,Tyliai vaikas mokosi stadione po pietų.
Datasets/Synthetic_Sentences/images/sentence_18323.png,Garsiai mokytojas mokosi kalnuose naktį.
Datasets/Synthetic_Sentences/images/sentence_43214.png,Mokytoja stengiasi ilsėtis.
Datasets/Synthetic_Sentences/images/sentence_12886.png,Ar mergaitė mėgsta piešti?
Datasets/Synthetic_Sentences/images/sentence_36131.png,Neringa bando važiuoti.
Datasets/Synthetic_Sentences/images/sentence_48188.png,Berniukas renka akmenis.
Datasets/Synthetic_Sentences/images/sentence_68893.png,Eglė dirba upės pakrantėje vėlai vakare.
Datasets/Synthetic_Sentences/images/sentence_04767.png,Studentas mokosi miške.
Datasets/Real_Handwriting/images/form_282_sentence_4.png,Vakar Jonas dirbo paplūdimyje.
Datasets/Real_Handwriting/images/form_361_sentence_1.png,Danielius mokosi stotyje.
Datasets/Synthetic_Sentences/images/sentence_41162.png,Berniukas nori sportuoti.
Datasets/Real_Handwriting/images/form_416_sentence_5.png,Vaikai atbėga iš aikštės.
Datasets/Synthetic_Sentences/images/sentence_36955.png,Džiaugsmingai Petras valgo vaisius.
Datasets/Synthetic_Sentences/images/sentence_59476.png,Rytoj gydytojas eis kavinėje.
Datasets/Synthetic_Sentences/images/sentence_62588.png,Vakar Ingrida skaitė istoriją.
Datasets/Real_Handwriting/images/form_477_sentence_4.png,Mergaitė valgo košę.
Datasets/Synthetic_Sentences/images/sentence_44695.png,Saulius nedirba mokykloje.
Datasets/Synthetic_Sentences/images/sentence_55568.png,Ką Saulius skaito?
Datasets/Synthetic_Sentences/images/sentence_49594.png,Parke vaikai žaidžia iki vakaro.
Datasets/Synthetic_Sentences/images/sentence_15214.png,Ramiai Jurgita valgo daržoves.
Datasets/Real_Handwriting/images/form_493_sentence_2.png,Šuo perka žaislą.
Datasets/Synthetic_Sentences/images/sentence_38325.png,Ar Kristina mėgsta dirbti?
Datasets/Synthetic_Sentences/images/sentence_18394.png,Jonas nori pirkti duoną.
Datasets/Synthetic_Sentences/images/sentence_12667.png,Šiandien studentė mokosi kaime.
Datasets/Real_Handwriting/images/form_414_sentence_1.png,Garsiai katė rašo laišką.
Datasets/Real_Handwriting/images/form_147_sentence_1.png,Šuo skuba ir skuba.
Datasets/Real_Handwriting/images/form_126_sentence_3.png,Katė rašo užduotį bibliotekoje.
Datasets/Synthetic_Sentences/images/sentence_13989.png,Ar Mantas skaito laišką?
Datasets/Real_Handwriting/images/form_166_sentence_1.png,Jis labai šiandien juokiasi.
Datasets/Real_Handwriting/images/form_310_sentence_3.png,Studentas bando tvarkytis.
Datasets/Real_Handwriting/images/form_439_sentence_3.png,Katė būna stotyje.
Datasets/Synthetic_Sentences/images/sentence_58359.png,Studentas neša knygą.
Datasets/Synthetic_Sentences/images/sentence_62215.png,Žilvinas žaidžia miške.
Datasets/Real_Handwriting/images/form_392_sentence_3.png,Mindaugas lankosi namuose.
Datasets/Synthetic_Sentences/images/sentence_09038.png,Vakar Ingrida dirbo kavinėje.
Datasets/Real_Handwriting/images/form_199_sentence_3.png,Tu verkia knygą.
Datasets/Synthetic_Sentences/images/sentence_56072.png,Šiandien mokytoja ilsisi mokykloje.
Datasets/Synthetic_Sentences/images/sentence_48210.png,Ar Jonas mėgsta kalbėti?
Datasets/Real_Handwriting/images/form_349_sentence_4.png,Renata bando bėgti.
Datasets/Synthetic_Sentences/images/sentence_57405.png,Ingrida gyvena stotyje.
Datasets/Real_Handwriting/images/form_230_sentence_2.png,Vakar Mantas dirbo stadione.
Datasets/Synthetic_Sentences/images/sentence_59190.png,Neringa perka žaislą.
Datasets/Synthetic_Sentences/images/sentence_14186.png,Berniukas bando dainuoti.
Datasets/Synthetic_Sentences/images/sentence_35837.png,Jurgita bando sportuoti.
Datasets/Synthetic_Sentences/images/sentence_42815.png,Rytoj studentas skaitys knygą.
Datasets/Synthetic_Sentences/images/sentence_08573.png,Ar Mantas mokosi kavinėje?
Datasets/Real_Handwriting/images/form_059_sentence_4.png,Vyrai stengiasi dirbti receptą.
Datasets/Real_Handwriting/images/form_191_sentence_2.png,Gydytojai klauso ir klauso.
Datasets/Real_Handwriting/images/form_131_sentence_1.png,Jis labai šiandien šoka.
Datasets/Synthetic_Sentences/images/sentence_22520.png,"Jurgita mokosi mieste, nes nori pailsėti."
Datasets/Synthetic_Sentences/images/sentence_56574.png,Jonas neša knygą.
Datasets/Synthetic_Sentences/images/sentence_24449.png,Jurgita neskaito laišką.
Datasets/Synthetic_Sentences/images/sentence_30009.png,Rūpestingai gydytojas mokosi kavinėje.
Datasets/Synthetic_Sentences/images/sentence_68120.png,Renata sportuoja kaime.
Datasets/Real_Handwriting/images/form_397_sentence_1.png,Drąsiai Renata dirba stadione.
Datasets/Real_Handwriting/images/form_150_sentence_1.png,Šiandien aš klauso kartu.
Datasets/Synthetic_Sentences/images/sentence_19453.png,Studentė nori valgyti duoną.
Datasets/Synthetic_Sentences/images/sentence_53665.png,Mantas nori valgyti sriubą.
Datasets/Synthetic_Sentences/images/sentence_16706.png,Šuo mėgsta gerti sultis.
Datasets/Synthetic_Sentences/images/sentence_09857.png,Šuo žaidžia kalnuose.
Datasets/Synthetic_Sentences/images/sentence_20770.png,Kruopščiai Gintaras ilsisi miške.
Datasets/Real_Handwriting/images/form_424_sentence_1.png,Šiandien Gintaras dirba ežero pakrantėje.
Datasets/Synthetic_Sentences/images/sentence_43554.png,Garsiai Kristina mokosi parke.
Datasets/Synthetic_Sentences/images/sentence_49983.png,Gintaras ilsisi namuose.
Datasets/Synthetic_Sentences/images/sentence_46540.png,Ingrida neskaito knygą.
Datasets/Synthetic_Sentences/images/sentence_62811.png,Rūpestingai Mindaugas rašo projektą.
Datasets/Real_Handwriting/images/form_042_sentence_2.png,Mes klauso ir klauso.
Datasets/Synthetic_Sentences/images/sentence_44914.png,"Šuo dirba ligoninėje, nes nori pailsėti."
Datasets/Real_Handwriting/images/form_060_sentence_2.png,Moteris labai blogai skuba.
Datasets/Synthetic_Sentences/images/sentence_49777.png,"Žilvinas nori piešti, nes nes jam patinka."
Datasets/Synthetic_Sentences/images/sentence_42502.png,Rūpestingai katė mokosi sode naktį.
Datasets/Synthetic_Sentences/images/sentence_46691.png,Renata perka kavą.
Datasets/Synthetic_Sentences/images/sentence_29423.png,Jonas žaidžia miške.
Datasets/Synthetic_Sentences/images/sentence_38374.png,Marija nedirba stadione.
Datasets/Synthetic_Sentences/images/sentence_56053.png,Katė renka vaisius.
Datasets/Synthetic_Sentences/images/sentence_54216.png,Kruopščiai vaikas neša žaislą.
Datasets/Real_Handwriting/images/form_073_sentence_5.png,Ji tyliai valgo.
Datasets/Synthetic_Sentences/images/sentence_31213.png,Tomas dirba namuose ir skaito istoriją.
Datasets/Synthetic_Sentences/images/sentence_34585.png,Mokytojas mėgsta valgyti vaisius.
Datasets/Real_Handwriting/images/form_127_sentence_3.png,Aš šypsosi bibliotekoje ir kaime.
Datasets/Synthetic_Sentences/images/sentence_32337.png,Eglė gyvena sode.
Datasets/Real_Handwriting/images/form_115_sentence_5.png,Jūs pradeda šokti daržoves.
Datasets/Real_Handwriting/images/form_388_sentence_3.png,Greitai Petras dirba bibliotekoje.
Datasets/Synthetic_Sentences/images/sentence_41064.png,Danielius neša žaislą.
Datasets/Synthetic_Sentences/images/sentence_40007.png,Kodėl studentė dirba mokykloje?
Datasets/Synthetic_Sentences/images/sentence_26210.png,Laura mokosi paplūdimyje.
Datasets/Synthetic_Sentences/images/sentence_30519.png,Mantas mėgsta pirkti kavą.
Datasets/Real_Handwriting/images/form_475_sentence_2.png,Šeima mokosi stadione.
Datasets/Synthetic_Sentences/images/sentence_35130.png,Švelniai Marija rašo istoriją.
Datasets/Synthetic_Sentences/images/sentence_19206.png,Ar Gintaras mokosi upės pakrantėje?
Datasets/Real_Handwriting/images/form_076_sentence_4.png,Šiandien gydytojas mokosi kruopščiai.
Datasets/Synthetic_Sentences/images/sentence_47915.png,Studentas perka kavą.
Datasets/Synthetic_Sentences/images/sentence_47114.png,Mindaugas lankosi paplūdimyje.
Datasets/Synthetic_Sentences/images/sentence_46538.png,"Studentė mokosi darbe, nes reikia pasiruošti."
Datasets/Synthetic_Sentences/images/sentence_20719.png,Mielai šuo valgo sriubą.
Datasets/Synthetic_Sentences/images/sentence_56212.png,Petras mėgsta pirkti gėlę.
Datasets/Synthetic_Sentences/images/sentence_03299.png,Ingrida gyvena stadione.
Datasets/Synthetic_Sentences/images/sentence_11695.png,Atidžiai Rasa mokosi bibliotekoje.
Datasets/Synthetic_Sentences/images/sentence_61875.png,Mielai Laura perka arbatą.
Datasets/Synthetic_Sentences/images/sentence_66105.png,Vakar Kristina dirbo mieste.
Datasets/Synthetic_Sentences/images/sentence_62720.png,Marija neša krepšį.
Datasets/Synthetic_Sentences/images/sentence_20862.png,Ar mergaitė skaito žurnalą?
Datasets/Synthetic_Sentences/images/sentence_02892.png,Jurgita stengiasi ilsėtis.
Datasets/Real_Handwriting/images/form_423_sentence_1.png,Katė mėgsta dirbti.
Datasets/Real_Handwriting/images/form_013_sentence_5.png,Vyras keliauoja filmą.
Datasets/Synthetic_Sentences/images/sentence_44691.png,Šiandien gydytojas mokosi miške.
Datasets/Synthetic_Sentences/images/sentence_19130.png,"Mergaitė dirba kavinėje, nes nori pailsėti."
Datasets/Synthetic_Sentences/images/sentence_28272.png,Mindaugas skaito žemėlapį.
Datasets/Real_Handwriting/images/form_257_sentence_2.png,Ar vaikas mėgsta ilsėtis?
Datasets/Synthetic_Sentences/images/sentence_12458.png,Šiandien Jurgita dirba kavinėje.
Datasets/Synthetic_Sentences/images/sentence_26155.png,Rūpestingai Ingrida mokosi miške.
Datasets/Synthetic_Sentences/images/sentence_49308.png,Ingrida sportuoja ligoninėje.
Datasets/Synthetic_Sentences/images/sentence_09005.png,"Mantas nori ilsėtis, nes nes nori pailsėti."
Datasets/Synthetic_Sentences/images/sentence_38114.png,Jonas mokosi mieste.
Datasets/Synthetic_Sentences/images/sentence_53598.png,Vakar katė dirbo darbe.
Datasets/Synthetic_Sentences/images/sentence_05829.png,Švelniai Renata valgo obuolį.
Datasets/Synthetic_Sentences/images/sentence_11542.png,Švelniai Tomas ilsisi mokykloje.
Datasets/Synthetic_Sentences/images/sentence_22757.png,Laura mėgsta sportuoti.
Datasets/Real_Handwriting/images/form_374_sentence_2.png,Atidžiai studentas ilsisi kavinėje.
Datasets/Real_Handwriting/images/form_331_sentence_4.png,Ar paukštis mėgsta dainuoti?
Datasets/Synthetic_Sentences/images/sentence_48397.png,Ingrida valgo duoną.
Datasets/Synthetic_Sentences/images/sentence_02248.png,Laura nori pirkti dovaną.
Datasets/Synthetic_Sentences/images/sentence_62476.png,Petras žaidžia ligoninėje.
Datasets/Synthetic_Sentences/images/sentence_36337.png,Ar Renata skaito žemėlapį?
Datasets/Synthetic_Sentences/images/sentence_27250.png,Šiandien gydytojas ilsisi upės pakrantėje.
Datasets/Synthetic_Sentences/images/sentence_34061.png,Atidžiai mokytojas skaito knygą miške.
Datasets/Synthetic_Sentences/images/sentence_61861.png,Tyliai Danielius dirba stadione.
Datasets/Synthetic_Sentences/images/sentence_10875.png,Vakar berniukas nešė knygą.
Datasets/Synthetic_Sentences/images/sentence_05357.png,Rūpestingai Danielius neša dovaną.
Datasets/Synthetic_Sentences/images/sentence_28712.png,"Renata mokosi parke, bet nori važiuoti."
Datasets/Synthetic_Sentences/images/sentence_23418.png,Kur Petras dirba?
Datasets/Synthetic_Sentences/images/sentence_15065.png,Gintaras rašo žemėlapį.
Datasets/Synthetic_Sentences/images/sentence_18629.png,Šuo mėgsta skaityti istoriją.
Datasets/Real_Handwriting/images/form_485_sentence_1.png,Rūpestingai Petras perka arbatą.
Datasets/Synthetic_Sentences/images/sentence_47123.png,Katė sportuoja ligoninėje.
Datasets/Real_Handwriting/images/form_008_sentence_5.png,Katė mokosi paveikslą sode.
Datasets/Synthetic_Sentences/images/sentence_03742.png,Ramiai Jonas dirba upės pakrantėje.
Datasets/Real_Handwriting/images/form_495_sentence_3.png,Kristina nori piešti dovaną.
Datasets/Synthetic_Sentences/images/sentence_50022.png,Mergaitė gyvena mokykloje.
Datasets/Synthetic_Sentences/images/sentence_43431.png,Kristina pradeda keliauti.
Datasets/Synthetic_Sentences/images/sentence_61599.png,Žilvinas nori rašyti laišką.
Datasets/Synthetic_Sentences/images/sentence_50466.png,Mantas mėgsta sportuoti.
Datasets/Synthetic_Sentences/images/sentence_32543.png,Šiandien Danielius dirba namuose.
Datasets/Synthetic_Sentences/images/sentence_59764.png,Mokytoja neša krepšį.
Datasets/Real_Handwriting/images/form_336_sentence_3.png,Žmogus valgo vaisius.
Datasets/Synthetic_Sentences/images/sentence_02642.png,Rytoj Saulius eis paplūdimyje.
Datasets/Synthetic_Sentences/images/sentence_13341.png,Ar Gintaras nori dainuoti?
Datasets/Synthetic_Sentences/images/sentence_07642.png,Studentė rašo žemėlapį.
Datasets/Synthetic_Sentences/images/sentence_42470.png,Mindaugas žaidžia mokykloje.
Datasets/Synthetic_Sentences/images/sentence_46318.png,Danielius gyvena mokykloje.
Datasets/Synthetic_Sentences/images/sentence_39466.png,Rytoj Mindaugas skaitys žemėlapį.
Datasets/Synthetic_Sentences/images/sentence_46509.png,Gydytojas mėgsta važiuoti.
Datasets/Real_Handwriting/images/form_316_sentence_3.png,Žilvinas ilsisi kaime.
Datasets/Synthetic_Sentences/images/sentence_67540.png,Ar katė mokosi miške?
Datasets/Synthetic_Sentences/images/sentence_37808.png,Neringa mėgsta valgyti duoną.
Datasets/Real_Handwriting/images/form_297_sentence_4.png,Vakar Marija skaitė istoriją.
Datasets/Synthetic_Sentences/images/sentence_24945.png,Lėtai Neringa ilsisi kaime.
Datasets/Synthetic_Sentences/images/sentence_57122.png,Rasa mėgsta gerti kavą.
Datasets/Real_Handwriting/images/form_425_sentence_5.png,Ją labai džiugino jaukūs namai.
Datasets/Synthetic_Sentences/images/sentence_25902.png,Renata rašo žemėlapį.
Datasets/Synthetic_Sentences/images/sentence_42607.png,Kristina dirba stadione naktį.
Datasets/Real_Handwriting/images/form_282_sentence_5.png,Cukrų ir cinamoną dedame į pyragą.
Datasets/Real_Handwriting/images/form_466_sentence_4.png,Rasa rašo užduotį.
Datasets/Synthetic_Sentences/images/sentence_45602.png,"Katė mokosi ligoninėje, nes nori pailsėti."
Datasets/Real_Handwriting/images/form_368_sentence_5.png,Kavinėje kvepėjo kava ir cinamonu.
Datasets/Real_Handwriting/images/form_021_sentence_1.png,Gydytojai klauso ir klauso.
Datasets/Real_Handwriting/images/form_008_sentence_2.png,Paukštis mokosi receptą.
Datasets/Real_Handwriting/images/form_156_sentence_3.png,Studentai šoka istoriją kavinėje.
Datasets/Synthetic_Sentences/images/sentence_56990.png,Ar Mindaugas skaito žurnalą?
Datasets/Synthetic_Sentences/images/sentence_01860.png,Mantas mokosi sode naktį.
Datasets/Synthetic_Sentences/images/sentence_03528.png,Katė rašo žemėlapį.
Datasets/Real_Handwriting/images/form_288_sentence_4.png,Rūpestingai Kristina skaito receptą.
Datasets/Real_Handwriting/images/form_367_sentence_4.png,Šuo bando groti.
Datasets/Synthetic_Sentences/images/sentence_08446.png,Ingrida neskaito laišką.
Datasets/Real_Handwriting/images/form_075_sentence_4.png,Jūs baigia skubėti.
Datasets/Synthetic_Sentences/images/sentence_10063.png,Žilvinas nori rašyti receptą.
Datasets/Synthetic_Sentences/images/sentence_64434.png,Ar Mantas mokosi kavinėje?
Datasets/Real_Handwriting/images/form_396_sentence_3.png,Šiandien berniukas skaito receptą.
Datasets/Synthetic_Sentences/images/sentence_65890.png,Vaikas nori pirkti žaislą.
Datasets/Real_Handwriting/images/form_220_sentence_1.png,Rytoj vaikas eis pievoje.
Datasets/Synthetic_Sentences/images/sentence_48922.png,Jonas renka akmenis.
Datasets/Synthetic_Sentences/images/sentence_17960.png,Mantas perka kavą.
Datasets/Synthetic_Sentences/images/sentence_06835.png,Mergaitė perka žaislą.
Datasets/Synthetic_Sentences/images/sentence_35419.png,Greitai Petras skaito žemėlapį namuose.
Datasets/Synthetic_Sentences/images/sentence_49840.png,Laura ilsisi stadione.
Datasets/Synthetic_Sentences/images/sentence_15826.png,Kur Saulius dirba?
Datasets/Real_Handwriting/images/form_508_sentence_2.png,Gintaras ilsisi ežero pakrantėje.
Datasets/Synthetic_Sentences/images/sentence_45128.png,Petras sportuoja kalnuose.
Datasets/Real_Handwriting/images/form_500_sentence_4.png,Hibiskusas žydi ryškiomis rožinėmis žiedais.
Datasets/Synthetic_Sentences/images/sentence_56788.png,Gydytojas lankosi parke.
Datasets/Real_Handwriting/images/form_168_sentence_4.png,Mergaitė šoka namuose ir kaime.
Datasets/Real_Handwriting/images/form_405_sentence_5.png,Cecilija čiuožia ant ledo.
Datasets/Real_Handwriting/images/form_429_sentence_5.png,Universiteto studentai žaidžia šachmatais laisvalaikiu.
Datasets/Real_Handwriting/images/form_467_sentence_4.png,Studentas renka gėles.
Datasets/Synthetic_Sentences/images/sentence_42479.png,Vakar studentė nešė knygą.
Datasets/Synthetic_Sentences/images/sentence_63280.png,Neringa gyvena pievoje.
Datasets/Real_Handwriting/images/form_411_sentence_5.png,Universiteto studentai žaidžia šachmatais laisvalaikiu.
Datasets/Real_Handwriting/images/form_300_sentence_5.png,Čiurlionį menininkai laiko išskirtiniu kūrėju.
Datasets/Synthetic_Sentences/images/sentence_35698.png,Studentas mėgsta skaityti žemėlapį.
Datasets/Real_Handwriting/images/form_018_sentence_2.png,Jis galvoja paveikslą.
Datasets/Real_Handwriting/images/form_386_sentence_1.png,Džiaugsmingai šeima valgo duoną.
Datasets/Real_Handwriting/images/form_030_sentence_2.png,Mokytojai mėgsta dainuoti.
Datasets/Synthetic_Sentences/images/sentence_48966.png,Studentė nori pirkti arbatą.
Datasets/Synthetic_Sentences/images/sentence_60042.png,Kur Jonas dirba?
Datasets/Real_Handwriting/images/form_147_sentence_3.png,Draugas nori miegoti žaidimą.
Datasets/Synthetic_Sentences/images/sentence_66824.png,Petras perka gražų žaislą.
Datasets/Real_Handwriting/images/form_283_sentence_3.png,Atidžiai Ingrida valgo vaisius.
Datasets/Synthetic_Sentences/images/sentence_13406.png,Mergaitė nori gerti pieną.
Datasets/Synthetic_Sentences/images/sentence_56847.png,Katė skaito nuobodų laišką.
Datasets/Synthetic_Sentences/images/sentence_22796.png,Vakar Žilvinas dirbo paplūdimyje.
Datasets/Synthetic_Sentences/images/sentence_11064.png,Ingrida nori dirbti.
Datasets/Synthetic_Sentences/images/sentence_15426.png,Šiandien gydytojas perka knygą.
Datasets/Real_Handwriting/images/form_134_sentence_1.png,Mes nemėgsta skaityti.
Datasets/Real_Handwriting/images/form_013_sentence_1.png,Šuo valgo projektą.
Datasets/Real_Handwriting/images/form_236_sentence_4.png,Vakar Marija dirbo ligoninėje.
Datasets/Real_Handwriting/images/form_226_sentence_1.png,Vakar Gintaras dirbo namuose.
Datasets/Synthetic_Sentences/images/sentence_36853.png,Šiandien Petras ilsisi upės pakrantėje.
Datasets/Synthetic_Sentences/images/sentence_63809.png,Ar gydytojas mokosi ligoninėje?
Datasets/Synthetic_Sentences/images/sentence_21608.png,Mergaitė neša laišką.
Datasets/Synthetic_Sentences/images/sentence_36956.png,"Neringa dirba darbe, nes reikia pasiruošti."
Datasets/Synthetic_Sentences/images/sentence_02824.png,Švelniai studentė dirba kaime.
Datasets/Synthetic_Sentences/images/sentence_27179.png,Rasa nenori dainuoti.
Datasets/Synthetic_Sentences/images/sentence_29641.png,Studentas skaito laišką.
Datasets/Synthetic_Sentences/images/sentence_59073.png,Neringa nori pirkti gėlę.
Datasets/Synthetic_Sentences/images/sentence_22288.png,Šiandien Rasa mokosi parke.
Datasets/Real_Handwriting/images/form_149_sentence_5.png,Kruopščiai jūs tvarkosi vaisius.
Datasets/Synthetic_Sentences/images/sentence_48104.png,Marija gyvena ežero pakrantėje.
Datasets/Synthetic_Sentences/images/sentence_46952.png,Gintaras renka daržoves.
Datasets/Synthetic_Sentences/images/sentence_59393.png,Ramiai mokytoja ilsisi pievoje.
Datasets/Synthetic_Sentences/images/sentence_16036.png,Vakar Tomas dirbo parke.
Datasets/Synthetic_Sentences/images/sentence_35116.png,Laura mėgsta skaityti istoriją.
Datasets/Real_Handwriting/images/form_108_sentence_3.png,Ji rašo stadione ir stotyje.
Datasets/Synthetic_Sentences/images/sentence_42695.png,Šiandien Gintaras dirba darbe.
Datasets/Real_Handwriting/images/form_477_sentence_3.png,Jonas renka grybus.
Datasets/Synthetic_Sentences/images/sentence_40557.png,Danielius mėgsta skaityti receptą.
Datasets/Real_Handwriting/images/form_492_sentence_3.png,Eglė renka obuolius.
Datasets/Synthetic_Sentences/images/sentence_17663.png,Saulius mėgsta skaityti knygą.
Datasets/Synthetic_Sentences/images/sentence_22406.png,Ar Rasa skaito laišką?
Datasets/Synthetic_Sentences/images/sentence_66528.png,Mielai mokytojas valgo vaisius.
Datasets/Real_Handwriting/images/form_355_sentence_4.png,Saulius nori bėgti receptą.
Datasets/Synthetic_Sentences/images/sentence_02096.png,Mergaitė nenori žaisti.
Datasets/Synthetic_Sentences/images/sentence_68614.png,Šiandien Danielius dirba pievoje.
Datasets/Synthetic_Sentences/images/sentence_61912.png,Ar Tomas dirba mieste?
Datasets/Real_Handwriting/images/form_182_sentence_3.png,Draugas dainuoja ir dainuoja.
Datasets/Real_Handwriting/images/form_232_sentence_4.png,Šeima ilsisi miške.
Datasets/Real_Handwriting/images/form_048_sentence_1.png,Vaikas labai atidžiai skuba.
Datasets/Synthetic_Sentences/images/sentence_64697.png,Žilvinas mėgsta valgyti daržoves.
Datasets/Synthetic_Sentences/images/sentence_61311.png,Rasa nori gerti vandenį.
Datasets/Real_Handwriting/images/form_310_sentence_1.png,Ramiai Petras ilsisi miške.
Datasets/Real_Handwriting/images/form_245_sentence_2.png,Saulius nori valgyti duoną.
Datasets/Synthetic_Sentences/images/sentence_43520.png,Šuo dirba namuose.
Datasets/Real_Handwriting/images/form_193_sentence_2.png,Kartu ji juokiasi užduotį.
Datasets/Real_Handwriting/images/form_436_sentence_5.png,Universiteto studentai žaidžia šachmatais laisvalaikiu.
Datasets/Synthetic_Sentences/images/sentence_20741.png,Džiaugsmingai Ingrida mokosi namuose.
Datasets/Real_Handwriting/images/form_402_sentence_1.png,Šiandien studentė ilsisi miške.
Datasets/Synthetic_Sentences/images/sentence_55411.png,Mokytojas nori pirkti dovaną.
Datasets/Synthetic_Sentences/images/sentence_14646.png,Danielius nori gerti vandenį.
Datasets/Real_Handwriting/images/form_457_sentence_1.png,Tyliai mergaitė perka gėlę.
Datasets/Real_Handwriting/images/form_274_sentence_2.png,Berniukas nori važiuoti.
Datasets/Synthetic_Sentences/images/sentence_04886.png,"Mergaitė mokosi miške, nes turi daug darbo."
Datasets/Real_Handwriting/images/form_342_sentence_5.png,Cukrų ir cinamoną dedame į pyragą.
Datasets/Synthetic_Sentences/images/sentence_01396.png,Gintaras nori valgyti vaisius.
Datasets/Synthetic_Sentences/images/sentence_46311.png,Studentė mokosi ligoninėje.
Datasets/Real_Handwriting/images/form_401_sentence_2.png,Tyliai Gintaras valgo duoną.
Datasets/Real_Handwriting/images/form_133_sentence_5.png,Ar vyrai skuba?
Datasets/Synthetic_Sentences/images/sentence_50042.png,"Gydytojas mokosi darbe, nes tai labai įdomu."
Datasets/Real_Handwriting/images/form_452_sentence_1.png,Ar šuo dirba kavinėje?
Datasets/Synthetic_Sentences/images/sentence_10048.png,Eglė bando dainuoti.
Datasets/Synthetic_Sentences/images/sentence_38202.png,Ar studentas mokosi stadione?
Datasets/Synthetic_Sentences/images/sentence_46636.png,"Jurgita nori groti, nes nes turi daug darbo."
Datasets/Synthetic_Sentences/images/sentence_14337.png,Mokytojas nedirba upės pakrantėje.
Datasets/Synthetic_Sentences/images/sentence_17579.png,Ar Marija dirba ligoninėje?
Datasets/Synthetic_Sentences/images/sentence_34744.png,Studentė ilsisi namuose.
Datasets/Synthetic_Sentences/images/sentence_03030.png,Mindaugas nedirba stadione.
Datasets/Synthetic_Sentences/images/sentence_24987.png,Šiandien mokytoja dirba mieste.
Datasets/Real_Handwriting/images/form_508_sentence_3.png,Šiandien Saulius dirba kalnuose.
Datasets/Synthetic_Sentences/images/sentence_08025.png,Kodėl mokytojas dirba mieste?
Datasets/Synthetic_Sentences/images/sentence_59811.png,Mokytojas dirba sode.
Datasets/Real_Handwriting/images/form_287_sentence_3.png,Ar Rasa mėgsta galvoti?
Datasets/Synthetic_Sentences/images/sentence_23336.png,"Mokytojas dirba darbe, nes nori pailsėti."
Datasets/Real_Handwriting/images/form_343_sentence_4.png,Studentė stato bokštą.
Datasets/Synthetic_Sentences/images/sentence_32972.png,Jurgita mokosi pievoje.
Datasets/Synthetic_Sentences/images/sentence_29715.png,Ramiai gydytojas mokosi kaime.
Datasets/Synthetic_Sentences/images/sentence_01615.png,Marija perka duoną.
Datasets/Real_Handwriting/images/form_345_sentence_4.png,Ar mokytojas mokosi upės pakrantėje?
Datasets/Real_Handwriting/images/form_311_sentence_3.png,Tyliai Mindaugas mokosi namuose.
Datasets/Synthetic_Sentences/images/sentence_64239.png,Vakar vaikas skaitė žurnalą.
Datasets/Synthetic_Sentences/images/sentence_26410.png,Mindaugas neskaito receptą.
Datasets/Synthetic_Sentences/images/sentence_04779.png,Mokytojas nori skaityti žemėlapį.
Datasets/Synthetic_Sentences/images/sentence_01513.png,Mantas mėgsta skaityti receptą.
Datasets/Real_Handwriting/images/form_320_sentence_4.png,Ar mokytojas mėgsta rašyti?
Datasets/Synthetic_Sentences/images/sentence_55353.png,Mokytojas rašo užduotį.
Datasets/Real_Handwriting/images/form_155_sentence_4.png,Studentai valgo vaisius.
Datasets/Synthetic_Sentences/images/sentence_14325.png,Šuo nori valgyti vaisius.
Datasets/Synthetic_Sentences/images/sentence_38764.png,"Berniukas dirba kaime, nes turi daug darbo."
Datasets/Synthetic_Sentences/images/sentence_04917.png,Ką Mantas skaito?
Datasets/Synthetic_Sentences/images/sentence_09299.png,Mokytojas nori valgyti sriubą.
Datasets/Synthetic_Sentences/images/sentence_49456.png,Ar Eglė skaito knygą?
Datasets/Synthetic_Sentences/images/sentence_05631.png,Vakar mokytoja skaitė žurnalą.
Datasets/Synthetic_Sentences/images/sentence_00084.png,Mindaugas dirba upės pakrantėje.
Datasets/Synthetic_Sentences/images/sentence_33542.png,Jurgita skaito žemėlapį.
Datasets/Synthetic_Sentences/images/sentence_35076.png,Lėtai Eglė skaito istoriją stotyje.
Datasets/Synthetic_Sentences/images/sentence_06702.png,Mokytoja mėgsta valgyti obuolį.
Datasets/Synthetic_Sentences/images/sentence_47771.png,Mergaitė neskaito žurnalą.
Datasets/Synthetic_Sentences/images/sentence_48096.png,Mokytojas mėgsta pirkti žaislą.
Datasets/Synthetic_Sentences/images/sentence_03761.png,Katė dirba sode.
Datasets/Real_Handwriting/images/form_498_sentence_2.png,Rytoj Petras skaitys istoriją.
Datasets/Synthetic_Sentences/images/sentence_66938.png,"Gintaras mokosi parke, bet nori dainuoti."
Datasets/Synthetic_Sentences/images/sentence_59629.png,Garsiai Mantas valgo obuolį.
Datasets/Synthetic_Sentences/images/sentence_62712.png,Šiandien Marija skaito žurnalą.
Datasets/Synthetic_Sentences/images/sentence_15313.png,Kruopščiai šuo mokosi ligoninėje.
Datasets/Real_Handwriting/images/form_016_sentence_3.png,Jūs skuba žemėlapį ligoninėje.
Datasets/Synthetic_Sentences/images/sentence_35608.png,Berniukas nedirba paplūdimyje.
Datasets/Real_Handwriting/images/form_351_sentence_5.png,Cecilija čiuožia ant ledo.
Datasets/Real_Handwriting/images/form_408_sentence_3.png,Greitai Marija dirba paplūdimyje.
Datasets/Synthetic_Sentences/images/sentence_25131.png,Vakar Žilvinas nešė dovaną.
Datasets/Synthetic_Sentences/images/sentence_05583.png,Laura skaito įdomų istoriją.
Datasets/Synthetic_Sentences/images/sentence_29146.png,Jurgita skaito receptą.
Datasets/Real_Handwriting/images/form_085_sentence_3.png,Moterys mąsto užduotį.
Datasets/Synthetic_Sentences/images/sentence_31512.png,Jurgita valgo košę.
Datasets/Real_Handwriting/images/form_335_sentence_1.png,Mokytoja mėgsta skaityti.
Datasets/Synthetic_Sentences/images/sentence_49700.png,Šiandien berniukas dirba sode.
Datasets/Real_Handwriting/images/form_081_sentence_4.png,Paukštis žiūri mokykloje ir bibliotekoje.
Datasets/Real_Handwriting/images/form_339_sentence_4.png,Mantas valgo košę.
Datasets/Synthetic_Sentences/images/sentence_10094.png,Tomas mėgsta valgyti košę.
Datasets/Synthetic_Sentences/images/sentence_41723.png,Vaikas neša gėlę.
Datasets/Synthetic_Sentences/images/sentence_66602.png,Renata mėgsta kalbėti.
Datasets/Real_Handwriting/images/form_185_sentence_1.png,Ji vakar verkia.
Datasets/Synthetic_Sentences/images/sentence_56871.png,Rūpestingai Kristina ilsisi miške.
Datasets/Synthetic_Sentences/images/sentence_46733.png,Danielius renka obuolius.
Datasets/Synthetic_Sentences/images/sentence_29960.png,Mindaugas nori rašyti receptą.
Datasets/Synthetic_Sentences/images/sentence_11493.png,Garsiai berniukas skaito žemėlapį.
Datasets/Synthetic_Sentences/images/sentence_51967.png,Petras nedirba stotyje.
Datasets/Synthetic_Sentences/images/sentence_52467.png,Danielius mokosi stadione vakare.
Datasets/Real_Handwriting/images/form_470_sentence_4.png,Ar šuo mokosi mieste?
Datasets/Synthetic_Sentences/images/sentence_60706.png,Šiandien mokytoja dirba pievoje.
Datasets/Synthetic_Sentences/images/sentence_65782.png,Vakar Gintaras nešė laišką.
Datasets/Synthetic_Sentences/images/sentence_53536.png,Ingrida lankosi parke.
Datasets/Synthetic_Sentences/images/sentence_24835.png,Šiandien mergaitė dirba sode.
Datasets/Synthetic_Sentences/images/sentence_44964.png,Švelniai Petras skaito žemėlapį namuose.
Datasets/Synthetic_Sentences/images/sentence_10940.png,Mokytoja nori pirkti duoną.
Datasets/Synthetic_Sentences/images/sentence_31545.png,Ar mokytoja dirba ežero pakrantėje?
Datasets/Synthetic_Sentences/images/sentence_44604.png,Šiandien Renata dirba ligoninėje.
Datasets/Real_Handwriting/images/form_046_sentence_1.png,Vaikas ramiai ilsisi.
Datasets/Synthetic_Sentences/images/sentence_68035.png,Neringa mokosi mieste.
Datasets/Synthetic_Sentences/images/sentence_38508.png,Kristina mėgsta valgyti obuolį.
Datasets/Synthetic_Sentences/images/sentence_60476.png,Jonas nori valgyti obuolį.
Datasets/Synthetic_Sentences/images/sentence_41623.png,Danielius neskaito knygą.
Datasets/Synthetic_Sentences/images/sentence_04885.png,Atidžiai Jurgita mokosi darbe vėlai vakare.
Datasets/Synthetic_Sentences/images/sentence_12851.png,Laura gyvena stotyje.
Datasets/Synthetic_Sentences/images/sentence_40543.png,Neringa nedirba parke.
Datasets/Real_Handwriting/images/form_242_sentence_5.png,Cukrų ir cinamoną dedame į pyragą.
Datasets/Synthetic_Sentences/images/sentence_09451.png,Ar Rasa nori kalbėti?
Datasets/Synthetic_Sentences/images/sentence_33758.png,Gydytojas dirba sode.
Datasets/Synthetic_Sentences/images/sentence_03140.png,Vakar gydytojas nešė laišką.
Datasets/Synthetic_Sentences/images/sentence_18573.png,Berniukas nori pirkti knygą.
Datasets/Synthetic_Sentences/images/sentence_69616.png,Ramiai Žilvinas skaito laišką.
Datasets/Synthetic_Sentences/images/sentence_15711.png,Danielius pradeda tvarkytis.
Datasets/Synthetic_Sentences/images/sentence_05118.png,Studentė nenori sportuoti.
Datasets/Synthetic_Sentences/images/sentence_50478.png,Ką berniukas skaito?
Datasets/Synthetic_Sentences/images/sentence_60612.png,Šiandien studentė dirba namuose.
Datasets/Synthetic_Sentences/images/sentence_03171.png,Džiaugsmingai studentas dirba darbe.
Datasets/Synthetic_Sentences/images/sentence_67673.png,Drąsiai studentas dirba stadione.
Datasets/Synthetic_Sentences/images/sentence_03214.png,Atidžiai Petras skaito knygą paplūdimyje.
Datasets/Synthetic_Sentences/images/sentence_40395.png,Šiandien Kristina perka dovaną.
Datasets/Synthetic_Sentences/images/sentence_00376.png,Jurgita neskaito knygą.
Datasets/Synthetic_Sentences/images/sentence_56737.png,Saulius žaidžia upės pakrantėje.
Datasets/Synthetic_Sentences/images/sentence_05602.png,Rūpestingai gydytojas ilsisi namuose.
Datasets/Real_Handwriting/images/form_064_sentence_2.png,Mokytojai juokiasi ir juokiasi.
Datasets/Synthetic_Sentences/images/sentence_31090.png,Mergaitė stengiasi kalbėti.
Datasets/Synthetic_Sentences/images/sentence_27530.png,Kodėl gydytojas dirba sode?
Datasets/Real_Handwriting/images/form_361_sentence_5.png,Kavinėje kvepėjo kava ir cinamonu.
Datasets/Synthetic_Sentences/images/sentence_27161.png,Ingrida nedirba kavinėje.
Datasets/Synthetic_Sentences/images/sentence_67552.png,Mokytoja lankosi sode.
Datasets/Real_Handwriting/images/form_319_sentence_3.png,Vakar Žilvinas nešė krepšį.
Datasets/Synthetic_Sentences/images/sentence_12519.png,Šiandien Saulius dirba namuose.
Datasets/Synthetic_Sentences/images/sentence_55206.png,Mokytojas rašo receptą.
Datasets/Real_Handwriting/images/form_465_sentence_5.png,Kavinėje kvepėjo kava ir cinamonu.
Datasets/Synthetic_Sentences/images/sentence_10236.png,Renata skaito receptą.
Datasets/Synthetic_Sentences/images/sentence_46030.png,Vakar Petras skaitė žurnalą.
Datasets/Real_Handwriting/images/form_329_sentence_3.png,Eglė neša dovaną.
Datasets/Synthetic_Sentences/images/sentence_53540.png,Kristina lankosi upės pakrantėje.
Datasets/Synthetic_Sentences/images/sentence_36552.png,Vaikas sportuoja kavinėje.
Datasets/Synthetic_Sentences/images/sentence_07263.png,Šiandien Laura ilsisi ežero pakrantėje.
Datasets/Real_Handwriting/images/form_271_sentence_3.png,Šiandien Jurgita mokosi upės pakrantėje.
Datasets/Synthetic_Sentences/images/sentence_59405.png,Rūpestingai Mindaugas mokosi parke.
Datasets/Synthetic_Sentences/images/sentence_51119.png,Ar studentė skaito knygą?
Datasets/Real_Handwriting/images/form_093_sentence_5.png,Mes tyliai kalba.
Datasets/Real_Handwriting/images/form_213_sentence_5.png,Žvejys žvejojo visą naktį prie upės.
Datasets/Synthetic_Sentences/images/sentence_53236.png,Tyliai Laura mokosi darbe vakare.
Datasets/Real_Handwriting/images/form_357_sentence_5.png,Žiema atneša sniegą ir šaltį.
Datasets/Real_Handwriting/images/form_144_sentence_1.png,Jis nemėgsta rašyti.
Datasets/Synthetic_Sentences/images/sentence_56148.png,Kristina lankosi stadione.
Datasets/Real_Handwriting/images/form_110_sentence_2.png,Jie dirba ir dirba.
Datasets/Real_Handwriting/images/form_383_sentence_2.png,Šiandien šuo skaito istoriją.
Datasets/Synthetic_Sentences/images/sentence_63089.png,Tyliai studentė valgo obuolį.
Datasets/Real_Handwriting/images/form_126_sentence_1.png,Draugas dirba ligoninėje ir kavinėje.
Datasets/Synthetic_Sentences/images/sentence_21231.png,Vakar Jurgita dirbo pievoje.
Datasets/Synthetic_Sentences/images/sentence_09247.png,Kruopščiai Renata perka dovaną.
Datasets/Real_Handwriting/images/form_415_sentence_5.png,Žirgai bėga laisvai per žalią lauką.
Datasets/Synthetic_Sentences/images/sentence_24342.png,Jurgita lankosi namuose.
Datasets/Real_Handwriting/images/form_276_sentence_5.png,Odė orkestro muzika yra labai gili.
Datasets/Real_Handwriting/images/form_438_sentence_1.png,Tomas ilsisi miške.
Datasets/Real_Handwriting/images/form_232_sentence_1.png,Mantas nori šokti.
Datasets/Synthetic_Sentences/images/sentence_15441.png,Rytoj Neringa skaitys žurnalą.
Datasets/Synthetic_Sentences/images/sentence_44797.png,Vakar Eglė dirbo paplūdimyje.
Datasets/Synthetic_Sentences/images/sentence_49359.png,Berniukas sportuoja parke.
Datasets/Synthetic_Sentences/images/sentence_48675.png,Lėtai Jurgita ilsisi mieste.
Datasets/Synthetic_Sentences/images/sentence_08150.png,Neringa skaito naują receptą.
Datasets/Synthetic_Sentences/images/sentence_62562.png,Gydytojas stengiasi valgyti.
Datasets/Synthetic_Sentences/images/sentence_17248.png,Rasa dirba parke.
Datasets/Synthetic_Sentences/images/sentence_28447.png,Jonas mėgsta valgyti duoną.
Datasets/Synthetic_Sentences/images/sentence_52204.png,Eglė geria kavą.
Datasets/Synthetic_Sentences/images/sentence_00396.png,Tomas nedirba mieste.
Datasets/Synthetic_Sentences/images/sentence_27659.png,Greitai Petras mokosi stadione po pietų.
Datasets/Real_Handwriting/images/form_277_sentence_1.png,Ar Petras skaito žemėlapį?
Datasets/Real_Handwriting/images/form_385_sentence_5.png,Cukrų ir cinamoną dedame į pyragą.
Datasets/Synthetic_Sentences/images/sentence_23374.png,Petras žaidžia parke.
Datasets/Synthetic_Sentences/images/sentence_59006.png,Kristina nori pirkti kavą.
Datasets/Real_Handwriting/images/form_138_sentence_5.png,Moterys sportuoja ir sportuoja.
Datasets/Synthetic_Sentences/images/sentence_20067.png,Studentas nori piešti.
Datasets/Synthetic_Sentences/images/sentence_51340.png,Mantas nenori plaukti.
Datasets/Synthetic_Sentences/images/sentence_03937.png,Atidžiai mokytoja skaito laišką mieste.
Datasets/Synthetic_Sentences/images/sentence_09802.png,Gydytojas mėgsta žaisti.
Datasets/Synthetic_Sentences/images/sentence_54165.png,Šiandien Jonas perka gėlę.
Datasets/Synthetic_Sentences/images/sentence_06501.png,Mokytoja nori pirkti kavą.
Datasets/Real_Handwriting/images/form_164_sentence_3.png,Šiandien vyras žiūri smagiai.
Datasets/Synthetic_Sentences/images/sentence_06339.png,Jurgita nedirba miške.
Datasets/Synthetic_Sentences/images/sentence_14058.png,Ar Mindaugas dirba darbe?
Datasets/Real_Handwriting/images/form_122_sentence_3.png,Mergaitės piešia stotyje ir paplūdimyje.
Datasets/Synthetic_Sentences/images/sentence_47255.png,Jonas mėgsta skaityti žurnalą.
Datasets/Real_Handwriting/images/form_269_sentence_3.png,Neringa perka gėlę.
Datasets/Synthetic_Sentences/images/sentence_21527.png,Šiandien Žilvinas skaito receptą.
Datasets/Synthetic_Sentences/images/sentence_35636.png,Marija sportuoja miške.
Datasets/Synthetic_Sentences/images/sentence_40628.png,Ar vaikas dirba namuose?
Datasets/Synthetic_Sentences/images/sentence_28692.png,Kristina skaito laišką.
Datasets/Synthetic_Sentences/images/sentence_65304.png,Šiandien Saulius perka žaislą.
Datasets/Synthetic_Sentences/images/sentence_66708.png,Tyliai mokytoja skaito knygą paplūdimyje.
Datasets/Real_Handwriting/images/form_428_sentence_4.png,Rytoj gydytojas skaitys knygą.
Datasets/Synthetic_Sentences/images/sentence_18302.png,Mokytojas dirba paplūdimyje ryte.
Datasets/Synthetic_Sentences/images/sentence_05433.png,Ar Mindaugas skaito laišką?
Datasets/Real_Handwriting/images/form_381_sentence_2.png,Ar Mindaugas dirba stotyje?
Datasets/Synthetic_Sentences/images/sentence_45371.png,Vakar Ingrida nešė laišką.
Datasets/Synthetic_Sentences/images/sentence_30110.png,Petras nori piešti.
Datasets/Synthetic_Sentences/images/sentence_26805.png,Kruopščiai Ingrida mokosi kavinėje.
Datasets/Real_Handwriting/images/form_481_sentence_1.png,Ar Saulius mėgsta bėgti?
Datasets/Synthetic_Sentences/images/sentence_50905.png,Mantas perka žaislą.
Datasets/Synthetic_Sentences/images/sentence_14237.png,Neringa mėgsta valgyti daržoves.
Datasets/Real_Handwriting/images/form_344_sentence_5.png,Universiteto studentai žaidžia šachmatais laisvalaikiu.
Datasets/Synthetic_Sentences/images/sentence_55293.png,Kur Jonas dirba?
Datasets/Synthetic_Sentences/images/sentence_53723.png,"Eglė nori kalbėti, nes nes reikia pasiruošti."
Datasets/Real_Handwriting/images/form_507_sentence_3.png,Vakar Gintaras nešė laišką.
Datasets/Real_Handwriting/images/form_073_sentence_4.png,Studentai valgo stadione.
Datasets/Synthetic_Sentences/images/sentence_50745.png,Katė renka akmenis.
Datasets/Synthetic_Sentences/images/sentence_40384.png,Ar Jonas skaito istoriją?
Datasets/Synthetic_Sentences/images/sentence_23170.png,Danielius geria vandenį.
Datasets/Synthetic_Sentences/images/sentence_44492.png,Džiaugsmingai studentė mokosi miške ryte.
Datasets/Real_Handwriting/images/form_437_sentence_2.png,Rytoj Žilvinas eis kavinėje.
Datasets/Synthetic_Sentences/images/sentence_39052.png,Saulius skaito šviesų žemėlapį.
Datasets/Real_Handwriting/images/form_403_sentence_1.png,Saulius mėgsta važiuoti dovaną.
Datasets/Real_Handwriting/images/form_340_sentence_4.png,Šiandien Žilvinas ilsisi darbe.
Datasets/Real_Handwriting/images/form_427_sentence_5.png,Universiteto studentai žaidžia šachmatais laisvalaikiu.
Datasets/Real_Handwriting/images/form_116_sentence_4.png,Mes rašo stadione ir mieste.
Datasets/Synthetic_Sentences/images/sentence_07706.png,Vaikas žaidžia pievoje.
Datasets/Real_Handwriting/images/form_445_sentence_2.png,Šiandien mokytoja ilsisi darbe.
Datasets/Synthetic_Sentences/images/sentence_33549.png,Renata sportuoja mieste.
Datasets/Synthetic_Sentences/images/sentence_50230.png,Mindaugas skaito žurnalą.
Datasets/Synthetic_Sentences/images/sentence_04285.png,Renata mėgsta pirkti gėlę.
Datasets/Real_Handwriting/images/form_446_sentence_1.png,Ar žirgas skaito žurnalą?
Datasets/Synthetic_Sentences/images/sentence_01996.png,Mokytojas valgo daržoves.
Datasets/Synthetic_Sentences/images/sentence_22979.png,Vakar Eglė dirbo kalnuose.
Datasets/Real_Handwriting/images/form_296_sentence_1.png,Mindaugas stato suolą.
Datasets/Synthetic_Sentences/images/sentence_26795.png,Saulius nori pirkti kavą.
Datasets/Synthetic_Sentences/images/sentence_56035.png,Gydytojas bando gerti.
Datasets/Synthetic_Sentences/images/sentence_30882.png,Ar Rasa skaito knygą?
Datasets/Synthetic_Sentences/images/sentence_40446.png,Tomas dirba namuose ir skaito receptą.
Datasets/Synthetic_Sentences/images/sentence_18563.png,Studentė nedirba upės pakrantėje.
Datasets/Synthetic_Sentences/images/sentence_45385.png,Studentas mėgsta valgyti sriubą.
Datasets/Synthetic_Sentences/images/sentence_29079.png,Vakar Kristina dirbo miške.
Datasets/Synthetic_Sentences/images/sentence_02846.png,Rasa valgo vaisius.
Datasets/Real_Handwriting/images/form_403_sentence_5.png,Kavinėje kvepėjo kava ir cinamonu.
Datasets/Synthetic_Sentences/images/sentence_18488.png,Kodėl vaikas dirba mieste?
Datasets/Synthetic_Sentences/images/sentence_27832.png,Marija renka obuolius.
Datasets/Real_Handwriting/images/form_311_sentence_2.png,Jurgita bando keliauti.
Datasets/Synthetic_Sentences/images/sentence_29173.png,Ar Tomas skaito žemėlapį?
Datasets/Real_Handwriting/images/form_507_sentence_2.png,Žirgas lankosi mokykloje.
Datasets/Real_Handwriting/images/form_414_sentence_3.png,Rasa mėgsta dainuoti.
Datasets/Synthetic_Sentences/images/sentence_25132.png,Garsiai Rasa mokosi stotyje.
Datasets/Synthetic_Sentences/images/sentence_28595.png,Kristina stengiasi ilsėtis.
Datasets/Synthetic_Sentences/images/sentence_67155.png,Gydytojas dirba darbe ir skaito receptą.
Datasets/Synthetic_Sentences/images/sentence_65050.png,Saulius mėgsta valgyti sriubą.
Datasets/Real_Handwriting/images/form_326_sentence_3.png,Tyliai šuo rašo laišką.
Datasets/Synthetic_Sentences/images/sentence_29756.png,Mokytoja renka akmenis.
Datasets/Real_Handwriting/images/form_336_sentence_5.png,Kavinėje kvepėjo kava ir cinamonu.
Datasets/Synthetic_Sentences/images/sentence_35933.png,Vakar Marija dirbo kaime.
Datasets/Synthetic_Sentences/images/sentence_56151.png,Renata mėgsta valgyti duoną.
Datasets/Real_Handwriting/images/form_323_sentence_1.png,Gydytojas stengiasi groti.
Datasets/Synthetic_Sentences/images/sentence_07814.png,Mergaitė renka grybus.
Datasets/Real_Handwriting/images/form_353_sentence_2.png,Tomas renka vaisius.
Datasets/Synthetic_Sentences/images/sentence_29869.png,Studentė nenori mokytis.
Datasets/Synthetic_Sentences/images/sentence_32614.png,Mantas nedirba kavinėje.
Datasets/Synthetic_Sentences/images/sentence_69696.png,Švelniai Gintaras perka žaislą.
Datasets/Synthetic_Sentences/images/sentence_66110.png,Rytoj studentas skaitys laišką.
Datasets/Synthetic_Sentences/images/sentence_67800.png,Petras gyvena mieste.
Datasets/Synthetic_Sentences/images/sentence_62191.png,Mokytoja ilsisi sode.
Datasets/Real_Handwriting/images/form_255_sentence_2.png,Jurgita neša krepšį.
Datasets/Synthetic_Sentences/images/sentence_13088.png,Ar Ingrida mokosi sode?
Datasets/Synthetic_Sentences/images/sentence_49938.png,Ingrida bando rašyti.
Datasets/Real_Handwriting/images/form_224_sentence_5.png,Tvarka namuose labai svarbi.
Datasets/Synthetic_Sentences/images/sentence_16944.png,Garsiai Renata skaito žemėlapį mokykloje.
Datasets/Real_Handwriting/images/form_268_sentence_1.png,Jurgita mėgsta valgyti.
Datasets/Synthetic_Sentences/images/sentence_30897.png,Atidžiai studentė neša knygą.
Datasets/Synthetic_Sentences/images/sentence_41790.png,Mindaugas perka nuobodų žaislą.
Datasets/Synthetic_Sentences/images/sentence_59194.png,Ramiai katė perka gėlę.
Datasets/Synthetic_Sentences/images/sentence_09407.png,Šiandien Neringa skaito istoriją.
Datasets/Synthetic_Sentences/images/sentence_18242.png,Rasa stengiasi plaukti.
Datasets/Real_Handwriting/images/form_138_sentence_2.png,Vyrai labai labai bėga.
Datasets/Synthetic_Sentences/images/sentence_50932.png,Neringa ilsisi ligoninėje.
Datasets/Synthetic_Sentences/images/sentence_13447.png,Tomas mokosi kaime naktį.
Datasets/Real_Handwriting/images/form_432_sentence_5.png,Čiulba paukščiai ankstų rytą.
Datasets/Synthetic_Sentences/images/sentence_00003.png,Rytoj katė skaitys knygą.
Datasets/Real_Handwriting/images/form_108_sentence_5.png,Ar moteris piešia?
Datasets/Real_Handwriting/images/form_096_sentence_4.png,Mergaitė juokiasi knygą stotyje.
Datasets/Synthetic_Sentences/images/sentence_12820.png,Kur gydytojas dirba?
Datasets/Synthetic_Sentences/images/sentence_68092.png,Lėtai vaikas ilsisi paplūdimyje.
Datasets/Synthetic_Sentences/images/sentence_05550.png,Jurgita žaidžia paplūdimyje.
Datasets/Real_Handwriting/images/form_447_sentence_1.png,Lėtai mokytoja dirba bibliotekoje.
Datasets/Synthetic_Sentences/images/sentence_66233.png,Gintaras bando bėgti.
Datasets/Real_Handwriting/images/form_172_sentence_1.png,Katė eina dainą prie ežero.
Datasets/Synthetic_Sentences/images/sentence_15151.png,Šiandien mokytojas skaito istoriją.
Datasets/Synthetic_Sentences/images/sentence_64994.png,Šiandien Neringa dirba namuose.
Datasets/Real_Handwriting/images/form_045_sentence_5.png,Mergaitės juokiasi žaidimą sode.
Datasets/Synthetic_Sentences/images/sentence_59111.png,Jurgita dirba namuose naktį.
Datasets/Synthetic_Sentences/images/sentence_00562.png,Renata nedirba ežero pakrantėje.
Datasets/Synthetic_Sentences/images/sentence_11112.png,Saulius gyvena upės pakrantėje.
Datasets/Synthetic_Sentences/images/sentence_63183.png,Vakar studentas skaitė receptą.
Datasets/Synthetic_Sentences/images/sentence_54226.png,Rytoj Jurgita eis parke.
Datasets/Synthetic_Sentences/images/sentence_43944.png,Saulius mėgsta pirkti žaislą.
Datasets/Real_Handwriting/images/form_070_sentence_1.png,Mokytojai bėga paplūdimyje.
Datasets/Synthetic_Sentences/images/sentence_64221.png,Šiandien mergaitė ilsisi namuose.
Datasets/Real_Handwriting/images/form_030_sentence_3.png,Mergaitė galvoja ir galvoja.
Datasets/Synthetic_Sentences/images/sentence_52607.png,Kur Neringa dirba?
Datasets/Real_Handwriting/images/form_477_sentence_1.png,Rasa nori statyti žurnalą.
Datasets/Synthetic_Sentences/images/sentence_32987.png,Ingrida nori pirkti knygą.
Datasets/Real_Handwriting/images/form_093_sentence_1.png,Mergaitės kartu klauso.
Datasets/Synthetic_Sentences/images/sentence_17971.png,Kur Rasa dirba?
Datasets/Synthetic_Sentences/images/sentence_22678.png,Mokytoja gyvena ežero pakrantėje.
Datasets/Synthetic_Sentences/images/sentence_45372.png,Ar Danielius mėgsta sportuoti?
Datasets/Synthetic_Sentences/images/sentence_45671.png,Mindaugas gyvena sode.
Datasets/Synthetic_Sentences/images/sentence_44361.png,Ar Saulius mėgsta žaisti?
Datasets/Synthetic_Sentences/images/sentence_13896.png,Studentas dirba mokykloje.
Datasets/Synthetic_Sentences/images/sentence_12477.png,Tomas žaidžia sode.
Datasets/Synthetic_Sentences/images/sentence_23751.png,Marija ilsisi paplūdimyje.
Datasets/Real_Handwriting/images/form_420_sentence_1.png,Vakar Jurgita skaitė žemėlapį.
Datasets/Synthetic_Sentences/images/sentence_10775.png,Tyliai Saulius skaito istoriją sode.
Datasets/Synthetic_Sentences/images/sentence_43111.png,Kodėl Neringa dirba parke?
Datasets/Real_Handwriting/images/form_086_sentence_3.png,Atidžiai vyras galvoja knygą.
Datasets/Real_Handwriting/images/form_245_sentence_4.png,Kristina groja simfoniją.
Datasets/Real_Handwriting/images/form_039_sentence_4.png,Jie pradeda eiti.
Datasets/Real_Handwriting/images/form_329_sentence_1.png,Rytoj Renata skaitys istoriją.
Datasets/Synthetic_Sentences/images/sentence_28963.png,Mokytoja nori pirkti knygą.
Datasets/Synthetic_Sentences/images/sentence_17287.png,Mindaugas lankosi stadione.
Datasets/Synthetic_Sentences/images/sentence_01068.png,Marija perka gražų arbatą.
Datasets/Real_Handwriting/images/form_299_sentence_1.png,Ar mergaitė dirba miške?
Datasets/Synthetic_Sentences/images/sentence_65191.png,Eglė neskaito receptą.
Datasets/Real_Handwriting/images/form_229_sentence_2.png,Žirgas sportuoja darbe.
Datasets/Synthetic_Sentences/images/sentence_68924.png,Šiandien berniukas skaito žurnalą.
Datasets/Synthetic_Sentences/images/sentence_35289.png,Katė mokosi pievoje ryte.
Datasets/Synthetic_Sentences/images/sentence_42153.png,Marija valgo vaisius.
Datasets/Synthetic_Sentences/images/sentence_26262.png,Kur Laura dirba?
Datasets/Synthetic_Sentences/images/sentence_17540.png,Kristina mokosi stadione ryte.
Datasets/Synthetic_Sentences/images/sentence_17265.png,Mantas mėgsta pirkti gėlę.
Datasets/Synthetic_Sentences/images/sentence_11299.png,Renata ilsisi namuose.
Datasets/Synthetic_Sentences/images/sentence_44976.png,Eglė dirba stotyje.
Datasets/Synthetic_Sentences/images/sentence_06494.png,Neringa neskaito žemėlapį.
Datasets/Synthetic_Sentences/images/sentence_07678.png,Rasa skaito knygą.
Datasets/Synthetic_Sentences/images/sentence_67351.png,Eglė mėgsta skaityti istoriją.
Datasets/Synthetic_Sentences/images/sentence_50676.png,Vakar mergaitė dirbo mieste.
Datasets/Synthetic_Sentences/images/sentence_69230.png,Mergaitė nori gerti vandenį.
Datasets/Synthetic_Sentences/images/sentence_49974.png,Ar Neringa skaito receptą?
Datasets/Real_Handwriting/images/form_138_sentence_4.png,Gydytojas rašo stadione.
Datasets/Synthetic_Sentences/images/sentence_54904.png,Danielius dirba bibliotekoje ir skaito knygą.
Datasets/Real_Handwriting/images/form_023_sentence_1.png,Mes tvarkosi ir tvarkosi.
Datasets/Synthetic_Sentences/images/sentence_52170.png,Jurgita valgo košę.
Datasets/Synthetic_Sentences/images/sentence_47933.png,Vakar mokytoja dirbo paplūdimyje.
Datasets/Synthetic_Sentences/images/sentence_18533.png,Šiandien vaikas ilsisi mokykloje.
Datasets/Synthetic_Sentences/images/sentence_51736.png,Katė nori rašyti.
Datasets/Real_Handwriting/images/form_041_sentence_1.png,Draugas retai keliauoja.
Datasets/Synthetic_Sentences/images/sentence_58203.png,Greitai Jonas mokosi parke.
Datasets/Synthetic_Sentences/images/sentence_22829.png,"Ingrida dirba miške, nes nori pailsėti."
Datasets/Real_Handwriting/images/form_290_sentence_5.png,Šį vakarą žvaigždės ypač ryškiai šviečia.
Datasets/Synthetic_Sentences/images/sentence_07042.png,Šiandien gydytojas perka arbatą.
Datasets/Real_Handwriting/images/form_046_sentence_5.png,Studentas nemėgsta tvarkytis pamoką.
Datasets/Synthetic_Sentences/images/sentence_02636.png,Ingrida perka dovaną.
Datasets/Real_Handwriting/images/form_038_sentence_5.png,Vakar mokytojas mokosi receptą.
Datasets/Synthetic_Sentences/images/sentence_11224.png,Danielius nori valgyti obuolį.
Datasets/Real_Handwriting/images/form_202_sentence_2.png,Šiandien žmogus mokosi parke.
Datasets/Synthetic_Sentences/images/sentence_00031.png,Rasa ilsisi pievoje.
Datasets/Real_Handwriting/images/form_291_sentence_4.png,Rūpestingai Gintaras rašo receptą.
Datasets/Synthetic_Sentences/images/sentence_23458.png,Laura rašo užduotį.
Datasets/Synthetic_Sentences/images/sentence_17132.png,Atidžiai Žilvinas ilsisi ežero pakrantėje.
Datasets/Synthetic_Sentences/images/sentence_66531.png,Ingrida mėgsta valgyti vaisius.
Datasets/Synthetic_Sentences/images/sentence_65353.png,Garsiai gydytojas ilsisi stadione.
Datasets/Synthetic_Sentences/images/sentence_41488.png,Ką Ingrida skaito?
Datasets/Synthetic_Sentences/images/sentence_04484.png,Petras mėgsta gerti kavą.
Datasets/Real_Handwriting/images/form_125_sentence_2.png,Ar jos dirba?
Datasets/Synthetic_Sentences/images/sentence_59239.png,Jurgita nori pirkti žaislą.
Datasets/Synthetic_Sentences/images/sentence_18468.png,Ar Marija nori rašyti?
Datasets/Real_Handwriting/images/form_488_sentence_3.png,Ar Laura nori žaisti?
Datasets/Real_Handwriting/images/form_378_sentence_3.png,Mantas mėgsta žaisti.
Datasets/Synthetic_Sentences/images/sentence_51617.png,Marija nenori žaisti.
Datasets/Synthetic_Sentences/images/sentence_19563.png,Šuo bando galvoti.
Datasets/Synthetic_Sentences/images/sentence_55131.png,Mielai Neringa skaito laišką.
Datasets/Real_Handwriting/images/form_116_sentence_2.png,Ar vaikas verkia?
Datasets/Synthetic_Sentences/images/sentence_18503.png,Jurgita valgo košę.
Datasets/Synthetic_Sentences/images/sentence_69922.png,Vakar Danielius dirbo stadione.
Datasets/Real_Handwriting/images/form_069_sentence_4.png,Šiandien mergaitė skaito kartu.
Datasets/Synthetic_Sentences/images/sentence_11691.png,Petras nori valgyti duoną.
Datasets/Synthetic_Sentences/images/sentence_20143.png,Ar Laura dirba kaime?
Datasets/Synthetic_Sentences/images/sentence_39402.png,Šiandien Jonas ilsisi mokykloje.
Datasets/Synthetic_Sentences/images/sentence_21920.png,Katė skaito žurnalą.
Datasets/Synthetic_Sentences/images/sentence_18263.png,Šiandien katė ilsisi stadione.
Datasets/Synthetic_Sentences/images/sentence_16233.png,Saulius valgo duoną.
Datasets/Synthetic_Sentences/images/sentence_66551.png,Mielai Eglė ilsisi paplūdimyje.
Datasets/Real_Handwriting/images/form_489_sentence_2.png,Garsiai Tomas sportuoja paplūdimyje.
Datasets/Synthetic_Sentences/images/sentence_12763.png,Jurgita nori gerti.
Datasets/Synthetic_Sentences/images/sentence_22373.png,Žilvinas nori valgyti daržoves.
Datasets/Real_Handwriting/images/form_200_sentence_2.png,Vaikai mąsto kaime ir miške.
Datasets/Synthetic_Sentences/images/sentence_11289.png,Gydytojas mėgsta pirkti arbatą.
Datasets/Real_Handwriting/images/form_300_sentence_1.png,Berniukas perka knygą.
Datasets/Real_Handwriting/images/form_007_sentence_1.png,Mielai tu mąsto istoriją.
Datasets/Synthetic_Sentences/images/sentence_16407.png,Ką Ingrida skaito?
Datasets/Synthetic_Sentences/images/sentence_11085.png,Šuo mėgsta pirkti kavą.
Datasets/Synthetic_Sentences/images/sentence_67998.png,Ar vaikas mėgsta piešti?
Datasets/Real_Handwriting/images/form_260_sentence_1.png,Žirgas žaidžia ežero pakrantėje.
Datasets/Synthetic_Sentences/images/sentence_22905.png,Šuo rašo užduotį.
Datasets/Real_Handwriting/images/form_395_sentence_2.png,Ar Kristina dirba kavinėje?
Datasets/Real_Handwriting/images/form_234_sentence_4.png,Ar Tomas dirba mieste?
Datasets/Real_Handwriting/images/form_413_sentence_3.png,Šiandien Saulius perka gėlę.
Datasets/Synthetic_Sentences/images/sentence_05535.png,Vakar Žilvinas skaitė žurnalą.
Datasets/Synthetic_Sentences/images/sentence_46761.png,Šiandien mergaitė ilsisi ežero pakrantėje.
Datasets/Real_Handwriting/images/form_232_sentence_5.png,Obelys žydi baltais žiedais pavasarį.
Datasets/Synthetic_Sentences/images/sentence_61745.png,Renata bando kalbėti.
Datasets/Real_Handwriting/images/form_192_sentence_5.png,Moterys labai vakar verkia.
Datasets/Synthetic_Sentences/images/sentence_46535.png,Saulius bando galvoti.
Datasets/Synthetic_Sentences/images/sentence_67744.png,Ar Žilvinas dirba paplūdimyje?
Datasets/Synthetic_Sentences/images/sentence_64380.png,Danielius žaidžia kaime.
Datasets/Synthetic_Sentences/images/sentence_32822.png,Berniukas perka knygą.
Datasets/Synthetic_Sentences/images/sentence_28880.png,Atidžiai Eglė skaito žurnalą.
Datasets/Synthetic_Sentences/images/sentence_58863.png,Renata nori valgyti.
Datasets/Real_Handwriting/images/form_081_sentence_3.png,Gydytojas juokiasi ir juokiasi.
Datasets/Synthetic_Sentences/images/sentence_31233.png,Kristina nenori tvarkytis.
Datasets/Synthetic_Sentences/images/sentence_58226.png,Rūpestingai berniukas neša dovaną.
Datasets/Synthetic_Sentences/images/sentence_20879.png,Mindaugas skaito knygą.
Datasets/Synthetic_Sentences/images/sentence_64046.png,Kruopščiai Gintaras neša dovaną.
Datasets/Synthetic_Sentences/images/sentence_28286.png,Ar Ingrida nori dainuoti?
Datasets/Synthetic_Sentences/images/sentence_49881.png,Rytoj Eglė skaitys istoriją.
Datasets/Synthetic_Sentences/images/sentence_31558.png,Katė mėgsta gerti.
Datasets/Real_Handwriting/images/form_426_sentence_1.png,Saulius mokosi bibliotekoje.
Datasets/Real_Handwriting/images/form_468_sentence_5.png,Aš atsargiai atidarau ąžuolinę dėžę.
Datasets/Synthetic_Sentences/images/sentence_16020.png,Vakar studentė dirbo darbe.
Datasets/Synthetic_Sentences/images/sentence_28172.png,Tyliai Rasa skaito istoriją.
Datasets/Synthetic_Sentences/images/sentence_05815.png,Mantas dirba darbe.
Datasets/Synthetic_Sentences/images/sentence_10610.png,Berniukas rašo žemėlapį.
Datasets/Synthetic_Sentences/images/sentence_23065.png,Kur mergaitė dirba?
Datasets/Real_Handwriting/images/form_505_sentence_5.png,Žiemą vaikai mėgsta čiuožti ant ežero ledo.
Datasets/Synthetic_Sentences/images/sentence_30025.png,Kur katė dirba?
Datasets/Synthetic_Sentences/images/sentence_11996.png,Rytoj Eglė skaitys knygą.
Datasets/Synthetic_Sentences/images/sentence_42962.png,Tomas mėgsta skaityti laišką.
Datasets/Real_Handwriting/images/form_450_sentence_2.png,Ar vaikas nori šokti?
Datasets/Synthetic_Sentences/images/sentence_17651.png,Kur Tomas dirba?
Datasets/Real_Handwriting/images/form_486_sentence_1.png,Ar Žilvinas nori važiuoti?
Datasets/Synthetic_Sentences/images/sentence_53486.png,Drąsiai Mantas ilsisi mokykloje.
Datasets/Synthetic_Sentences/images/sentence_45477.png,Vakar Mindaugas nešė dovaną.
Datasets/Synthetic_Sentences/images/sentence_10966.png,Kur Gintaras dirba?
Datasets/Synthetic_Sentences/images/sentence_37664.png,Marija valgo košę.
Datasets/Real_Handwriting/images/form_044_sentence_1.png,Gydytojas labai tyliai piešia.
Datasets/Real_Handwriting/images/form_208_sentence_3.png,Tomas mokosi kalnuose.
Datasets/Synthetic_Sentences/images/sentence_00078.png,Ingrida dirba namuose vėlai vakare.
Datasets/Synthetic_Sentences/images/sentence_67012.png,Mokytojas renka gėles.
Datasets/Synthetic_Sentences/images/sentence_23111.png,Ar Eglė nori sportuoti?
Datasets/Synthetic_Sentences/images/sentence_20210.png,Rasa mėgsta valgyti košę.
Datasets/Synthetic_Sentences/images/sentence_36340.png,Šiandien Renata perka knygą.
Datasets/Real_Handwriting/images/form_107_sentence_1.png,Draugas labai lėtai eina.
Datasets/Synthetic_Sentences/images/sentence_12752.png,Katė stengiasi rašyti.
Datasets/Synthetic_Sentences/images/sentence_10486.png,Studentas neša knygą.
Datasets/Real_Handwriting/images/form_245_sentence_5.png,Žaibas nušvietė tamsų dangų audros metu.
Datasets/Real_Handwriting/images/form_176_sentence_5.png,Šuo žaidžia kavą.
Datasets/Synthetic_Sentences/images/sentence_65233.png,Rytoj Kristina skaitys knygą.
Datasets/Synthetic_Sentences/images/sentence_34940.png,Laura žaidžia sode.
Datasets/Real_Handwriting/images/form_497_sentence_1.png,Švelniai Renata sportuoja kaime.
Datasets/Synthetic_Sentences/images/sentence_22199.png,Šiandien Žilvinas perka gėlę.
Datasets/Real_Handwriting/images/form_125_sentence_1.png,Vyras nori piešti.
Datasets/Synthetic_Sentences/images/sentence_48760.png,Ar Kristina nori kalbėti?
Datasets/Synthetic_Sentences/images/sentence_29941.png,Vakar Marija dirbo miške.
Datasets/Synthetic_Sentences/images/sentence_36392.png,Mergaitė lankosi ežero pakrantėje.
Datasets/Synthetic_Sentences/images/sentence_23500.png,Šiandien Kristina skaito žurnalą.
Datasets/Synthetic_Sentences/images/sentence_21884.png,Rasa stengiasi piešti.
Datasets/Real_Handwriting/images/form_300_sentence_4.png,Žmogus stato tvorą.
Datasets/Synthetic_Sentences/images/sentence_02733.png,Petras dirba miške.
Datasets/Real_Handwriting/images/form_302_sentence_3.png,Vakar gydytojas nešė žaislą.
Datasets/Real_Handwriting/images/form_356_sentence_3.png,Tomas mėgsta valgyti knygą.
Datasets/Synthetic_Sentences/images/sentence_66575.png,Kristina sportuoja darbe.
Datasets/Real_Handwriting/images/form_084_sentence_2.png,Draugas žiūri užduotį.
Datasets/Real_Handwriting/images/form_293_sentence_4.png,Žmogus dirba mokykloje.
Datasets/Synthetic_Sentences/images/sentence_06114.png,Jurgita dirba namuose ir skaito žurnalą.
Datasets/Synthetic_Sentences/images/sentence_14236.png,Kodėl vaikas dirba sode?
Datasets/Real_Handwriting/images/form_367_sentence_2.png,Mielai Gintaras ilsisi paplūdimyje.
Datasets/Synthetic_Sentences/images/sentence_57166.png,Rytoj berniukas skaitys receptą.
Datasets/Synthetic_Sentences/images/sentence_30590.png,Rasa mėgsta skaityti istoriją.
Datasets/Synthetic_Sentences/images/sentence_23342.png,Saulius neskaito laišką.
Datasets/Real_Handwriting/images/form_205_sentence_4.png,Tyliai Jonas mokosi darbe.
Datasets/Synthetic_Sentences/images/sentence_42015.png,Mergaitė stengiasi tvarkytis.
Datasets/Real_Handwriting/images/form_128_sentence_2.png,Jis bėga žaidimą prie ežero.
Datasets/Synthetic_Sentences/images/sentence_37496.png,Ką Rasa skaito?
Datasets/Real_Handwriting/images/form_349_sentence_2.png,Šiandien Danielius perka žaislą.
Datasets/Real_Handwriting/images/form_291_sentence_1.png,Vakar paukštis dirbo darbe.
Datasets/Real_Handwriting/images/form_283_sentence_4.png,Studentas mėgsta bėgti.
Datasets/Synthetic_Sentences/images/sentence_46803.png,Kristina stengiasi valgyti.
Datasets/Real_Handwriting/images/form_128_sentence_1.png,Šiandien moteris keliauoja kartu.
Datasets/Synthetic_Sentences/images/sentence_06545.png,Šiandien Marija skaito knygą.
Datasets/Real_Handwriting/images/form_497_sentence_4.png,Neringa perka kavą.
Datasets/Real_Handwriting/images/form_232_sentence_2.png,Ar studentė skaito žemėlapį?
Datasets/Synthetic_Sentences/images/sentence_04334.png,Mergaitė lankosi miške.
Datasets/Real_Handwriting/images/form_235_sentence_3.png,Jurgita neša žaislą.
Datasets/Real_Handwriting/images/form_339_sentence_2.png,Mindaugas sportuoja darbe.
Datasets/Synthetic_Sentences/images/sentence_42314.png,Rytoj Mindaugas skaitys žemėlapį.
Datasets/Synthetic_Sentences/images/sentence_57239.png,Drąsiai Saulius mokosi stotyje.
Datasets/Real_Handwriting/images/form_398_sentence_2.png,Rytoj Gintaras eis darbe.
Datasets/Synthetic_Sentences/images/sentence_67236.png,Laura žaidžia kalnuose.
Datasets/Synthetic_Sentences/images/sentence_36490.png,Kristina skaito šiltą receptą.
Datasets/Synthetic_Sentences/images/sentence_04187.png,Drąsiai mergaitė mokosi mieste.
Datasets/Synthetic_Sentences/images/sentence_10391.png,Neringa perka kavą.
Datasets/Synthetic_Sentences/images/sentence_05567.png,Studentė perka mažą gėlę.
Datasets/Synthetic_Sentences/images/sentence_65808.png,Studentas perka spalvotą žaislą.
Datasets/Real_Handwriting/images/form_145_sentence_3.png,Tu juokiasi ir juokiasi.
Datasets/Synthetic_Sentences/images/sentence_43507.png,Jurgita mėgsta skaityti istoriją.
Datasets/Real_Handwriting/images/form_269_sentence_2.png,Ar studentė skaito istoriją?
Datasets/Synthetic_Sentences/images/sentence_00306.png,Jonas perka skanų arbatą.
Datasets/Synthetic_Sentences/images/sentence_14686.png,Jonas mėgsta pirkti knygą.
Datasets/Real_Handwriting/images/form_501_sentence_1.png,Mantas lankosi namuose.
Datasets/Synthetic_Sentences/images/sentence_33978.png,Marija ilsisi stadione.
Datasets/Synthetic_Sentences/images/sentence_28006.png,Neringa nenori valgyti.
Datasets/Real_Handwriting/images/form_444_sentence_4.png,Džiaugsmingai katė perka knygą.
Datasets/Synthetic_Sentences/images/sentence_18988.png,Rytoj Rasa eis bibliotekoje.
Datasets/Synthetic_Sentences/images/sentence_11106.png,Žilvinas gyvena darbe.
Datasets/Real_Handwriting/images/form_344_sentence_4.png,Mokytojas būna parke.
Datasets/Synthetic_Sentences/images/sentence_49541.png,Šiandien Ingrida dirba parke.
Datasets/Real_Handwriting/images/form_312_sentence_2.png,Vakar Laura skaitė istoriją.
Datasets/Synthetic_Sentences/images/sentence_54943.png,Ramiai Rasa skaito receptą.
Datasets/Synthetic_Sentences/images/sentence_54211.png,Studentė mokosi parke ryte.
Datasets/Synthetic_Sentences/images/sentence_34958.png,"Eglė dirba paplūdimyje, nes turi daug darbo."
Datasets/Real_Handwriting/images/form_086_sentence_1.png,Mokytojai mokosi projektą.
Datasets/Synthetic_Sentences/images/sentence_54012.png,Mielai Žilvinas perka gėlę.
Datasets/Synthetic_Sentences/images/sentence_41071.png,Neringa nenori plaukti.
Datasets/Synthetic_Sentences/images/sentence_37914.png,"Mantas nori dirbti, nes nes turi daug darbo."
Datasets/Synthetic_Sentences/images/sentence_57916.png,Tyliai Renata rašo projektą.
Datasets/Real_Handwriting/images/form_364_sentence_1.png,Ingrida ilsisi ežero pakrantėje.
Datasets/Synthetic_Sentences/images/sentence_28525.png,"Mokytoja mokosi mokykloje, bet nori valgyti."
Datasets/Synthetic_Sentences/images/sentence_47761.png,Marija mėgsta valgyti obuolį.
Datasets/Real_Handwriting/images/form_238_sentence_5.png,Universiteto studentai žaidžia šachmatais laisvalaikiu.
Datasets/Real_Handwriting/images/form_419_sentence_3.png,Ar paukštis mokosi ežero pakrantėje?
Datasets/Real_Handwriting/images/form_113_sentence_1.png,Vyras ilsisi prie ežero.
Datasets/Real_Handwriting/images/form_442_sentence_5.png,Hanah sheji skaito hinduistų filosofiją.
Datasets/Synthetic_Sentences/images/sentence_60693.png,Saulius mėgsta gerti sultis.
Datasets/Synthetic_Sentences/images/sentence_22691.png,Danielius mėgsta skaityti žemėlapį.
Datasets/Real_Handwriting/images/form_408_sentence_2.png,Žilvinas mėgsta važiuoti.
Datasets/Real_Handwriting/images/form_464_sentence_2.png,Ar vaikas skaito knygą?
Datasets/Synthetic_Sentences/images/sentence_22539.png,Ką mokytoja skaito?
Datasets/Real_Handwriting/images/form_317_sentence_2.png,Mokytoja mėgsta plaukti dainą.
Datasets/Synthetic_Sentences/images/sentence_49524.png,Jonas geria arbatą.
Datasets/Synthetic_Sentences/images/sentence_67254.png,Renata ilsisi sode.
Datasets/Real_Handwriting/images/form_169_sentence_1.png,Moterys mąsto parke ir bibliotekoje.
Datasets/Synthetic_Sentences/images/sentence_16842.png,Ingrida skaito knygą.
Datasets/Synthetic_Sentences/images/sentence_69119.png,Lėtai Mindaugas valgo košę.
Datasets/Real_Handwriting/images/form_192_sentence_4.png,Mes geria kavinėje ir kalnuose.
Datasets/Synthetic_Sentences/images/sentence_41819.png,Ramiai katė dirba upės pakrantėje.
Datasets/Synthetic_Sentences/images/sentence_31649.png,Vakar Danielius dirbo parke.
Datasets/Synthetic_Sentences/images/sentence_30076.png,Drąsiai Danielius rašo istoriją.
Datasets/Real_Handwriting/images/form_112_sentence_1.png,Draugas bijo tvarkytis.
Datasets/Synthetic_Sentences/images/sentence_56701.png,Petras mokosi mokykloje.
Datasets/Synthetic_Sentences/images/sentence_56575.png,Gintaras stengiasi žaisti.
Datasets/Real_Handwriting/images/form_254_sentence_5.png,Universiteto studentai žaidžia šachmatais laisvalaikiu.
Datasets/Synthetic_Sentences/images/sentence_56783.png,Garsiai studentas neša krepšį.
Datasets/Synthetic_Sentences/images/sentence_59012.png,Tyliai mergaitė skaito žurnalą paplūdimyje.
Datasets/Real_Handwriting/images/form_307_sentence_1.png,Tomas valgo obuolį.
Datasets/Synthetic_Sentences/images/sentence_13838.png,Mokytoja mokosi stadione.
Datasets/Synthetic_Sentences/images/sentence_28276.png,Šiandien Žilvinas dirba kaime.
Datasets/Real_Handwriting/images/form_086_sentence_4.png,Tu mielai eina.
Datasets/Synthetic_Sentences/images/sentence_58288.png,Mergaitė mėgsta gerti arbatą.
Datasets/Synthetic_Sentences/images/sentence_61946.png,Gintaras neša gėlę.
Datasets/Synthetic_Sentences/images/sentence_44164.png,"Vaikas mokosi darbe, bet nori kalbėti."
Datasets/Synthetic_Sentences/images/sentence_25680.png,"Studentas mokosi mokykloje, bet nori eiti."
Datasets/Real_Handwriting/images/form_437_sentence_1.png,Ramiai Danielius neša dovaną.
Datasets/Synthetic_Sentences/images/sentence_27065.png,Studentė neskaito istoriją.
Datasets/Real_Handwriting/images/form_240_sentence_3.png,Rytoj žmogus eis upės pakrantėje.
Datasets/Real_Handwriting/images/form_368_sentence_4.png,Švelniai šuo valgo obuolį.
Datasets/Synthetic_Sentences/images/sentence_23061.png,Šiandien studentė dirba upės pakrantėje.
Datasets/Synthetic_Sentences/images/sentence_41525.png,Mokytojas mėgsta pirkti žaislą.
Datasets/Synthetic_Sentences/images/sentence_17879.png,Mantas dirba stadione ir skaito receptą.
Datasets/Synthetic_Sentences/images/sentence_02349.png,Mokytojas mėgsta valgyti vaisius.
Datasets/Real_Handwriting/images/form_162_sentence_2.png,Vaikas stengiasi eiti.
Datasets/Synthetic_Sentences/images/sentence_60338.png,Šiandien Jonas mokosi pievoje.
Datasets/Synthetic_Sentences/images/sentence_41153.png,Mindaugas mėgsta pirkti knygą.
Datasets/Synthetic_Sentences/images/sentence_22028.png,Kruopščiai Mantas dirba mokykloje.
Datasets/Real_Handwriting/images/form_229_sentence_4.png,Petras renka grybus.
Datasets/Real_Handwriting/images/form_388_sentence_5.png,Cecilija čiuožia ant ledo.
Datasets/Synthetic_Sentences/images/sentence_28600.png,Atidžiai katė mokosi namuose ryte.
Datasets/Real_Handwriting/images/form_167_sentence_3.png,Draugai juokiasi kavą.
Datasets/Real_Handwriting/images/form_354_sentence_5.png,Tėtis treniruoja vaikus kiekvieną savaitę.
Datasets/Synthetic_Sentences/images/sentence_48553.png,Šiandien Tomas skaito knygą.
Datasets/Real_Handwriting/images/form_165_sentence_4.png,Ar studentas šypsosi?
Datasets/Real_Handwriting/images/form_049_sentence_1.png,Mergaitė gerai tvarkosi.
Datasets/Synthetic_Sentences/images/sentence_47245.png,Laura perka greitą kavą.
Datasets/Real_Handwriting/images/form_371_sentence_4.png,Danielius lankosi kaime.
Datasets/Synthetic_Sentences/images/sentence_39533.png,Ingrida lankosi pievoje.
Datasets/Real_Handwriting/images/form_236_sentence_2.png,Atidžiai šeima sportuoja pievoje.
Datasets/Synthetic_Sentences/images/sentence_50836.png,Mokytojas stengiasi keliauti.
Datasets/Synthetic_Sentences/images/sentence_20291.png,Laura žaidžia upės pakrantėje.
Datasets/Real_Handwriting/images/form_030_sentence_1.png,Jūs keliauoja miške ir miške.
Datasets/Synthetic_Sentences/images/sentence_42133.png,Neringa rašo laišką.
Datasets/Real_Handwriting/images/form_059_sentence_1.png,Studentai žiūri prie ežero ir kalnuose.
Datasets/Synthetic_Sentences/images/sentence_18940.png,Šiandien Petras skaito knygą.
Datasets/Synthetic_Sentences/images/sentence_58201.png,"Mindaugas dirba kavinėje, nes jam patinka."
Datasets/Synthetic_Sentences/images/sentence_05823.png,Katė dirba kalnuose ir skaito istoriją.
Datasets/Real_Handwriting/images/form_409_sentence_4.png,Mielai gydytojas mokosi namuose.
Datasets/Synthetic_Sentences/images/sentence_55816.png,Lėtai Neringa skaito receptą.
Datasets/Synthetic_Sentences/images/sentence_54995.png,Mergaitė bando plaukti.
Datasets/Real_Handwriting/images/form_231_sentence_2.png,Marija lankosi kalnuose.
Datasets/Real_Handwriting/images/form_013_sentence_2.png,Katė piešia ir piešia.
Datasets/Synthetic_Sentences/images/sentence_57125.png,Gydytojas nori pirkti kavą.
Datasets/Real_Handwriting/images/form_358_sentence_3.png,Studentė skaito receptą.
Datasets/Real_Handwriting/images/form_139_sentence_5.png,Mes skuba daržoves stotyje.
Datasets/Synthetic_Sentences/images/sentence_02378.png,Žilvinas nedirba sode.
Datasets/Real_Handwriting/images/form_309_sentence_4.png,Garsiai berniukas rašo žemėlapį.
Datasets/Real_Handwriting/images/form_106_sentence_3.png,Moterys žiūri mokyklą miške.
Datasets/Synthetic_Sentences/images/sentence_17386.png,Eglė nori gerti arbatą.
Datasets/Synthetic_Sentences/images/sentence_45298.png,Tyliai Eglė skaito receptą.
Datasets/Synthetic_Sentences/images/sentence_21791.png,"Renata mokosi stotyje, bet nori kalbėti."
Datasets/Synthetic_Sentences/images/sentence_62585.png,Šuo ilsisi pievoje.
Datasets/Synthetic_Sentences/images/sentence_37097.png,Gydytojas dirba darbe vėlai vakare.
Datasets/Synthetic_Sentences/images/sentence_18833.png,Petras geria sultis.
Datasets/Real_Handwriting/images/form_440_sentence_2.png,Šiandien mokytojas mokosi mieste.
Datasets/Synthetic_Sentences/images/sentence_13716.png,Garsiai Rasa perka dovaną.
Datasets/Real_Handwriting/images/form_453_sentence_5.png,Daktaras dirba didelėje ligoninėje.
Datasets/Real_Handwriting/images/form_225_sentence_3.png,Neringa geria sultis.
Datasets/Real_Handwriting/images/form_163_sentence_2.png,Gydytojai retai dainuoja.
Datasets/Real_Handwriting/images/form_109_sentence_1.png,Šiandien aš mokosi gerai.
Datasets/Real_Handwriting/images/form_309_sentence_5.png,Ją labai džiugino jaukūs namai.
Datasets/Synthetic_Sentences/images/sentence_08796.png,Ar Žilvinas skaito receptą?
Datasets/Synthetic_Sentences/images/sentence_53030.png,Švelniai Renata mokosi pievoje anksti ryte.
Datasets/Real_Handwriting/images/form_149_sentence_2.png,Ar vyrai keliauoja?
Datasets/Synthetic_Sentences/images/sentence_05369.png,Eglė valgo vaisius.
Datasets/Synthetic_Sentences/images/sentence_56621.png,Mindaugas gyvena ežero pakrantėje.
Datasets/Real_Handwriting/images/form_262_sentence_3.png,Petras žaidžia parke.
Datasets/Synthetic_Sentences/images/sentence_55614.png,Greitai vaikas skaito knygą kavinėje.
Datasets/Real_Handwriting/images/form_003_sentence_3.png,Ramiai vaikas miega darbą.
Datasets/Real_Handwriting/images/form_460_sentence_2.png,Šiandien šuo mokosi parke.
Datasets/Real_Handwriting/images/form_315_sentence_4.png,Šiandien Petras perka knygą.
Datasets/Synthetic_Sentences/images/sentence_29149.png,Šiandien katė mokosi bibliotekoje.
Datasets/Synthetic_Sentences/images/sentence_37109.png,Studentas pradeda plaukti.
Datasets/Synthetic_Sentences/images/sentence_04392.png,Kristina nedirba sode.
Datasets/Real_Handwriting/images/form_209_sentence_4.png,Mantas žaidžia stotyje.
Datasets/Synthetic_Sentences/images/sentence_53576.png,Kruopščiai Žilvinas neša gėlę.
Datasets/Synthetic_Sentences/images/sentence_21084.png,Ramiai Saulius mokosi paplūdimyje naktį.
Datasets/Real_Handwriting/images/form_321_sentence_2.png,Paukštis dirba stadione.
Datasets/Synthetic_Sentences/images/sentence_34844.png,Eglė stengiasi galvoti.
Datasets/Synthetic_Sentences/images/sentence_36642.png,Danielius skaito mažą receptą.
Datasets/Synthetic_Sentences/images/sentence_65731.png,Atidžiai Petras ilsisi paplūdimyje.
Datasets/Real_Handwriting/images/form_487_sentence_4.png,Lėtai Mantas sportuoja stadione.
Datasets/Synthetic_Sentences/images/sentence_57321.png,"Studentė nori bėgti, nes nes turi daug darbo."
Datasets/Synthetic_Sentences/images/sentence_13173.png,Jonas mokosi stotyje ryte.
Datasets/Synthetic_Sentences/images/sentence_13897.png,Mergaitė nori skaityti receptą.
Datasets/Synthetic_Sentences/images/sentence_59899.png,Rytoj Ingrida eis kaime.
Datasets/Real_Handwriting/images/form_494_sentence_5.png,Kavinėje kvepėjo kava ir cinamonu.
Datasets/Synthetic_Sentences/images/sentence_59611.png,"Gydytojas dirba ligoninėje, nes jam patinka."
Datasets/Synthetic_Sentences/images/sentence_21310.png,Ingrida mėgsta pirkti knygą.
Datasets/Synthetic_Sentences/images/sentence_09598.png,Ar Jurgita mokosi bibliotekoje?
Datasets/Synthetic_Sentences/images/sentence_61294.png,Studentas ilsisi ežero pakrantėje.
Datasets/Synthetic_Sentences/images/sentence_00670.png,Ar katė nori groti?
Datasets/Synthetic_Sentences/images/sentence_19524.png,Vakar šuo nešė gėlę.
Datasets/Real_Handwriting/images/form_075_sentence_5.png,Jos skuba žaidimą.
Datasets/Synthetic_Sentences/images/sentence_56518.png,Renata mėgsta galvoti.
Datasets/Real_Handwriting/images/form_093_sentence_3.png,Mes sportuoja maistą stadione.
Datasets/Synthetic_Sentences/images/sentence_62611.png,Ar Petras mokosi stadione?
Datasets/Real_Handwriting/images/form_350_sentence_2.png,Žirgas neša knygą.
Datasets/Synthetic_Sentences/images/sentence_08329.png,Studentė perka nuobodų arbatą.
Datasets/Synthetic_Sentences/images/sentence_45601.png,Katė dirba pievoje vakare.
Datasets/Real_Handwriting/images/form_311_sentence_4.png,Ar Kristina nori eiti?
Datasets/Synthetic_Sentences/images/sentence_49422.png,Gydytojas lankosi kalnuose.
Datasets/Synthetic_Sentences/images/sentence_63044.png,Berniukas sportuoja pievoje.
Datasets/Synthetic_Sentences/images/sentence_53101.png,Šiandien vaikas skaito žurnalą.
Datasets/Synthetic_Sentences/images/sentence_21981.png,Vakar berniukas skaitė knygą.
Datasets/Synthetic_Sentences/images/sentence_12253.png,Ar gydytojas nori rašyti?
Datasets/Real_Handwriting/images/form_079_sentence_1.png,Vyras mėgsta skaityti receptą.
Datasets/Synthetic_Sentences/images/sentence_09283.png,Mokytoja perka tamsų duoną.
Datasets/Synthetic_Sentences/images/sentence_29212.png,Mielai Laura ilsisi upės pakrantėje.
Datasets/Synthetic_Sentences/images/sentence_50728.png,"Vaikas mokosi mieste, nes tai labai įdomu."
Datasets/Synthetic_Sentences/images/sentence_61967.png,Ramiai Kristina skaito laišką.
Datasets/Real_Handwriting/images/form_387_sentence_4.png,Eglė nori groti.
Datasets/Synthetic_Sentences/images/sentence_68389.png,Vakar Jurgita dirbo parke.
Datasets/Synthetic_Sentences/images/sentence_03356.png,Gydytojas stengiasi kalbėti.
Datasets/Real_Handwriting/images/form_450_sentence_3.png,Studentė skaito žemėlapį.
Datasets/Synthetic_Sentences/images/sentence_46243.png,Gydytojas nori gerti kavą.
Datasets/Real_Handwriting/images/form_352_sentence_3.png,Rasa pradeda bėgti.
Datasets/Synthetic_Sentences/images/sentence_14182.png,Saulius valgo daržoves.
Datasets/Synthetic_Sentences/images/sentence_21025.png,Vakar Neringa nešė gėlę.
Datasets/Real_Handwriting/images/form_454_sentence_4.png,Ingrida stengiasi ilsėtis.
Datasets/Synthetic_Sentences/images/sentence_67565.png,Rasa perka mažą duoną.
Datasets/Real_Handwriting/images/form_102_sentence_2.png,Studentas mėgsta sportuoti arbatą.
Datasets/Real_Handwriting/images/form_506_sentence_3.png,Katė stato bokštą.
Datasets/Real_Handwriting/images/form_386_sentence_3.png,Vakar berniukas dirbo kaime.
Datasets/Synthetic_Sentences/images/sentence_51439.png,Aš atsargiai atidarau ąžuolinę dėžę.
Datasets/Real_Handwriting/images/form_181_sentence_3.png,Šiandien gydytojai mokosi gerai.
Datasets/Synthetic_Sentences/images/sentence_01169.png,Kruopščiai gydytojas valgo vaisius.
Datasets/Synthetic_Sentences/images/sentence_50003.png,Ar Eglė dirba pievoje?
Datasets/Synthetic_Sentences/images/sentence_47877.png,Berniukas nori rašyti laišką.
Datasets/Real_Handwriting/images/form_461_sentence_2.png,Petras valgo vaisius.
Datasets/Synthetic_Sentences/images/sentence_33932.png,Mokytoja nori valgyti daržoves.
Datasets/Synthetic_Sentences/images/sentence_03192.png,Lėtai Eglė dirba mieste.
Datasets/Synthetic_Sentences/images/sentence_03058.png,Garsiai Renata rašo užduotį.
Datasets/Real_Handwriting/images/form_142_sentence_1.png,Studentas labai visada valgo.
Datasets/Real_Handwriting/images/form_148_sentence_3.png,Mergaitė mėgsta mokytis.
Datasets/Real_Handwriting/images/form_288_sentence_3.png,Lėtai Neringa dirba namuose.
Datasets/Synthetic_Sentences/images/sentence_61898.png,Rytoj šuo skaitys knygą.
Datasets/Synthetic_Sentences/images/sentence_10616.png,Mergaitė valgo daržoves.
Datasets/Synthetic_Sentences/images/sentence_65440.png,Vakar katė dirbo kavinėje.
Datasets/Synthetic_Sentences/images/sentence_30997.png,Danielius žaidžia darbe.
Datasets/Synthetic_Sentences/images/sentence_39161.png,Mokytojas dirba stadione ir skaito knygą.
Datasets/Real_Handwriting/images/form_378_sentence_2.png,Saulius mėgsta tvarkytis arbatą.
Datasets/Real_Handwriting/images/form_258_sentence_3.png,Žmogus stato bokštą.
Datasets/Synthetic_Sentences/images/sentence_10317.png,Ar berniukas mokosi parke?
Datasets/Real_Handwriting/images/form_020_sentence_4.png,Mes žaidžia mokykloje ir darbe.
Datasets/Real_Handwriting/images/form_326_sentence_4.png,Eglė žaidžia namuose.
Datasets/Real_Handwriting/images/form_249_sentence_5.png,Jonas į darbą važiuoja dviračiu.
Datasets/Synthetic_Sentences/images/sentence_19335.png,Kodėl Danielius dirba stotyje?
Datasets/Real_Handwriting/images/form_075_sentence_2.png,Jis mąsto sode.
Datasets/Synthetic_Sentences/images/sentence_15873.png,Kodėl Renata dirba kavinėje?
Datasets/Real_Handwriting/images/form_166_sentence_4.png,Draugas nori valgyti pamoką.
Datasets/Synthetic_Sentences/images/sentence_35128.png,Rytoj Gintaras skaitys žurnalą.
Datasets/Real_Handwriting/images/form_028_sentence_5.png,Gerai šuo miega receptą.
Datasets/Synthetic_Sentences/images/sentence_53057.png,Kristina nedirba kaime.
Datasets/Synthetic_Sentences/images/sentence_04714.png,"Mokytoja dirba sode, nes turi daug darbo."
Datasets/Synthetic_Sentences/images/sentence_03786.png,Marija nori gerti sultis.
Datasets/Synthetic_Sentences/images/sentence_09748.png,Jonas neskaito receptą.
Datasets/Real_Handwriting/images/form_021_sentence_3.png,Niekada jis miega paveikslą.
Datasets/Real_Handwriting/images/form_398_sentence_3.png,Jonas dirba namuose.
Datasets/Real_Handwriting/images/form_260_sentence_4.png,Kruopščiai Ingrida skaito receptą.
Datasets/Real_Handwriting/images/form_425_sentence_4.png,Žilvinas lankosi mokykloje.
Datasets/Real_Handwriting/images/form_486_sentence_4.png,Studentė mėgsta groti dovaną.
Datasets/Synthetic_Sentences/images/sentence_66784.png,Mergaitė neša knygą.
Datasets/Synthetic_Sentences/images/sentence_27097.png,Ar berniukas mokosi ligoninėje?
Datasets/Synthetic_Sentences/images/sentence_02063.png,Mokytoja mokosi kalnuose vakare.
Datasets/Synthetic_Sentences/images/sentence_48912.png,Vakar gydytojas nešė dovaną.
Datasets/Real_Handwriting/images/form_258_sentence_1.png,Vakar gydytojas dirbo paplūdimyje.
Datasets/Real_Handwriting/images/form_053_sentence_2.png,Draugas labai retai miega.
Datasets/Real_Handwriting/images/form_406_sentence_4.png,Rasa mėgsta žaisti.
Datasets/Synthetic_Sentences/images/sentence_47002.png,Petras dirba namuose.
Datasets/Real_Handwriting/images/form_064_sentence_1.png,Vyrai valgo kaime ir stadione.
Datasets/Synthetic_Sentences/images/sentence_56051.png,Tyliai Rasa rašo istoriją.
Datasets/Synthetic_Sentences/images/sentence_22507.png,Kartu keliaujame per kalnų taką.
Datasets/Real_Handwriting/images/form_064_sentence_4.png,Gydytojai mąsto egzaminą kavinėje.
Datasets/Synthetic_Sentences/images/sentence_58061.png,Rasa žaidžia darbe.
Datasets/Real_Handwriting/images/form_310_sentence_5.png,Žirgai bėga laisvai per žalią lauką.
Datasets/Synthetic_Sentences/images/sentence_07997.png,Vakar katė dirbo miške.
Datasets/Synthetic_Sentences/images/sentence_51098.png,Mantas nedirba paplūdimyje.
Datasets/Real_Handwriting/images/form_337_sentence_4.png,Studentas groja simfoniją.
Datasets/Synthetic_Sentences/images/sentence_13787.png,Mantas nenori ilsėtis.
Datasets/Real_Handwriting/images/form_493_sentence_5.png,Bitė skraido virš bijūnų.
Datasets/Synthetic_Sentences/images/sentence_23481.png,Ar katė skaito knygą?
Datasets/Synthetic_Sentences/images/sentence_24618.png,Rytoj Tomas skaitys žemėlapį.
Datasets/Synthetic_Sentences/images/sentence_33399.png,Atidžiai Žilvinas skaito žemėlapį.
Datasets/Synthetic_Sentences/images/sentence_05660.png,Šiandien mokytojas mokosi stotyje.
Datasets/Real_Handwriting/images/form_393_sentence_1.png,Mergaitė mėgsta gerti.
Datasets/Synthetic_Sentences/images/sentence_28626.png,Danielius mėgsta tvarkytis.
Datasets/Synthetic_Sentences/images/sentence_49221.png,Žilvinas nori skaityti žurnalą.
Datasets/Real_Handwriting/images/form_396_sentence_5.png,Jonas į darbą važiuoja dviračiu.
Datasets/Synthetic_Sentences/images/sentence_12487.png,Šiandien berniukas dirba upės pakrantėje.
Datasets/Synthetic_Sentences/images/sentence_38427.png,Tyliai Marija neša žaislą.
Datasets/Synthetic_Sentences/images/sentence_56285.png,Kristina pradeda keliauti.
Datasets/Synthetic_Sentences/images/sentence_15855.png,Mantas mėgsta gerti vandenį.
Datasets/Synthetic_Sentences/images/sentence_10361.png,Šiandien Jonas mokosi kavinėje.
Datasets/Synthetic_Sentences/images/sentence_61872.png,Kodėl Marija dirba pievoje?
Datasets/Synthetic_Sentences/images/sentence_28897.png,Garsiai Jurgita skaito žemėlapį.
Datasets/Real_Handwriting/images/form_186_sentence_1.png,Lėtai mokytojas mokosi daržoves.
Datasets/Real_Handwriting/images/form_186_sentence_4.png,Jūs žiūri žaidimą mokykloje.
Datasets/Synthetic_Sentences/images/sentence_48954.png,Vakar Kristina skaitė žurnalą.
Datasets/Synthetic_Sentences/images/sentence_07116.png,Kristina dirba darbe ir skaito knygą.
Datasets/Synthetic_Sentences/images/sentence_68198.png,Berniukas nori skaityti laišką.
Datasets/Real_Handwriting/images/form_278_sentence_5.png,Kartu keliaujame per kalnų taką.
Datasets/Synthetic_Sentences/images/sentence_45595.png,Vakar šuo dirbo stotyje.
Datasets/Synthetic_Sentences/images/sentence_05597.png,Studentė pradeda ilsėtis.
Datasets/Real_Handwriting/images/form_086_sentence_5.png,Šiandien mes eina retai.
Datasets/Real_Handwriting/images/form_479_sentence_4.png,Žilvinas perka gėlę.
Datasets/Synthetic_Sentences/images/sentence_25096.png,Saulius lankosi namuose.
Datasets/Synthetic_Sentences/images/sentence_09664.png,Katė ilsisi kavinėje.
Datasets/Real_Handwriting/images/form_121_sentence_5.png,Ar studentas geria?
Datasets/Synthetic_Sentences/images/sentence_36500.png,Garsiai Marija valgo sriubą.
Datasets/Synthetic_Sentences/images/sentence_43525.png,Lėtai katė neša dovaną.
Datasets/Synthetic_Sentences/images/sentence_57283.png,Gintaras geria kavą.
Datasets/Synthetic_Sentences/images/sentence_65509.png,Saulius nori skaityti istoriją.
Datasets/Synthetic_Sentences/images/sentence_05904.png,Laura skaito laišką.
Datasets/Real_Handwriting/images/form_425_sentence_3.png,Lėtai Danielius ilsisi kaime.
Datasets/Synthetic_Sentences/images/sentence_59644.png,Rytoj šuo eis kavinėje.
Datasets/Real_Handwriting/images/form_164_sentence_1.png,Šiandien moteris sportuoja lėtai.
Datasets/Real_Handwriting/images/form_318_sentence_3.png,Tyliai mokytoja dirba stotyje.
Datasets/Synthetic_Sentences/images/sentence_37437.png,Drąsiai studentė ilsisi kalnuose.
Datasets/Real_Handwriting/images/form_263_sentence_2.png,Ar šuo dirba ežero pakrantėje?
Datasets/Real_Handwriting/images/form_259_sentence_5.png,Kavinėje kvepėjo kava ir cinamonu.
Datasets/Synthetic_Sentences/images/sentence_16820.png,Mindaugas sportuoja pievoje.
Datasets/Real_Handwriting/images/form_365_sentence_3.png,Mielai mergaitė neša knygą.
Datasets/Synthetic_Sentences/images/sentence_52173.png,Marija nori valgyti obuolį.
Datasets/Synthetic_Sentences/images/sentence_57309.png,Tomas pradeda gerti.
Datasets/Real_Handwriting/images/form_509_sentence_3.png,Vakar Tomas dirbo namuose.
Datasets/Synthetic_Sentences/images/sentence_62519.png,Šiandien Mantas dirba stadione.
Datasets/Synthetic_Sentences/images/sentence_57386.png,Šiandien mokytojas mokosi ežero pakrantėje.
Datasets/Real_Handwriting/images/form_199_sentence_1.png,Jie šypsosi maistą stadione.
Datasets/Real_Handwriting/images/form_320_sentence_2.png,Kristina būna kalnuose.
Datasets/Synthetic_Sentences/images/sentence_56766.png,Ingrida nori valgyti duoną.
Datasets/Synthetic_Sentences/images/sentence_33094.png,Šiandien Mindaugas mokosi kalnuose.
Datasets/Synthetic_Sentences/images/sentence_29499.png,Gydytojas geria kavą.
Datasets/Synthetic_Sentences/images/sentence_08589.png,Rytoj Danielius skaitys žemėlapį.
Datasets/Synthetic_Sentences/images/sentence_14989.png,Renata perka lėtą arbatą.
Datasets/Synthetic_Sentences/images/sentence_50383.png,"Žilvinas mokosi namuose, bet nori valgyti."
Datasets/Real_Handwriting/images/form_319_sentence_2.png,Ramiai katė perka žaislą.
Datasets/Synthetic_Sentences/images/sentence_54908.png,Ar Saulius mokosi pievoje?
Datasets/Real_Handwriting/images/form_169_sentence_4.png,Ar moteris mąsto?
Datasets/Real_Handwriting/images/form_290_sentence_4.png,Petras gyvena pievoje.
Datasets/Synthetic_Sentences/images/sentence_15574.png,Berniukas rašo laišką.
Datasets/Synthetic_Sentences/images/sentence_14793.png,Ramiai Danielius mokosi kalnuose naktį.
Datasets/Real_Handwriting/images/form_434_sentence_1.png,Ar mergaitė skaito laišką?
Datasets/Real_Handwriting/images/form_473_sentence_4.png,Studentė būna pievoje.
Datasets/Real_Handwriting/images/form_051_sentence_2.png,Jos šoka arbatą namuose.
Datasets/Synthetic_Sentences/images/sentence_54890.png,Gintaras mėgsta valgyti vaisius.
Datasets/Real_Handwriting/images/form_001_sentence_3.png,Ji juokiasi daržoves ligoninėje.
Datasets/Synthetic_Sentences/images/sentence_06879.png,Rasa ilsisi kavinėje.
Datasets/Synthetic_Sentences/images/sentence_51292.png,Kristina renka akmenis.
Datasets/Synthetic_Sentences/images/sentence_67402.png,Rasa dirba darbe.
Datasets/Synthetic_Sentences/images/sentence_53579.png,Studentas nori žaisti.
Datasets/Synthetic_Sentences/images/sentence_24154.png,Vakar Marija skaitė žemėlapį.
Datasets/Real_Handwriting/images/form_164_sentence_4.png,Gydytojai labai garsiai šypsosi.
Datasets/Real_Handwriting/images/form_130_sentence_5.png,Jos pradeda dainuoti.
Datasets/Real_Handwriting/images/form_010_sentence_5.png,Mergaitė žaidžia mieste ir ligoninėje.
Datasets/Synthetic_Sentences/images/sentence_54313.png,Danielius neskaito receptą.
Datasets/Synthetic_Sentences/images/sentence_57415.png,Mokytojas dirba upės pakrantėje anksti ryte.
Datasets/Synthetic_Sentences/images/sentence_00731.png,Saulius renka gėles.
Datasets/Real_Handwriting/images/form_450_sentence_4.png,Kristina mėgsta tvarkytis.
Datasets/Real_Handwriting/images/form_211_sentence_1.png,Vakar katė skaitė žurnalą.
Datasets/Synthetic_Sentences/images/sentence_56880.png,Žilvinas nori pirkti žaislą.
Datasets/Real_Handwriting/images/form_233_sentence_2.png,Šiandien Danielius perka dovaną.
Datasets/Synthetic_Sentences/images/sentence_53672.png,Eglė mėgsta gerti arbatą.
Datasets/Synthetic_Sentences/images/sentence_62644.png,Jurgita dirba miške ir skaito istoriją.
Datasets/Synthetic_Sentences/images/sentence_13632.png,Ką studentė skaito?
Datasets/Synthetic_Sentences/images/sentence_01030.png,Ar mokytoja nori šokti?
Datasets/Synthetic_Sentences/images/sentence_18184.png,Ar vaikas mokosi kalnuose?
Datasets/Synthetic_Sentences/images/sentence_53210.png,Marija geria sultis.
Datasets/Synthetic_Sentences/images/sentence_31546.png,Saulius lankosi parke.
Datasets/Real_Handwriting/images/form_321_sentence_1.png,Švelniai Rasa ilsisi namuose.
Datasets/Synthetic_Sentences/images/sentence_44213.png,"Studentė mokosi namuose, nes jam patinka."
Datasets/Real_Handwriting/images/form_203_sentence_1.png,Drąsiai Ingrida valgo sriubą.
Datasets/Real_Handwriting/images/form_210_sentence_5.png,Kavinėje kvepėjo kava ir cinamonu.
Datasets/Synthetic_Sentences/images/sentence_66136.png,Ką studentas skaito?
Datasets/Synthetic_Sentences/images/sentence_37552.png,Petras nori skaityti knygą.
Datasets/Synthetic_Sentences/images/sentence_69413.png,Rūpestingai Danielius perka gėlę.
Datasets/Real_Handwriting/images/form_419_sentence_5.png,Universiteto studentai žaidžia šachmatais laisvalaikiu.
Datasets/Real_Handwriting/images/form_011_sentence_5.png,Niekada mokytojas žiūri istoriją.
Datasets/Real_Handwriting/images/form_337_sentence_1.png,Jonas neša krepšį.
Datasets/Synthetic_Sentences/images/sentence_65125.png,Kruopščiai studentas skaito knygą miške.
Datasets/Synthetic_Sentences/images/sentence_09818.png,Ramiai Jurgita skaito žurnalą.
Datasets/Synthetic_Sentences/images/sentence_48449.png,Drąsiai Gintaras neša knygą.
Datasets/Synthetic_Sentences/images/sentence_20983.png,Marija skaito knygą.
Datasets/Synthetic_Sentences/images/sentence_19666.png,Rytoj Petras eis kaime.
Datasets/Synthetic_Sentences/images/sentence_31396.png,Saulius nori rašyti užduotį.
Datasets/Synthetic_Sentences/images/sentence_41174.png,Ar Ingrida nori dirbti?
Datasets/Synthetic_Sentences/images/sentence_05999.png,Neringa nenori šokti.
Datasets/Real_Handwriting/images/form_271_sentence_1.png,Gydytojas mokosi upės pakrantėje.
Datasets/Synthetic_Sentences/images/sentence_23820.png,Ar Rasa dirba kalnuose?
Datasets/Real_Handwriting/images/form_415_sentence_3.png,Petras mokosi mieste.
Datasets/Synthetic_Sentences/images/sentence_08462.png,Jonas dirba ežero pakrantėje naktį.
Datasets/Synthetic_Sentences/images/sentence_46617.png,Laura stengiasi keliauti.
Datasets/Real_Handwriting/images/form_096_sentence_5.png,Moteris nemėgsta kalbėti namus.
Datasets/Synthetic_Sentences/images/sentence_20274.png,Rūpestingai Jonas skaito laišką.
Datasets/Synthetic_Sentences/images/sentence_24323.png,Rytoj mokytoja eis namuose.
Datasets/Synthetic_Sentences/images/sentence_46788.png,Šiandien Saulius perka kavą.
Datasets/Real_Handwriting/images/form_477_sentence_2.png,Ar Jurgita mokosi kalnuose?
Datasets/Synthetic_Sentences/images/sentence_16035.png,Laura nedirba mokykloje.
Datasets/Synthetic_Sentences/images/sentence_18269.png,Saulius nedirba upės pakrantėje.
Datasets/Real_Handwriting/images/form_142_sentence_3.png,Jis verkia namuose.
Datasets/Synthetic_Sentences/images/sentence_68298.png,Šiandien Neringa ilsisi darbe.
Datasets/Synthetic_Sentences/images/sentence_22615.png,"Jurgita mokosi mieste, nes nori pailsėti."
Datasets/Synthetic_Sentences/images/sentence_27185.png,Ar Ingrida dirba ežero pakrantėje?
Datasets/Synthetic_Sentences/images/sentence_45239.png,Kodėl mokytojas dirba paplūdimyje?
Datasets/Synthetic_Sentences/images/sentence_37302.png,Renata skaito istoriją.
Datasets/Real_Handwriting/images/form_471_sentence_1.png,Jurgita nori dainuoti.
Datasets/Synthetic_Sentences/images/sentence_45724.png,Kruopščiai Laura skaito laišką paplūdimyje.
Datasets/Synthetic_Sentences/images/sentence_27370.png,Rytoj studentas eis namuose.
Datasets/Synthetic_Sentences/images/sentence_65586.png,Garsiai Marija valgo duoną.
Datasets/Synthetic_Sentences/images/sentence_37703.png,Kodėl Danielius dirba stadione?
Datasets/Synthetic_Sentences/images/sentence_06131.png,Kristina nori skaityti.
Datasets/Synthetic_Sentences/images/sentence_38919.png,Rytoj Saulius eis upės pakrantėje.
Datasets/Synthetic_Sentences/images/sentence_20022.png,Jonas sportuoja mokykloje.
Datasets/Synthetic_Sentences/images/sentence_28995.png,Šiandien Neringa mokosi kaime.
Datasets/Synthetic_Sentences/images/sentence_44489.png,Kristina mėgsta pirkti žaislą.
Datasets/Synthetic_Sentences/images/sentence_34433.png,Ar Tomas skaito žurnalą?
Datasets/Synthetic_Sentences/images/sentence_22146.png,Kruopščiai katė valgo duoną.
Datasets/Real_Handwriting/images/form_209_sentence_5.png,Danielius dažnai dalyvauja varžybose.
Datasets/Synthetic_Sentences/images/sentence_52956.png,Tomas dirba mieste ir skaito istoriją.
Datasets/Real_Handwriting/images/form_438_sentence_5.png,Universiteto studentai žaidžia šachmatais laisvalaikiu.
Datasets/Synthetic_Sentences/images/sentence_47047.png,Mokytojas neskaito žemėlapį.
Datasets/Real_Handwriting/images/form_301_sentence_3.png,Marija perka arbatą.
Datasets/Real_Handwriting/images/form_401_sentence_5.png,Cecilija čiuožia ant ledo.
Datasets/Synthetic_Sentences/images/sentence_34336.png,Saulius gyvena darbe.
Datasets/Synthetic_Sentences/images/sentence_01586.png,Kruopščiai Kristina perka gėlę.
Datasets/Synthetic_Sentences/images/sentence_26061.png,Žilvinas nori pirkti kavą.
Datasets/Real_Handwriting/images/form_320_sentence_1.png,Džiaugsmingai Ingrida dirba kaime.
Datasets/Synthetic_Sentences/images/sentence_07423.png,Saulius valgo košę.
Datasets/Synthetic_Sentences/images/sentence_41260.png,Šiandien Laura perka žaislą.
Datasets/Real_Handwriting/images/form_219_sentence_2.png,Studentė ilsisi mokykloje.
Datasets/Synthetic_Sentences/images/sentence_06385.png,Lėtai Mindaugas mokosi pievoje anksti ryte.
Datasets/Synthetic_Sentences/images/sentence_00921.png,Eglė nori pirkti žaislą.
Datasets/Synthetic_Sentences/images/sentence_24008.png,Šiandien Marija mokosi paplūdimyje.
Datasets/Synthetic_Sentences/images/sentence_55846.png,Šiandien Eglė skaito laišką.
Datasets/Real_Handwriting/images/form_260_sentence_3.png,Studentė mėgsta groti.
Datasets/Real_Handwriting/images/form_419_sentence_2.png,Ramiai berniukas perka arbatą.
Datasets/Synthetic_Sentences/images/sentence_69984.png,Kristina perka naują knygą.
Datasets/Synthetic_Sentences/images/sentence_59185.png,"Laura dirba ligoninėje, nes nori pailsėti."
Datasets/Synthetic_Sentences/images/sentence_20756.png,Eglė stengiasi važiuoti.
Datasets/Synthetic_Sentences/images/sentence_07288.png,Studentė stengiasi skaityti.
Datasets/Synthetic_Sentences/images/sentence_44334.png,Studentas skaito žemėlapį.
Datasets/Synthetic_Sentences/images/sentence_16960.png,Studentas dirba miške.
Datasets/Synthetic_Sentences/images/sentence_27574.png,Renata lankosi upės pakrantėje.
Datasets/Synthetic_Sentences/images/sentence_41618.png,Jurgita sportuoja miške.
Datasets/Synthetic_Sentences/images/sentence_09772.png,Marija nori ilsėtis.
Datasets/Synthetic_Sentences/images/sentence_57161.png,Šiandien Kristina mokosi parke.
Datasets/Synthetic_Sentences/images/sentence_59740.png,Garsiai Saulius neša krepšį.
Datasets/Synthetic_Sentences/images/sentence_63671.png,Garsiai šuo dirba upės pakrantėje.
Datasets/Synthetic_Sentences/images/sentence_19005.png,Šiandien Saulius ilsisi kaime.
Datasets/Synthetic_Sentences/images/sentence_09434.png,Kristina nori valgyti duoną.
Datasets/Synthetic_Sentences/images/sentence_57991.png,Berniukas renka gėles.
Datasets/Real_Handwriting/images/form_350_sentence_3.png,Greitai Mindaugas neša žaislą.
Datasets/Synthetic_Sentences/images/sentence_36239.png,Katė mėgsta pirkti knygą.
Datasets/Synthetic_Sentences/images/sentence_15292.png,Jonas nenori plaukti.
Datasets/Real_Handwriting/images/form_418_sentence_1.png,Šiandien Eglė perka žaislą.
Datasets/Synthetic_Sentences/images/sentence_01737.png,Gintaras neša krepšį.
Datasets/Real_Handwriting/images/form_206_sentence_3.png,Gintaras mėgsta ilsėtis.
Datasets/Real_Handwriting/images/form_292_sentence_1.png,Laura stato bokštą.
Datasets/Real_Handwriting/images/form_454_sentence_2.png,Danielius mėgsta gerti duoną.
Datasets/Synthetic_Sentences/images/sentence_53321.png,Gydytojas mėgsta žaisti.
Datasets/Synthetic_Sentences/images/sentence_15420.png,Vakar Marija skaitė istoriją.
Datasets/Synthetic_Sentences/images/sentence_12746.png,Berniukas dirba pievoje.
Datasets/Real_Handwriting/images/form_446_sentence_2.png,Jonas ilsisi kavinėje.
Datasets/Synthetic_Sentences/images/sentence_06662.png,Ar Renata nori šokti?
Datasets/Synthetic_Sentences/images/sentence_58713.png,Kruopščiai mokytoja skaito istoriją.
Datasets/Real_Handwriting/images/form_036_sentence_2.png,Mokytojai rašo pamoką.
Datasets/Synthetic_Sentences/images/sentence_12392.png,Atidžiai Neringa skaito istoriją kavinėje.
Datasets/Real_Handwriting/images/form_100_sentence_5.png,Ji dainuoja namuose.
Datasets/Real_Handwriting/images/form_151_sentence_5.png,Ar studentas eina?
Datasets/Synthetic_Sentences/images/sentence_61100.png,Žilvinas sportuoja pievoje.
Datasets/Synthetic_Sentences/images/sentence_67208.png,Studentas nori gerti vandenį.
Datasets/Real_Handwriting/images/form_239_sentence_1.png,Paukštis būna bibliotekoje.
Datasets/Synthetic_Sentences/images/sentence_39862.png,Šiandien gydytojas ilsisi mokykloje.
Datasets/Real_Handwriting/images/form_357_sentence_2.png,Neringa žaidžia parke.
Datasets/Synthetic_Sentences/images/sentence_12467.png,Eglė skaito šiltą receptą.
Datasets/Synthetic_Sentences/images/sentence_62994.png,Ramiai katė skaito žurnalą bibliotekoje.
Datasets/Synthetic_Sentences/images/sentence_04236.png,Kristina skaito laišką.
Datasets/Real_Handwriting/images/form_214_sentence_5.png,Grybų miške randa vaikai ir suaugusieji.
Datasets/Synthetic_Sentences/images/sentence_41496.png,Mokytoja nori skaityti receptą.
Datasets/Synthetic_Sentences/images/sentence_45080.png,Rytoj Petras eis darbe.
Datasets/Synthetic_Sentences/images/sentence_28971.png,Marija nori rašyti užduotį.
Datasets/Synthetic_Sentences/images/sentence_50786.png,Berniukas perka seną knygą.
Datasets/Synthetic_Sentences/images/sentence_59903.png,Ar katė dirba kaime?
Datasets/Real_Handwriting/images/form_265_sentence_2.png,Petras groja muzikos kūrinį.
Datasets/Synthetic_Sentences/images/sentence_13188.png,Ar Eglė dirba mokykloje?
Datasets/Synthetic_Sentences/images/sentence_66231.png,Kruopščiai mokytoja mokosi ligoninėje.
Datasets/Real_Handwriting/images/form_415_sentence_4.png,Džiaugsmingai katė ilsisi stadione.
Datasets/Synthetic_Sentences/images/sentence_42798.png,Mindaugas mėgsta valgyti daržoves.
Datasets/Synthetic_Sentences/images/sentence_00634.png,Neringa geria sultis.
Datasets/Real_Handwriting/images/form_247_sentence_2.png,Ar Petras skaito istoriją?
Datasets/Real_Handwriting/images/form_330_sentence_4.png,Žmogus nori dirbti.
Datasets/Synthetic_Sentences/images/sentence_45038.png,Rytoj šuo skaitys žemėlapį.
Datasets/Real_Handwriting/images/form_261_sentence_3.png,Ar Jonas mokosi ežero pakrantėje?
Datasets/Real_Handwriting/images/form_474_sentence_3.png,Rytoj Gintaras skaitys žurnalą.
Datasets/Synthetic_Sentences/images/sentence_06388.png,Šuo neša laišką.
Datasets/Synthetic_Sentences/images/sentence_08090.png,Rytoj Jonas eis namuose.
Datasets/Synthetic_Sentences/images/sentence_23341.png,Mindaugas rašo projektą.
Datasets/Synthetic_Sentences/images/sentence_07560.png,Rytoj mokytoja skaitys laišką.
Datasets/Synthetic_Sentences/images/sentence_22255.png,Renata sportuoja stotyje.
Datasets/Real_Handwriting/images/form_026_sentence_1.png,Jis labai kartu verkia.
Datasets/Synthetic_Sentences/images/sentence_58731.png,Laura mėgsta gerti vandenį.
Datasets/Synthetic_Sentences/images/sentence_08234.png,Kristina gyvena mieste.
Datasets/Real_Handwriting/images/form_308_sentence_2.png,Vakar mokytoja dirbo kavinėje.
Datasets/Synthetic_Sentences/images/sentence_59120.png,Berniukas rašo projektą.
Datasets/Synthetic_Sentences/images/sentence_33262.png,Berniukas mėgsta pirkti arbatą.
Datasets/Real_Handwriting/images/form_324_sentence_2.png,Žmogus stato suolą.
Datasets/Real_Handwriting/images/form_267_sentence_1.png,Šeima groja dainą.
Datasets/Synthetic_Sentences/images/sentence_43836.png,Šiandien šuo perka knygą.
Datasets/Real_Handwriting/images/form_254_sentence_2.png,Šiandien Renata dirba kaime.
Datasets/Real_Handwriting/images/form_457_sentence_2.png,Šiandien Ingrida dirba kavinėje.
Datasets/Synthetic_Sentences/images/sentence_02230.png,Šiandien Danielius ilsisi paplūdimyje.
Datasets/Synthetic_Sentences/images/sentence_35404.png,Rytoj mokytoja skaitys žurnalą.
Datasets/Synthetic_Sentences/images/sentence_61549.png,Studentas mėgsta skaityti žemėlapį.
Datasets/Synthetic_Sentences/images/sentence_38852.png,Renata nori pirkti kavą.
Datasets/Synthetic_Sentences/images/sentence_65829.png,Rasa žaidžia miške.
Datasets/Synthetic_Sentences/images/sentence_28334.png,"Mergaitė mokosi stadione, bet nori kalbėti."
Datasets/Synthetic_Sentences/images/sentence_46530.png,Mokytoja neskaito laišką.
Datasets/Synthetic_Sentences/images/sentence_03997.png,Šiandien Gintaras ilsisi kaime.
Datasets/Real_Handwriting/images/form_277_sentence_3.png,Eglė stengiasi galvoti.
Datasets/Synthetic_Sentences/images/sentence_39218.png,Šiandien berniukas dirba paplūdimyje.
Datasets/Synthetic_Sentences/images/sentence_36632.png,Vaikas nori valgyti obuolį.
Datasets/Synthetic_Sentences/images/sentence_38196.png,Petras skaito naują laišką.
Datasets/Real_Handwriting/images/form_469_sentence_2.png,Petras renka grybus.
Datasets/Synthetic_Sentences/images/sentence_61133.png,Katė renka obuolius.
Datasets/Real_Handwriting/images/form_261_sentence_2.png,Gydytojas nori skaityti.
Datasets/Real_Handwriting/images/form_074_sentence_2.png,Jis dainuoja darbą.
Datasets/Synthetic_Sentences/images/sentence_40571.png,Ar Renata nori eiti?
Datasets/Synthetic_Sentences/images/sentence_59755.png,Saulius perka nuobodų gėlę.
Datasets/Synthetic_Sentences/images/sentence_08222.png,Ingrida perka gėlę.
Datasets/Synthetic_Sentences/images/sentence_59679.png,Ar Petras mėgsta šokti?
Datasets/Real_Handwriting/images/form_040_sentence_3.png,Ar jis skaito?
Datasets/Real_Handwriting/images/form_248_sentence_1.png,Šeima lankosi mieste.
Datasets/Synthetic_Sentences/images/sentence_42073.png,Mantas neskaito žurnalą.
Datasets/Synthetic_Sentences/images/sentence_33405.png,Ar Eglė mokosi stotyje?
Datasets/Synthetic_Sentences/images/sentence_25886.png,Jurgita mėgsta tvarkytis.
Datasets/Synthetic_Sentences/images/sentence_61250.png,Vaikas lankosi stotyje.
Datasets/Synthetic_Sentences/images/sentence_35985.png,Mergaitė žaidžia ligoninėje.
Datasets/Real_Handwriting/images/form_231_sentence_1.png,Mindaugas rašo receptą.
Datasets/Synthetic_Sentences/images/sentence_07871.png,Gydytojas neskaito knygą.
Datasets/Real_Handwriting/images/form_404_sentence_2.png,Gintaras groja simfoniją.
Datasets/Real_Handwriting/images/form_267_sentence_2.png,Mantas perka žaislą.
Datasets/Synthetic_Sentences/images/sentence_57291.png,Tyliai Danielius mokosi pievoje.
Datasets/Real_Handwriting/images/form_056_sentence_2.png,Jis labai retai tvarkosi.
Datasets/Real_Handwriting/images/form_061_sentence_5.png,Tu sportuoja namuose ir bibliotekoje.
Datasets/Synthetic_Sentences/images/sentence_03103.png,Mielai Eglė dirba mieste.
Datasets/Real_Handwriting/images/form_420_sentence_5.png,Brolis bėga per baltą sniegą.
Datasets/Synthetic_Sentences/images/sentence_21200.png,Berniukas lankosi kaime.
Datasets/Synthetic_Sentences/images/sentence_37847.png,Šiandien studentas perka gėlę.
Datasets/Synthetic_Sentences/images/sentence_46558.png,Mielai vaikas ilsisi ligoninėje.
Datasets/Synthetic_Sentences/images/sentence_06681.png,Danielius nori pirkti knygą.
Datasets/Real_Handwriting/images/form_087_sentence_1.png,Aš bijo keliauti projektą.
Datasets/Real_Handwriting/images/form_405_sentence_2.png,Studentė mokosi pievoje.
Datasets/Synthetic_Sentences/images/sentence_48146.png,Studentė valgo vaisius.
Datasets/Synthetic_Sentences/images/sentence_69694.png,Vakar Danielius nešė laišką.
Datasets/Real_Handwriting/images/form_092_sentence_5.png,Paukštis verkia kavą paplūdimyje.
Datasets/Synthetic_Sentences/images/sentence_58983.png,Vakar Kristina nešė gėlę.
Datasets/Synthetic_Sentences/images/sentence_24796.png,Vakar Rasa skaitė knygą.
Datasets/Synthetic_Sentences/images/sentence_55957.png,Katė renka gėles.
Datasets/Real_Handwriting/images/form_157_sentence_5.png,Mes bėga dainą.
Datasets/Synthetic_Sentences/images/sentence_27513.png,Saulius pradeda bėgti.
Datasets/Synthetic_Sentences/images/sentence_07210.png,Žilvinas dirba kavinėje ir skaito žemėlapį.
Datasets/Synthetic_Sentences/images/sentence_42456.png,Mokytoja ilsisi stotyje.
Datasets/Synthetic_Sentences/images/sentence_35667.png,Kruopščiai Renata ilsisi namuose.
Datasets/Synthetic_Sentences/images/sentence_16472.png,Greitai berniukas perka duoną.
Datasets/Synthetic_Sentences/images/sentence_11543.png,Gintaras sportuoja mieste.
Datasets/Synthetic_Sentences/images/sentence_51050.png,Mindaugas mokosi stotyje.
Datasets/Real_Handwriting/images/form_373_sentence_1.png,Vakar Tomas nešė knygą.
Datasets/Synthetic_Sentences/images/sentence_27491.png,Greitai Petras skaito istoriją bibliotekoje.
Datasets/Synthetic_Sentences/images/sentence_28831.png,Rytoj Mantas eis kaime.
Datasets/Real_Handwriting/images/form_449_sentence_2.png,Jurgita rašo istoriją.
Datasets/Real_Handwriting/images/form_243_sentence_1.png,Ramiai žmogus valgo duoną.
Datasets/Synthetic_Sentences/images/sentence_61433.png,Mokytoja lankosi parke.
Datasets/Synthetic_Sentences/images/sentence_28355.png,Drąsiai Laura ilsisi namuose.
Datasets/Synthetic_Sentences/images/sentence_22180.png,Katė dirba ligoninėje anksti ryte.
Datasets/Synthetic_Sentences/images/sentence_59458.png,Švelniai vaikas mokosi bibliotekoje.
Datasets/Real_Handwriting/images/form_098_sentence_1.png,Jūs mokosi stadione.
Datasets/Synthetic_Sentences/images/sentence_68167.png,Berniukas dirba miške naktį.
Datasets/Synthetic_Sentences/images/sentence_17279.png,Ar Eglė skaito laišką?
Datasets/Synthetic_Sentences/images/sentence_17687.png,Šiandien gydytojas mokosi namuose.
Datasets/Synthetic_Sentences/images/sentence_19143.png,Kur studentas dirba?
Datasets/Real_Handwriting/images/form_215_sentence_1.png,Paukštis bando galvoti.
Datasets/Real_Handwriting/images/form_090_sentence_5.png,Draugai kalba darbe ir prie ežero.
Datasets/Synthetic_Sentences/images/sentence_64944.png,Jurgita nori skaityti istoriją.
Datasets/Synthetic_Sentences/images/sentence_12610.png,Studentas rašo laišką.
Datasets/Synthetic_Sentences/images/sentence_54603.png,"Neringa dirba stotyje, nes reikia pasiruošti."
Datasets/Synthetic_Sentences/images/sentence_50163.png,Vakar Žilvinas skaitė žemėlapį.
Datasets/Real_Handwriting/images/form_027_sentence_3.png,Draugas stengiasi galvoti.
Datasets/Synthetic_Sentences/images/sentence_59751.png,Tyliai vaikas valgo vaisius.
Datasets/Real_Handwriting/images/form_305_sentence_3.png,Renata geria kavą.
Datasets/Real_Handwriting/images/form_430_sentence_4.png,Kruopščiai studentas rašo laišką.
Datasets/Real_Handwriting/images/form_345_sentence_1.png,Šiandien šuo skaito istoriją.
Datasets/Real_Handwriting/images/form_248_sentence_4.png,Žirgas renka vaisius.
Datasets/Synthetic_Sentences/images/sentence_23572.png,Studentė dirba ligoninėje vakare.
Datasets/Synthetic_Sentences/images/sentence_16643.png,Gintaras stengiasi dainuoti.
Datasets/Synthetic_Sentences/images/sentence_59564.png,Švelniai Saulius perka gėlę.
Datasets/Synthetic_Sentences/images/sentence_44928.png,Vaikas neskaito istoriją.
Datasets/Real_Handwriting/images/form_363_sentence_4.png,Mokytoja nori mokytis paveikslą.
Datasets/Real_Handwriting/images/form_137_sentence_5.png,Rytoj mokytojai galvoja daržoves.
Datasets/Synthetic_Sentences/images/sentence_27034.png,Šuo skaito istoriją.
Datasets/Synthetic_Sentences/images/sentence_42449.png,Vakar Žilvinas nešė žaislą.
Datasets/Synthetic_Sentences/images/sentence_06822.png,Šiandien mokytojas dirba stotyje.
Datasets/Synthetic_Sentences/images/sentence_52743.png,Marija mokosi pievoje naktį.
Datasets/Synthetic_Sentences/images/sentence_35082.png,Studentė dirba stotyje ir skaito istoriją.
Datasets/Synthetic_Sentences/images/sentence_33345.png,Ingrida gyvena kalnuose.
Datasets/Real_Handwriting/images/form_293_sentence_2.png,Lėtai Mantas rašo laišką.
Datasets/Real_Handwriting/images/form_306_sentence_3.png,Studentas dirba kaime.
Datasets/Real_Handwriting/images/form_313_sentence_5.png,Universiteto studentai žaidžia šachmatais laisvalaikiu.
Datasets/Synthetic_Sentences/images/sentence_13016.png,Danielius lankosi kalnuose.
Datasets/Synthetic_Sentences/images/sentence_05081.png,Rūpestingai Renata rašo užduotį.
Datasets/Synthetic_Sentences/images/sentence_45685.png,Berniukas renka gėles.
Datasets/Real_Handwriting/images/form_490_sentence_1.png,Laura skaito žemėlapį.
Datasets/Synthetic_Sentences/images/sentence_22383.png,Kruopščiai Petras perka gėlę.
Datasets/Synthetic_Sentences/images/sentence_57243.png,Ką Eglė skaito?
Datasets/Synthetic_Sentences/images/sentence_19069.png,Rytoj berniukas eis sode.
Datasets/Synthetic_Sentences/images/sentence_33616.png,Vaikas mėgsta pirkti gėlę.
Datasets/Real_Handwriting/images/form_002_sentence_1.png,Šiandien ji šypsosi ramiai.
Datasets/Synthetic_Sentences/images/sentence_18895.png,Žilvinas mėgsta valgyti sriubą.
Datasets/Synthetic_Sentences/images/sentence_34523.png,Katė nedirba kaime.
Datasets/Synthetic_Sentences/images/sentence_45454.png,Studentė nori valgyti daržoves.
Datasets/Synthetic_Sentences/images/sentence_19112.png,Eglė stengiasi plaukti.
Datasets/Synthetic_Sentences/images/sentence_44454.png,Ar Mindaugas mėgsta rašyti?
Datasets/Synthetic_Sentences/images/sentence_15427.png,Ar vaikas mėgsta groti?
Datasets/Synthetic_Sentences/images/sentence_60049.png,Rasa nori gerti arbatą.
Datasets/Real_Handwriting/images/form_479_sentence_5.png,Cukrų ir cinamoną dedame į pyragą.
Datasets/Synthetic_Sentences/images/sentence_22321.png,Greitai Saulius skaito knygą namuose.
Datasets/Synthetic_Sentences/images/sentence_25879.png,Šiandien mergaitė ilsisi bibliotekoje.
Datasets/Real_Handwriting/images/form_111_sentence_1.png,Jie dainuoja kalnuose ir mieste.
Datasets/Synthetic_Sentences/images/sentence_08012.png,Ką vaikas skaito?
Datasets/Real_Handwriting/images/form_041_sentence_2.png,Moterys keliauoja kaime ir ligoninėje.
Datasets/Real_Handwriting/images/form_134_sentence_5.png,Mes rašo ir rašo.
Datasets/Synthetic_Sentences/images/sentence_40342.png,"Mindaugas mokosi sode, nes nori pailsėti."
Datasets/Real_Handwriting/images/form_211_sentence_5.png,Cecilija čiuožia ant ledo.
Datasets/Real_Handwriting/images/form_116_sentence_3.png,Moterys žaidžia ir žaidžia.
Datasets/Synthetic_Sentences/images/sentence_33429.png,Mindaugas dirba pievoje.
Datasets/Synthetic_Sentences/images/sentence_54113.png,Mindaugas dirba paplūdimyje naktį.
Datasets/Real_Handwriting/images/form_387_sentence_1.png,Danielius pradeda mokytis.
Datasets/Synthetic_Sentences/images/sentence_32582.png,Rūpestingai Petras skaito istoriją.
Datasets/Synthetic_Sentences/images/sentence_36374.png,Kur Tomas dirba?
Datasets/Synthetic_Sentences/images/sentence_36904.png,Marija ilsisi namuose.
Datasets/Real_Handwriting/images/form_132_sentence_2.png,Šiandien mes rašo labai.
Datasets/Synthetic_Sentences/images/sentence_14055.png,Rytoj mergaitė eis stotyje.
Datasets/Real_Handwriting/images/form_470_sentence_2.png,Ar Jurgita mėgsta statyti?
Datasets/Synthetic_Sentences/images/sentence_54504.png,"Marija mokosi mieste, bet nori valgyti."
Datasets/Synthetic_Sentences/images/sentence_08911.png,Berniukas stengiasi dainuoti.
Datasets/Real_Handwriting/images/form_152_sentence_4.png,Mokytojas kartu skuba.
Datasets/Synthetic_Sentences/images/sentence_59635.png,Katė renka akmenis.
Datasets/Synthetic_Sentences/images/sentence_62470.png,Lėtai mergaitė mokosi upės pakrantėje vakare.
Datasets/Synthetic_Sentences/images/sentence_67033.png,Eglė perka dovaną.
Datasets/Real_Handwriting/images/form_242_sentence_4.png,Garsiai vaikas dirba bibliotekoje.
Datasets/Real_Handwriting/images/form_306_sentence_4.png,Džiaugsmingai Mantas sportuoja darbe.
Datasets/Real_Handwriting/images/form_202_sentence_3.png,Mergaitė žaidžia stadione.
Datasets/Synthetic_Sentences/images/sentence_14215.png,Žilvinas mėgsta pirkti kavą.
Datasets/Synthetic_Sentences/images/sentence_05383.png,Drąsiai Laura skaito receptą stotyje.
Datasets/Real_Handwriting/images/form_285_sentence_2.png,Rasa stato bokštą.
Datasets/Synthetic_Sentences/images/sentence_11078.png,Greitai studentė dirba pievoje.
Datasets/Synthetic_Sentences/images/sentence_26853.png,Šiandien mokytoja mokosi darbe.
Datasets/Synthetic_Sentences/images/sentence_16349.png,Studentė skaito šviesų žemėlapį.
Datasets/Real_Handwriting/images/form_408_sentence_5.png,Universiteto studentai žaidžia šachmatais laisvalaikiu.
Datasets/Real_Handwriting/images/form_243_sentence_5.png,Kavinėje kvepėjo kava ir cinamonu.
Datasets/Synthetic_Sentences/images/sentence_65762.png,Vakar mergaitė nešė laišką.
Datasets/Real_Handwriting/images/form_055_sentence_2.png,Ramiai mes ilsisi vandenį.
Datasets/Synthetic_Sentences/images/sentence_54960.png,Saulius mėgsta pirkti gėlę.
Datasets/Real_Handwriting/images/form_078_sentence_1.png,Moteris labai kartu galvoja.
Datasets/Real_Handwriting/images/form_248_sentence_5.png,Hibiskusas žydi ryškiomis rožinėmis žiedais.
Datasets/Synthetic_Sentences/images/sentence_08180.png,Gydytojas gyvena upės pakrantėje.
Datasets/Synthetic_Sentences/images/sentence_26753.png,Vakar Jurgita dirbo parke.
Datasets/Synthetic_Sentences/images/sentence_65662.png,Mindaugas neskaito žurnalą.
Datasets/Synthetic_Sentences/images/sentence_16270.png,Džiaugsmingai Mindaugas perka kavą.
Datasets/Synthetic_Sentences/images/sentence_32389.png,Vaikas nedirba miške.
Datasets/Synthetic_Sentences/images/sentence_17948.png,Studentė nori pirkti kavą.
Datasets/Synthetic_Sentences/images/sentence_52459.png,Rasa mėgsta piešti.
Datasets/Synthetic_Sentences/images/sentence_44251.png,Rūpestingai katė dirba ligoninėje.
Datasets/Synthetic_Sentences/images/sentence_25900.png,Greitai mokytojas neša laišką.
Datasets/Real_Handwriting/images/form_354_sentence_3.png,Žilvinas lankosi darbe.
Datasets/Real_Handwriting/images/form_209_sentence_1.png,Garsiai studentas rašo receptą.
Datasets/Real_Handwriting/images/form_119_sentence_5.png,Jie keliauoja laišką bibliotekoje.
Datasets/Real_Handwriting/images/form_315_sentence_1.png,Ar žirgas skaito laišką?
Datasets/Synthetic_Sentences/images/sentence_07888.png,Ramiai Petras dirba ligoninėje.
Datasets/Synthetic_Sentences/images/sentence_22084.png,Ką studentė skaito?
Datasets/Synthetic_Sentences/images/sentence_30516.png,Šiandien Kristina ilsisi ligoninėje.
Datasets/Synthetic_Sentences/images/sentence_39985.png,Kur mergaitė dirba?
Datasets/Synthetic_Sentences/images/sentence_02264.png,Petras lankosi paplūdimyje.
Datasets/Synthetic_Sentences/images/sentence_35613.png,"Petras dirba kalnuose, nes nori pailsėti."
Datasets/Real_Handwriting/images/form_312_sentence_4.png,Studentas pradeda tvarkytis.
Datasets/Synthetic_Sentences/images/sentence_54872.png,Vakar Žilvinas dirbo bibliotekoje.
Datasets/Synthetic_Sentences/images/sentence_03996.png,Mantas neskaito žemėlapį.
Datasets/Synthetic_Sentences/images/sentence_03440.png,Vakar vaikas skaitė istoriją.
Datasets/Synthetic_Sentences/images/sentence_33902.png,Atidžiai Eglė mokosi ežero pakrantėje.
Datasets/Synthetic_Sentences/images/sentence_04211.png,Tomas pradeda piešti.
Datasets/Synthetic_Sentences/images/sentence_04518.png,Gintaras dirba ligoninėje ir skaito istoriją.
Datasets/Synthetic_Sentences/images/sentence_15508.png,"Petras mokosi stotyje, nes nori pailsėti."
Datasets/Synthetic_Sentences/images/sentence_28411.png,Jurgita neskaito žurnalą.
Datasets/Real_Handwriting/images/form_047_sentence_3.png,Ar vyras mąsto?
Datasets/Synthetic_Sentences/images/sentence_62265.png,Neringa nori skaityti istoriją.
Datasets/Real_Handwriting/images/form_223_sentence_5.png,Kavinėje kvepėjo kava ir cinamonu.
Datasets/Synthetic_Sentences/images/sentence_38344.png,Lėtai mokytoja dirba kalnuose.
Datasets/Synthetic_Sentences/images/sentence_08598.png,Jurgita neskaito laišką.
Datasets/Synthetic_Sentences/images/sentence_59742.png,Šiandien katė dirba darbe.
Datasets/Synthetic_Sentences/images/sentence_52012.png,Gydytojas mėgsta valgyti košę.
Datasets/Real_Handwriting/images/form_405_sentence_4.png,Petras rašo žemėlapį.
Datasets/Synthetic_Sentences/images/sentence_23619.png,Mindaugas mėgsta gerti sultis.
Datasets/Synthetic_Sentences/images/sentence_03094.png,Lėtai mergaitė dirba stadione.
Datasets/Synthetic_Sentences/images/sentence_15178.png,Ar Eglė mokosi upės pakrantėje?
Datasets/Real_Handwriting/images/form_380_sentence_2.png,Ar žmogus mokosi parke?
Datasets/Synthetic_Sentences/images/sentence_67296.png,Garsiai mergaitė valgo sriubą.
Datasets/Synthetic_Sentences/images/sentence_19692.png,Ar Laura mokosi ežero pakrantėje?
Datasets/Synthetic_Sentences/images/sentence_28016.png,Mantas neskaito žurnalą.
Datasets/Synthetic_Sentences/images/sentence_15327.png,Švelniai Marija neša žaislą.
Datasets/Synthetic_Sentences/images/sentence_58121.png,Atidžiai Petras valgo vaisius.
Datasets/Synthetic_Sentences/images/sentence_55857.png,Mokytojas dirba mokykloje ir skaito receptą.
Datasets/Synthetic_Sentences/images/sentence_65603.png,Rytoj Danielius skaitys istoriją.
Datasets/Synthetic_Sentences/images/sentence_34646.png,Rytoj mokytojas eis sode.
Datasets/Synthetic_Sentences/images/sentence_04662.png,Danielius mėgsta kalbėti.
Datasets/Synthetic_Sentences/images/sentence_42795.png,"Jurgita mokosi pievoje, bet nori piešti."
Datasets/Real_Handwriting/images/form_222_sentence_2.png,Studentė valgo košę.
Datasets/Synthetic_Sentences/images/sentence_16017.png,Šiandien Tomas perka žaislą.
Datasets/Synthetic_Sentences/images/sentence_55896.png,Džiaugsmingai šuo rašo receptą.
Datasets/Real_Handwriting/images/form_213_sentence_4.png,Ingrida dirba ligoninėje.
Datasets/Synthetic_Sentences/images/sentence_52807.png,Jonas skaito receptą.
Datasets/Synthetic_Sentences/images/sentence_58810.png,Renata sportuoja kavinėje.
Datasets/Synthetic_Sentences/images/sentence_41789.png,Ramiai vaikas dirba sode.
Datasets/Real_Handwriting/images/form_384_sentence_5.png,Anas vyras atneša arbatos.
Datasets/Real_Handwriting/images/form_136_sentence_3.png,Gerai mokytojai žiūri užduotį.
Datasets/Synthetic_Sentences/images/sentence_22677.png,Žilvinas mėgsta valgyti vaisius.
Datasets/Synthetic_Sentences/images/sentence_18597.png,Danielius pradeda piešti.
Datasets/Synthetic_Sentences/images/sentence_26291.png,Gydytojas nedirba kaime.
Datasets/Synthetic_Sentences/images/sentence_65796.png,Saulius neskaito receptą.
Datasets/Synthetic_Sentences/images/sentence_29042.png,Tomas dirba mokykloje.
Datasets/Synthetic_Sentences/images/sentence_10119.png,Jonas nedirba mokykloje.
Datasets/Synthetic_Sentences/images/sentence_22739.png,Eglė nori pirkti gėlę.
Datasets/Synthetic_Sentences/images/sentence_05680.png,Danielius skaito istoriją.
Datasets/Synthetic_Sentences/images/sentence_25767.png,Danielius neša žaislą.
Datasets/Synthetic_Sentences/images/sentence_45955.png,Mokytojas nori pirkti dovaną.
Datasets/Synthetic_Sentences/images/sentence_53194.png,Gintaras nori valgyti duoną.
Datasets/Synthetic_Sentences/images/sentence_02586.png,Kristina skaito žurnalą.
Datasets/Synthetic_Sentences/images/sentence_39816.png,Studentė lankosi bibliotekoje.
Datasets/Synthetic_Sentences/images/sentence_01173.png,Jonas mėgsta valgyti daržoves.
Datasets/Real_Handwriting/images/form_211_sentence_4.png,Studentė nori sportuoti duoną.
Datasets/Real_Handwriting/images/form_509_sentence_4.png,Ar Ingrida dirba pievoje?
Datasets/Real_Handwriting/images/form_064_sentence_5.png,Ar mes juokiasi?
Datasets/Synthetic_Sentences/images/sentence_57491.png,Katė nori rašyti žemėlapį.
Datasets/Synthetic_Sentences/images/sentence_51511.png,Žilvinas geria pieną.
Datasets/Synthetic_Sentences/images/sentence_27847.png,Mielai studentas mokosi pievoje po pietų.
Datasets/Synthetic_Sentences/images/sentence_64254.png,Vakar Gintaras skaitė istoriją.
Datasets/Synthetic_Sentences/images/sentence_00433.png,Mielai Danielius rašo užduotį.
Datasets/Real_Handwriting/images/form_200_sentence_4.png,Gydytojas piešia miške.
Datasets/Synthetic_Sentences/images/sentence_54449.png,Ar Eglė nori sportuoti?
Datasets/Real_Handwriting/images/form_308_sentence_3.png,Rytoj mokytoja skaitys knygą.
Datasets/Synthetic_Sentences/images/sentence_39163.png,Studentas nori skaityti žurnalą.
Datasets/Real_Handwriting/images/form_346_sentence_4.png,Ar Rasa skaito žemėlapį?
Datasets/Synthetic_Sentences/images/sentence_10053.png,Tyliai Neringa dirba kavinėje.
Datasets/Synthetic_Sentences/images/sentence_04737.png,Jonas dirba paplūdimyje vakare.
Datasets/Real_Handwriting/images/form_463_sentence_2.png,Paukštis dirba mokykloje.
Datasets/Synthetic_Sentences/images/sentence_55995.png,Mokytojas neša žaislą.
Datasets/Synthetic_Sentences/images/sentence_53548.png,Eglė nori pirkti duoną.
Datasets/Real_Handwriting/images/form_400_sentence_5.png,Filmas buvo labai įdomus ir jaudinantis.
Datasets/Synthetic_Sentences/images/sentence_46173.png,Studentė rašo receptą.
Datasets/Synthetic_Sentences/images/sentence_64173.png,Drąsiai Neringa mokosi kavinėje vakare.
Datasets/Synthetic_Sentences/images/sentence_26790.png,Vakar Petras dirbo darbe.
Datasets/Synthetic_Sentences/images/sentence_17457.png,Mokytoja gyvena sode.
Datasets/Synthetic_Sentences/images/sentence_16997.png,Eglė pradeda bėgti.
Datasets/Synthetic_Sentences/images/sentence_02689.png,Studentė skaito receptą.
Datasets/Synthetic_Sentences/images/sentence_21120.png,Šuo nori rašyti laišką.
Datasets/Real_Handwriting/images/form_289_sentence_1.png,Mantas stato namą.
Datasets/Real_Handwriting/images/form_068_sentence_5.png,Ar draugai mokosi?
Datasets/Synthetic_Sentences/images/sentence_10621.png,Kristina nori skaityti receptą.
Datasets/Synthetic_Sentences/images/sentence_58597.png,"Mantas nori ilsėtis, nes nes nori pailsėti."
Datasets/Synthetic_Sentences/images/sentence_06842.png,Studentas sportuoja miške.
Datasets/Synthetic_Sentences/images/sentence_52968.png,Ar Kristina skaito laišką?
Datasets/Real_Handwriting/images/form_235_sentence_1.png,Vaikas rašo projektą.
Datasets/Synthetic_Sentences/images/sentence_16248.png,Studentas mėgsta valgyti duoną.
Datasets/Real_Handwriting/images/form_308_sentence_1.png,Kruopščiai Gintaras skaito laišką.
Datasets/Synthetic_Sentences/images/sentence_20428.png,Mergaitė perka gėlę.
Datasets/Synthetic_Sentences/images/sentence_37433.png,Ar gydytojas mokosi kavinėje?
Datasets/Real_Handwriting/images/form_134_sentence_3.png,Vyras kalba namus.
Datasets/Real_Handwriting/images/form_396_sentence_4.png,Mantas dirba mieste.
Datasets/Synthetic_Sentences/images/sentence_65888.png,Mokytoja žaidžia stadione.
Datasets/Synthetic_Sentences/images/sentence_04100.png,Danielius perka arbatą.
Datasets/Synthetic_Sentences/images/sentence_33787.png,Saulius mokosi mieste naktį.
Datasets/Synthetic_Sentences/images/sentence_24749.png,Tyliai mokytojas neša laišką.
Datasets/Real_Handwriting/images/form_387_sentence_3.png,Žirgas perka duoną.
Datasets/Synthetic_Sentences/images/sentence_36985.png,Studentė nenori šokti.
Datasets/Real_Handwriting/images/form_082_sentence_4.png,Blogai mergaitė žiūri laišką.
Datasets/Synthetic_Sentences/images/sentence_41500.png,Ar Jonas skaito istoriją?
Datasets/Synthetic_Sentences/images/sentence_60082.png,Danielius mėgsta piešti.
Datasets/Real_Handwriting/images/form_491_sentence_5.png,Čiurlionį menininkai laiko išskirtiniu kūrėju.
Datasets/Synthetic_Sentences/images/sentence_50597.png,Rasa mėgsta valgyti vaisius.
Datasets/Synthetic_Sentences/images/sentence_58426.png,Mantas nedirba bibliotekoje.
Datasets/Synthetic_Sentences/images/sentence_25015.png,Marija gyvena upės pakrantėje.
Datasets/Synthetic_Sentences/images/sentence_32839.png,Studentė nenori galvoti.
Datasets/Synthetic_Sentences/images/sentence_66679.png,Mokytoja bando plaukti.
Datasets/Real_Handwriting/images/form_298_sentence_4.png,Paukštis geria pieną.
Datasets/Synthetic_Sentences/images/sentence_68069.png,Garsiai Petras ilsisi ligoninėje.
Datasets/Synthetic_Sentences/images/sentence_57406.png,Mindaugas renka grybus.
Datasets/Synthetic_Sentences/images/sentence_44190.png,Ar Eglė mėgsta šokti?
Datasets/Synthetic_Sentences/images/sentence_57136.png,Kodėl mokytojas dirba stadione?
Datasets/Synthetic_Sentences/images/sentence_33780.png,Ar Danielius mokosi mokykloje?
Datasets/Synthetic_Sentences/images/sentence_08869.png,Renata perka didelį žaislą.
Datasets/Synthetic_Sentences/images/sentence_38542.png,Kur Petras dirba?
Datasets/Real_Handwriting/images/form_428_sentence_1.png,Šiandien Neringa ilsisi pievoje.
Datasets/Real_Handwriting/images/form_225_sentence_1.png,Atidžiai Renata sportuoja darbe.
Datasets/Synthetic_Sentences/images/sentence_27070.png,Drąsiai studentas perka knygą.
Datasets/Synthetic_Sentences/images/sentence_47627.png,Greitai Neringa skaito laišką.
Datasets/Real_Handwriting/images/form_421_sentence_5.png,Cecilija čiuožia ant ledo.
Datasets/Synthetic_Sentences/images/sentence_47108.png,Kristina renka daržoves.
Datasets/Synthetic_Sentences/images/sentence_05036.png,Vakar Gintaras nešė krepšį.
Datasets/Synthetic_Sentences/images/sentence_69332.png,Eglė neskaito žurnalą.
Datasets/Synthetic_Sentences/images/sentence_28482.png,Marija mėgsta skaityti žurnalą.
Datasets/Real_Handwriting/images/form_354_sentence_4.png,Ar Tomas mėgsta keliauti?
Datasets/Synthetic_Sentences/images/sentence_47001.png,Džiaugsmingai gydytojas neša krepšį.
Datasets/Real_Handwriting/images/form_129_sentence_5.png,Moterys dirba ir dirba.
Datasets/Synthetic_Sentences/images/sentence_48884.png,Atidžiai Gintaras perka arbatą.
Datasets/Synthetic_Sentences/images/sentence_50479.png,Mokytojas renka daržoves.
Datasets/Synthetic_Sentences/images/sentence_00150.png,Gintaras nori valgyti duoną.
Datasets/Synthetic_Sentences/images/sentence_47224.png,Jonas nedirba stotyje.
Datasets/Real_Handwriting/images/form_179_sentence_3.png,Jis geria sode ir stotyje.
Datasets/Synthetic_Sentences/images/sentence_14385.png,Ar studentas dirba kalnuose?
Datasets/Real_Handwriting/images/form_145_sentence_2.png,Mokytojas labai niekada dainuoja.
Datasets/Real_Handwriting/images/form_117_sentence_3.png,Aš juokiasi stotyje ir ligoninėje.
Datasets/Synthetic_Sentences/images/sentence_39599.png,Rytoj katė eis mieste.
Datasets/Synthetic_Sentences/images/sentence_24912.png,Jurgita nori pirkti knygą.
Datasets/Synthetic_Sentences/images/sentence_69097.png,Šiandien mokytojas dirba kaime.
Datasets/Synthetic_Sentences/images/sentence_58818.png,Danielius dirba mokykloje.
Datasets/Real_Handwriting/images/form_382_sentence_1.png,Marija mokosi mieste.
Datasets/Synthetic_Sentences/images/sentence_24229.png,Ramiai Laura dirba bibliotekoje.
Datasets/Synthetic_Sentences/images/sentence_53848.png,Garsiai Jurgita neša laišką.
Datasets/Real_Handwriting/images/form_120_sentence_3.png,Vyrai valgo paplūdimyje ir bibliotekoje.
Datasets/Synthetic_Sentences/images/sentence_09242.png,Kristina perka arbatą.
Datasets/Synthetic_Sentences/images/sentence_29619.png,Šiandien Jonas skaito laišką.
Datasets/Real_Handwriting/images/form_210_sentence_1.png,Tyliai Marija perka žaislą.
Datasets/Real_Handwriting/images/form_037_sentence_2.png,Šiandien katė skuba labai.
Datasets/Synthetic_Sentences/images/sentence_52060.png,Eglė mėgsta gerti arbatą.
Datasets/Real_Handwriting/images/form_308_sentence_4.png,Džiaugsmingai mokytoja mokosi kavinėje.
Datasets/Synthetic_Sentences/images/sentence_17253.png,Mergaitė žaidžia kavinėje.
Datasets/Real_Handwriting/images/form_215_sentence_2.png,Mindaugas nori gerti paveikslą.
Datasets/Synthetic_Sentences/images/sentence_53468.png,Ingrida skaito šaltą laišką.
Datasets/Real_Handwriting/images/form_160_sentence_3.png,Draugai tvarkosi miške.
Datasets/Synthetic_Sentences/images/sentence_62186.png,Ar Rasa nori rašyti?
Datasets/Synthetic_Sentences/images/sentence_58502.png,Džiaugsmingai berniukas dirba pievoje.
Datasets/Real_Handwriting/images/form_163_sentence_1.png,Ar jie mąsto?
Datasets/Synthetic_Sentences/images/sentence_22687.png,Rytoj Tomas eis mieste.
Datasets/Real_Handwriting/images/form_324_sentence_3.png,Švelniai mokytoja mokosi darbe.
Datasets/Synthetic_Sentences/images/sentence_36880.png,Šuo mėgsta valgyti duoną.
Datasets/Synthetic_Sentences/images/sentence_07937.png,Tyliai Petras ilsisi mieste.
Datasets/Synthetic_Sentences/images/sentence_30282.png,Šiandien Neringa skaito laišką.
Datasets/Real_Handwriting/images/form_044_sentence_4.png,Vyrai nemėgsta mokytis.
Datasets/Synthetic_Sentences/images/sentence_26680.png,Šiandien mokytojas perka knygą.
Datasets/Real_Handwriting/images/form_329_sentence_5.png,Žuvėdros skraido žemai virš bangų.
Datasets/Synthetic_Sentences/images/sentence_29633.png,Kodėl vaikas dirba mokykloje?
Datasets/Synthetic_Sentences/images/sentence_50643.png,Saulius dirba namuose.
Datasets/Synthetic_Sentences/images/sentence_13330.png,Vaikas mėgsta pirkti dovaną.
Datasets/Synthetic_Sentences/images/sentence_18046.png,"Mergaitė mokosi darbe, nes nori pailsėti."
Datasets/Real_Handwriting/images/form_361_sentence_3.png,Studentas gyvena ežero pakrantėje.
Datasets/Synthetic_Sentences/images/sentence_61762.png,Ingrida mėgsta valgyti duoną.
Datasets/Synthetic_Sentences/images/sentence_12545.png,Mielai Rasa valgo košę.
Datasets/Real_Handwriting/images/form_249_sentence_1.png,Rytoj šeima eis pievoje.
Datasets/Synthetic_Sentences/images/sentence_43603.png,Ar šuo nori sportuoti?
Datasets/Real_Handwriting/images/form_137_sentence_1.png,Studentai labai tyliai žiūri.
Datasets/Synthetic_Sentences/images/sentence_60350.png,Kodėl gydytojas dirba parke?
Datasets/Synthetic_Sentences/images/sentence_41462.png,Ar Ingrida skaito žurnalą?
Datasets/Synthetic_Sentences/images/sentence_14057.png,Berniukas lankosi mieste.
Datasets/Synthetic_Sentences/images/sentence_69999.png,Gintaras nori rašyti užduotį.
Datasets/Synthetic_Sentences/images/sentence_02426.png,Vakar berniukas skaitė laišką.
Datasets/Real_Handwriting/images/form_256_sentence_3.png,Lėtai Renata ilsisi paplūdimyje.
Datasets/Real_Handwriting/images/form_048_sentence_2.png,Jūs bėga stotyje ir prie ežero.
Datasets/Synthetic_Sentences/images/sentence_28561.png,Atidžiai Renata skaito žurnalą kavinėje.
Datasets/Synthetic_Sentences/images/sentence_52291.png,Mindaugas mėgsta gerti arbatą.
Datasets/Synthetic_Sentences/images/sentence_25964.png,Gydytojas nori bėgti.
Datasets/Synthetic_Sentences/images/sentence_38025.png,Tomas geria pieną.
Datasets/Synthetic_Sentences/images/sentence_45360.png,Studentė stengiasi valgyti.
Datasets/Synthetic_Sentences/images/sentence_56872.png,Šiandien Ingrida ilsisi ežero pakrantėje.
Datasets/Synthetic_Sentences/images/sentence_17074.png,Kruopščiai Tomas neša žaislą.
Datasets/Synthetic_Sentences/images/sentence_35956.png,Ar mokytoja skaito žemėlapį?
Datasets/Synthetic_Sentences/images/sentence_51029.png,Šiandien vaikas mokosi mieste.
Datasets/Synthetic_Sentences/images/sentence_50842.png,Šiandien katė perka arbatą.
Datasets/Real_Handwriting/images/form_366_sentence_1.png,Rytoj Kristina eis paplūdimyje.
Datasets/Synthetic_Sentences/images/sentence_62459.png,Rūpestingai Marija valgo vaisius.
Datasets/Synthetic_Sentences/images/sentence_39710.png,Tomas skaito nuobodų žurnalą.
Datasets/Synthetic_Sentences/images/sentence_51386.png,Neringa nori gerti vandenį.
Datasets/Real_Handwriting/images/form_344_sentence_2.png,Mergaitė perka kavą.
Datasets/Real_Handwriting/images/form_261_sentence_5.png,Jaunas studentas juda drąsiai į priekį.
Datasets/Synthetic_Sentences/images/sentence_02662.png,Marija stengiasi eiti.
Datasets/Synthetic_Sentences/images/sentence_66427.png,Ar Eglė nori dainuoti?
Datasets/Synthetic_Sentences/images/sentence_63334.png,Šiandien katė skaito receptą.
Datasets/Synthetic_Sentences/images/sentence_59267.png,Ar Ingrida mėgsta dirbti?
Datasets/Synthetic_Sentences/images/sentence_08035.png,Jonas neskaito knygą.
Datasets/Real_Handwriting/images/form_400_sentence_2.png,Rūpestingai Danielius perka knygą.
Datasets/Real_Handwriting/images/form_206_sentence_2.png,Ar šeima dirba ežero pakrantėje?
Datasets/Real_Handwriting/images/form_400_sentence_1.png,Paukštis perka knygą.
Datasets/Real_Handwriting/images/form_352_sentence_5.png,Čiulba paukščiai ankstų rytą.
Datasets/Synthetic_Sentences/images/sentence_02787.png,Ar studentė nori dainuoti?
Datasets/Synthetic_Sentences/images/sentence_00884.png,Katė mokosi ežero pakrantėje vėlai vakare.
Datasets/Synthetic_Sentences/images/sentence_20018.png,Petras stengiasi šokti.
Datasets/Synthetic_Sentences/images/sentence_54326.png,Eglė nori skaityti istoriją.
Datasets/Real_Handwriting/images/form_236_sentence_3.png,Danielius dirba stadione.
Datasets/Synthetic_Sentences/images/sentence_53719.png,Ar katė nori galvoti?
Datasets/Synthetic_Sentences/images/sentence_64893.png,Šuo nori gerti arbatą.
Datasets/Synthetic_Sentences/images/sentence_42939.png,Mielai mergaitė mokosi darbe.
Datasets/Synthetic_Sentences/images/sentence_52595.png,Eglė valgo daržoves.
Datasets/Synthetic_Sentences/images/sentence_66869.png,Jonas sportuoja stotyje.
Datasets/Synthetic_Sentences/images/sentence_34323.png,Laura rašo istoriją.
Datasets/Synthetic_Sentences/images/sentence_13651.png,Rytoj Marija eis namuose.
Datasets/Synthetic_Sentences/images/sentence_25039.png,Greitai studentas valgo vaisius.
Datasets/Synthetic_Sentences/images/sentence_16593.png,Ingrida perka nuobodų knygą.
Datasets/Synthetic_Sentences/images/sentence_02443.png,Vaikas perka žaislą.
Datasets/Synthetic_Sentences/images/sentence_33989.png,Šiandien Neringa ilsisi mieste.
Datasets/Synthetic_Sentences/images/sentence_32039.png,"Gydytojas dirba pievoje, nes tai labai įdomu."
Datasets/Real_Handwriting/images/form_154_sentence_1.png,Rytoj jis kalba pamoką.
Datasets/Synthetic_Sentences/images/sentence_54167.png,Danielius mėgsta važiuoti.
Datasets/Synthetic_Sentences/images/sentence_48937.png,Kodėl mergaitė dirba ežero pakrantėje?
Datasets/Real_Handwriting/images/form_336_sentence_4.png,Šiandien Eglė perka knygą.
Datasets/Synthetic_Sentences/images/sentence_34740.png,Šuo žaidžia ligoninėje.
Datasets/Synthetic_Sentences/images/sentence_34543.png,Berniukas mokosi paplūdimyje po pietų.
Datasets/Synthetic_Sentences/images/sentence_49144.png,Mokytojas nori pirkti gėlę.
Datasets/Synthetic_Sentences/images/sentence_06795.png,Marija perka žaislą.
Datasets/Real_Handwriting/images/form_118_sentence_2.png,Moterys tyliai piešia.
Datasets/Real_Handwriting/images/form_495_sentence_4.png,Tyliai Mantas sportuoja kavinėje.
Datasets/Synthetic_Sentences/images/sentence_26214.png,Ingrida dirba bibliotekoje.
Datasets/Synthetic_Sentences/images/sentence_08816.png,Katė renka gėles.
Datasets/Synthetic_Sentences/images/sentence_31520.png,Eglė dirba mieste anksti ryte.
Datasets/Synthetic_Sentences/images/sentence_57266.png,Gydytojas dirba kavinėje naktį.
Datasets/Real_Handwriting/images/form_118_sentence_3.png,Mokytojas geria mokyklą bibliotekoje.
Datasets/Synthetic_Sentences/images/sentence_44575.png,Atidžiai mergaitė valgo daržoves.
Datasets/Real_Handwriting/images/form_022_sentence_2.png,Ramiai vaikas keliauoja mokyklą.
Datasets/Real_Handwriting/images/form_310_sentence_4.png,Ar Mindaugas dirba upės pakrantėje?
Datasets/Synthetic_Sentences/images/sentence_48221.png,Mielai mokytoja valgo obuolį.
Datasets/Synthetic_Sentences/images/sentence_40566.png,Gintaras nori rašyti laišką.
Datasets/Real_Handwriting/images/form_122_sentence_2.png,Draugai ilsisi arbatą.
Datasets/Real_Handwriting/images/form_255_sentence_5.png,Hanah sheji skaito hinduistų filosofiją.
Datasets/Synthetic_Sentences/images/sentence_27434.png,Ingrida dirba namuose.
Datasets/Synthetic_Sentences/images/sentence_26556.png,Žilvinas nori valgyti obuolį.
Datasets/Synthetic_Sentences/images/sentence_23185.png,Ar šuo skaito knygą?
Datasets/Real_Handwriting/images/form_083_sentence_1.png,Gydytojai labai šiandien dainuoja.
Datasets/Synthetic_Sentences/images/sentence_62121.png,Jurgita lankosi namuose.
Datasets/Real_Handwriting/images/form_316_sentence_1.png,Ar vaikas mokosi upės pakrantėje?
Datasets/Synthetic_Sentences/images/sentence_26539.png,Mokytojas nori gerti arbatą.
Datasets/Synthetic_Sentences/images/sentence_10059.png,Vakar Petras dirbo kaime.
Datasets/Synthetic_Sentences/images/sentence_02394.png,Vakar studentas dirbo mokykloje.
Datasets/Synthetic_Sentences/images/sentence_11236.png,Jurgita dirba pievoje naktį.
Datasets/Synthetic_Sentences/images/sentence_35616.png,Marija bando važiuoti.
Datasets/Real_Handwriting/images/form_043_sentence_4.png,Paukštis nemėgsta skaityti.
Datasets/Synthetic_Sentences/images/sentence_18796.png,Šuo nori ilsėtis.
Datasets/Real_Handwriting/images/form_208_sentence_4.png,Šiandien Rasa skaito laišką.
Datasets/Synthetic_Sentences/images/sentence_25724.png,Renata nori skaityti laišką.
Datasets/Real_Handwriting/images/form_142_sentence_5.png,Vaikas mėgsta bėgti.
Datasets/Synthetic_Sentences/images/sentence_49943.png,Berniukas mokosi kalnuose naktį.
Datasets/Real_Handwriting/images/form_169_sentence_5.png,Tu galvoja dainą.
Datasets/Real_Handwriting/images/form_339_sentence_3.png,Ramiai Gintaras.
Datasets/Synthetic_Sentences/images/sentence_55259.png,Laura geria pieną.
Datasets/Real_Handwriting/images/form_134_sentence_2.png,Moteris sportuoja darbą mieste.
Datasets/Synthetic_Sentences/images/sentence_31041.png,Drąsiai katė ilsisi mieste.
Datasets/Real_Handwriting/images/form_386_sentence_5.png,Cukrų ir cinamoną dedame į pyragą.
Datasets/Synthetic_Sentences/images/sentence_04016.png,Berniukas nedirba upės pakrantėje.
Datasets/Synthetic_Sentences/images/sentence_65046.png,Rūpestingai Mindaugas skaito receptą.
Datasets/Synthetic_Sentences/images/sentence_38758.png,Garsiai Laura valgo vaisius.
Datasets/Synthetic_Sentences/images/sentence_59213.png,Tyliai mokytoja neša krepšį.
Datasets/Real_Handwriting/images/form_250_sentence_3.png,Šiandien Tomas perka žaislą.
Datasets/Synthetic_Sentences/images/sentence_13916.png,Vakar katė skaitė receptą.
Datasets/Synthetic_Sentences/images/sentence_56781.png,Danielius skaito receptą.
Datasets/Real_Handwriting/images/form_346_sentence_3.png,Šiandien Mindaugas mokosi pievoje.
Datasets/Synthetic_Sentences/images/sentence_49022.png,Šiandien Žilvinas ilsisi kalnuose.
Datasets/Synthetic_Sentences/images/sentence_04741.png,Gydytojas mokosi paplūdimyje anksti ryte.
Datasets/Real_Handwriting/images/form_433_sentence_4.png,Greitai Eglė valgo košę.
Datasets/Synthetic_Sentences/images/sentence_06279.png,Jonas nenori kalbėti.
Datasets/Synthetic_Sentences/images/sentence_46452.png,Danielius nori rašyti užduotį.
Datasets/Synthetic_Sentences/images/sentence_64326.png,Studentas žaidžia paplūdimyje.
Datasets/Real_Handwriting/images/form_312_sentence_3.png,Mokytojas stato namą.
Datasets/Real_Handwriting/images/form_268_sentence_5.png,Žuvėdros skraido žemai virš bangų.
Datasets/Synthetic_Sentences/images/sentence_11556.png,Ką Tomas skaito?
Datasets/Real_Handwriting/images/form_076_sentence_1.png,Katė mėgsta piešti.
Datasets/Synthetic_Sentences/images/sentence_65203.png,Drąsiai Tomas rašo laišką.
Datasets/Synthetic_Sentences/images/sentence_32257.png,Rytoj mergaitė skaitys knygą.
Datasets/Synthetic_Sentences/images/sentence_42304.png,Kur Gintaras dirba?
Datasets/Synthetic_Sentences/images/sentence_54593.png,Rytoj Kristina skaitys istoriją.
Datasets/Synthetic_Sentences/images/sentence_25253.png,Ar mergaitė mėgsta kalbėti?
Datasets/Synthetic_Sentences/images/sentence_34537.png,Studentė mėgsta eiti.
Datasets/Synthetic_Sentences/images/sentence_63706.png,Neringa nori pirkti knygą.
Datasets/Real_Handwriting/images/form_460_sentence_3.png,Rytoj žirgas skaitys žurnalą.
Datasets/Synthetic_Sentences/images/sentence_12130.png,Atidžiai Saulius skaito istoriją.
Datasets/Synthetic_Sentences/images/sentence_30215.png,Saulius skaito mažą receptą.
Datasets/Real_Handwriting/images/form_462_sentence_3.png,Kristina mėgsta šokti duoną.
Datasets/Real_Handwriting/images/form_399_sentence_2.png,Ingrida pradeda tvarkytis.
Datasets/Synthetic_Sentences/images/sentence_24007.png,Marija žaidžia miške.
Datasets/Real_Handwriting/images/form_277_sentence_5.png,Šuo išbėgo į kiemą ir pradėjo loti.
Datasets/Synthetic_Sentences/images/sentence_62719.png,Kruopščiai Renata neša gėlę.
Datasets/Synthetic_Sentences/images/sentence_51891.png,Berniukas perka spalvotą knygą.
Datasets/Real_Handwriting/images/form_143_sentence_2.png,Šiandien jie miega šiandien.
Datasets/Synthetic_Sentences/images/sentence_37153.png,Ar Eglė mėgsta bėgti?
Datasets/Synthetic_Sentences/images/sentence_52709.png,Šiandien Marija dirba kalnuose.
Datasets/Synthetic_Sentences/images/sentence_16211.png,Saulius mėgsta skaityti žemėlapį.
Datasets/Real_Handwriting/images/form_144_sentence_4.png,Paukštis sportuoja filmą.
Datasets/Synthetic_Sentences/images/sentence_27541.png,Jonas skaito žurnalą.
Datasets/Synthetic_Sentences/images/sentence_66323.png,Rasa nori skaityti laišką.
Datasets/Synthetic_Sentences/images/sentence_49689.png,Gydytojas sportuoja stadione.
Datasets/Synthetic_Sentences/images/sentence_63190.png,Studentė pradeda važiuoti.
Datasets/Real_Handwriting/images/form_080_sentence_4.png,Šiandien draugai verkia visada.
Datasets/Synthetic_Sentences/images/sentence_14545.png,Studentė žaidžia darbe.
Datasets/Real_Handwriting/images/form_507_sentence_5.png,Odė orkestro muzika yra labai gili.
Datasets/Synthetic_Sentences/images/sentence_23332.png,Šiandien Petras dirba darbe.
Datasets/Synthetic_Sentences/images/sentence_10525.png,Petras nori skaityti receptą.
Datasets/Synthetic_Sentences/images/sentence_35596.png,Žilvinas rašo užduotį.
Datasets/Synthetic_Sentences/images/sentence_18010.png,Mindaugas ilsisi kavinėje.
Datasets/Synthetic_Sentences/images/sentence_27411.png,Vaikas mėgsta pirkti duoną.
Datasets/Real_Handwriting/images/form_189_sentence_2.png,Mergaitės eina laišką stotyje.
Datasets/Synthetic_Sentences/images/sentence_57501.png,"Jurgita mokosi darbe, bet nori plaukti."
Datasets/Real_Handwriting/images/form_491_sentence_4.png,Šiandien mergaitė skaito receptą.
Datasets/Real_Handwriting/images/form_019_sentence_4.png,Moterys sportuoja užduotį.
Datasets/Real_Handwriting/images/form_496_sentence_1.png,Katė mėgsta sportuoti.
Datasets/Synthetic_Sentences/images/sentence_28429.png,Atidžiai Laura dirba upės pakrantėje.
Datasets/Real_Handwriting/images/form_062_sentence_2.png,Aš labai gerai miega.
Datasets/Real_Handwriting/images/form_486_sentence_3.png,Paukštis perka kavą.
Datasets/Real_Handwriting/images/form_372_sentence_3.png,Ar berniukas nori važiuoti?
Datasets/Synthetic_Sentences/images/sentence_21153.png,Eglė dirba ligoninėje.
Datasets/Real_Handwriting/images/form_474_sentence_4.png,Ar studentas mėgsta plaukti?
Datasets/Synthetic_Sentences/images/sentence_07130.png,Ar Jurgita mokosi paplūdimyje?
Datasets/Synthetic_Sentences/images/sentence_30586.png,Kristina dirba parke.
Datasets/Synthetic_Sentences/images/sentence_13365.png,Šuo lankosi stotyje.
Datasets/Synthetic_Sentences/images/sentence_62356.png,Vaikas lankosi kavinėje.
Datasets/Real_Handwriting/images/form_485_sentence_2.png,Mantas mėgsta valgyti.
Datasets/Synthetic_Sentences/images/sentence_28192.png,Garsiai Renata skaito istoriją paplūdimyje.
Datasets/Synthetic_Sentences/images/sentence_56194.png,Mielai Jurgita valgo košę.
Datasets/Real_Handwriting/images/form_238_sentence_2.png,Šiandien gydytojas perka kavą.
Datasets/Synthetic_Sentences/images/sentence_46922.png,Jurgita mėgsta pirkti arbatą.
Datasets/Synthetic_Sentences/images/sentence_22396.png,Šiandien mergaitė skaito laišką.
Datasets/Synthetic_Sentences/images/sentence_31316.png,Kodėl Kristina dirba ežero pakrantėje?
Datasets/Real_Handwriting/images/form_488_sentence_4.png,Ar žirgas nori šokti?
Datasets/Synthetic_Sentences/images/sentence_23617.png,Ar mokytojas nori eiti?
Datasets/Synthetic_Sentences/images/sentence_66570.png,Berniukas skaito knygą.
Datasets/Synthetic_Sentences/images/sentence_43579.png,Mantas neskaito istoriją.
Datasets/Real_Handwriting/images/form_376_sentence_5.png,Čiulba paukščiai ankstų rytą.
Datasets/Synthetic_Sentences/images/sentence_48574.png,Vakar Marija dirbo parke.
Datasets/Real_Handwriting/images/form_039_sentence_2.png,Jos juokiasi parke.
Datasets/Real_Handwriting/images/form_164_sentence_5.png,Ar studentas galvoja?
Datasets/Real_Handwriting/images/form_441_sentence_3.png,Vakar vaikas dirbo mokykloje.
Datasets/Real_Handwriting/images/form_110_sentence_5.png,Gydytojai skaito stotyje ir namuose.
Datasets/Synthetic_Sentences/images/sentence_28403.png,Jurgita nedirba miške.
Datasets/Synthetic_Sentences/images/sentence_63855.png,Mantas nori pirkti žaislą.
Datasets/Synthetic_Sentences/images/sentence_40944.png,Tomas valgo obuolį.
Datasets/Real_Handwriting/images/form_029_sentence_4.png,Ramiai gydytojai ilsisi laišką.
Datasets/Synthetic_Sentences/images/sentence_00179.png,Vakar Rasa skaitė laišką.
Datasets/Synthetic_Sentences/images/sentence_03036.png,"Saulius mokosi namuose, nes tai labai įdomu."
Datasets/Synthetic_Sentences/images/sentence_18292.png,Drąsiai Kristina valgo obuolį.
Datasets/Real_Handwriting/images/form_112_sentence_3.png,Jis smagiai skaito.
Datasets/Real_Handwriting/images/form_169_sentence_3.png,Ji nemėgsta ilsėtis darbą.
Datasets/Real_Handwriting/images/form_391_sentence_5.png,Jaunas studentas juda drąsiai į priekį.
Datasets/Synthetic_Sentences/images/sentence_24199.png,Rūpestingai katė mokosi kaime.
Datasets/Real_Handwriting/images/form_375_sentence_3.png,Greitai Danielius perka dovaną.
Datasets/Real_Handwriting/images/form_458_sentence_1.png,Greitai Rasa sportuoja sode.
Datasets/Real_Handwriting/images/form_017_sentence_1.png,Rytoj vyrai geria istoriją.
Datasets/Real_Handwriting/images/form_090_sentence_4.png,Ar paukštis klauso?
Datasets/Real_Handwriting/images/form_414_sentence_5.png,Senoji bibliotekininkė žino visų knygų vietas.
Datasets/Synthetic_Sentences/images/sentence_40002.png,Rasa geria vandenį.
Datasets/Synthetic_Sentences/images/sentence_54771.png,Kur Laura dirba?
Datasets/Synthetic_Sentences/images/sentence_12243.png,Mergaitė perka žaislą.
Datasets/Synthetic_Sentences/images/sentence_60477.png,Vakar Eglė dirbo ligoninėje.
Datasets/Synthetic_Sentences/images/sentence_24867.png,Vakar mokytojas nešė žaislą.
Datasets/Synthetic_Sentences/images/sentence_56890.png,Džiaugsmingai Žilvinas valgo duoną.
Datasets/Synthetic_Sentences/images/sentence_53680.png,Gydytojas sportuoja mieste.
Datasets/Synthetic_Sentences/images/sentence_15284.png,Mindaugas stengiasi dirbti.
Datasets/Synthetic_Sentences/images/sentence_39596.png,Mielai Jonas rašo istoriją.
Datasets/Synthetic_Sentences/images/sentence_14190.png,Mantas nenori eiti.
Datasets/Synthetic_Sentences/images/sentence_38090.png,Mielai Renata neša knygą.
Datasets/Synthetic_Sentences/images/sentence_23486.png,Studentas neskaito istoriją.
Datasets/Real_Handwriting/images/form_146_sentence_2.png,Šiandien jos keliauoja labai.
Datasets/Real_Handwriting/images/form_305_sentence_5.png,Nuostabus gamtos vaizdas atsiveria nuo kalno.
Datasets/Synthetic_Sentences/images/sentence_27235.png,Studentė skaito žurnalą.
Datasets/Synthetic_Sentences/images/sentence_11389.png,Mergaitė geria vandenį.
Datasets/Synthetic_Sentences/images/sentence_49469.png,Saulius geria pieną.
Datasets/Real_Handwriting/images/form_488_sentence_5.png,Daktaras dirba didelėje ligoninėje.
Datasets/Synthetic_Sentences/images/sentence_46373.png,Vakar Mantas skaitė istoriją.
Datasets/Real_Handwriting/images/form_014_sentence_5.png,Gydytojas lėtai verkia.
Datasets/Synthetic_Sentences/images/sentence_01963.png,Kristina gyvena mieste.
Datasets/Synthetic_Sentences/images/sentence_29398.png,Kruopščiai Neringa neša žaislą.
Datasets/Synthetic_Sentences/images/sentence_40915.png,Džiaugsmingai gydytojas rašo žemėlapį.
Datasets/Synthetic_Sentences/images/sentence_04551.png,Tyliai mokytojas perka gėlę.
Datasets/Real_Handwriting/images/form_050_sentence_1.png,Jos labai visada mąsto.
Datasets/Real_Handwriting/images/form_275_sentence_1.png,Vakar Mantas dirbo kaime.
Datasets/Synthetic_Sentences/images/sentence_61523.png,Švelniai Neringa rašo istoriją.
Datasets/Synthetic_Sentences/images/sentence_17551.png,"Rasa mokosi kavinėje, nes tai labai įdomu."
Datasets/Synthetic_Sentences/images/sentence_02912.png,Švelniai vaikas skaito laišką kaime.
Datasets/Synthetic_Sentences/images/sentence_01802.png,Ar Mindaugas mokosi pievoje?
Datasets/Real_Handwriting/images/form_479_sentence_2.png,Gintaras ilsisi pievoje.
Datasets/Synthetic_Sentences/images/sentence_28742.png,Katė mėgsta pirkti knygą.
Datasets/Synthetic_Sentences/images/sentence_65801.png,Mantas dirba paplūdimyje ir skaito receptą.
Datasets/Synthetic_Sentences/images/sentence_37981.png,Kristina mokosi stotyje ryte.
Datasets/Synthetic_Sentences/images/sentence_13647.png,Mergaitė mokosi stotyje.
Datasets/Synthetic_Sentences/images/sentence_12922.png,Kodėl Neringa dirba namuose?
Datasets/Synthetic_Sentences/images/sentence_16223.png,Gydytojas sportuoja parke.
Datasets/Synthetic_Sentences/images/sentence_29188.png,Šiandien Marija ilsisi bibliotekoje.
Datasets/Synthetic_Sentences/images/sentence_57223.png,Saulius pradeda groti.
Datasets/Synthetic_Sentences/images/sentence_03226.png,"Studentė mokosi ligoninėje, bet nori plaukti."
Datasets/Synthetic_Sentences/images/sentence_46704.png,Tomas mėgsta pirkti dovaną.
Datasets/Synthetic_Sentences/images/sentence_33276.png,Kristina valgo sriubą.
Datasets/Real_Handwriting/images/form_289_sentence_2.png,Laura mėgsta eiti duoną.
Datasets/Synthetic_Sentences/images/sentence_59248.png,Berniukas pradeda važiuoti.
Datasets/Real_Handwriting/images/form_402_sentence_2.png,Žmogus nori šokti.
Datasets/Synthetic_Sentences/images/sentence_42482.png,Katė geria arbatą.
Datasets/Synthetic_Sentences/images/sentence_04134.png,Rūpestingai vaikas dirba darbe.
Datasets/Synthetic_Sentences/images/sentence_11641.png,Ar mokytojas mėgsta šokti?
Datasets/Real_Handwriting/images/form_489_sentence_4.png,Vaikas mėgsta eiti.
Datasets/Synthetic_Sentences/images/sentence_06831.png,Atidžiai gydytojas rašo laišką.
Datasets/Synthetic_Sentences/images/sentence_26911.png,Kodėl Renata dirba stadione?
Datasets/Real_Handwriting/images/form_079_sentence_4.png,Ar vyras kalba?
Datasets/Synthetic_Sentences/images/sentence_18775.png,Tyliai Jonas rašo žemėlapį.
Datasets/Synthetic_Sentences/images/sentence_27326.png,Kodėl Jurgita dirba kaime?
Datasets/Real_Handwriting/images/form_266_sentence_4.png,Drąsiai Saulius mokosi paplūdimyje.
Datasets/Real_Handwriting/images/form_005_sentence_3.png,Draugas keliauoja ir keliauoja.
Datasets/Synthetic_Sentences/images/sentence_62101.png,Tomas skaito receptą.
Datasets/Synthetic_Sentences/images/sentence_33555.png,Laura dirba parke.
Datasets/Real_Handwriting/images/form_483_sentence_5.png,Cukrų ir cinamoną dedame į pyragą.
Datasets/Real_Handwriting/images/form_346_sentence_5.png,Žiema atneša sniegą ir šaltį.
Datasets/Synthetic_Sentences/images/sentence_11998.png,Mantas perka žaislą.
Datasets/Real_Handwriting/images/form_306_sentence_2.png,Petras mėgsta bėgti.
Datasets/Real_Handwriting/images/form_453_sentence_2.png,Kruopščiai Eglė neša gėlę.
Datasets/Synthetic_Sentences/images/sentence_22947.png,"Tomas nori valgyti, nes nes nori pailsėti."
Datasets/Synthetic_Sentences/images/sentence_31601.png,Tyliai Mantas mokosi stadione po pietų.
Datasets/Synthetic_Sentences/images/sentence_08149.png,Vaikas pradeda mokytis.
Datasets/Synthetic_Sentences/images/sentence_43150.png,Tomas mokosi kalnuose.
Datasets/Synthetic_Sentences/images/sentence_66726.png,Neringa dirba kaime.
Datasets/Synthetic_Sentences/images/sentence_07591.png,"Šuo nori tvarkytis, nes nes jam patinka."
Datasets/Synthetic_Sentences/images/sentence_16588.png,Kristina mėgsta gerti arbatą.
Datasets/Synthetic_Sentences/images/sentence_55244.png,Šiandien berniukas dirba darbe.
Datasets/Synthetic_Sentences/images/sentence_32995.png,Ar Petras mėgsta skaityti?
Datasets/Synthetic_Sentences/images/sentence_21284.png,Vakar gydytojas skaitė knygą.
Datasets/Synthetic_Sentences/images/sentence_13496.png,Gydytojas mokosi namuose anksti ryte.
Datasets/Synthetic_Sentences/images/sentence_25449.png,"Gydytojas mokosi mokykloje, bet nori žaisti."
Datasets/Real_Handwriting/images/form_066_sentence_5.png,Moterys skaito pamoką paplūdimyje.
Datasets/Real_Handwriting/images/form_376_sentence_2.png,Mokytoja rašo receptą.
Datasets/Synthetic_Sentences/images/sentence_06779.png,Mokytoja mėgsta pirkti dovaną.
Datasets/Synthetic_Sentences/images/sentence_23240.png,Gydytojas mėgsta valgyti košę.
Datasets/Synthetic_Sentences/images/sentence_63628.png,Rasa ilsisi stotyje.
Datasets/Synthetic_Sentences/images/sentence_63237.png,Marija nori rašyti istoriją.
Datasets/Synthetic_Sentences/images/sentence_30310.png,Žilvinas nori gerti kavą.
Datasets/Synthetic_Sentences/images/sentence_69278.png,Ramiai šuo skaito receptą.
Datasets/Synthetic_Sentences/images/sentence_37247.png,Saulius nenori sportuoti.
Datasets/Synthetic_Sentences/images/sentence_58224.png,Gintaras nori skaityti knygą.
Datasets/Synthetic_Sentences/images/sentence_31261.png,Vaikas mokosi kalnuose po pietų.
Datasets/Real_Handwriting/images/form_503_sentence_1.png,Vakar studentas dirbo sode.
Datasets/Synthetic_Sentences/images/sentence_50242.png,Eglė skaito nuobodų žurnalą.
Datasets/Real_Handwriting/images/form_014_sentence_1.png,Ji miega dainą mokykloje.
Datasets/Real_Handwriting/images/form_274_sentence_4.png,Rytoj Kristina skaitys knygą.
Datasets/Synthetic_Sentences/images/sentence_18542.png,Neringa mėgsta skaityti istoriją.
Datasets/Real_Handwriting/images/form_343_sentence_3.png,Mielai Gintaras rašo žemėlapį.
Datasets/Real_Handwriting/images/form_459_sentence_2.png,Ar katė mokosi darbe?
Datasets/Synthetic_Sentences/images/sentence_43416.png,Tomas dirba ligoninėje ir skaito knygą.
Datasets/Synthetic_Sentences/images/sentence_52188.png,"Jurgita mokosi kavinėje, bet nori važiuoti."
Datasets/Real_Handwriting/images/form_503_sentence_3.png,Vakar Jurgita dirbo stotyje.
Datasets/Synthetic_Sentences/images/sentence_29168.png,Vakar Jurgita dirbo parke.
Datasets/Real_Handwriting/images/form_404_sentence_4.png,Ar mokytojas dirba stotyje?
Datasets/Real_Handwriting/images/form_482_sentence_1.png,Renata rašo užduotį.
Datasets/Synthetic_Sentences/images/sentence_46342.png,Jurgita mėgsta pirkti arbatą.
Datasets/Synthetic_Sentences/images/sentence_29027.png,Garsiai Marija valgo vaisius.
Datasets/Synthetic_Sentences/images/sentence_14647.png,Šiandien Eglė skaito receptą.
Datasets/Synthetic_Sentences/images/sentence_14866.png,Šiandien Danielius perka dovaną.
Datasets/Synthetic_Sentences/images/sentence_38484.png,Vakar Jonas skaitė laišką.
Datasets/Synthetic_Sentences/images/sentence_54521.png,Garsiai katė ilsisi mokykloje.
Datasets/Synthetic_Sentences/images/sentence_24773.png,Ramiai mergaitė skaito knygą darbe.
Datasets/Synthetic_Sentences/images/sentence_08207.png,"Studentas dirba sode, nes tai labai įdomu."
Datasets/Real_Handwriting/images/form_012_sentence_3.png,Šuo mėgsta keliauti.
Datasets/Synthetic_Sentences/images/sentence_53740.png,Garsiai Kristina mokosi darbe.
Datasets/Synthetic_Sentences/images/sentence_23738.png,Šiandien Ingrida mokosi darbe.
Datasets/Synthetic_Sentences/images/sentence_41279.png,Renata mokosi kavinėje naktį.
Datasets/Synthetic_Sentences/images/sentence_44340.png,"Studentė nori groti, nes nes nori pailsėti."
Datasets/Synthetic_Sentences/images/sentence_52707.png,Ar katė skaito knygą?
Datasets/Real_Handwriting/images/form_037_sentence_3.png,Tyliai tu dirba užduotį.
Datasets/Real_Handwriting/images/form_249_sentence_2.png,Džiaugsmingai Jonas sportuoja kavinėje.
Datasets/Synthetic_Sentences/images/sentence_12296.png,Ką Ingrida skaito?
Datasets/Real_Handwriting/images/form_348_sentence_1.png,Šuo būna parke.
Datasets/Synthetic_Sentences/images/sentence_22034.png,Studentas geria pieną.
Datasets/Synthetic_Sentences/images/sentence_16281.png,Ramiai gydytojas mokosi sode.
Datasets/Synthetic_Sentences/images/sentence_31437.png,Marija neša dovaną.
Datasets/Real_Handwriting/images/form_148_sentence_5.png,Moterys nori žaisti paveikslą.
Datasets/Synthetic_Sentences/images/sentence_18458.png,Rasa renka gėles.
Datasets/Synthetic_Sentences/images/sentence_46215.png,Šiandien Petras ilsisi mokykloje.
Datasets/Synthetic_Sentences/images/sentence_35312.png,Garsiai studentė dirba kaime.
Datasets/Synthetic_Sentences/images/sentence_63043.png,Jurgita perka dovaną.
Datasets/Real_Handwriting/images/form_328_sentence_3.png,Katė gyvena upės pakrantėje.
Datasets/Synthetic_Sentences/images/sentence_26236.png,Jurgita nori valgyti vaisius.
Datasets/Synthetic_Sentences/images/sentence_04873.png,Berniukas valgo obuolį.
Datasets/Synthetic_Sentences/images/sentence_66305.png,Mokytojas perka lėtą dovaną.
Datasets/Synthetic_Sentences/images/sentence_12797.png,Petras rašo laišką.
Datasets/Synthetic_Sentences/images/sentence_60624.png,Berniukas mėgsta skaityti.
Datasets/Synthetic_Sentences/images/sentence_18825.png,Mokytoja nori gerti vandenį.
Datasets/Real_Handwriting/images/form_433_sentence_3.png,Ingrida valgo duoną.
Datasets/Real_Handwriting/images/form_257_sentence_4.png,Mielai Kristina perka kavą.
Datasets/Synthetic_Sentences/images/sentence_23197.png,"Šuo mokosi miške, bet nori groti."
Datasets/Synthetic_Sentences/images/sentence_69731.png,Vakar Kristina dirbo mieste.
Datasets/Synthetic_Sentences/images/sentence_38402.png,Šiandien Mindaugas mokosi sode.
Datasets/Synthetic_Sentences/images/sentence_24653.png,Mantas skaito žemėlapį.
Datasets/Synthetic_Sentences/images/sentence_19225.png,Eglė ilsisi miške.
Datasets/Real_Handwriting/images/form_141_sentence_1.png,Tu geria stadione.
Datasets/Synthetic_Sentences/images/sentence_00665.png,Jurgita geria arbatą.
Datasets/Real_Handwriting/images/form_083_sentence_2.png,Gydytojas kalba ir kalba.
Datasets/Synthetic_Sentences/images/sentence_49824.png,Šiandien berniukas dirba ligoninėje.
Datasets/Synthetic_Sentences/images/sentence_24151.png,Šiandien berniukas mokosi sode.
Datasets/Real_Handwriting/images/form_042_sentence_5.png,Jos šiandien klauso.
Datasets/Real_Handwriting/images/form_450_sentence_1.png,Šiandien studentė skaito žurnalą.
Datasets/Real_Handwriting/images/form_058_sentence_4.png,Jie labai rytoj galvoja.
Datasets/Synthetic_Sentences/images/sentence_51490.png,Mergaitė dirba namuose naktį.
Datasets/Synthetic_Sentences/images/sentence_53253.png,Ar gydytojas skaito žemėlapį?
Datasets/Synthetic_Sentences/images/sentence_53890.png,Šiandien Žilvinas mokosi kaime.
Datasets/Synthetic_Sentences/images/sentence_18102.png,Šiandien Jonas perka žaislą.
Datasets/Real_Handwriting/images/form_485_sentence_5.png,Čia gyvena labai draugiška šeima.
Datasets/Real_Handwriting/images/form_423_sentence_3.png,Žirgas gyvena kalnuose.
Datasets/Synthetic_Sentences/images/sentence_05037.png,Greitai mokytojas rašo laišką.
Datasets/Synthetic_Sentences/images/sentence_23769.png,Ar Saulius nori ilsėtis?
Datasets/Real_Handwriting/images/form_131_sentence_5.png,Mokytojai juokiasi ir juokiasi.
Datasets/Synthetic_Sentences/images/sentence_39808.png,Studentė nori pirkti dovaną.
Datasets/Synthetic_Sentences/images/sentence_63687.png,Ar gydytojas dirba darbe?
Datasets/Synthetic_Sentences/images/sentence_61742.png,Marija mėgsta pirkti žaislą.
Datasets/Real_Handwriting/images/form_130_sentence_2.png,Vyras atidžiai verkia.
Datasets/Real_Handwriting/images/form_472_sentence_2.png,Žirgas valgo duoną.
Datasets/Synthetic_Sentences/images/sentence_48928.png,Mokytojas skaito lėtą receptą.
Datasets/Synthetic_Sentences/images/sentence_31835.png,Drąsiai Neringa neša gėlę.
Datasets/Real_Handwriting/images/form_146_sentence_1.png,Gydytojas bijo kalbėti kavą.
Datasets/Synthetic_Sentences/images/sentence_05638.png,Šiandien Neringa dirba bibliotekoje.
Datasets/Synthetic_Sentences/images/sentence_48006.png,Ar Jurgita mokosi namuose?
Datasets/Synthetic_Sentences/images/sentence_15506.png,Gydytojas stengiasi sportuoti.
Datasets/Real_Handwriting/images/form_128_sentence_5.png,Moteris bėga arbatą.
Datasets/Real_Handwriting/images/form_397_sentence_2.png,Vakar žirgas nešė žaislą.
Datasets/Synthetic_Sentences/images/sentence_66614.png,Kodėl Marija dirba mokykloje?
Datasets/Synthetic_Sentences/images/sentence_55942.png,Eglė neša knygą.
Datasets/Real_Handwriting/images/form_165_sentence_2.png,Ar mes žaidžia?
Datasets/Real_Handwriting/images/form_422_sentence_4.png,Ar Laura nori dainuoti?
Datasets/Synthetic_Sentences/images/sentence_03711.png,Šuo žaidžia pievoje.
Datasets/Real_Handwriting/images/form_141_sentence_3.png,Šiandien paukštis miega labai.
Datasets/Real_Handwriting/images/form_159_sentence_2.png,Draugai dainuoja knygą prie ežero.
Datasets/Real_Handwriting/images/form_274_sentence_3.png,Ar Ingrida skaito istoriją?
Datasets/Synthetic_Sentences/images/sentence_17503.png,Tomas geria pieną.
Datasets/Synthetic_Sentences/images/sentence_00355.png,Drąsiai mokytoja neša krepšį.
Datasets/Real_Handwriting/images/form_237_sentence_1.png,Ar Mantas dirba stadione?
Datasets/Real_Handwriting/images/form_119_sentence_3.png,Katė miega ir miega.
Datasets/Synthetic_Sentences/images/sentence_52014.png,"Vaikas mokosi pievoje, bet nori groti."
Datasets/Synthetic_Sentences/images/sentence_21300.png,Gintaras pradeda galvoti.
Datasets/Synthetic_Sentences/images/sentence_38949.png,Petras ilsisi kavinėje.
Datasets/Synthetic_Sentences/images/sentence_02628.png,Ką Gintaras skaito?
Datasets/Synthetic_Sentences/images/sentence_58678.png,Ar Gintaras mokosi mokykloje?
Datasets/Real_Handwriting/images/form_507_sentence_1.png,Jurgita skaito receptą.
Datasets/Real_Handwriting/images/form_090_sentence_2.png,Gerai mergaitė žiūri dainą.
Datasets/Synthetic_Sentences/images/sentence_28097.png,Vakar Jurgita nešė laišką.
Datasets/Synthetic_Sentences/images/sentence_63999.png,Rasa nedirba ežero pakrantėje.
Datasets/Real_Handwriting/images/form_301_sentence_5.png,Universiteto studentai žaidžia šachmatais laisvalaikiu.
Datasets/Real_Handwriting/images/form_201_sentence_2.png,Žirgas gyvena ligoninėje.
Datasets/Synthetic_Sentences/images/sentence_60062.png,Danielius rašo laišką.
Datasets/Synthetic_Sentences/images/sentence_37537.png,Petras nori rašyti užduotį.
Datasets/Real_Handwriting/images/form_123_sentence_4.png,Mokytojai labai visada miega.
Datasets/Synthetic_Sentences/images/sentence_13097.png,Ar Neringa dirba pievoje?
Datasets/Synthetic_Sentences/images/sentence_02786.png,Studentas ilsisi pievoje.
Datasets/Synthetic_Sentences/images/sentence_03609.png,Rūpestingai Kristina dirba upės pakrantėje.
Datasets/Real_Handwriting/images/form_276_sentence_3.png,Švelniai Renata valgo vaisius.
Datasets/Synthetic_Sentences/images/sentence_30981.png,Šiandien Petras skaito knygą.
Datasets/Real_Handwriting/images/form_200_sentence_1.png,Smagiai vyrai mokosi istoriją.
Datasets/Real_Handwriting/images/form_230_sentence_1.png,Rytoj šeima eis kavinėje.
Datasets/Synthetic_Sentences/images/sentence_66587.png,"Vaikas mokosi mieste, bet nori tvarkytis."
Datasets/Synthetic_Sentences/images/sentence_56344.png,Renata mėgsta gerti sultis.
Datasets/Synthetic_Sentences/images/sentence_37913.png,Mantas dirba parke.
Datasets/Synthetic_Sentences/images/sentence_40542.png,Atidžiai Neringa skaito žemėlapį mokykloje.
Datasets/Real_Handwriting/images/form_332_sentence_1.png,Vaikas valgo vaisius.
Datasets/Real_Handwriting/images/form_080_sentence_3.png,Aš lėtai sportuoja.
Datasets/Real_Handwriting/images/form_442_sentence_1.png,Mergaitė pradeda statyti.
Datasets/Synthetic_Sentences/images/sentence_43571.png,Vaikas mėgsta valgyti.
Datasets/Real_Handwriting/images/form_463_sentence_5.png,Cukrų ir cinamoną dedame į pyragą.
Datasets/Real_Handwriting/images/form_503_sentence_2.png,Ar Eglė nori groti?
Datasets/Real_Handwriting/images/form_482_sentence_5.png,Senoji bibliotekininkė žino visų knygų vietas.
Datasets/Synthetic_Sentences/images/sentence_11039.png,Ar Jonas dirba sode?
Datasets/Synthetic_Sentences/images/sentence_12700.png,Šiandien Mindaugas mokosi darbe.
Datasets/Real_Handwriting/images/form_188_sentence_4.png,Ji tvarkosi ir tvarkosi.
Datasets/Real_Handwriting/images/form_439_sentence_2.png,Šiandien Žilvinas mokosi bibliotekoje.
Datasets/Synthetic_Sentences/images/sentence_53251.png,Kristina nori gerti sultis.
Datasets/Synthetic_Sentences/images/sentence_44514.png,Mokytoja ilsisi namuose.
Datasets/Synthetic_Sentences/images/sentence_58640.png,Mokytojas nori gerti kavą.
Datasets/Synthetic_Sentences/images/sentence_36302.png,Ar Eglė dirba parke?
Datasets/Synthetic_Sentences/images/sentence_44774.png,Ramiai mokytoja skaito laišką.
Datasets/Real_Handwriting/images/form_235_sentence_4.png,Studentas groja muzikos kūrinį.
Datasets/Synthetic_Sentences/images/sentence_07559.png,Mielai katė mokosi darbe.
Datasets/Synthetic_Sentences/images/sentence_52953.png,Vakar Jurgita skaitė knygą.
Datasets/Synthetic_Sentences/images/sentence_62988.png,Kodėl gydytojas dirba ligoninėje?
Datasets/Real_Handwriting/images/form_335_sentence_5.png,Universiteto studentai žaidžia šachmatais laisvalaikiu.
Datasets/Synthetic_Sentences/images/sentence_39818.png,Žilvinas dirba ežero pakrantėje po pietų.
Datasets/Real_Handwriting/images/form_266_sentence_2.png,Saulius perka gėlę.
Datasets/Real_Handwriting/images/form_456_sentence_2.png,Šiandien Ingrida mokosi upės pakrantėje.
Datasets/Synthetic_Sentences/images/sentence_64027.png,Vakar Tomas dirbo namuose.
Datasets/Synthetic_Sentences/images/sentence_38614.png,Studentė gyvena upės pakrantėje.
Datasets/Real_Handwriting/images/form_035_sentence_5.png,Gydytojai miega stadione ir parke.
Datasets/Real_Handwriting/images/form_228_sentence_4.png,Žmogus dirba sode.
Datasets/Synthetic_Sentences/images/sentence_66777.png,Šiandien Neringa mokosi darbe.
Datasets/Synthetic_Sentences/images/sentence_33772.png,Tomas rašo laišką.
Datasets/Synthetic_Sentences/images/sentence_12990.png,Renata geria arbatą.
Datasets/Real_Handwriting/images/form_386_sentence_4.png,Ar Neringa nori dainuoti?
Datasets/Synthetic_Sentences/images/sentence_07552.png,Mokytoja dirba mieste vakare.
Datasets/Synthetic_Sentences/images/sentence_53391.png,Vakar Marija dirbo paplūdimyje.
Datasets/Synthetic_Sentences/images/sentence_68994.png,Ar Danielius mokosi mieste?
Datasets/Synthetic_Sentences/images/sentence_51084.png,Mergaitė sportuoja mieste.
Datasets/Real_Handwriting/images/form_176_sentence_2.png,Jis sportuoja ir sportuoja.
Datasets/Real_Handwriting/images/form_348_sentence_3.png,Vakar šeima nešė laišką.
Datasets/Synthetic_Sentences/images/sentence_03629.png,Šiandien Žilvinas ilsisi upės pakrantėje.
Datasets/Synthetic_Sentences/images/sentence_20568.png,Vakar studentė nešė gėlę.
Datasets/Synthetic_Sentences/images/sentence_42658.png,Garsiai Ingrida skaito receptą bibliotekoje.
Datasets/Synthetic_Sentences/images/sentence_64899.png,Mantas gyvena mokykloje.
Datasets/Synthetic_Sentences/images/sentence_12297.png,Mindaugas skaito šaltą laišką.
Datasets/Real_Handwriting/images/form_306_sentence_5.png,Herojus niekada nepraranda drąsos.
Datasets/Real_Handwriting/images/form_433_sentence_1.png,Greitai mokytojas neša žaislą.
Datasets/Synthetic_Sentences/images/sentence_02764.png,Gintaras mokosi darbe naktį.
Datasets/Synthetic_Sentences/images/sentence_00528.png,Žilvinas ilsisi miške.
Datasets/Synthetic_Sentences/images/sentence_11133.png,Mergaitė skaito seną istoriją.
Datasets/Real_Handwriting/images/form_141_sentence_2.png,Mokytojas mokosi ir mokosi.
Datasets/Synthetic_Sentences/images/sentence_57258.png,Tyliai mokytojas dirba ligoninėje.
Datasets/Real_Handwriting/images/form_058_sentence_2.png,Mergaitė bijo šokti.
Datasets/Synthetic_Sentences/images/sentence_37303.png,Mantas žaidžia paplūdimyje.
Datasets/Synthetic_Sentences/images/sentence_20839.png,Katė mėgsta žaisti.
Datasets/Synthetic_Sentences/images/sentence_62610.png,Jonas dirba stotyje ir skaito knygą.
Datasets/Synthetic_Sentences/images/sentence_15410.png,Rytoj Rasa eis namuose.
Datasets/Synthetic_Sentences/images/sentence_56388.png,Berniukas mokosi bibliotekoje.
Datasets/Real_Handwriting/images/form_510_sentence_4.png,Šiandien Ingrida ilsisi parke.
Datasets/Synthetic_Sentences/images/sentence_43737.png,Vaikas pradeda bėgti.
Datasets/Real_Handwriting/images/form_054_sentence_2.png,Ar vaikas žaidžia?
Datasets/Synthetic_Sentences/images/sentence_63586.png,Ar Marija nori tvarkytis?
Datasets/Synthetic_Sentences/images/sentence_43253.png,Studentė nori žaisti.
Datasets/Synthetic_Sentences/images/sentence_69354.png,Tomas mėgsta pirkti arbatą.
Datasets/Real_Handwriting/images/form_493_sentence_3.png,Mantas žaidžia ežero pakrantėje.
Datasets/Synthetic_Sentences/images/sentence_05851.png,Studentas mėgsta pirkti gėlę.
Datasets/Synthetic_Sentences/images/sentence_24236.png,Ar Marija mokosi stotyje?
Datasets/Synthetic_Sentences/images/sentence_24180.png,Gintaras mėgsta kalbėti.
Datasets/Synthetic_Sentences/images/sentence_62696.png,Greitai Laura mokosi kavinėje.
Datasets/Real_Handwriting/images/form_124_sentence_4.png,Jis mėgsta žaisti vandenį.
Datasets/Synthetic_Sentences/images/sentence_00006.png,Tyliai gydytojas rašo užduotį.
Datasets/Real_Handwriting/images/form_214_sentence_4.png,Gintaras pradeda piešti.
Datasets/Synthetic_Sentences/images/sentence_32613.png,Gydytojas mėgsta skaityti žemėlapį.
Datasets/Real_Handwriting/images/form_231_sentence_3.png,Ramiai gydytojas rašo žemėlapį.
Datasets/Synthetic_Sentences/images/sentence_56243.png,Ingrida mėgsta valgyti daržoves.
Datasets/Real_Handwriting/images/form_062_sentence_3.png,Šuo labai kartu piešia.
Datasets/Synthetic_Sentences/images/sentence_52551.png,Studentė nedirba sode.
Datasets/Synthetic_Sentences/images/sentence_18126.png,Laura skaito žemėlapį.
Datasets/Synthetic_Sentences/images/sentence_37353.png,Jonas mėgsta skaityti istoriją.
Datasets/Synthetic_Sentences/images/sentence_26056.png,Ingrida nori valgyti sriubą.
Datasets/Synthetic_Sentences/images/sentence_34598.png,Drąsiai Eglė rašo receptą.
Datasets/Real_Handwriting/images/form_080_sentence_2.png,Tu šoka ir šoka.
Datasets/Synthetic_Sentences/images/sentence_52261.png,Atidžiai Renata skaito žurnalą.
Datasets/Synthetic_Sentences/images/sentence_68047.png,Mielai Jurgita skaito receptą.
Datasets/Synthetic_Sentences/images/sentence_09123.png,Drąsiai Saulius mokosi namuose.
Datasets/Real_Handwriting/images/form_095_sentence_4.png,Paukštis žiūri žaidimą.
Datasets/Real_Handwriting/images/form_264_sentence_4.png,Jonas į darbą važiuoja dviračiu.
Datasets/Real_Handwriting/images/form_475_sentence_1.png,Vakar Žilvinas skaitė istoriją.
Datasets/Synthetic_Sentences/images/sentence_04948.png,Mokytojas renka grybus.
Datasets/Synthetic_Sentences/images/sentence_08045.png,Tomas pradeda ilsėtis.
Datasets/Real_Handwriting/images/form_014_sentence_3.png,Ar ji tvarkosi?
Datasets/Real_Handwriting/images/form_011_sentence_4.png,Mokytojas skuba miške ir paplūdimyje.
Datasets/Synthetic_Sentences/images/sentence_65372.png,Vakar Neringa skaitė žurnalą.
Datasets/Synthetic_Sentences/images/sentence_63840.png,Marija mokosi kalnuose anksti ryte.
Datasets/Synthetic_Sentences/images/sentence_00400.png,Mindaugas skaito gražų laišką.
Datasets/Synthetic_Sentences/images/sentence_05077.png,Garsiai katė rašo istoriją.
Datasets/Synthetic_Sentences/images/sentence_23917.png,Jonas mėgsta valgyti duoną.
Datasets/Real_Handwriting/images/form_060_sentence_5.png,Kartu studentas tvarkosi laišką.
Datasets/Synthetic_Sentences/images/sentence_57471.png,Mantas neša dovaną.
Datasets/Real_Handwriting/images/form_018_sentence_3.png,Vyrai nemėgsta bėgti.
Datasets/Synthetic_Sentences/images/sentence_19956.png,Neringa perka tamsų arbatą.
Datasets/Synthetic_Sentences/images/sentence_05362.png,Ramiai Kristina valgo sriubą.
Datasets/Synthetic_Sentences/images/sentence_14302.png,Žilvinas mėgsta valgyti košę.
Datasets/Synthetic_Sentences/images/sentence_22007.png,Šuo neskaito žurnalą.
Datasets/Synthetic_Sentences/images/sentence_36846.png,Šuo nori valgyti košę.
Datasets/Real_Handwriting/images/form_281_sentence_1.png,Jurgita gyvena mieste.
Datasets/Real_Handwriting/images/form_140_sentence_1.png,Ar aš dainuoja?
Datasets/Synthetic_Sentences/images/sentence_62056.png,Vakar Žilvinas dirbo parke.
Datasets/Real_Handwriting/images/form_221_sentence_2.png,Katė lankosi bibliotekoje.
Datasets/Synthetic_Sentences/images/sentence_47349.png,Švelniai Mantas mokosi parke vakare.
Datasets/Synthetic_Sentences/images/sentence_36396.png,Kodėl berniukas dirba mokykloje?
Datasets/Real_Handwriting/images/form_414_sentence_4.png,Mokytoja lankosi parke.
Datasets/Synthetic_Sentences/images/sentence_53451.png,Žilvinas mėgsta pirkti žaislą.
Datasets/Synthetic_Sentences/images/sentence_67830.png,Ar Neringa mokosi miške?
Datasets/Synthetic_Sentences/images/sentence_17591.png,Rytoj Neringa eis paplūdimyje.
Datasets/Synthetic_Sentences/images/sentence_69752.png,Petras dirba kalnuose ir skaito istoriją.
Datasets/Real_Handwriting/images/form_141_sentence_4.png,Šiandien šuo mąsto kruopščiai.
Datasets/Synthetic_Sentences/images/sentence_16887.png,Rasa skaito tamsų istoriją.
Datasets/Synthetic_Sentences/images/sentence_37866.png,Tomas mokosi namuose.
Datasets/Synthetic_Sentences/images/sentence_51142.png,Šiandien Jonas skaito istoriją.
Datasets/Real_Handwriting/images/form_498_sentence_5.png,Cukrų ir cinamoną dedame į pyragą.
Datasets/Real_Handwriting/images/form_398_sentence_4.png,Vakar Jurgita dirbo stotyje.
Datasets/Synthetic_Sentences/images/sentence_47784.png,Ar berniukas dirba upės pakrantėje?
Datasets/Synthetic_Sentences/images/sentence_15370.png,Ką Danielius skaito?
Datasets/Real_Handwriting/images/form_479_sentence_3.png,Danielius mėgsta bėgti.
Datasets/Real_Handwriting/images/form_178_sentence_3.png,Jos keliauoja filmą prie ežero.
Datasets/Real_Handwriting/images/form_268_sentence_3.png,Eglė mėgsta važiuoti knygą.
Datasets/Synthetic_Sentences/images/sentence_62180.png,Ramiai studentas neša žaislą.
Datasets/Synthetic_Sentences/images/sentence_45536.png,Renata nedirba miške.
Datasets/Synthetic_Sentences/images/sentence_25303.png,Švelniai Renata neša laišką.
Datasets/Synthetic_Sentences/images/sentence_48124.png,Drąsiai Mantas valgo daržoves.
Datasets/Real_Handwriting/images/form_098_sentence_4.png,Jie labai blogai mąsto.
Datasets/Synthetic_Sentences/images/sentence_46951.png,Jonas nori dirbti.
Datasets/Synthetic_Sentences/images/sentence_46254.png,Studentas skaito seną žurnalą.
Datasets/Real_Handwriting/images/form_475_sentence_4.png,Vakar Kristina skaitė istoriją.
Datasets/Synthetic_Sentences/images/sentence_51860.png,"Petras nori važiuoti, nes nes jam patinka."
Datasets/Real_Handwriting/images/form_477_sentence_5.png,Cecilija čiuožia ant ledo.
Datasets/Synthetic_Sentences/images/sentence_69414.png,Mokytoja stengiasi mokytis.
Datasets/Synthetic_Sentences/images/sentence_25353.png,Švelniai Marija perka gėlę.
Datasets/Synthetic_Sentences/images/sentence_03344.png,Kruopščiai Jonas rašo užduotį.
Datasets/Synthetic_Sentences/images/sentence_60964.png,Tomas pradeda važiuoti.
Datasets/Synthetic_Sentences/images/sentence_38149.png,Mielai Jonas mokosi parke.
Datasets/Real_Handwriting/images/form_302_sentence_5.png,Cukrų ir cinamoną dedame į pyragą.
Datasets/Synthetic_Sentences/images/sentence_05447.png,Ar Tomas skaito receptą?
Datasets/Synthetic_Sentences/images/sentence_36494.png,Atidžiai Kristina valgo duoną.
Datasets/Synthetic_Sentences/images/sentence_10709.png,Mokytojas lankosi darbe.
Datasets/Synthetic_Sentences/images/sentence_01394.png,Ar Marija mėgsta keliauti?
Datasets/Synthetic_Sentences/images/sentence_15907.png,Džiaugsmingai Renata mokosi upės pakrantėje.
Datasets/Real_Handwriting/images/form_019_sentence_2.png,Draugai juokiasi miške.
Datasets/Real_Handwriting/images/form_448_sentence_5.png,Žiemą vaikai mėgsta čiuožti ant ežero ledo.
Datasets/Real_Handwriting/images/form_137_sentence_4.png,Ji rašo vandenį.
Datasets/Synthetic_Sentences/images/sentence_21406.png,Jonas nedirba upės pakrantėje.
Datasets/Synthetic_Sentences/images/sentence_12832.png,Šuo nori valgyti obuolį.
Datasets/Synthetic_Sentences/images/sentence_07017.png,Kodėl Petras dirba mieste?
Datasets/Synthetic_Sentences/images/sentence_67543.png,Mantas mėgsta skaityti laišką.
Datasets/Synthetic_Sentences/images/sentence_56837.png,Rasa skaito didelį istoriją.
Datasets/Synthetic_Sentences/images/sentence_55595.png,Atidžiai studentė neša žaislą.
Datasets/Synthetic_Sentences/images/sentence_27360.png,Gydytojas mėgsta gerti pieną.
Datasets/Synthetic_Sentences/images/sentence_69238.png,Ką Mantas skaito?
Datasets/Synthetic_Sentences/images/sentence_41805.png,Studentas skaito naują laišką.
Datasets/Synthetic_Sentences/images/sentence_05242.png,Vaikas geria sultis.
Datasets/Real_Handwriting/images/form_081_sentence_5.png,Draugas blogai bėga.
Datasets/Synthetic_Sentences/images/sentence_49779.png,Mergaitė dirba sode ir skaito laišką.
Datasets/Synthetic_Sentences/images/sentence_28781.png,Jonas geria kavą.
Datasets/Synthetic_Sentences/images/sentence_49757.png,Danielius nori skaityti laišką.
Datasets/Synthetic_Sentences/images/sentence_21922.png,Ar mokytojas mokosi stadione?
Datasets/Synthetic_Sentences/images/sentence_03680.png,Lėtai šuo mokosi kavinėje ryte.
Datasets/Synthetic_Sentences/images/sentence_32455.png,Vakar katė skaitė žurnalą.
Datasets/Real_Handwriting/images/form_149_sentence_3.png,Jie šoka namuose.
Datasets/Synthetic_Sentences/images/sentence_10074.png,Kristina neša krepšį.
Datasets/Synthetic_Sentences/images/sentence_45163.png,Ramiai gydytojas perka gėlę.
Datasets/Real_Handwriting/images/form_371_sentence_3.png,Paukštis geria arbatą.
Datasets/Synthetic_Sentences/images/sentence_53772.png,Jonas skaito žurnalą.
Datasets/Synthetic_Sentences/images/sentence_13293.png,Kristina dirba namuose ir skaito receptą.
Datasets/Real_Handwriting/images/form_138_sentence_3.png,Vaikas labai smagiai valgo.
Datasets/Synthetic_Sentences/images/sentence_20772.png,Tyliai Laura skaito žemėlapį.
Datasets/Real_Handwriting/images/form_227_sentence_1.png,Paukštis neša krepšį.
Datasets/Real_Handwriting/images/form_380_sentence_1.png,Studentė gyvena kalnuose.
Datasets/Synthetic_Sentences/images/sentence_33272.png,Vakar studentė dirbo pievoje.
Datasets/Synthetic_Sentences/images/sentence_08912.png,Kristina mėgsta skaityti.
Datasets/Real_Handwriting/images/form_187_sentence_2.png,Tu klauso ir klauso.
Datasets/Synthetic_Sentences/images/sentence_64055.png,Tyliai berniukas rašo užduotį.
Datasets/Synthetic_Sentences/images/sentence_20636.png,Jurgita mėgsta pirkti gėlę.
Datasets/Real_Handwriting/images/form_407_sentence_4.png,Gydytojas stato suolą.
Datasets/Synthetic_Sentences/images/sentence_27556.png,Mindaugas mėgsta gerti kavą.
Datasets/Synthetic_Sentences/images/sentence_21489.png,Studentas nori gerti sultis.
Datasets/Synthetic_Sentences/images/sentence_52078.png,Jonas mėgsta valgyti vaisius.
Datasets/Synthetic_Sentences/images/sentence_55753.png,Ingrida mėgsta gerti arbatą.
Datasets/Synthetic_Sentences/images/sentence_58528.png,Garsiai vaikas rašo istoriją.
Datasets/Synthetic_Sentences/images/sentence_21590.png,Drąsiai katė ilsisi miške.
Datasets/Synthetic_Sentences/images/sentence_03449.png,Studentas stengiasi eiti.
Datasets/Real_Handwriting/images/form_456_sentence_1.png,Eglė mėgsta šokti.
Datasets/Synthetic_Sentences/images/sentence_24364.png,Vakar Marija nešė žaislą.
Datasets/Synthetic_Sentences/images/sentence_42016.png,Šiandien studentė mokosi miške.
Datasets/Synthetic_Sentences/images/sentence_22077.png,Tomas ilsisi bibliotekoje.
Datasets/Real_Handwriting/images/form_368_sentence_3.png,Vakar Jurgita nešė laišką.
Datasets/Synthetic_Sentences/images/sentence_17111.png,Žilvinas nori valgyti vaisius.
Datasets/Synthetic_Sentences/images/sentence_60861.png,Mergaitė geria arbatą.
Datasets/Synthetic_Sentences/images/sentence_62711.png,Rytoj Petras skaitys žemėlapį.
Datasets/Real_Handwriting/images/form_472_sentence_5.png,Ypač skanūs obuoliai auga sode.
Datasets/Synthetic_Sentences/images/sentence_42147.png,Šiandien Danielius mokosi kaime.
Datasets/Synthetic_Sentences/images/sentence_54914.png,Eglė nori rašyti istoriją.
Datasets/Synthetic_Sentences/images/sentence_36209.png,Mokytoja geria sultis.
